{"type":"FeatureCollection","features":[{"type":"Feature","properties":{"c":"general-aviation","n":"Redlands Municipal Airport"},"geometry":{"type":"Polygon","coordinates":[[[-117.13894,34.08465],[-117.13894,34.08326],[-117.13903,34.08317],[-117.13967,34.08317],[-117.1398,34.08318],[-117.13991,34.08321],[-117.14003,34.08325],[-117.1402,34.08333],[-117.1403,34.08337],[-117.14042,34.0834],[-117.14054,34.08343],[-117.14068,34.08344],[-117.14412,34.08342],[-117.14424,34.08343],[-117.14437,34.08346],[-117.14451,34.08351],[-117.1447,34.08361],[-117.14482,34.08366],[-117.14495,34.08369],[-117.14505,34.08371],[-117.14516,34.08372],[-117.14688,34.08371],[-117.14697,34.08373],[-117.14736,34.08372],[-117.14749,34.08371],[-117.14765,34.08369],[-117.1478,34.08366],[-117.14787,34.08364],[-117.14793,34.08362],[-117.14814,34.08355],[-117.14828,34.08349],[-117.14841,34.08342],[-117.14859,34.0833],[-117.14861,34.08329],[-117.14863,34.08328],[-117.14866,34.08329],[-117.14868,34.0833],[-117.14879,34.08337],[-117.14891,34.08344],[-117.14902,34.08348],[-117.14914,34.08353],[-117.14927,34.08356],[-117.1494,34.08358],[-117.14953,34.08359],[-117.14966,34.08359],[-117.14973,34.08364],[-117.15315,34.08362],[-117.15315,34.08421],[-117.15612,34.08396],[-117.15611,34.08465],[-117.15602,34.08479],[-117.15612,34.08485],[-117.15612,34.08499],[-117.15576,34.08507],[-117.1553,34.08528],[-117.15473,34.08547],[-117.15265,34.08587],[-117.15235,34.08591],[-117.15206,34.08593],[-117.13683,34.08601],[-117.13644,34.08465],[-117.13894,34.08465]]]}},{"type":"Feature","properties":{"c":"commercial","n":"Sacramento International Airport"},"geometry":{"type":"Polygon","coordinates":[[[-121.60719,38.71446],[-121.60959,38.71181],[-121.60419,38.70709],[-121.60715,38.70445],[-121.60363,38.70197],[-121.60437,38.67248],[-121.60445,38.67209],[-121.60442,38.67209],[-121.60204,38.67182],[-121.60085,38.67172],[-121.59953,38.67166],[-121.59161,38.67158],[-121.57668,38.67155],[-121.57682,38.7011],[-121.57684,38.71115],[-121.57685,38.71426],[-121.60397,38.71425],[-121.60668,38.71419],[-121.60719,38.71446]]]}},{"type":"Feature","properties":{"c":"general-aviation","n":"Boonville Airport"},"geometry":{"type":"Polygon","coordinates":[[[-123.3857,39.01831],[-123.38667,39.01789],[-123.38601,39.01701],[-123.3854,39.01737],[-123.38086,39.01274],[-123.37889,39.00991],[-123.37761,39.01039],[-123.3776,39.01044],[-123.38476,39.01776],[-123.38514,39.01752],[-123.3857,39.01831]]]}},{"type":"Feature","properties":{"c":"commercial","n":"Ukiah Municipal Airport"},"geometry":{"type":"Polygon","coordinates":[[[-123.20483,39.13371],[-123.20436,39.13369],[-123.20443,39.13411],[-123.20204,39.13409],[-123.20203,39.13405],[-123.20195,39.13374],[-123.20203,39.13373],[-123.20168,39.13242],[-123.20116,39.13043],[-123.20105,39.13001],[-123.20033,39.13013],[-123.19969,39.12549],[-123.19945,39.12497],[-123.19881,39.12379],[-123.19867,39.1238],[-123.19638,39.11933],[-123.19808,39.11891],[-123.19734,39.11743],[-123.1987,39.11705],[-123.19874,39.11714],[-123.1987,39.11716],[-123.19877,39.11732],[-123.19882,39.1173],[-123.1992,39.11799],[-123.19946,39.11855],[-123.19973,39.11849],[-123.20042,39.11998],[-123.20062,39.12073],[-123.20122,39.12187],[-123.20113,39.12189],[-123.20123,39.1223],[-123.20171,39.12401],[-123.2033,39.12376],[-123.20339,39.12419],[-123.20434,39.12413],[-123.20437,39.12428],[-123.20441,39.12476],[-123.2044,39.12591],[-123.2043,39.12901],[-123.20435,39.13016],[-123.20483,39.13371]]]}},{"type":"Feature","properties":{"c":"military","n":"Naval Air Station North Island"},"geometry":{"type":"Polygon","coordinates":[[[-117.19184,32.71551],[-117.18974,32.71455],[-117.1878,32.7133],[-117.18486,32.71103],[-117.18246,32.70793],[-117.18038,32.70565],[-117.18056,32.70495],[-117.18049,32.70476],[-117.18046,32.70462],[-117.18044,32.70447],[-117.18045,32.70424],[-117.1805,32.70404],[-117.18065,32.70372],[-117.18085,32.70324],[-117.18101,32.70328],[-117.18102,32.70326],[-117.18116,32.70293],[-117.18132,32.70265],[-117.1813,32.70264],[-117.18156,32.70218],[-117.18185,32.70169],[-117.18212,32.70122],[-117.18241,32.70074],[-117.18296,32.69977],[-117.1841,32.69784],[-117.18562,32.69846],[-117.1867,32.69661],[-117.18887,32.69752],[-117.1892,32.69697],[-117.18937,32.69668],[-117.18955,32.69638],[-117.18963,32.69624],[-117.18993,32.69574],[-117.19046,32.69485],[-117.19118,32.69367],[-117.19159,32.69301],[-117.1917,32.69281],[-117.1919,32.69209],[-117.19205,32.69139],[-117.19221,32.69055],[-117.19225,32.69037],[-117.19239,32.68969],[-117.19249,32.68926],[-117.19259,32.68882],[-117.19272,32.68853],[-117.19283,32.68832],[-117.19295,32.68808],[-117.19317,32.68764],[-117.19332,32.68734],[-117.19349,32.687],[-117.19358,32.68682],[-117.19364,32.68669],[-117.19365,32.68666],[-117.19745,32.68736],[-117.1976,32.68619],[-117.19768,32.68557],[-117.1989,32.68575],[-117.20078,32.68598],[-117.20414,32.68619],[-117.20635,32.68629],[-117.20795,32.68632],[-117.20948,32.68632],[-117.21156,32.68632],[-117.2133,32.68619],[-117.21547,32.68574],[-117.21661,32.68542],[-117.21797,32.68505],[-117.21894,32.68469],[-117.22087,32.68403],[-117.22286,32.68317],[-117.2228,32.68181],[-117.22346,32.68182],[-117.22356,32.68182],[-117.22418,32.68183],[-117.22426,32.68305],[-117.22491,32.68418],[-117.22532,32.68474],[-117.22588,32.68543],[-117.22713,32.68722],[-117.2276,32.68898],[-117.22792,32.69106],[-117.22813,32.69344],[-117.22813,32.69724],[-117.22591,32.70171],[-117.22438,32.70405],[-117.22228,32.70647],[-117.22019,32.7084],[-117.21832,32.71024],[-117.21743,32.71096],[-117.21501,32.71245],[-117.2094,32.71422],[-117.20441,32.71546],[-117.19184,32.71551]]]}},{"type":"Feature","properties":{"c":"commercial","n":"Half Moon Bay Airport"},"geometry":{"type":"Polygon","coordinates":[[[-122.4878,37.50772],[-122.4877,37.50806],[-122.48772,37.5083],[-122.48776,37.50852],[-122.48788,37.50874],[-122.48832,37.50932],[-122.4885,37.50954],[-122.48869,37.50974],[-122.4889,37.50993],[-122.48989,37.51076],[-122.49044,37.5112],[-122.49328,37.51336],[-122.49421,37.51409],[-122.49478,37.51448],[-122.49535,37.51481],[-122.49874,37.51662],[-122.50018,37.51739],[-122.50163,37.51817],[-122.5052,37.52008],[-122.50588,37.52046],[-122.50657,37.52088],[-122.50718,37.5213],[-122.50773,37.52171],[-122.50821,37.52209],[-122.5085,37.52215],[-122.50988,37.5229],[-122.51126,37.52078],[-122.51023,37.51991],[-122.49995,37.51115],[-122.49474,37.50671],[-122.49336,37.50553],[-122.49282,37.50523],[-122.49239,37.50542],[-122.49174,37.50555],[-122.49133,37.50647],[-122.48942,37.50594],[-122.48738,37.50538],[-122.48692,37.50568],[-122.48714,37.50625],[-122.48776,37.50694],[-122.48782,37.50714],[-122.48784,37.50729],[-122.4878,37.50772]]]}},{"type":"Feature","properties":{"c":"commercial","n":"Watsonville Municipal Airport"},"geometry":{"type":"Polygon","coordinates":[[[-121.77985,36.93726],[-121.77995,36.9371],[-121.78005,36.93714],[-121.78008,36.93711],[-121.7801,36.93709],[-121.78169,36.9373],[-121.78198,36.93741],[-121.78144,36.93819],[-121.78325,36.939],[-121.78331,36.93892],[-121.78401,36.93924],[-121.78406,36.93915],[-121.78448,36.93933],[-121.78464,36.93911],[-121.78586,36.94065],[-121.78531,36.94144],[-121.78695,36.9411],[-121.78713,36.94106],[-121.7872,36.94104],[-121.78728,36.94101],[-121.78739,36.94097],[-121.78748,36.94093],[-121.78763,36.94085],[-121.78776,36.94077],[-121.78788,36.94069],[-121.78795,36.94062],[-121.78809,36.94048],[-121.78822,36.94033],[-121.78847,36.94003],[-121.78862,36.93988],[-121.78877,36.93973],[-121.78883,36.93968],[-121.78896,36.93954],[-121.78919,36.93955],[-121.78919,36.93937],[-121.78943,36.93937],[-121.78943,36.93952],[-121.78983,36.93952],[-121.79006,36.93953],[-121.79006,36.9395],[-121.7901,36.9395],[-121.79011,36.93953],[-121.79257,36.93953],[-121.7931,36.93957],[-121.79312,36.93954],[-121.79434,36.93954],[-121.79489,36.93954],[-121.79523,36.93959],[-121.79545,36.93962],[-121.79559,36.93966],[-121.7958,36.93975],[-121.79585,36.93912],[-121.79586,36.93841],[-121.79588,36.93702],[-121.79496,36.937],[-121.79496,36.93607],[-121.79471,36.93607],[-121.79473,36.93566],[-121.79364,36.93576],[-121.79354,36.93425],[-121.79421,36.93339],[-121.79443,36.93312],[-121.79448,36.93311],[-121.79517,36.93226],[-121.79598,36.93127],[-121.79605,36.93114],[-121.79611,36.93075],[-121.79604,36.9303],[-121.79605,36.93024],[-121.79605,36.93018],[-121.79606,36.93014],[-121.79613,36.93005],[-121.79669,36.92932],[-121.79676,36.92927],[-121.79682,36.92923],[-121.79767,36.92895],[-121.79791,36.9286],[-121.79784,36.92858],[-121.7985,36.92697],[-121.79859,36.92687],[-121.79868,36.92677],[-121.79888,36.92662],[-121.79905,36.92643],[-121.7991,36.9264],[-121.79902,36.92636],[-121.79883,36.92629],[-121.79832,36.9261],[-121.79825,36.92619],[-121.79815,36.92613],[-121.7968,36.92582],[-121.79671,36.92582],[-121.79657,36.92585],[-121.79646,36.92591],[-121.79637,36.92601],[-121.79587,36.92697],[-121.79584,36.927],[-121.79535,36.92774],[-121.79509,36.92811],[-121.79416,36.92932],[-121.79329,36.93023],[-121.79305,36.93037],[-121.79277,36.93055],[-121.79268,36.9306],[-121.79241,36.93072],[-121.79252,36.93101],[-121.79236,36.9313],[-121.7917,36.93096],[-121.79169,36.93091],[-121.78989,36.93118],[-121.7899,36.93122],[-121.78989,36.93123],[-121.78979,36.93128],[-121.78978,36.93131],[-121.7898,36.93164],[-121.78985,36.93167],[-121.78985,36.93174],[-121.7898,36.93178],[-121.78982,36.93217],[-121.78986,36.93223],[-121.78997,36.93228],[-121.78992,36.93236],[-121.78983,36.93241],[-121.78984,36.93278],[-121.78983,36.93287],[-121.78982,36.93294],[-121.78978,36.93305],[-121.78973,36.93316],[-121.78965,36.93329],[-121.78958,36.9334],[-121.78944,36.93357],[-121.78945,36.93358],[-121.78927,36.93374],[-121.78932,36.93395],[-121.78908,36.93399],[-121.78899,36.93408],[-121.78896,36.93412],[-121.78896,36.93423],[-121.78886,36.93423],[-121.78886,36.93439],[-121.78768,36.93442],[-121.78767,36.93422],[-121.78724,36.93423],[-121.78723,36.93404],[-121.78691,36.93404],[-121.78691,36.9341],[-121.78687,36.9341],[-121.78683,36.9341],[-121.78672,36.9341],[-121.78664,36.9341],[-121.78665,36.93418],[-121.78619,36.93419],[-121.78615,36.93419],[-121.78615,36.93406],[-121.78543,36.93407],[-121.78544,36.9343],[-121.78536,36.93431],[-121.78536,36.93435],[-121.78356,36.9344],[-121.78341,36.93447],[-121.78347,36.93452],[-121.78351,36.93538],[-121.7835,36.93546],[-121.78286,36.93537],[-121.78242,36.93534],[-121.78198,36.93526],[-121.78178,36.93547],[-121.78159,36.93545],[-121.78117,36.93562],[-121.78089,36.93569],[-121.78076,36.93574],[-121.78057,36.93579],[-121.78027,36.93589],[-121.78012,36.93595],[-121.77998,36.93603],[-121.77986,36.9361],[-121.77974,36.93618],[-121.77961,36.93629],[-121.77949,36.93638],[-121.7794,36.93647],[-121.77932,36.93657],[-121.77917,36.93678],[-121.7791,36.93691],[-121.77985,36.93726]]]}},{"type":"Feature","properties":{"c":"general-aviation","n":"Borges-Clarksburg Airport"},"geometry":{"type":"Polygon","coordinates":[[[-121.50437,38.44238],[-121.50382,38.44225],[-121.50388,38.44213],[-121.5044,38.44134],[-121.50459,38.44097],[-121.50479,38.44074],[-121.50494,38.44059],[-121.50507,38.44039],[-121.50549,38.44054],[-121.50585,38.44072],[-121.50591,38.4409],[-121.50511,38.44205],[-121.50507,38.44213],[-121.50511,38.44219],[-121.50526,38.44223],[-121.50707,38.44267],[-121.51046,38.44348],[-121.51252,38.44396],[-121.51276,38.44401],[-121.51269,38.4442],[-121.51257,38.44417],[-121.51167,38.44399],[-121.50539,38.44261],[-121.50437,38.44238]]]}},{"type":"Feature","properties":{"c":"commercial","n":"Reid-Hillview Airport"},"geometry":{"type":"Polygon","coordinates":[[[-121.82111,37.33969],[-121.82115,37.33964],[-121.8212,37.33958],[-121.82126,37.33954],[-121.82131,37.33951],[-121.82136,37.33948],[-121.82149,37.33946],[-121.82154,37.33944],[-121.82157,37.33942],[-121.8216,37.3394],[-121.82169,37.33933],[-121.82171,37.33932],[-121.82174,37.33931],[-121.82177,37.33929],[-121.82181,37.33928],[-121.82169,37.33918],[-121.82248,37.33868],[-121.82267,37.33885],[-121.82273,37.33879],[-121.82275,37.33877],[-121.82277,37.33875],[-121.8228,37.33875],[-121.82282,37.33874],[-121.82288,37.33875],[-121.82295,37.33872],[-121.82299,37.33875],[-121.82304,37.33879],[-121.82574,37.33698],[-121.82594,37.33683],[-121.82476,37.33571],[-121.82305,37.33409],[-121.82365,37.33368],[-121.82375,37.33361],[-121.82124,37.33125],[-121.82114,37.33131],[-121.82078,37.33097],[-121.82073,37.33101],[-121.82058,37.33111],[-121.81755,37.32827],[-121.8152,37.32986],[-121.81517,37.32989],[-121.81516,37.32994],[-121.81517,37.32997],[-121.81519,37.33001],[-121.81588,37.33075],[-121.81582,37.33108],[-121.81512,37.3315],[-121.81507,37.33154],[-121.81506,37.33159],[-121.81508,37.33164],[-121.81513,37.33171],[-121.81516,37.33178],[-121.81516,37.33185],[-121.81514,37.33191],[-121.81509,37.33198],[-121.81504,37.33202],[-121.81496,37.33205],[-121.81432,37.33225],[-121.81426,37.33227],[-121.81423,37.3323],[-121.81422,37.33234],[-121.81425,37.33243],[-121.81559,37.33439],[-121.81557,37.3344],[-121.81667,37.336],[-121.81682,37.33592],[-121.8169,37.33601],[-121.81713,37.33586],[-121.81763,37.33637],[-121.8183,37.33596],[-121.81822,37.33588],[-121.81892,37.33546],[-121.81906,37.3356],[-121.81941,37.33539],[-121.81941,37.33539],[-121.81972,37.33571],[-121.81965,37.33575],[-121.82001,37.33611],[-121.82006,37.33608],[-121.82013,37.33616],[-121.82029,37.33632],[-121.82002,37.3365],[-121.82001,37.3365],[-121.81985,37.33654],[-121.8198,37.33649],[-121.81898,37.33703],[-121.81848,37.33736],[-121.81862,37.3378],[-121.81865,37.33788],[-121.8187,37.33797],[-121.81886,37.33814],[-121.81923,37.33849],[-121.81949,37.33831],[-121.8197,37.3385],[-121.81979,37.33858],[-121.82072,37.33794],[-121.82042,37.33766],[-121.82052,37.33759],[-121.8205,37.33757],[-121.82062,37.33749],[-121.82074,37.33761],[-121.82091,37.33751],[-121.82103,37.33743],[-121.8213,37.33771],[-121.82106,37.33785],[-121.82106,37.33791],[-121.8213,37.33815],[-121.82105,37.33832],[-121.82087,37.33818],[-121.82075,37.3381],[-121.82014,37.33851],[-121.8202,37.33855],[-121.82016,37.33862],[-121.8201,37.33866],[-121.81981,37.33887],[-121.82003,37.33905],[-121.81993,37.33913],[-121.82027,37.33946],[-121.82046,37.33932],[-121.82085,37.33969],[-121.82098,37.33961],[-121.82111,37.33969]]]}},{"type":"Feature","properties":{"c":"general-aviation","n":"Bonny Doon Village Airport"},"geometry":{"type":"Polygon","coordinates":[[[-122.1244,37.06842],[-122.12458,37.06832],[-122.12481,37.06819],[-122.12503,37.06831],[-122.12505,37.06829],[-122.12517,37.06814],[-122.12552,37.06769],[-122.12575,37.0674],[-122.12641,37.06807],[-122.12644,37.0681],[-122.12678,37.06845],[-122.12703,37.0687],[-122.12729,37.06897],[-122.12755,37.06923],[-122.12777,37.06946],[-122.128,37.06969],[-122.12822,37.06991],[-122.12842,37.07012],[-122.12861,37.07031],[-122.12865,37.07036],[-122.12893,37.07064],[-122.12923,37.07094],[-122.12952,37.07124],[-122.12979,37.07151],[-122.12994,37.07154],[-122.13009,37.0717],[-122.13059,37.07219],[-122.13069,37.07229],[-122.13078,37.07238],[-122.13095,37.07255],[-122.13098,37.07265],[-122.13089,37.07271],[-122.13076,37.07274],[-122.13006,37.07291],[-122.12976,37.073],[-122.12947,37.0731],[-122.12939,37.07315],[-122.12869,37.07287],[-122.12867,37.07286],[-122.12819,37.07267],[-122.12814,37.07264],[-122.12773,37.07247],[-122.12842,37.07162],[-122.12661,37.07031],[-122.12655,37.07018],[-122.12641,37.07002],[-122.12625,37.07001],[-122.1244,37.06842]]]}},{"type":"Feature","properties":{"c":"general-aviation","n":"Frazier Lake Airpark"},"geometry":{"type":"Polygon","coordinates":[[[-121.46786,36.95164],[-121.46781,36.95168],[-121.46727,36.95184],[-121.46721,36.9519],[-121.46719,36.95197],[-121.4672,36.95204],[-121.4675,36.95262],[-121.46888,36.95212],[-121.4699,36.95368],[-121.46516,36.95554],[-121.46421,36.95413],[-121.46421,36.95409],[-121.46425,36.95404],[-121.4643,36.954],[-121.4649,36.95374],[-121.46496,36.95367],[-121.46496,36.95362],[-121.46461,36.95312],[-121.46452,36.95309],[-121.46441,36.95309],[-121.46348,36.95344],[-121.46344,36.95354],[-121.46343,36.95359],[-121.46355,36.9537],[-121.46356,36.95381],[-121.46338,36.95398],[-121.46321,36.95402],[-121.46301,36.95402],[-121.46295,36.95391],[-121.46285,36.95378],[-121.46273,36.95372],[-121.45983,36.95478],[-121.45953,36.95498],[-121.45918,36.95509],[-121.4592,36.955],[-121.45915,36.95492],[-121.45898,36.95483],[-121.45881,36.9548],[-121.45863,36.95482],[-121.45828,36.95498],[-121.45813,36.95483],[-121.45754,36.95467],[-121.45729,36.95457],[-121.45709,36.95401],[-121.45935,36.95315],[-121.46059,36.95273],[-121.4615,36.95238],[-121.46223,36.95211],[-121.46522,36.95103],[-121.46713,36.95029],[-121.46725,36.95068],[-121.46766,36.95123],[-121.46788,36.95158],[-121.46786,36.95164]]]}},{"type":"Feature","properties":{"c":"general-aviation"},"geometry":{"type":"Polygon","coordinates":[[[-121.72981,36.40641],[-121.7302,36.40917],[-121.73072,36.4127],[-121.72851,36.4129],[-121.72773,36.40662],[-121.72981,36.40641]]]}},{"type":"Feature","properties":{"c":"commercial","n":"Salinas Municipal Airport"},"geometry":{"type":"Polygon","coordinates":[[[-121.60461,36.66837],[-121.60478,36.66852],[-121.603,36.66944],[-121.60158,36.66798],[-121.60163,36.66795],[-121.60094,36.66721],[-121.60119,36.66707],[-121.60125,36.66703],[-121.60155,36.66686],[-121.60111,36.66628],[-121.59889,36.66375],[-121.59726,36.66184],[-121.5966,36.66138],[-121.59544,36.66124],[-121.59561,36.66015],[-121.5963,36.66022],[-121.59806,36.66001],[-121.59821,36.6598],[-121.5985,36.65941],[-121.59859,36.65933],[-121.59867,36.65926],[-121.59875,36.65923],[-121.59884,36.65922],[-121.59895,36.65922],[-121.5995,36.65924],[-121.60018,36.65909],[-121.60012,36.65852],[-121.59973,36.65769],[-121.59971,36.65635],[-121.59985,36.65628],[-121.59988,36.65625],[-121.60027,36.65605],[-121.60055,36.6559],[-121.60058,36.65587],[-121.60079,36.65576],[-121.60127,36.65639],[-121.60315,36.65676],[-121.6036,36.65651],[-121.60595,36.65953],[-121.60615,36.65955],[-121.6065,36.65958],[-121.60671,36.65975],[-121.60681,36.65976],[-121.60681,36.65982],[-121.6068,36.65985],[-121.60875,36.66004],[-121.60985,36.66015],[-121.61001,36.66016],[-121.61264,36.66042],[-121.61278,36.66042],[-121.61286,36.66043],[-121.61424,36.66057],[-121.61454,36.66059],[-121.61603,36.66074],[-121.61629,36.66085],[-121.61628,36.66087],[-121.61631,36.66088],[-121.61644,36.66093],[-121.61648,36.66095],[-121.61649,36.66093],[-121.61832,36.66171],[-121.61825,36.66182],[-121.6191,36.66218],[-121.61921,36.66225],[-121.61928,36.66229],[-121.61934,36.66234],[-121.61941,36.66241],[-121.61947,36.66248],[-121.62006,36.66325],[-121.62007,36.66327],[-121.62006,36.66331],[-121.62004,36.66333],[-121.61952,36.66359],[-121.61962,36.66373],[-121.61851,36.66427],[-121.61845,36.66426],[-121.61775,36.66462],[-121.61766,36.66459],[-121.61756,36.66455],[-121.61753,36.66455],[-121.61708,36.66451],[-121.61702,36.66452],[-121.61696,36.66453],[-121.61691,36.66454],[-121.61686,36.66455],[-121.6168,36.66494],[-121.61658,36.66501],[-121.61641,36.66491],[-121.61637,36.66489],[-121.61604,36.66468],[-121.6159,36.66465],[-121.61585,36.66468],[-121.61516,36.66392],[-121.61512,36.66389],[-121.61507,36.66387],[-121.61501,36.66386],[-121.61496,36.66386],[-121.6149,36.66388],[-121.61458,36.66406],[-121.61445,36.66395],[-121.61441,36.66391],[-121.61401,36.66415],[-121.61407,36.66421],[-121.61403,36.66424],[-121.61407,36.66429],[-121.6141,36.66434],[-121.6139,36.66446],[-121.6137,36.66457],[-121.61367,36.66454],[-121.61366,36.66453],[-121.61319,36.6648],[-121.61311,36.66485],[-121.61236,36.6653],[-121.61231,36.66528],[-121.61227,36.66528],[-121.61224,36.66529],[-121.61222,36.6653],[-121.61217,36.66535],[-121.61208,36.6653],[-121.61205,36.66528],[-121.61199,36.66536],[-121.61166,36.66555],[-121.61174,36.66565],[-121.61146,36.66582],[-121.61151,36.66587],[-121.61194,36.66635],[-121.61179,36.66645],[-121.61182,36.66648],[-121.61191,36.66643],[-121.61199,36.66653],[-121.61197,36.66654],[-121.61198,36.66655],[-121.61195,36.66657],[-121.61201,36.66662],[-121.61207,36.66664],[-121.6121,36.66666],[-121.61218,36.66662],[-121.61214,36.66657],[-121.61239,36.66643],[-121.61263,36.66629],[-121.61264,36.66628],[-121.61266,36.66628],[-121.61268,36.66628],[-121.61269,36.66629],[-121.61301,36.66664],[-121.61302,36.66666],[-121.61301,36.66674],[-121.61517,36.66922],[-121.61496,36.66934],[-121.61502,36.6694],[-121.6146,36.66963],[-121.61458,36.6696],[-121.61419,36.6698],[-121.61409,36.66969],[-121.61417,36.66965],[-121.61351,36.66889],[-121.61341,36.66894],[-121.61249,36.66789],[-121.61226,36.66781],[-121.61209,36.66784],[-121.61188,36.66796],[-121.61183,36.66798],[-121.61098,36.66845],[-121.61097,36.66847],[-121.61096,36.66849],[-121.61096,36.66852],[-121.61139,36.6693],[-121.61086,36.66966],[-121.61021,36.66992],[-121.60958,36.66942],[-121.60889,36.66858],[-121.60746,36.6668],[-121.60726,36.66655],[-121.60724,36.66653],[-121.60719,36.66652],[-121.60713,36.66652],[-121.60656,36.66693],[-121.60657,36.66694],[-121.60655,36.66696],[-121.60461,36.66837]]]}},{"type":"Feature","properties":{"c":"commercial","n":"Mesa Del Rey Airport"},"geometry":{"type":"Polygon","coordinates":[[[-121.11526,36.22341],[-121.11426,36.22393],[-121.11356,36.22435],[-121.11328,36.22452],[-121.11533,36.22594],[-121.11516,36.22608],[-121.11629,36.22686],[-121.11686,36.22725],[-121.11749,36.22769],[-121.11851,36.2284],[-121.11999,36.22943],[-121.12408,36.23225],[-121.12527,36.23187],[-121.12811,36.23399],[-121.12834,36.23401],[-121.12862,36.23155],[-121.1284,36.23153],[-121.12436,36.22885],[-121.12277,36.22779],[-121.12272,36.22782],[-121.1225,36.22767],[-121.12314,36.22706],[-121.12279,36.22704],[-121.12258,36.22703],[-121.12241,36.22699],[-121.12222,36.22693],[-121.12065,36.22621],[-121.11862,36.22528],[-121.11793,36.22479],[-121.11813,36.22461],[-121.11796,36.22417],[-121.11666,36.22335],[-121.1163,36.22352],[-121.11526,36.22341]]]}},{"type":"Feature","properties":{"c":"general-aviation","n":"Roth Airport"},"geometry":{"type":"Polygon","coordinates":[[[-121.06649,35.94218],[-121.06415,35.94035],[-121.06944,35.94045],[-121.06955,35.94095],[-121.07192,35.9411],[-121.07146,35.94227],[-121.06649,35.94218]]]}},{"type":"Feature","properties":{"c":"general-aviation","n":"Landing Field"},"geometry":{"type":"Polygon","coordinates":[[[-120.68804,35.76547],[-120.68772,35.76552],[-120.68586,35.75763],[-120.68619,35.75758],[-120.68804,35.76547]]]}},{"type":"Feature","properties":{"c":"general-aviation","n":"Hearst Ranch Airport"},"geometry":{"type":"Polygon","coordinates":[[[-121.19421,35.65817],[-121.19518,35.65895],[-121.19433,35.65972],[-121.20433,35.66754],[-121.20349,35.66812],[-121.19166,35.65869],[-121.19276,35.65807],[-121.19421,35.65817]]]}},{"type":"Feature","properties":{"c":"commercial","n":"Paso Robles Municipal Airport"},"geometry":{"type":"Polygon","coordinates":[[[-120.62739,35.68281],[-120.6261,35.68481],[-120.62577,35.68533],[-120.62471,35.68702],[-120.62416,35.68822],[-120.62395,35.68816],[-120.6238,35.68839],[-120.62357,35.68832],[-120.62353,35.68837],[-120.62347,35.68843],[-120.6234,35.68847],[-120.6205,35.68853],[-120.62047,35.68659],[-120.61899,35.68594],[-120.61899,35.68591],[-120.62055,35.68422],[-120.62057,35.68109],[-120.62054,35.67734],[-120.62055,35.67401],[-120.61488,35.67406],[-120.61489,35.67016],[-120.61489,35.66972],[-120.61486,35.6692],[-120.61493,35.66884],[-120.61492,35.66871],[-120.61479,35.66833],[-120.61458,35.66806],[-120.61457,35.667],[-120.61476,35.66661],[-120.61473,35.66582],[-120.61451,35.66554],[-120.61456,35.66322],[-120.61456,35.66304],[-120.6146,35.66297],[-120.61467,35.66293],[-120.61472,35.66291],[-120.61501,35.66305],[-120.61533,35.66332],[-120.61583,35.66372],[-120.61611,35.66395],[-120.61636,35.66408],[-120.61668,35.66419],[-120.61702,35.66422],[-120.61727,35.6642],[-120.61775,35.6641],[-120.61856,35.66389],[-120.6202,35.66349],[-120.62157,35.66317],[-120.62171,35.66313],[-120.62196,35.66308],[-120.62221,35.66306],[-120.6231,35.66305],[-120.62434,35.66306],[-120.62592,35.66304],[-120.62609,35.66303],[-120.62738,35.66301],[-120.62762,35.663],[-120.6289,35.663],[-120.63002,35.663],[-120.63044,35.66301],[-120.6312,35.66301],[-120.63195,35.66302],[-120.63367,35.66301],[-120.63486,35.663],[-120.63977,35.66298],[-120.64078,35.66379],[-120.64078,35.6651],[-120.64075,35.66669],[-120.64076,35.66717],[-120.64075,35.66836],[-120.64074,35.67018],[-120.64075,35.67053],[-120.64074,35.6707],[-120.64074,35.67187],[-120.64075,35.67287],[-120.64074,35.67371],[-120.64074,35.67447],[-120.64075,35.67505],[-120.64074,35.6755],[-120.64071,35.6755],[-120.6407,35.67578],[-120.64072,35.67636],[-120.64074,35.67721],[-120.64074,35.67743],[-120.64074,35.68024],[-120.63989,35.68026],[-120.63985,35.68058],[-120.63983,35.68088],[-120.6398,35.68099],[-120.63976,35.68102],[-120.63972,35.68104],[-120.63408,35.68112],[-120.62842,35.68122],[-120.62739,35.68281]]]}},{"type":"Feature","properties":{"c":"commercial","n":"San Luis Obispo Regional Airport"},"geometry":{"type":"Polygon","coordinates":[[[-120.6516,35.23609],[-120.65161,35.23723],[-120.6516,35.2374],[-120.65152,35.23763],[-120.65141,35.23777],[-120.65127,35.23789],[-120.65111,35.23799],[-120.65093,35.23808],[-120.65067,35.23814],[-120.64948,35.23814],[-120.6493,35.23814],[-120.64912,35.23819],[-120.64909,35.23828],[-120.64908,35.23836],[-120.64907,35.23843],[-120.64906,35.23851],[-120.64905,35.23862],[-120.64906,35.24036],[-120.649,35.24045],[-120.64893,35.24053],[-120.64893,35.24059],[-120.64895,35.24063],[-120.64902,35.24068],[-120.64909,35.2407],[-120.64928,35.2407],[-120.65038,35.24134],[-120.65207,35.24134],[-120.65288,35.24134],[-120.6527,35.24182],[-120.65254,35.24207],[-120.65227,35.24239],[-120.65207,35.2426],[-120.65167,35.24309],[-120.65105,35.24374],[-120.65073,35.24392],[-120.6505,35.24403],[-120.65017,35.24414],[-120.64985,35.24419],[-120.64937,35.24418],[-120.64936,35.24364],[-120.64937,35.24346],[-120.6493,35.24341],[-120.64926,35.24336],[-120.6493,35.2433],[-120.64937,35.24325],[-120.64938,35.2432],[-120.64937,35.24317],[-120.64935,35.2431],[-120.6493,35.24306],[-120.64922,35.24304],[-120.64904,35.24303],[-120.64868,35.24306],[-120.64839,35.24295],[-120.64775,35.24259],[-120.64742,35.24237],[-120.64731,35.24229],[-120.6464,35.24173],[-120.64612,35.24171],[-120.64569,35.2417],[-120.64478,35.24165],[-120.64475,35.24165],[-120.64456,35.24161],[-120.64342,35.24119],[-120.64329,35.24114],[-120.64321,35.24106],[-120.64292,35.24092],[-120.64276,35.24084],[-120.64182,35.2405],[-120.64136,35.24034],[-120.6402,35.23999],[-120.63949,35.24049],[-120.6393,35.24062],[-120.63913,35.24069],[-120.63896,35.24071],[-120.63861,35.24071],[-120.63839,35.24074],[-120.63811,35.24086],[-120.63747,35.24014],[-120.63678,35.23944],[-120.6345,35.23688],[-120.63418,35.23652],[-120.6339,35.23621],[-120.63354,35.23581],[-120.63318,35.23539],[-120.63275,35.23485],[-120.63199,35.23393],[-120.63154,35.23339],[-120.63152,35.23338],[-120.63135,35.23318],[-120.63114,35.23293],[-120.63103,35.23276],[-120.63097,35.23273],[-120.63085,35.23255],[-120.63037,35.23158],[-120.63006,35.23088],[-120.63025,35.23081],[-120.63037,35.23078],[-120.63052,35.23077],[-120.63071,35.23075],[-120.63088,35.23076],[-120.63103,35.23077],[-120.63125,35.2308],[-120.63149,35.23086],[-120.63176,35.23094],[-120.63205,35.23108],[-120.63224,35.23119],[-120.63268,35.23143],[-120.63331,35.23179],[-120.63556,35.23308],[-120.63623,35.23346],[-120.63675,35.23376],[-120.63803,35.2345],[-120.63989,35.23556],[-120.64006,35.23566],[-120.64034,35.23579],[-120.64063,35.23592],[-120.64076,35.23594],[-120.64087,35.23596],[-120.64131,35.23596],[-120.64134,35.23593],[-120.64336,35.23593],[-120.64567,35.23592],[-120.64846,35.2359],[-120.64973,35.23591],[-120.65145,35.23594],[-120.65154,35.23596],[-120.65158,35.23601],[-120.6516,35.23609]]]}},{"type":"Feature","properties":{"c":"commercial","n":"Los Banos Municipal Airport"},"geometry":{"type":"Polygon","coordinates":[[[-120.87168,37.06463],[-120.87368,37.06779],[-120.87378,37.06797],[-120.87372,37.06928],[-120.87377,37.06947],[-120.87397,37.06983],[-120.87154,37.06981],[-120.87156,37.06898],[-120.87158,37.06813],[-120.87122,37.06754],[-120.86991,37.06539],[-120.86759,37.0654],[-120.8676,37.06526],[-120.8676,37.06509],[-120.86757,37.06494],[-120.86749,37.06479],[-120.86741,37.06469],[-120.86728,37.06458],[-120.86709,37.0645],[-120.86712,37.06416],[-120.86711,37.06381],[-120.86711,37.06361],[-120.86703,37.06361],[-120.867,37.06343],[-120.86696,37.06326],[-120.86689,37.06308],[-120.86681,37.06292],[-120.86672,37.06286],[-120.8666,37.06281],[-120.86641,37.06275],[-120.86622,37.06272],[-120.86593,37.06266],[-120.8658,37.06265],[-120.86581,37.06212],[-120.86578,37.06206],[-120.8657,37.06204],[-120.8656,37.06204],[-120.86563,37.05961],[-120.86574,37.05961],[-120.86575,37.05794],[-120.86591,37.05793],[-120.86608,37.0579],[-120.86625,37.05785],[-120.86672,37.05765],[-120.86687,37.0576],[-120.86701,37.05756],[-120.86717,37.05753],[-120.86724,37.05754],[-120.86732,37.05759],[-120.86737,37.05764],[-120.86742,37.05769],[-120.86813,37.05882],[-120.86853,37.05865],[-120.86899,37.05933],[-120.86954,37.0591],[-120.87002,37.05945],[-120.86938,37.05971],[-120.87001,37.0607],[-120.87018,37.06075],[-120.87176,37.06347],[-120.87168,37.06463]]]}},{"type":"Feature","properties":{"c":"general-aviation","n":"Turlock Municipal Airport"},"geometry":{"type":"Polygon","coordinates":[[[-120.69438,37.48055],[-120.69676,37.48251],[-120.69786,37.48161],[-120.69893,37.48249],[-120.69836,37.48291],[-120.69874,37.48321],[-120.69928,37.4828],[-120.70302,37.4858],[-120.70308,37.48594],[-120.70298,37.49181],[-120.70243,37.49179],[-120.70057,37.48973],[-120.69189,37.48249],[-120.69438,37.48055]]]}},{"type":"Feature","properties":{"c":"general-aviation","n":"Gallisons Dos Palos Airport"},"geometry":{"type":"Polygon","coordinates":[[[-120.62689,36.96012],[-120.62786,36.96012],[-120.62785,36.96102],[-120.62881,36.96258],[-120.62916,36.96308],[-120.63212,36.9673],[-120.63019,36.96731],[-120.63014,36.96551],[-120.62689,36.96544],[-120.62689,36.96012]]]}},{"type":"Feature","properties":{"c":"commercial","n":"Stockton Metropolitan Airport"},"geometry":{"type":"Polygon","coordinates":[[[-121.23223,37.88774],[-121.23243,37.88776],[-121.23744,37.88648],[-121.2375,37.88662],[-121.2379,37.88763],[-121.23832,37.88856],[-121.2428,37.88744],[-121.24309,37.88737],[-121.24325,37.88788],[-121.24299,37.88807],[-121.24117,37.89058],[-121.24226,37.89103],[-121.24277,37.89124],[-121.25049,37.8944],[-121.25162,37.89434],[-121.25302,37.89789],[-121.25286,37.89829],[-121.25375,37.90068],[-121.25385,37.90093],[-121.25386,37.90108],[-121.25381,37.90123],[-121.2537,37.90142],[-121.25363,37.90155],[-121.25361,37.9017],[-121.25361,37.90193],[-121.24976,37.90373],[-121.24936,37.90392],[-121.24423,37.9053],[-121.24377,37.90442],[-121.24303,37.90384],[-121.24208,37.9033],[-121.23961,37.90191],[-121.24156,37.89973],[-121.24239,37.89881],[-121.23358,37.89348],[-121.22776,37.8899],[-121.2272,37.89048],[-121.22542,37.8909],[-121.22297,37.88921],[-121.22176,37.88846],[-121.22191,37.88833],[-121.22092,37.88759],[-121.22072,37.88742],[-121.22061,37.88341],[-121.22114,37.88341],[-121.22513,37.8834],[-121.23223,37.88774]]]}},{"type":"Feature","properties":{"c":"military","n":"Travis Air Force Base"},"geometry":{"type":"Polygon","coordinates":[[[-121.89734,38.28616],[-121.89616,38.28615],[-121.89198,38.28253],[-121.89485,38.28048],[-121.89804,38.27819],[-121.90151,38.27569],[-121.90581,38.27261],[-121.90733,38.2715],[-121.90979,38.26946],[-121.91317,38.26668],[-121.91508,38.26512],[-121.91518,38.26495],[-121.91526,38.26149],[-121.91101,38.2603],[-121.91111,38.26003],[-121.91625,38.26144],[-121.92192,38.25735],[-121.92397,38.25735],[-121.92399,38.25597],[-121.92405,38.25407],[-121.92417,38.25022],[-121.92784,38.25024],[-121.93272,38.25028],[-121.93527,38.25029],[-121.9353,38.24977],[-121.93533,38.24974],[-121.94013,38.24741],[-121.94159,38.24672],[-121.94242,38.24673],[-121.94243,38.2467],[-121.94247,38.24312],[-121.95181,38.24315],[-121.95181,38.24276],[-121.9582,38.23817],[-121.96061,38.24024],[-121.96224,38.24166],[-121.96229,38.2417],[-121.96228,38.24177],[-121.96238,38.24177],[-121.96246,38.24184],[-121.9639,38.2431],[-121.9647,38.24311],[-121.96471,38.24291],[-121.9648,38.2429],[-121.96481,38.24208],[-121.96539,38.24209],[-121.96976,38.24219],[-121.96976,38.24331],[-121.96976,38.2434],[-121.96997,38.2434],[-121.96997,38.24342],[-121.9699,38.25055],[-121.96989,38.25415],[-121.97449,38.25418],[-121.97447,38.25781],[-121.97563,38.25784],[-121.97546,38.26515],[-121.97533,38.27061],[-121.9753,38.27217],[-121.96995,38.27218],[-121.96542,38.2721],[-121.96289,38.27205],[-121.96192,38.272],[-121.96058,38.27189],[-121.96045,38.27187],[-121.96045,38.27188],[-121.96038,38.27188],[-121.96036,38.27187],[-121.96024,38.27186],[-121.96005,38.27187],[-121.96001,38.27185],[-121.95996,38.27184],[-121.9599,38.27182],[-121.95984,38.27179],[-121.95977,38.27176],[-121.95975,38.27176],[-121.95967,38.27184],[-121.95964,38.27188],[-121.95952,38.27182],[-121.959,38.27181],[-121.95896,38.27181],[-121.95827,38.27178],[-121.95826,38.27217],[-121.95622,38.27213],[-121.95147,38.27213],[-121.95146,38.27228],[-121.95149,38.27385],[-121.95326,38.27387],[-121.95483,38.27389],[-121.95506,38.2739],[-121.95507,38.27351],[-121.95635,38.27352],[-121.95633,38.27405],[-121.95974,38.2741],[-121.95975,38.27235],[-121.96044,38.27238],[-121.96044,38.27409],[-121.9604,38.27678],[-121.96042,38.27835],[-121.95979,38.27911],[-121.95831,38.28299],[-121.95606,38.28299],[-121.95541,38.28299],[-121.95249,38.28298],[-121.9525,38.28224],[-121.9513,38.28225],[-121.95129,38.28398],[-121.95146,38.28404],[-121.9512,38.28452],[-121.95118,38.28683],[-121.94202,38.28678],[-121.94118,38.28677],[-121.93979,38.28675],[-121.9395,38.28676],[-121.93309,38.28673],[-121.93309,38.28633],[-121.93313,38.286],[-121.93313,38.28416],[-121.93313,38.28378],[-121.9329,38.28378],[-121.93291,38.28317],[-121.9307,38.28321],[-121.93072,38.2794],[-121.92392,38.27934],[-121.91493,38.27926],[-121.91507,38.27348],[-121.91504,38.27345],[-121.89734,38.28616]]]}},{"type":"Feature","properties":{"c":"military","n":"Beale Air Force Base"},"geometry":{"type":"Polygon","coordinates":[[[-121.32207,39.09419],[-121.32207,39.09412],[-121.32206,39.09277],[-121.32206,39.09277],[-121.32206,39.0913],[-121.32215,39.08861],[-121.32237,39.08804],[-121.32235,39.0878],[-121.3223,39.08707],[-121.32228,39.08683],[-121.32227,39.0866],[-121.32677,39.08666],[-121.32993,39.08673],[-121.33762,39.0868],[-121.33644,39.08493],[-121.33641,39.08487],[-121.33614,39.08461],[-121.33607,39.08384],[-121.33606,39.08381],[-121.33468,39.08134],[-121.33528,39.08141],[-121.33534,39.08141],[-121.33502,39.08086],[-121.33697,39.08091],[-121.33926,39.08095],[-121.33962,39.08096],[-121.34049,39.08097],[-121.34311,39.08101],[-121.34399,39.08102],[-121.34592,39.08106],[-121.3517,39.08118],[-121.35285,39.0812],[-121.35356,39.08089],[-121.3539,39.08075],[-121.35492,39.08034],[-121.35525,39.0802],[-121.35565,39.08002],[-121.35684,39.07949],[-121.35724,39.07931],[-121.35873,39.07865],[-121.36066,39.0778],[-121.3632,39.07668],[-121.36469,39.07602],[-121.36495,39.0759],[-121.36531,39.0765],[-121.36682,39.07904],[-121.36733,39.07989],[-121.36742,39.08004],[-121.36769,39.08051],[-121.36778,39.08066],[-121.36787,39.08084],[-121.36817,39.08137],[-121.36826,39.08155],[-121.36846,39.08184],[-121.37035,39.08108],[-121.3759,39.07885],[-121.37697,39.07841],[-121.37917,39.0775],[-121.38036,39.07702],[-121.38497,39.07512],[-121.38584,39.07569],[-121.39555,39.07564],[-121.39573,39.0757],[-121.39588,39.07571],[-121.41454,39.07552],[-121.41455,39.07337],[-121.41456,39.07189],[-121.4162,39.07188],[-121.41726,39.07187],[-121.41836,39.07185],[-121.42087,39.07185],[-121.42279,39.07184],[-121.42404,39.07183],[-121.42549,39.07182],[-121.4305,39.07179],[-121.4321,39.07178],[-121.43306,39.07177],[-121.43307,39.07373],[-121.43228,39.07454],[-121.43246,39.07465],[-121.43274,39.07482],[-121.43307,39.07502],[-121.43306,39.07584],[-121.43306,39.07815],[-121.43306,39.0793],[-121.43306,39.0803],[-121.43312,39.08227],[-121.43306,39.08506],[-121.43305,39.08599],[-121.43303,39.08634],[-121.43284,39.08912],[-121.43235,39.08913],[-121.4323,39.08996],[-121.43231,39.09032],[-121.43233,39.09139],[-121.43234,39.09174],[-121.43195,39.09313],[-121.43239,39.09367],[-121.43241,39.09373],[-121.43203,39.09383],[-121.43203,39.09416],[-121.43204,39.09428],[-121.43206,39.09463],[-121.43207,39.09476],[-121.43208,39.09492],[-121.43206,39.09591],[-121.432,39.09938],[-121.43198,39.10054],[-121.43197,39.10067],[-121.43196,39.10079],[-121.43223,39.10078],[-121.43236,39.10077],[-121.43246,39.10077],[-121.43275,39.10078],[-121.43285,39.10078],[-121.43771,39.10071],[-121.43763,39.1091],[-121.43779,39.11227],[-121.43777,39.11525],[-121.43774,39.12423],[-121.43773,39.12494],[-121.43781,39.12732],[-121.4378,39.12766],[-121.4378,39.12897],[-121.43781,39.12941],[-121.43781,39.12953],[-121.43924,39.12949],[-121.44389,39.12934],[-121.44544,39.12929],[-121.44549,39.1293],[-121.44589,39.12931],[-121.44655,39.12932],[-121.4466,39.12932],[-121.44974,39.12928],[-121.44991,39.12928],[-121.45072,39.12927],[-121.45103,39.12927],[-121.4512,39.12926],[-121.45173,39.12925],[-121.45191,39.12925],[-121.45236,39.12924],[-121.45363,39.12924],[-121.4537,39.12924],[-121.45415,39.12923],[-121.45554,39.12921],[-121.45759,39.12919],[-121.45973,39.12915],[-121.46112,39.12913],[-121.46165,39.12913],[-121.4621,39.12913],[-121.46503,39.12909],[-121.46557,39.12908],[-121.46589,39.12908],[-121.46601,39.12908],[-121.46637,39.12907],[-121.46746,39.12906],[-121.46781,39.12906],[-121.46828,39.12905],[-121.46965,39.12903],[-121.4701,39.12902],[-121.47044,39.12902],[-121.47145,39.129],[-121.47179,39.129],[-121.47253,39.12899],[-121.47271,39.12899],[-121.47347,39.12898],[-121.47362,39.12897],[-121.47636,39.12894],[-121.47718,39.12893],[-121.47728,39.12893],[-121.47722,39.13333],[-121.47709,39.14366],[-121.47421,39.14374],[-121.46981,39.14385],[-121.46958,39.14386],[-121.46887,39.14388],[-121.46864,39.14388],[-121.46775,39.1439],[-121.46772,39.14598],[-121.46761,39.15329],[-121.4676,39.15412],[-121.46759,39.15493],[-121.46755,39.15768],[-121.46755,39.15785],[-121.46755,39.15791],[-121.46743,39.15797],[-121.46636,39.15831],[-121.4628,39.15952],[-121.46161,39.15992],[-121.46075,39.16021],[-121.45958,39.16062],[-121.45834,39.16103],[-121.45829,39.16105],[-121.45817,39.16111],[-121.4577,39.16132],[-121.45762,39.16136],[-121.45736,39.16152],[-121.45694,39.16176],[-121.45679,39.16186],[-121.45644,39.16211],[-121.45622,39.16228],[-121.45571,39.1627],[-121.45367,39.1643],[-121.45337,39.16451],[-121.45304,39.16472],[-121.45296,39.16477],[-121.45255,39.16499],[-121.45232,39.16509],[-121.45201,39.16522],[-121.45172,39.16535],[-121.45125,39.16551],[-121.44967,39.166],[-121.44871,39.16629],[-121.44648,39.16698],[-121.44554,39.16728],[-121.44394,39.16776],[-121.4428,39.16808],[-121.43968,39.16889],[-121.43906,39.16907],[-121.43879,39.16915],[-121.43775,39.16944],[-121.43739,39.16954],[-121.43503,39.17023],[-121.43403,39.1705],[-121.43383,39.17056],[-121.43377,39.17057],[-121.43361,39.1706],[-121.43345,39.17063],[-121.43331,39.17064],[-121.43248,39.17067],[-121.43227,39.17068],[-121.43013,39.17072],[-121.43005,39.17072],[-121.42583,39.17086],[-121.42306,39.17093],[-121.42287,39.17094],[-121.42223,39.17096],[-121.42133,39.171],[-121.42071,39.17104],[-121.41997,39.17109],[-121.4198,39.17111],[-121.41948,39.17117],[-121.41947,39.17117],[-121.41924,39.17121],[-121.41888,39.1713],[-121.41609,39.17204],[-121.41584,39.17211],[-121.41578,39.17213],[-121.41515,39.17235],[-121.41468,39.17255],[-121.41457,39.1726],[-121.41455,39.1726],[-121.41429,39.1727],[-121.41418,39.17274],[-121.41405,39.17278],[-121.41399,39.1728],[-121.41354,39.17295],[-121.41278,39.17321],[-121.41202,39.17349],[-121.41192,39.17352],[-121.41151,39.17366],[-121.41059,39.17366],[-121.40783,39.17365],[-121.4069,39.17365],[-121.40541,39.17366],[-121.40091,39.17369],[-121.39942,39.1737],[-121.39919,39.17371],[-121.39916,39.17371],[-121.39891,39.17372],[-121.3986,39.17373],[-121.39852,39.17373],[-121.3983,39.17374],[-121.39812,39.17374],[-121.39759,39.17374],[-121.39742,39.17374],[-121.39705,39.17374],[-121.39595,39.17375],[-121.39558,39.17376],[-121.39558,39.1736],[-121.39558,39.17344],[-121.39558,39.17312],[-121.39559,39.17296],[-121.3956,39.17247],[-121.3956,39.17228],[-121.3956,39.17185],[-121.39558,39.17123],[-121.39558,39.17061],[-121.39558,39.17051],[-121.39559,39.16966],[-121.39558,39.16891],[-121.3956,39.16825],[-121.3956,39.16768],[-121.39559,39.16732],[-121.39557,39.1669],[-121.39556,39.16632],[-121.39559,39.16469],[-121.3956,39.16407],[-121.39559,39.16357],[-121.39558,39.16289],[-121.39558,39.16123],[-121.39558,39.16082],[-121.39558,39.16052],[-121.39557,39.15961],[-121.39557,39.15933],[-121.39557,39.1592],[-121.39306,39.15924],[-121.38553,39.15933],[-121.38303,39.15936],[-121.3816,39.15935],[-121.37734,39.15931],[-121.37676,39.15931],[-121.37679,39.15847],[-121.37684,39.15324],[-121.37665,39.15216],[-121.37665,39.15215],[-121.37676,39.1448],[-121.37182,39.14489],[-121.37178,39.14489],[-121.3703,39.14489],[-121.37027,39.14489],[-121.35995,39.14504],[-121.35984,39.14504],[-121.35199,39.14465],[-121.35188,39.14465],[-121.34047,39.14436],[-121.34061,39.12979],[-121.32758,39.13005],[-121.32753,39.13006],[-121.32372,39.13021],[-121.32365,39.13021],[-121.32194,39.13026],[-121.322,39.12694],[-121.32201,39.12508],[-121.32201,39.12491],[-121.32247,39.12489],[-121.32246,39.12488],[-121.32243,39.12485],[-121.32242,39.12485],[-121.32242,39.12165],[-121.3224,39.11208],[-121.3224,39.10889],[-121.3224,39.10863],[-121.3224,39.10853],[-121.3224,39.10826],[-121.3224,39.10744],[-121.3224,39.10708],[-121.32238,39.10632],[-121.32233,39.10402],[-121.32231,39.10325],[-121.3223,39.10205],[-121.32228,39.09843],[-121.32228,39.09723],[-121.32202,39.09721],[-121.32197,39.09701],[-121.32088,39.09697],[-121.32093,39.09616],[-121.322,39.09617],[-121.32207,39.09419]]]}},{"type":"Feature","properties":{"c":"commercial","n":"Mariposa - Yosemite Airport"},"geometry":{"type":"Polygon","coordinates":[[[-120.04272,37.50968],[-120.04289,37.51013],[-120.04573,37.51082],[-120.04625,37.51161],[-120.04593,37.51249],[-120.04332,37.51213],[-120.04281,37.51226],[-120.04129,37.51468],[-120.03946,37.51393],[-120.03941,37.51374],[-120.03978,37.51341],[-120.03971,37.51336],[-120.03937,37.51364],[-120.03922,37.51354],[-120.04037,37.51186],[-120.03565,37.51121],[-120.03361,37.51094],[-120.03364,37.51064],[-120.03303,37.51026],[-120.03295,37.51011],[-120.03301,37.50976],[-120.03309,37.50965],[-120.03356,37.50961],[-120.03373,37.50958],[-120.03396,37.50931],[-120.03478,37.50943],[-120.03514,37.50895],[-120.03623,37.5089],[-120.03632,37.50893],[-120.03643,37.50888],[-120.03695,37.50919],[-120.03739,37.50924],[-120.03737,37.50939],[-120.0379,37.50946],[-120.03793,37.50941],[-120.03805,37.5094],[-120.03809,37.50941],[-120.03813,37.50942],[-120.0382,37.50944],[-120.03835,37.50945],[-120.03831,37.50963],[-120.03838,37.50964],[-120.03844,37.50935],[-120.03846,37.50925],[-120.03857,37.50898],[-120.03861,37.50899],[-120.04048,37.50922],[-120.04045,37.50939],[-120.04157,37.50967],[-120.04272,37.50968]]]}},{"type":"Feature","properties":{"c":"general-aviation"},"geometry":{"type":"Polygon","coordinates":[[[-120.27523,37.67986],[-120.27088,37.67242],[-120.2711,37.67234],[-120.27545,37.67979],[-120.27523,37.67986]]]}},{"type":"Feature","properties":{"c":"general-aviation"},"geometry":{"type":"Polygon","coordinates":[[[-123.07443,39.27733],[-123.07453,39.2771],[-123.08063,39.2771],[-123.08064,39.27734],[-123.07443,39.27733]]]}},{"type":"Feature","properties":{"c":"commercial","n":"Oakdale Municipal Airport"},"geometry":{"type":"Polygon","coordinates":[[[-120.80701,37.75644],[-120.807,37.75826],[-120.80245,37.75825],[-120.80245,37.75833],[-120.80073,37.75779],[-120.7991,37.75779],[-120.79907,37.75788],[-120.79879,37.75786],[-120.79879,37.7581],[-120.79796,37.7581],[-120.79777,37.75776],[-120.7976,37.75678],[-120.79732,37.75626],[-120.79714,37.75636],[-120.79365,37.75526],[-120.79401,37.75516],[-120.79427,37.75503],[-120.79466,37.75472],[-120.7949,37.75439],[-120.79497,37.75415],[-120.795,37.75379],[-120.79504,37.75364],[-120.79509,37.75353],[-120.79519,37.75336],[-120.79527,37.75326],[-120.79541,37.75315],[-120.7956,37.75305],[-120.79584,37.75298],[-120.79604,37.75294],[-120.79637,37.7529],[-120.79662,37.75287],[-120.7968,37.7528],[-120.79694,37.7527],[-120.79736,37.75226],[-120.79769,37.75216],[-120.79823,37.7522],[-120.79842,37.75218],[-120.7985,37.75225],[-120.79906,37.75329],[-120.7991,37.75347],[-120.79928,37.75356],[-120.80035,37.75464],[-120.80219,37.75464],[-120.80229,37.75465],[-120.80242,37.75467],[-120.80244,37.75645],[-120.80701,37.75644]]]}},{"type":"Feature","properties":{"c":"commercial","n":"Modesto City-County Airport"},"geometry":{"type":"Polygon","coordinates":[[[-120.94365,37.62307],[-120.94318,37.62282],[-120.94209,37.62223],[-120.94135,37.62183],[-120.94158,37.62156],[-120.94129,37.62136],[-120.94178,37.62105],[-120.94153,37.62073],[-120.93976,37.61976],[-120.94061,37.61878],[-120.94076,37.61859],[-120.94083,37.61851],[-120.94157,37.61891],[-120.94217,37.61923],[-120.94316,37.61977],[-120.94667,37.62163],[-120.94778,37.62222],[-120.94832,37.62251],[-120.95053,37.6237],[-120.95097,37.62362],[-120.95215,37.62341],[-120.95255,37.62334],[-120.95291,37.62328],[-120.95326,37.62332],[-120.95411,37.62358],[-120.95441,37.62349],[-120.95459,37.62348],[-120.95473,37.6235],[-120.95488,37.62357],[-120.95704,37.62474],[-120.96616,37.62467],[-120.96622,37.62565],[-120.96622,37.62645],[-120.96619,37.62697],[-120.96615,37.62706],[-120.96614,37.62712],[-120.96612,37.62725],[-120.96611,37.62736],[-120.96609,37.62746],[-120.9661,37.62986],[-120.96611,37.63023],[-120.96616,37.63037],[-120.96627,37.63053],[-120.96641,37.63068],[-120.96755,37.63127],[-120.96705,37.63152],[-120.96705,37.63166],[-120.96639,37.63166],[-120.96616,37.63166],[-120.96617,37.63178],[-120.96618,37.63394],[-120.96579,37.63394],[-120.9657,37.63394],[-120.96559,37.63394],[-120.96549,37.63392],[-120.96539,37.6339],[-120.9653,37.63386],[-120.96517,37.6338],[-120.96497,37.63369],[-120.96442,37.63339],[-120.96396,37.63314],[-120.96345,37.63287],[-120.96322,37.63274],[-120.96267,37.63245],[-120.96248,37.63236],[-120.96219,37.63228],[-120.95911,37.63222],[-120.95744,37.63227],[-120.95749,37.63182],[-120.95746,37.63174],[-120.95728,37.6312],[-120.95696,37.63062],[-120.95632,37.62996],[-120.95528,37.62941],[-120.94817,37.62545],[-120.94469,37.62369],[-120.94439,37.62354],[-120.94365,37.62307]]]}},{"type":"Feature","properties":{"c":"general-aviation","n":"Eagle Field"},"geometry":{"type":"Polygon","coordinates":[[[-120.66911,36.89527],[-120.66904,36.89505],[-120.66904,36.89488],[-120.66926,36.89441],[-120.67241,36.89444],[-120.67289,36.89538],[-120.67333,36.89578],[-120.67645,36.89823],[-120.67646,36.89831],[-120.6764,36.89839],[-120.67449,36.89867],[-120.67554,36.9016],[-120.67675,36.9026],[-120.67688,36.90327],[-120.66847,36.89667],[-120.66605,36.89457],[-120.66609,36.89448],[-120.66618,36.8944],[-120.66654,36.8944],[-120.6667,36.8944],[-120.66689,36.8946],[-120.66788,36.89542],[-120.66832,36.89578],[-120.66864,36.89598],[-120.66869,36.89598],[-120.66878,36.89596],[-120.66894,36.89583],[-120.66905,36.89567],[-120.6691,36.8955],[-120.66911,36.89527]]]}},{"type":"Feature","properties":{"c":"general-aviation"},"geometry":{"type":"Polygon","coordinates":[[[-120.35303,36.58173],[-120.35346,36.5815],[-120.36053,36.58773],[-120.36008,36.58793],[-120.35303,36.58173]]]}},{"type":"Feature","properties":{"c":"general-aviation","n":"Sierra Skypark Airport"},"geometry":{"type":"Polygon","coordinates":[[[-119.87273,36.84289],[-119.87238,36.84283],[-119.87161,36.84229],[-119.87122,36.84202],[-119.8711,36.84189],[-119.87085,36.84173],[-119.87083,36.84167],[-119.87067,36.84157],[-119.87054,36.84154],[-119.8697,36.84094],[-119.86886,36.84034],[-119.86874,36.84022],[-119.86859,36.84011],[-119.86846,36.84005],[-119.86757,36.83941],[-119.86745,36.83929],[-119.86731,36.83918],[-119.86715,36.83909],[-119.86688,36.8389],[-119.86559,36.83796],[-119.86555,36.83785],[-119.86554,36.83774],[-119.86556,36.83774],[-119.86556,36.83764],[-119.8655,36.83754],[-119.8655,36.83745],[-119.86555,36.83733],[-119.8667,36.8373],[-119.86914,36.83906],[-119.86938,36.83925],[-119.86965,36.83944],[-119.86997,36.83966],[-119.87002,36.83973],[-119.8701,36.83978],[-119.87021,36.83972],[-119.87028,36.83971],[-119.87069,36.83997],[-119.87109,36.84029],[-119.8711,36.84032],[-119.87104,36.84042],[-119.87106,36.84044],[-119.87107,36.84049],[-119.87117,36.84056],[-119.87126,36.84059],[-119.87129,36.8406],[-119.87214,36.84122],[-119.87218,36.84128],[-119.87229,36.84137],[-119.87275,36.84146],[-119.8732,36.8418],[-119.87333,36.84188],[-119.87325,36.84196],[-119.8735,36.84213],[-119.87419,36.84261],[-119.87425,36.84255],[-119.87458,36.84279],[-119.87459,36.84303],[-119.87383,36.84298],[-119.87316,36.84296],[-119.87273,36.84289]]]}},{"type":"Feature","properties":{"c":"commercial","n":"Fresno Yosemite International Airport"},"geometry":{"type":"Polygon","coordinates":[[[-119.71599,36.7669],[-119.71572,36.76722],[-119.71571,36.76764],[-119.71574,36.76765],[-119.71579,36.76764],[-119.71647,36.76764],[-119.7167,36.76763],[-119.71658,36.76776],[-119.71605,36.76838],[-119.71605,36.76844],[-119.71601,36.76848],[-119.71595,36.7685],[-119.71593,36.76851],[-119.7169,36.76906],[-119.71765,36.76921],[-119.7181,36.76915],[-119.71836,36.76919],[-119.71839,36.76921],[-119.71863,36.7692],[-119.71877,36.76905],[-119.71939,36.76938],[-119.72113,36.77039],[-119.72111,36.77042],[-119.72101,36.77048],[-119.72077,36.77075],[-119.72069,36.7707],[-119.72013,36.77133],[-119.72158,36.77216],[-119.72143,36.77232],[-119.72162,36.77243],[-119.7216,36.77245],[-119.72159,36.77248],[-119.7216,36.7725],[-119.72161,36.77253],[-119.72164,36.77255],[-119.72185,36.77267],[-119.7216,36.77299],[-119.72172,36.77305],[-119.72164,36.77314],[-119.72234,36.77353],[-119.72237,36.77351],[-119.72252,36.7736],[-119.72277,36.77329],[-119.72303,36.773],[-119.72367,36.77336],[-119.72445,36.77381],[-119.72496,36.7741],[-119.72568,36.77451],[-119.72561,36.77459],[-119.72567,36.77463],[-119.7252,36.77514],[-119.72541,36.77524],[-119.72542,36.77524],[-119.72577,36.77484],[-119.72585,36.77475],[-119.72586,36.77474],[-119.72632,36.775],[-119.72631,36.77501],[-119.7264,36.77505],[-119.72648,36.77497],[-119.72861,36.77619],[-119.7283,36.77654],[-119.72825,36.7766],[-119.72845,36.7767],[-119.72857,36.77676],[-119.72863,36.77668],[-119.7288,36.77678],[-119.72878,36.77681],[-119.72943,36.77719],[-119.72973,36.77683],[-119.73097,36.77753],[-119.73106,36.77758],[-119.73111,36.7776],[-119.73141,36.77768],[-119.7316,36.77778],[-119.73153,36.77787],[-119.73152,36.7781],[-119.73131,36.77833],[-119.731,36.7787],[-119.73159,36.77903],[-119.73158,36.77959],[-119.73163,36.77962],[-119.73168,36.77964],[-119.7319,36.77965],[-119.73179,36.77975],[-119.73226,36.78002],[-119.73253,36.77971],[-119.73267,36.77978],[-119.73267,36.77965],[-119.73342,36.77965],[-119.73412,36.77965],[-119.73412,36.77971],[-119.7343,36.77971],[-119.7343,36.77965],[-119.73562,36.77966],[-119.73562,36.78009],[-119.73612,36.78008],[-119.73614,36.7801],[-119.73612,36.78528],[-119.73611,36.78551],[-119.7361,36.78574],[-119.73606,36.78593],[-119.73603,36.78609],[-119.73598,36.78622],[-119.7359,36.78644],[-119.73547,36.78668],[-119.73171,36.78666],[-119.73127,36.78666],[-119.72971,36.78666],[-119.72633,36.78664],[-119.72629,36.7866],[-119.72633,36.78649],[-119.72638,36.7864],[-119.72645,36.78633],[-119.72649,36.78631],[-119.72653,36.7863],[-119.72675,36.78628],[-119.72681,36.78626],[-119.72687,36.78624],[-119.72692,36.7862],[-119.72695,36.78615],[-119.72697,36.78612],[-119.72698,36.78608],[-119.72699,36.78603],[-119.72698,36.786],[-119.72696,36.78595],[-119.72693,36.78591],[-119.72685,36.78586],[-119.72678,36.78584],[-119.72666,36.78584],[-119.72651,36.7859],[-119.72644,36.78599],[-119.72639,36.7861],[-119.72636,36.78614],[-119.72633,36.78617],[-119.72626,36.78622],[-119.72616,36.78632],[-119.72612,36.78641],[-119.72609,36.78649],[-119.72606,36.78661],[-119.726,36.78664],[-119.72297,36.78663],[-119.72149,36.78663],[-119.72079,36.78663],[-119.71989,36.78662],[-119.71839,36.78663],[-119.71833,36.78658],[-119.71833,36.78626],[-119.71835,36.78366],[-119.71929,36.7811],[-119.71899,36.78094],[-119.71914,36.78077],[-119.7179,36.77986],[-119.71653,36.77905],[-119.71454,36.78131],[-119.71472,36.7814],[-119.715,36.78143],[-119.71526,36.78157],[-119.71482,36.78207],[-119.7142,36.78172],[-119.71412,36.78183],[-119.71108,36.78011],[-119.71139,36.77975],[-119.71141,36.77975],[-119.71156,36.77958],[-119.71156,36.77935],[-119.71134,36.77935],[-119.71134,36.77925],[-119.7114,36.77911],[-119.71145,36.77908],[-119.71143,36.77903],[-119.71127,36.77889],[-119.7112,36.77848],[-119.71125,36.77843],[-119.71124,36.77835],[-119.71115,36.7783],[-119.71106,36.77802],[-119.71097,36.7778],[-119.7109,36.77764],[-119.71197,36.77744],[-119.71203,36.77735],[-119.71291,36.77716],[-119.7131,36.77709],[-119.71088,36.77582],[-119.70933,36.77494],[-119.70924,36.77493],[-119.70885,36.77477],[-119.70788,36.7745],[-119.70758,36.77446],[-119.70715,36.77482],[-119.70674,36.77534],[-119.70647,36.77554],[-119.70632,36.77551],[-119.7044,36.7744],[-119.70322,36.77373],[-119.70248,36.77333],[-119.70199,36.77286],[-119.7019,36.77264],[-119.7018,36.77254],[-119.70173,36.77246],[-119.70163,36.7724],[-119.70153,36.77232],[-119.70142,36.77226],[-119.70121,36.77216],[-119.70107,36.77211],[-119.70107,36.77156],[-119.70146,36.77112],[-119.70143,36.77103],[-119.70119,36.77103],[-119.7012,36.77019],[-119.70054,36.77018],[-119.70054,36.76948],[-119.70078,36.76948],[-119.70078,36.76908],[-119.70055,36.76908],[-119.70054,36.76908],[-119.70054,36.76899],[-119.70051,36.76896],[-119.70051,36.76874],[-119.70055,36.76862],[-119.70055,36.76717],[-119.70046,36.76712],[-119.70055,36.76701],[-119.70055,36.76599],[-119.70057,36.76595],[-119.70064,36.76583],[-119.70073,36.7657],[-119.70088,36.76559],[-119.70096,36.76554],[-119.70105,36.76548],[-119.70124,36.76547],[-119.7015,36.76543],[-119.70186,36.76538],[-119.70229,36.76532],[-119.70257,36.76529],[-119.70299,36.76528],[-119.70461,36.76521],[-119.70499,36.76521],[-119.70918,36.76523],[-119.70934,36.76522],[-119.71011,36.76522],[-119.71014,36.76525],[-119.7107,36.76527],[-119.71077,36.76532],[-119.71076,36.76546],[-119.71072,36.76547],[-119.7107,36.76549],[-119.7107,36.76562],[-119.71077,36.76568],[-119.71083,36.76568],[-119.71095,36.76568],[-119.71106,36.76568],[-119.71105,36.76544],[-119.71106,36.7654],[-119.71108,36.76536],[-119.71116,36.76528],[-119.71376,36.76529],[-119.71376,36.76543],[-119.71395,36.76544],[-119.714,36.76542],[-119.71406,36.7654],[-119.71452,36.7654],[-119.71457,36.76544],[-119.71466,36.76552],[-119.71469,36.76555],[-119.71484,36.76555],[-119.71484,36.76531],[-119.7157,36.76531],[-119.7157,36.76548],[-119.71581,36.76548],[-119.71581,36.76531],[-119.71599,36.76531],[-119.71599,36.7669]]]}},{"type":"Feature","properties":{"c":"general-aviation","n":"William Robert Johnston Municipal Airport"},"geometry":{"type":"Polygon","coordinates":[[[-120.37318,36.75918],[-120.37398,36.75982],[-120.37338,36.76028],[-120.37337,36.7603],[-120.37391,36.7603],[-120.37492,36.76268],[-120.37627,36.76598],[-120.37301,36.76691],[-120.37224,36.765],[-120.3706,36.76102],[-120.36879,36.75665],[-120.36881,36.7538],[-120.37009,36.75286],[-120.37089,36.75476],[-120.37109,36.75491],[-120.37124,36.7548],[-120.37203,36.75563],[-120.37303,36.75671],[-120.37295,36.75672],[-120.37288,36.75673],[-120.37283,36.75671],[-120.37277,36.75667],[-120.37271,36.75665],[-120.37263,36.75664],[-120.37255,36.75666],[-120.37248,36.75669],[-120.37244,36.75673],[-120.37242,36.75679],[-120.37243,36.75684],[-120.37244,36.75688],[-120.37246,36.75692],[-120.3725,36.75694],[-120.37253,36.75697],[-120.37259,36.75698],[-120.37264,36.75699],[-120.37268,36.75699],[-120.37272,36.75698],[-120.37267,36.75716],[-120.37232,36.75737],[-120.37198,36.75748],[-120.37273,36.7593],[-120.37318,36.75918]]]}},{"type":"Feature","properties":{"c":"commercial","n":"Fresno Chandler Executive Airport"},"geometry":{"type":"Polygon","coordinates":[[[-119.822,36.73041],[-119.822,36.73051],[-119.82206,36.73055],[-119.823,36.73109],[-119.82301,36.7311],[-119.82364,36.73146],[-119.82425,36.73182],[-119.82421,36.73186],[-119.82437,36.73195],[-119.82441,36.73191],[-119.82478,36.73212],[-119.82476,36.73214],[-119.8255,36.73256],[-119.82551,36.73255],[-119.82587,36.73274],[-119.82593,36.73275],[-119.826,36.73277],[-119.82611,36.73278],[-119.82624,36.73278],[-119.82646,36.73277],[-119.82644,36.73418],[-119.82642,36.73422],[-119.82634,36.73425],[-119.82629,36.73428],[-119.82626,36.73432],[-119.82625,36.73438],[-119.82626,36.73443],[-119.82629,36.73447],[-119.82632,36.7345],[-119.82636,36.73451],[-119.82641,36.73453],[-119.82646,36.73454],[-119.82651,36.73453],[-119.82655,36.73452],[-119.82659,36.73449],[-119.82665,36.73449],[-119.82726,36.73488],[-119.82761,36.73488],[-119.82695,36.73568],[-119.82143,36.73572],[-119.82119,36.7357],[-119.82096,36.73567],[-119.82066,36.7356],[-119.81878,36.73494],[-119.81861,36.7349],[-119.81842,36.73486],[-119.81804,36.7348],[-119.8176,36.73479],[-119.8176,36.73474],[-119.81744,36.73474],[-119.81743,36.73423],[-119.81743,36.7342],[-119.81741,36.73418],[-119.81739,36.73416],[-119.81584,36.73326],[-119.81541,36.73326],[-119.81542,36.73318],[-119.81583,36.73318],[-119.81586,36.7322],[-119.81331,36.73222],[-119.81331,36.7321],[-119.8132,36.7321],[-119.81319,36.73208],[-119.81319,36.73202],[-119.81326,36.73199],[-119.81328,36.73162],[-119.81321,36.73162],[-119.81327,36.72882],[-119.81764,36.72879],[-119.82202,36.72876],[-119.82203,36.72918],[-119.82196,36.72918],[-119.82196,36.72929],[-119.82203,36.72929],[-119.822,36.73041]]]}},{"type":"Feature","properties":{"c":"commercial","n":"Santa Paula Airport"},"geometry":{"type":"Polygon","coordinates":[[[-119.06357,34.34794],[-119.06301,34.34822],[-119.06276,34.34768],[-119.06191,34.34795],[-119.06216,34.34852],[-119.06219,34.34858],[-119.06186,34.34871],[-119.06188,34.34877],[-119.06191,34.34884],[-119.05999,34.34942],[-119.0593,34.34953],[-119.05819,34.34966],[-119.05807,34.34942],[-119.05798,34.34943],[-119.05791,34.34933],[-119.05785,34.34928],[-119.05769,34.34929],[-119.05769,34.34932],[-119.05704,34.34967],[-119.05695,34.34964],[-119.05663,34.34908],[-119.05623,34.34922],[-119.05605,34.34884],[-119.05607,34.34878],[-119.05625,34.34872],[-119.05612,34.34847],[-119.06024,34.34689],[-119.06158,34.34629],[-119.06587,34.34405],[-119.06722,34.34559],[-119.06627,34.34634],[-119.06608,34.34647],[-119.06584,34.34661],[-119.06571,34.34666],[-119.06553,34.34636],[-119.06528,34.34643],[-119.06517,34.34647],[-119.06495,34.34607],[-119.06489,34.3461],[-119.06466,34.34619],[-119.06469,34.34624],[-119.06452,34.34631],[-119.06496,34.34711],[-119.06357,34.34794]]]}},{"type":"Feature","properties":{"c":"general-aviation","n":"Chapman Airport (Private)"},"geometry":{"type":"Polygon","coordinates":[[[-120.38504,37.0724],[-120.38722,37.07242],[-120.3892,37.07244],[-120.38935,37.07366],[-120.386,37.07366],[-120.38509,37.07366],[-120.38504,37.0724]]]}},{"type":"Feature","properties":{"c":"general-aviation","n":"Westover Field-Amador County Airport"},"geometry":{"type":"Polygon","coordinates":[[[-120.79686,38.3718],[-120.79701,38.37207],[-120.79691,38.37262],[-120.79724,38.37293],[-120.79764,38.37299],[-120.79782,38.37308],[-120.79774,38.37379],[-120.79793,38.37398],[-120.79813,38.37389],[-120.79845,38.37388],[-120.79887,38.374],[-120.7992,38.37418],[-120.7995,38.37443],[-120.79968,38.37467],[-120.79979,38.37505],[-120.79922,38.37564],[-120.79922,38.37596],[-120.79802,38.37687],[-120.79673,38.37803],[-120.79673,38.37825],[-120.79608,38.37879],[-120.79343,38.38],[-120.79327,38.37984],[-120.79255,38.38129],[-120.7928,38.3816],[-120.79046,38.38231],[-120.79343,38.37629],[-120.7932,38.37622],[-120.7944,38.3737],[-120.7946,38.37371],[-120.7946,38.37159],[-120.79491,38.3715],[-120.79614,38.37165],[-120.79627,38.37162],[-120.79686,38.3718]]]}},{"type":"Feature","properties":{"c":"general-aviation"},"geometry":{"type":"Polygon","coordinates":[[[-120.83784,38.2362],[-120.83425,38.23167],[-120.83482,38.23147],[-120.83831,38.23603],[-120.83784,38.2362]]]}},{"type":"Feature","properties":{"c":"general-aviation","n":"Varney Airport"},"geometry":{"type":"Polygon","coordinates":[[[-122.21654,39.63096],[-122.21719,39.63094],[-122.2171,39.63449],[-122.21656,39.63449],[-122.21654,39.63096]]]}},{"type":"Feature","properties":{"c":"commercial","n":"Brawley Municipal Airport"},"geometry":{"type":"Polygon","coordinates":[[[-115.5095,32.98903],[-115.5095,32.98899],[-115.51362,32.989],[-115.51645,32.98897],[-115.51646,32.98959],[-115.51769,32.98959],[-115.51768,32.99149],[-115.51792,32.99148],[-115.52,32.99149],[-115.51999,32.99195],[-115.52222,32.99196],[-115.52502,32.99197],[-115.52447,32.9937],[-115.52071,32.99372],[-115.51671,32.99374],[-115.51349,32.99373],[-115.50953,32.99371],[-115.50952,32.99201],[-115.5095,32.98903]]]}},{"type":"Feature","properties":{"c":"commercial","n":"Calexico International Airport"},"geometry":{"type":"Polygon","coordinates":[[[-115.50794,32.66692],[-115.5076,32.66684],[-115.50718,32.66678],[-115.50718,32.66625],[-115.50922,32.66621],[-115.51085,32.66617],[-115.51496,32.66619],[-115.51592,32.66637],[-115.51655,32.66641],[-115.52037,32.66615],[-115.52423,32.66589],[-115.52819,32.66561],[-115.52708,32.6685],[-115.52667,32.66849],[-115.52417,32.66844],[-115.51742,32.66928],[-115.51702,32.66933],[-115.51483,32.66995],[-115.51265,32.66957],[-115.51233,32.66973],[-115.51191,32.67001],[-115.51176,32.67003],[-115.51169,32.67006],[-115.51163,32.67008],[-115.51157,32.67008],[-115.51147,32.67005],[-115.51119,32.66994],[-115.51101,32.66986],[-115.51086,32.66978],[-115.51075,32.66971],[-115.5106,32.66958],[-115.51052,32.66949],[-115.51048,32.6694],[-115.51045,32.66932],[-115.51044,32.66925],[-115.51048,32.66894],[-115.51051,32.66874],[-115.51067,32.66874],[-115.51075,32.66874],[-115.51072,32.66863],[-115.51066,32.66845],[-115.51058,32.66827],[-115.51052,32.66815],[-115.51046,32.66807],[-115.51035,32.66796],[-115.51028,32.66789],[-115.51012,32.6678],[-115.50986,32.66768],[-115.50967,32.66762],[-115.50952,32.66755],[-115.50937,32.66747],[-115.50918,32.66736],[-115.5089,32.66724],[-115.50839,32.66709],[-115.50794,32.66692]]]}},{"type":"Feature","properties":{"c":"commercial","n":"Trona Airport"},"geometry":{"type":"Polygon","coordinates":[[[-117.32813,35.82011],[-117.32666,35.82096],[-117.32591,35.82087],[-117.32573,35.82168],[-117.32474,35.82156],[-117.3249,35.82074],[-117.32446,35.82068],[-117.3276,35.80434],[-117.32805,35.80439],[-117.32819,35.80358],[-117.32919,35.80371],[-117.32906,35.80452],[-117.3298,35.80463],[-117.33085,35.8058],[-117.32955,35.81256],[-117.32813,35.82011]]]}},{"type":"Feature","properties":{"c":"general-aviation","n":"Lone Pine Airport"},"geometry":{"type":"Polygon","coordinates":[[[-118.05749,36.59298],[-118.05718,36.59299],[-118.05671,36.59299],[-118.05655,36.593],[-118.05625,36.593],[-118.05625,36.59324],[-118.05608,36.59325],[-118.05609,36.59377],[-118.05549,36.59377],[-118.05465,36.59378],[-118.05363,36.59378],[-118.05323,36.59378],[-118.05297,36.59302],[-118.05296,36.59275],[-118.05302,36.59259],[-118.05307,36.59234],[-118.05299,36.5921],[-118.05292,36.59202],[-118.05289,36.59187],[-118.05296,36.59129],[-118.05288,36.59099],[-118.05266,36.59073],[-118.04721,36.59072],[-118.04734,36.59451],[-118.04597,36.59455],[-118.04583,36.59211],[-118.04543,36.58191],[-118.04675,36.58187],[-118.04715,36.58973],[-118.04749,36.58974],[-118.0475,36.59017],[-118.05251,36.59016],[-118.05167,36.58869],[-118.05046,36.58763],[-118.05027,36.58715],[-118.051,36.58696],[-118.05081,36.58654],[-118.05751,36.58647],[-118.05755,36.58843],[-118.05657,36.58844],[-118.05658,36.59017],[-118.05707,36.59018],[-118.05708,36.59052],[-118.05753,36.59054],[-118.05749,36.59298]]]}},{"type":"Feature","properties":{"c":"general-aviation","n":"Amargosa Airport"},"geometry":{"type":"Polygon","coordinates":[[[-116.41808,36.29785],[-116.41756,36.30405],[-116.41718,36.30402],[-116.41688,36.30383],[-116.41734,36.2979],[-116.41808,36.29785]]]}},{"type":"Feature","properties":{"c":"general-aviation","n":"Independence Airport"},"geometry":{"type":"Polygon","coordinates":[[[-118.20772,36.82152],[-118.20719,36.82173],[-118.2069,36.82136],[-118.20533,36.81926],[-118.2048,36.81857],[-118.20481,36.81801],[-118.20469,36.81776],[-118.20424,36.81787],[-118.20394,36.81744],[-118.20374,36.81708],[-118.20315,36.81605],[-118.20248,36.81484],[-118.20198,36.81392],[-118.202,36.81381],[-118.20197,36.81367],[-118.20151,36.8128],[-118.20123,36.8123],[-118.20114,36.81208],[-118.20107,36.81181],[-118.20094,36.81124],[-118.20095,36.81108],[-118.20101,36.81092],[-118.20126,36.81059],[-118.20163,36.8102],[-118.20382,36.80934],[-118.20529,36.8117],[-118.2055,36.81205],[-118.20639,36.81333],[-118.20677,36.81389],[-118.20699,36.81419],[-118.20748,36.81484],[-118.2079,36.81532],[-118.20827,36.81573],[-118.20909,36.8165],[-118.20778,36.81704],[-118.20658,36.8175],[-118.20735,36.81905],[-118.20844,36.82117],[-118.20829,36.82129],[-118.20772,36.82152]]]}},{"type":"Feature","properties":{"c":"commercial","n":"Oroville Municipal Airport"},"geometry":{"type":"Polygon","coordinates":[[[-121.62694,39.48086],[-121.62693,39.47857],[-121.6289,39.47857],[-121.62899,39.47845],[-121.62897,39.47651],[-121.63544,39.47652],[-121.63544,39.47849],[-121.63535,39.47857],[-121.63502,39.47858],[-121.63332,39.48035],[-121.63251,39.48036],[-121.63257,39.48601],[-121.63256,39.48772],[-121.63212,39.48771],[-121.63206,39.48922],[-121.62605,39.48928],[-121.62446,39.48925],[-121.62239,39.49156],[-121.62233,39.49425],[-121.62231,39.49432],[-121.62225,39.49807],[-121.61355,39.49803],[-121.61356,39.4961],[-121.61174,39.4961],[-121.61044,39.49611],[-121.60913,39.49611],[-121.60913,39.49554],[-121.60914,39.49507],[-121.60916,39.49374],[-121.6101,39.49002],[-121.61,39.48883],[-121.60927,39.48831],[-121.60933,39.48798],[-121.60939,39.48783],[-121.60948,39.48764],[-121.60957,39.48747],[-121.60967,39.48731],[-121.60979,39.48714],[-121.60992,39.48699],[-121.61006,39.48682],[-121.61034,39.48652],[-121.61051,39.4864],[-121.6107,39.48625],[-121.61106,39.486],[-121.61142,39.48578],[-121.61163,39.48568],[-121.61204,39.4855],[-121.61228,39.48542],[-121.61251,39.48535],[-121.61294,39.48522],[-121.61338,39.48514],[-121.61362,39.4851],[-121.61385,39.48508],[-121.61397,39.48508],[-121.61406,39.48507],[-121.6143,39.48506],[-121.61597,39.48506],[-121.61649,39.48506],[-121.61701,39.48506],[-121.61753,39.48506],[-121.61794,39.48505],[-121.6183,39.48503],[-121.61852,39.485],[-121.61881,39.48497],[-121.61906,39.48492],[-121.61932,39.48487],[-121.61981,39.48472],[-121.62005,39.48464],[-121.62029,39.48455],[-121.62051,39.48445],[-121.62072,39.48433],[-121.62093,39.48422],[-121.62113,39.48409],[-121.62131,39.48396],[-121.62148,39.48382],[-121.62164,39.48369],[-121.6218,39.48355],[-121.62195,39.4834],[-121.62433,39.48085],[-121.62457,39.48084],[-121.62694,39.48086]]]}},{"type":"Feature","properties":{"c":"general-aviation","n":"Wasco-Kern County Airport"},"geometry":{"type":"Polygon","coordinates":[[[-119.35703,35.62336],[-119.35139,35.61869],[-119.35008,35.61868],[-119.35002,35.62186],[-119.34922,35.62185],[-119.34922,35.61636],[-119.34947,35.61615],[-119.35235,35.61615],[-119.35233,35.61822],[-119.35794,35.62277],[-119.35794,35.62335],[-119.35703,35.62336]]]}},{"type":"Feature","properties":{"c":"commercial","n":"Mojave Air & Space Port / Civilian Flight Test Center"},"geometry":{"type":"Polygon","coordinates":[[[-118.13196,35.054],[-118.12747,35.05407],[-118.12724,35.04032],[-118.13672,35.04011],[-118.1406,35.04103],[-118.14061,35.04727],[-118.15761,35.04682],[-118.15757,35.04483],[-118.15953,35.04527],[-118.15981,35.0453],[-118.16188,35.04577],[-118.1619,35.0457],[-118.1633,35.04601],[-118.1633,35.04687],[-118.16334,35.04809],[-118.16359,35.04809],[-118.16363,35.04946],[-118.16411,35.04969],[-118.16482,35.05003],[-118.1649,35.05274],[-118.16495,35.0539],[-118.16503,35.05611],[-118.16633,35.05665],[-118.16649,35.0567],[-118.16929,35.05611],[-118.1694,35.05645],[-118.16961,35.05708],[-118.16964,35.05717],[-118.17016,35.05706],[-118.17081,35.05692],[-118.17127,35.05841],[-118.17331,35.05795],[-118.17413,35.0605],[-118.17479,35.06037],[-118.17534,35.06025],[-118.17555,35.06095],[-118.17559,35.06118],[-118.17561,35.06135],[-118.1756,35.06171],[-118.17555,35.06208],[-118.17541,35.06257],[-118.17509,35.06315],[-118.17454,35.06381],[-118.15715,35.07645],[-118.15243,35.07653],[-118.14771,35.07662],[-118.1458,35.07667],[-118.13186,35.07707],[-118.13196,35.054]]]}},{"type":"Feature","properties":{"c":"general-aviation","n":"Semitropic Airport"},"geometry":{"type":"Polygon","coordinates":[[[-119.48745,35.59111],[-119.48537,35.59109],[-119.48538,35.59015],[-119.48746,35.59016],[-119.48745,35.59111]]]}},{"type":"Feature","properties":{"c":"general-aviation","n":"Elk Hills-Buttonwillow Airport"},"geometry":{"type":"Polygon","coordinates":[[[-119.48597,35.35612],[-119.48369,35.35824],[-119.47857,35.35587],[-119.47776,35.35548],[-119.47695,35.35495],[-119.47574,35.35396],[-119.47494,35.35308],[-119.47344,35.351],[-119.47555,35.34897],[-119.47562,35.34897],[-119.48025,35.35227],[-119.4804,35.35213],[-119.48202,35.35317],[-119.48397,35.35464],[-119.48596,35.35606],[-119.48597,35.35612]]]}},{"type":"Feature","properties":{"c":"general-aviation"},"geometry":{"type":"Polygon","coordinates":[[[-119.48479,35.42788],[-119.48624,35.42786],[-119.48628,35.42843],[-119.48555,35.42843],[-119.48507,35.42893],[-119.48731,35.43527],[-119.48696,35.43533],[-119.4848,35.42896],[-119.48479,35.42788]]]}},{"type":"Feature","properties":{"c":"general-aviation","n":"California City Municipal Airport"},"geometry":{"type":"Polygon","coordinates":[[[-118.00651,35.15024],[-118.00774,35.15024],[-118.01027,35.15023],[-118.01028,35.15126],[-118.01351,35.15056],[-118.01459,35.15032],[-118.01455,35.14865],[-118.01454,35.14761],[-118.01743,35.1476],[-118.01747,35.14957],[-118.01747,35.14976],[-118.01854,35.14949],[-118.02104,35.14896],[-118.02104,35.14844],[-118.02141,35.14842],[-118.0214,35.14789],[-118.0214,35.14737],[-118.02137,35.14719],[-118.02131,35.14708],[-118.02131,35.14701],[-118.02139,35.14696],[-118.02201,35.14698],[-118.02203,35.14741],[-118.02348,35.14738],[-118.02348,35.14788],[-118.02361,35.14788],[-118.0276,35.14721],[-118.03026,35.14678],[-118.03022,35.14921],[-118.03019,35.14983],[-118.02128,35.15172],[-118.01343,35.1534],[-118.01341,35.15468],[-118.00648,35.15487],[-118.00359,35.15488],[-118.00361,35.1521],[-118.00567,35.1521],[-118.00563,35.15074],[-118.00583,35.15023],[-118.00592,35.15019],[-118.00651,35.15024]]]}},{"type":"Feature","properties":{"c":"general-aviation","n":"Delano Municipal Airport"},"geometry":{"type":"Polygon","coordinates":[[[-119.24008,35.74438],[-119.24001,35.7444],[-119.23921,35.74466],[-119.239,35.74472],[-119.23903,35.74478],[-119.23922,35.74515],[-119.23916,35.74516],[-119.23906,35.7452],[-119.23916,35.74539],[-119.23934,35.7458],[-119.23937,35.74585],[-119.23954,35.7458],[-119.23966,35.74589],[-119.24033,35.74727],[-119.24057,35.74728],[-119.24066,35.7524],[-119.24064,35.75415],[-119.23788,35.75416],[-119.23789,35.75392],[-119.23771,35.75364],[-119.23765,35.7536],[-119.23757,35.75355],[-119.23749,35.75352],[-119.2374,35.7535],[-119.23726,35.75348],[-119.23709,35.75346],[-119.237,35.75346],[-119.23691,35.75348],[-119.23684,35.7535],[-119.23676,35.75354],[-119.23666,35.75361],[-119.23658,35.75369],[-119.23651,35.75377],[-119.23646,35.75384],[-119.23643,35.7539],[-119.23626,35.7539],[-119.2363,35.75111],[-119.23421,35.74691],[-119.23526,35.74688],[-119.23274,35.74174],[-119.23216,35.74192],[-119.2304,35.73726],[-119.23195,35.73726],[-119.23196,35.73603],[-119.23364,35.73605],[-119.23465,35.73603],[-119.23538,35.73753],[-119.2366,35.74008],[-119.23785,35.73977],[-119.23829,35.74067],[-119.23896,35.74206],[-119.23916,35.74249],[-119.23941,35.74301],[-119.23943,35.74304],[-119.23959,35.74337],[-119.23961,35.74337],[-119.24008,35.74438]]]}},{"type":"Feature","properties":{"c":"general-aviation","n":"Dunlap Airport"},"geometry":{"type":"Polygon","coordinates":[[[-119.1163,35.73278],[-119.11647,35.73277],[-119.11675,35.73279],[-119.1166,35.7369],[-119.11669,35.73993],[-119.11628,35.73992],[-119.11626,35.73813],[-119.1163,35.73278]]]}},{"type":"Feature","properties":{"c":"general-aviation","n":"Taft Airport"},"geometry":{"type":"Polygon","coordinates":[[[-119.43229,35.14228],[-119.43492,35.14174],[-119.43631,35.14062],[-119.44175,35.1404],[-119.44181,35.13993],[-119.44384,35.13986],[-119.44388,35.14008],[-119.44555,35.13998],[-119.4462,35.14056],[-119.44515,35.14135],[-119.4451,35.14131],[-119.44498,35.14141],[-119.44469,35.14162],[-119.44455,35.14172],[-119.44428,35.14172],[-119.44298,35.14274],[-119.44109,35.14415],[-119.44023,35.14413],[-119.43617,35.14423],[-119.4346,35.14349],[-119.43404,35.14299],[-119.43442,35.14276],[-119.43398,35.14281],[-119.43373,35.14285],[-119.43351,35.14297],[-119.43336,35.14288],[-119.43318,35.14292],[-119.433,35.14302],[-119.43291,35.14289],[-119.4325,35.14282],[-119.43225,35.14284],[-119.43196,35.1429],[-119.43166,35.14281],[-119.43173,35.14271],[-119.43184,35.1426],[-119.43211,35.14244],[-119.43229,35.14228]]]}},{"type":"Feature","properties":{"c":"general-aviation","n":"Mountain Valley Airport"},"geometry":{"type":"Polygon","coordinates":[[[-118.41472,35.09895],[-118.41536,35.09853],[-118.4157,35.09848],[-118.41621,35.09825],[-118.41665,35.09799],[-118.41756,35.09674],[-118.41813,35.09648],[-118.42102,35.09645],[-118.42117,35.09653],[-118.42231,35.09758],[-118.42228,35.09773],[-118.42706,35.09827],[-118.42781,35.09878],[-118.42826,35.09891],[-118.42933,35.09893],[-118.42995,35.09879],[-118.43053,35.09878],[-118.43064,35.09918],[-118.43092,35.0994],[-118.43211,35.09946],[-118.43249,35.09991],[-118.4325,35.10157],[-118.43279,35.10176],[-118.4336,35.10184],[-118.43366,35.102],[-118.43365,35.10213],[-118.43317,35.10284],[-118.42987,35.1028],[-118.42803,35.10282],[-118.42801,35.10241],[-118.42564,35.10204],[-118.42559,35.1028],[-118.4249,35.10267],[-118.42372,35.10263],[-118.4237,35.10243],[-118.42357,35.10234],[-118.42027,35.10236],[-118.4148,35.10239],[-118.41472,35.09895]]]}},{"type":"Feature","properties":{"c":"commercial","n":"Inyokern Airport"},"geometry":{"type":"Polygon","coordinates":[[[-117.81714,35.66228],[-117.81956,35.6612],[-117.82232,35.65569],[-117.82348,35.65344],[-117.82407,35.65242],[-117.8245,35.65177],[-117.82532,35.65045],[-117.82445,35.64979],[-117.82436,35.64483],[-117.83923,35.6448],[-117.83931,35.66645],[-117.83927,35.67035],[-117.8216,35.67042],[-117.82089,35.66985],[-117.81943,35.66859],[-117.81922,35.66832],[-117.81849,35.66685],[-117.81714,35.66228]]]}},{"type":"Feature","properties":{"c":"general-aviation","n":"Sunset Airport"},"geometry":{"type":"Polygon","coordinates":[[[-119.35426,35.09202],[-119.35161,35.09197],[-119.35158,35.0897],[-119.35425,35.08971],[-119.35426,35.09202]]]}},{"type":"Feature","properties":{"c":"general-aviation"},"geometry":{"type":"Polygon","coordinates":[[[-119.45006,34.94059],[-119.44896,34.94059],[-119.44896,34.94028],[-119.4499,34.94028],[-119.45372,34.94028],[-119.45372,34.94059],[-119.45006,34.94059]]]}},{"type":"Feature","properties":{"c":"general-aviation"},"geometry":{"type":"Polygon","coordinates":[[[-119.40754,35.06746],[-119.40737,35.06744],[-119.40826,35.06293],[-119.40838,35.06294],[-119.40754,35.06746]]]}},{"type":"Feature","properties":{"c":"general-aviation","n":"Salyer Farms Airport"},"geometry":{"type":"Polygon","coordinates":[[[-119.53674,36.07985],[-119.53751,36.07982],[-119.54117,36.08703],[-119.54123,36.08707],[-119.54194,36.08707],[-119.54194,36.08711],[-119.54254,36.0871],[-119.54258,36.08975],[-119.54301,36.09061],[-119.54664,36.09788],[-119.54636,36.09792],[-119.54627,36.09791],[-119.54618,36.09789],[-119.54606,36.09784],[-119.54597,36.09777],[-119.54236,36.09086],[-119.53674,36.07985]]]}},{"type":"Feature","properties":{"c":"general-aviation","n":"Hanford Municipal Airport"},"geometry":{"type":"Polygon","coordinates":[[[-119.63351,36.32364],[-119.6321,36.32398],[-119.63167,36.32406],[-119.63133,36.3241],[-119.63104,36.32411],[-119.63026,36.32411],[-119.63022,36.32253],[-119.62948,36.32252],[-119.62798,36.32249],[-119.62795,36.32131],[-119.62864,36.32132],[-119.62866,36.32123],[-119.62863,36.32069],[-119.62924,36.32068],[-119.62588,36.31575],[-119.62576,36.31557],[-119.62087,36.30835],[-119.62126,36.30782],[-119.62326,36.30781],[-119.62573,36.31155],[-119.62711,36.31156],[-119.6271,36.31329],[-119.62693,36.31329],[-119.62712,36.31358],[-119.62758,36.3143],[-119.62772,36.3143],[-119.62772,36.31433],[-119.6278,36.31433],[-119.6278,36.3143],[-119.628,36.3143],[-119.628,36.31435],[-119.62812,36.31435],[-119.62817,36.31435],[-119.62817,36.31437],[-119.62827,36.31437],[-119.6286,36.31437],[-119.6286,36.31414],[-119.62827,36.31414],[-119.62825,36.31414],[-119.62825,36.3141],[-119.62827,36.3141],[-119.62828,36.3139],[-119.62846,36.31365],[-119.62875,36.31366],[-119.62875,36.31352],[-119.63013,36.31349],[-119.63013,36.31354],[-119.63021,36.31353],[-119.63023,36.31353],[-119.63023,36.31349],[-119.63118,36.31348],[-119.63122,36.31352],[-119.63122,36.31433],[-119.63135,36.31433],[-119.63142,36.31433],[-119.6314,36.3158],[-119.63139,36.31585],[-119.63136,36.31589],[-119.63134,36.31592],[-119.63131,36.31595],[-119.63127,36.31597],[-119.63123,36.31599],[-119.63118,36.316],[-119.63113,36.31601],[-119.63023,36.31601],[-119.63013,36.31605],[-119.62948,36.31634],[-119.62942,36.31637],[-119.62985,36.31701],[-119.62921,36.31728],[-119.62919,36.31732],[-119.62918,36.31736],[-119.62917,36.31741],[-119.62922,36.31749],[-119.6314,36.32062],[-119.63351,36.32364]]]}},{"type":"Feature","properties":{"c":"general-aviation","n":"Corcoran Airport"},"geometry":{"type":"Polygon","coordinates":[[[-119.59316,36.10111],[-119.59246,36.10028],[-119.5907,36.09817],[-119.5918,36.09815],[-119.592,36.09825],[-119.59233,36.09857],[-119.59271,36.09868],[-119.59324,36.0987],[-119.59356,36.09852],[-119.59384,36.09814],[-119.59453,36.09817],[-119.59456,36.10128],[-119.5946,36.10144],[-119.59533,36.10232],[-119.59546,36.1025],[-119.5956,36.10311],[-119.59569,36.1033],[-119.59875,36.10697],[-119.59824,36.10717],[-119.59316,36.10111]]]}},{"type":"Feature","properties":{"c":"general-aviation","n":"Avenal Gliderport"},"geometry":{"type":"Polygon","coordinates":[[[-120.13813,36.00007],[-120.14687,36.00023],[-120.14685,36.00617],[-120.14683,36.00632],[-120.14677,36.00645],[-120.14671,36.00657],[-120.14662,36.00669],[-120.14649,36.00682],[-120.14632,36.00698],[-120.1375,36.00057],[-120.13813,36.00007]]]}},{"type":"Feature","properties":{"c":"general-aviation","n":"Mead Airport"},"geometry":{"type":"Polygon","coordinates":[[[-120.86598,41.43556],[-120.86525,41.4357],[-120.86539,41.43122],[-120.86961,41.43064],[-120.87011,41.43054],[-120.86986,41.43479],[-120.86612,41.43554],[-120.86598,41.43556]]]}},{"type":"Feature","properties":{"c":"general-aviation"},"geometry":{"type":"Polygon","coordinates":[[[-120.84455,40.56521],[-120.84445,40.56444],[-120.84444,40.56434],[-120.84442,40.56424],[-120.84459,40.56429],[-120.84486,40.56442],[-120.84483,40.56523],[-120.84506,40.57287],[-120.84501,40.5756],[-120.84461,40.57566],[-120.84459,40.57287],[-120.84455,40.56521]]]}},{"type":"Feature","properties":{"c":"commercial","n":"Lake Tahoe Airport"},"geometry":{"type":"Polygon","coordinates":[[[-119.99365,38.89419],[-119.99429,38.8942],[-119.9963,38.88654],[-119.99658,38.88658],[-119.99706,38.88497],[-119.99671,38.88492],[-119.99678,38.88463],[-119.99698,38.88446],[-119.99709,38.8842],[-119.99698,38.88388],[-119.9976,38.88157],[-120.0004,38.88203],[-119.99968,38.88475],[-119.99942,38.88576],[-119.99919,38.88726],[-119.99892,38.88934],[-119.99927,38.88942],[-119.99909,38.89028],[-119.99951,38.89273],[-119.99933,38.89338],[-119.99898,38.89354],[-119.99867,38.89344],[-119.99861,38.89346],[-119.99858,38.89352],[-119.99844,38.89399],[-119.99839,38.89417],[-119.99837,38.89446],[-119.99839,38.89464],[-119.99842,38.89477],[-119.99848,38.89485],[-119.99858,38.89492],[-119.99889,38.89499],[-119.99921,38.89503],[-119.99945,38.89503],[-119.99945,38.89515],[-119.99916,38.89516],[-119.9989,38.89513],[-119.99867,38.89509],[-119.99854,38.89506],[-119.99839,38.89556],[-119.99802,38.89552],[-119.99814,38.89496],[-119.99822,38.89497],[-119.99826,38.89481],[-119.99824,38.89462],[-119.99823,38.89443],[-119.99826,38.89406],[-119.99845,38.89341],[-119.99837,38.89339],[-119.99833,38.8934],[-119.99829,38.89348],[-119.99816,38.89388],[-119.99805,38.89419],[-119.99794,38.89458],[-119.99781,38.89502],[-119.99762,38.89561],[-119.99743,38.89623],[-119.99765,38.89654],[-119.99776,38.89679],[-119.99748,38.8975],[-119.99734,38.89799],[-119.99718,38.89828],[-119.99695,38.89854],[-119.99677,38.89865],[-119.99656,38.89874],[-119.99636,38.89877],[-119.99599,38.89879],[-119.99562,38.89883],[-119.99543,38.89943],[-119.99526,38.90012],[-119.99514,38.90089],[-119.99497,38.90183],[-119.99516,38.90185],[-119.99507,38.90228],[-119.99489,38.9023],[-119.99487,38.90241],[-119.9949,38.90252],[-119.99497,38.90259],[-119.99526,38.90271],[-119.99525,38.90276],[-119.99524,38.9028],[-119.99505,38.90275],[-119.99497,38.90297],[-119.99479,38.90293],[-119.99488,38.9027],[-119.99478,38.90263],[-119.99473,38.90247],[-119.99474,38.90236],[-119.99482,38.90181],[-119.99499,38.90088],[-119.99512,38.90011],[-119.99527,38.89942],[-119.99542,38.89886],[-119.99525,38.89887],[-119.99484,38.90029],[-119.99399,38.90333],[-119.99373,38.90395],[-119.99361,38.9046],[-119.9936,38.90487],[-119.99368,38.90521],[-119.99331,38.90613],[-119.99278,38.90603],[-119.99258,38.90733],[-119.99171,38.90726],[-119.99159,38.90628],[-119.991,38.90564],[-119.99102,38.90511],[-119.9915,38.90348],[-119.99344,38.89696],[-119.99333,38.89693],[-119.99337,38.89678],[-119.99349,38.8968],[-119.99402,38.895],[-119.99356,38.89491],[-119.99363,38.89434],[-119.99365,38.89419]]]}},{"type":"Feature","properties":{"c":"commercial","n":"Placerville Airport"},"geometry":{"type":"Polygon","coordinates":[[[-120.75678,38.7243],[-120.75657,38.7245],[-120.75503,38.72511],[-120.75443,38.72528],[-120.75435,38.72532],[-120.75389,38.72545],[-120.75368,38.72555],[-120.75347,38.72567],[-120.75193,38.72654],[-120.75114,38.72655],[-120.75092,38.72664],[-120.75025,38.72719],[-120.75001,38.7274],[-120.74944,38.72779],[-120.74831,38.72881],[-120.74801,38.72858],[-120.74787,38.72843],[-120.74781,38.72827],[-120.74775,38.72824],[-120.74731,38.72842],[-120.74722,38.72826],[-120.74659,38.72837],[-120.74633,38.72832],[-120.7461,38.72826],[-120.74586,38.72821],[-120.74589,38.72803],[-120.74601,38.72783],[-120.74625,38.72756],[-120.74611,38.72745],[-120.74623,38.72733],[-120.74626,38.72723],[-120.74619,38.72701],[-120.74619,38.72685],[-120.7462,38.72675],[-120.74626,38.72667],[-120.74697,38.72639],[-120.74759,38.72615],[-120.74868,38.72527],[-120.74875,38.72497],[-120.74891,38.72466],[-120.74911,38.72447],[-120.74976,38.72427],[-120.75022,38.72501],[-120.75094,38.72478],[-120.75199,38.72435],[-120.75333,38.72383],[-120.75369,38.72364],[-120.75411,38.72329],[-120.7546,38.7231],[-120.75498,38.72289],[-120.75535,38.7227],[-120.75555,38.72257],[-120.75578,38.72256],[-120.75647,38.7223],[-120.7565,38.72224],[-120.75678,38.72214],[-120.75712,38.72215],[-120.76011,38.72115],[-120.76028,38.7212],[-120.76078,38.72204],[-120.76095,38.72231],[-120.76321,38.72197],[-120.76385,38.72189],[-120.76412,38.72186],[-120.76502,38.72181],[-120.76526,38.72172],[-120.76534,38.72175],[-120.76555,38.72151],[-120.76603,38.72152],[-120.76623,38.72155],[-120.76646,38.72181],[-120.76642,38.72202],[-120.76667,38.72213],[-120.76651,38.72229],[-120.76573,38.72314],[-120.76595,38.72356],[-120.76566,38.7239],[-120.76561,38.72388],[-120.76549,38.72383],[-120.76522,38.72382],[-120.76499,38.72381],[-120.76477,38.72379],[-120.76428,38.72364],[-120.76402,38.72357],[-120.76378,38.72348],[-120.76309,38.72319],[-120.7625,38.72315],[-120.76201,38.72317],[-120.76152,38.72322],[-120.76134,38.72322],[-120.76117,38.72321],[-120.76026,38.72308],[-120.75957,38.72317],[-120.75893,38.72344],[-120.75678,38.7243]]]}},{"type":"Feature","properties":{"c":"general-aviation","n":"Nevada County Air Park"},"geometry":{"type":"Polygon","coordinates":[[[-120.99965,39.22178],[-121.00152,39.22171],[-121.00151,39.22319],[-121.00224,39.22316],[-121.0022,39.22228],[-121.00506,39.22217],[-121.00508,39.22285],[-121.00525,39.22285],[-121.00535,39.22285],[-121.00535,39.22275],[-121.00532,39.22218],[-121.00699,39.22213],[-121.00692,39.22153],[-121.00847,39.22147],[-121.00853,39.22267],[-121.00868,39.22267],[-121.00888,39.22266],[-121.00888,39.22264],[-121.00883,39.22145],[-121.01087,39.22138],[-121.01094,39.22317],[-121.01094,39.22324],[-121.01184,39.22321],[-121.01255,39.22318],[-121.01256,39.22333],[-121.01447,39.22325],[-121.01449,39.22416],[-121.01224,39.2243],[-121.01037,39.22439],[-121.00834,39.22449],[-121.0032,39.22468],[-120.99901,39.22484],[-120.9929,39.2251],[-120.99278,39.22361],[-120.99506,39.22358],[-120.99504,39.223],[-120.99965,39.2229],[-120.99975,39.22286],[-120.99965,39.22178]]]}},{"type":"Feature","properties":{"c":"commercial","n":"Hemet-Ryan Airport"},"geometry":{"type":"Polygon","coordinates":[[[-117.03256,33.73462],[-117.02977,33.73464],[-117.02979,33.73633],[-117.02183,33.73635],[-117.02181,33.73659],[-117.02102,33.73661],[-117.02021,33.73695],[-117.01862,33.73765],[-117.01544,33.73901],[-117.01534,33.73902],[-117.01535,33.7391],[-117.01207,33.73911],[-117.01204,33.73665],[-117.01361,33.73664],[-117.01551,33.73583],[-117.0155,33.73149],[-117.01819,33.73053],[-117.02118,33.72941],[-117.0224,33.72942],[-117.02278,33.72947],[-117.02363,33.72946],[-117.03259,33.72934],[-117.03263,33.73436],[-117.03256,33.73462]]]}},{"type":"Feature","properties":{"c":"general-aviation","n":"Corona Municipal Airport"},"geometry":{"type":"Polygon","coordinates":[[[-117.59635,33.89831],[-117.59645,33.89455],[-117.60054,33.8948],[-117.60919,33.89532],[-117.60859,33.8981],[-117.59775,33.89829],[-117.59635,33.89831]]]}},{"type":"Feature","properties":{"c":"commercial","n":"Flabob Airport"},"geometry":{"type":"Polygon","coordinates":[[[-117.40804,33.99148],[-117.40779,33.99135],[-117.40766,33.99128],[-117.40729,33.99108],[-117.40704,33.99096],[-117.40697,33.99082],[-117.40667,33.99065],[-117.40584,33.99021],[-117.40568,33.99018],[-117.40548,33.99019],[-117.40535,33.9903],[-117.40496,33.99084],[-117.40333,33.99003],[-117.4035,33.98981],[-117.40398,33.98963],[-117.40791,33.98884],[-117.41144,33.98817],[-117.41593,33.98724],[-117.41691,33.98794],[-117.41736,33.9883],[-117.41618,33.98992],[-117.41589,33.99023],[-117.41499,33.99085],[-117.41469,33.99097],[-117.41288,33.98973],[-117.4097,33.9923],[-117.40962,33.99225],[-117.40942,33.99216],[-117.4093,33.9921],[-117.40904,33.99195],[-117.4083,33.99162],[-117.40804,33.99148]]]}},{"type":"Feature","properties":{"c":"general-aviation","n":"Midland Airport"},"geometry":{"type":"Polygon","coordinates":[[[-114.79785,33.84762],[-114.79808,33.85205],[-114.80125,33.85443],[-114.80111,33.85461],[-114.79809,33.85232],[-114.79813,33.85294],[-114.79789,33.85294],[-114.79788,33.85216],[-114.79491,33.84991],[-114.79504,33.84973],[-114.79784,33.85187],[-114.79763,33.84765],[-114.79785,33.84762]]]}},{"type":"Feature","properties":{"c":"commercial","n":"Blythe Airport"},"geometry":{"type":"Polygon","coordinates":[[[-114.73392,33.61459],[-114.73251,33.61453],[-114.73271,33.61751],[-114.7355,33.62014],[-114.72047,33.63147],[-114.71477,33.63142],[-114.7029,33.62114],[-114.70477,33.61913],[-114.70476,33.61758],[-114.70476,33.61616],[-114.71505,33.61124],[-114.71504,33.61105],[-114.71501,33.61005],[-114.71479,33.61006],[-114.71479,33.6099],[-114.71501,33.6099],[-114.71501,33.6098],[-114.71763,33.60974],[-114.71768,33.61285],[-114.72405,33.61317],[-114.72723,33.61317],[-114.72723,33.6129],[-114.73399,33.61294],[-114.73392,33.61459]]]}},{"type":"Feature","properties":{"c":"general-aviation","n":"Skylark Field Airport"},"geometry":{"type":"Polygon","coordinates":[[[-117.29485,33.63065],[-117.29643,33.62888],[-117.29736,33.62784],[-117.29986,33.62502],[-117.3023,33.62653],[-117.30929,33.63081],[-117.30443,33.6363],[-117.30381,33.63611],[-117.29485,33.63065]]]}},{"type":"Feature","properties":{"c":"general-aviation","n":"Samoa Field Airport"},"geometry":{"type":"Polygon","coordinates":[[[-124.20787,40.78006],[-124.20956,40.77803],[-124.2109,40.77801],[-124.21225,40.77709],[-124.21301,40.77807],[-124.21298,40.7819],[-124.21253,40.78189],[-124.21249,40.78463],[-124.21175,40.78463],[-124.21159,40.78226],[-124.2116,40.78009],[-124.20787,40.78006]]]}},{"type":"Feature","properties":{"c":"commercial","n":"California Redwood Coast - Humboldt County Airport"},"geometry":{"type":"Polygon","coordinates":[[[-124.10091,40.96423],[-124.10184,40.96472],[-124.10171,40.96528],[-124.10247,40.96555],[-124.10246,40.96503],[-124.10501,40.9664],[-124.10522,40.96659],[-124.10535,40.96677],[-124.10538,40.96695],[-124.10538,40.96999],[-124.10723,40.96917],[-124.10759,40.96956],[-124.10775,40.96972],[-124.108,40.9699],[-124.10815,40.96997],[-124.10833,40.97006],[-124.1087,40.97021],[-124.10902,40.97031],[-124.10936,40.97038],[-124.10968,40.97042],[-124.10983,40.97045],[-124.1099,40.97049],[-124.10991,40.97056],[-124.10992,40.97087],[-124.11318,40.97089],[-124.11338,40.97092],[-124.1136,40.97097],[-124.1138,40.97106],[-124.11396,40.97119],[-124.11408,40.9714],[-124.11466,40.97287],[-124.11568,40.97552],[-124.11566,40.97569],[-124.11565,40.97572],[-124.11564,40.97577],[-124.11578,40.97578],[-124.11596,40.97627],[-124.11599,40.97627],[-124.11612,40.97627],[-124.11609,40.97646],[-124.11604,40.97648],[-124.11584,40.97737],[-124.1158,40.97757],[-124.11604,40.97825],[-124.11612,40.97839],[-124.11617,40.97864],[-124.11611,40.97884],[-124.1161,40.97889],[-124.11602,40.97924],[-124.11582,40.97986],[-124.11572,40.98019],[-124.11439,40.98375],[-124.11423,40.98415],[-124.11395,40.98422],[-124.11389,40.98435],[-124.11388,40.98451],[-124.11396,40.98501],[-124.1145,40.9858],[-124.11425,40.98591],[-124.11421,40.98625],[-124.11416,40.98642],[-124.11409,40.98655],[-124.11377,40.98704],[-124.11372,40.98713],[-124.11363,40.9873],[-124.1136,40.98795],[-124.11343,40.98846],[-124.11339,40.98847],[-124.11128,40.98541],[-124.1096,40.98538],[-124.10905,40.98496],[-124.10793,40.98494],[-124.10784,40.98494],[-124.1074,40.98493],[-124.1068,40.98452],[-124.10533,40.9841],[-124.10446,40.98403],[-124.10422,40.98381],[-124.10371,40.98343],[-124.10322,40.98296],[-124.10283,40.9825],[-124.10251,40.98208],[-124.10214,40.98159],[-124.10174,40.98089],[-124.10137,40.98012],[-124.1011,40.97939],[-124.10091,40.97866],[-124.10082,40.97803],[-124.10107,40.97803],[-124.10156,40.9783],[-124.10166,40.97829],[-124.10178,40.97827],[-124.10206,40.97806],[-124.10207,40.97798],[-124.10207,40.97792],[-124.1008,40.97789],[-124.10075,40.97764],[-124.10074,40.97655],[-124.10091,40.96423]]]}},{"type":"Feature","properties":{"c":"general-aviation","n":"Rohnerville Airport"},"geometry":{"type":"Polygon","coordinates":[[[-124.13072,40.5553],[-124.13042,40.5553],[-124.12917,40.55461],[-124.1254,40.55247],[-124.12513,40.55097],[-124.12633,40.54981],[-124.12823,40.55011],[-124.13018,40.55114],[-124.13023,40.55023],[-124.13275,40.55039],[-124.13557,40.55063],[-124.13641,40.55092],[-124.13685,40.5511],[-124.13759,40.55113],[-124.13816,40.55119],[-124.13862,40.55138],[-124.1389,40.55161],[-124.13918,40.55182],[-124.13998,40.55218],[-124.13993,40.55451],[-124.13663,40.55454],[-124.13663,40.55488],[-124.13928,40.55608],[-124.13928,40.55719],[-124.13783,40.5585],[-124.13737,40.5585],[-124.13544,40.55854],[-124.13539,40.55928],[-124.13539,40.55936],[-124.13075,40.55939],[-124.13074,40.5581],[-124.13073,40.55772],[-124.13073,40.5573],[-124.13072,40.55723],[-124.13072,40.55683],[-124.13072,40.55671],[-124.13072,40.55552],[-124.13072,40.5553]]]}},{"type":"Feature","properties":{"c":"general-aviation","n":"Lake Wohlford Resort Airstrip"},"geometry":{"type":"Polygon","coordinates":[[[-117.00009,33.17709],[-117.00144,33.17605],[-117.00199,33.17534],[-117.00321,33.17452],[-117.00383,33.1743],[-117.00428,33.17477],[-117.00317,33.175],[-117.00198,33.17605],[-117.00131,33.17665],[-117.00128,33.17668],[-117.00116,33.1768],[-117.00097,33.17696],[-117.00037,33.17749],[-117.00013,33.17734],[-117.00009,33.17709]]]}},{"type":"Feature","properties":{"c":"general-aviation","n":"Private Landing Strip"},"geometry":{"type":"Polygon","coordinates":[[[-117.31042,33.4604],[-117.31175,33.45874],[-117.31309,33.45705],[-117.31356,33.45725],[-117.31196,33.46036],[-117.31175,33.46044],[-117.31046,33.46095],[-117.31034,33.46099],[-117.31034,33.4605],[-117.31042,33.4604]]]}},{"type":"Feature","properties":{"c":"general-aviation","n":"Ramona Airport"},"geometry":{"type":"Polygon","coordinates":[[[-116.92978,33.04048],[-116.92964,33.04118],[-116.92961,33.04133],[-116.92766,33.04132],[-116.92755,33.04132],[-116.92755,33.04192],[-116.92668,33.04259],[-116.92484,33.04401],[-116.92385,33.04387],[-116.92276,33.04373],[-116.91917,33.04358],[-116.90842,33.04313],[-116.90746,33.04309],[-116.90762,33.04046],[-116.90749,33.04046],[-116.90701,33.04046],[-116.90617,33.04045],[-116.90555,33.04044],[-116.90517,33.04045],[-116.90456,33.04045],[-116.90426,33.04045],[-116.90337,33.04045],[-116.90308,33.04045],[-116.90278,33.04044],[-116.9019,33.04044],[-116.90166,33.04044],[-116.90161,33.04044],[-116.90161,33.04001],[-116.90163,33.03872],[-116.90163,33.03829],[-116.9015,33.03829],[-116.90124,33.03829],[-116.90007,33.03829],[-116.89968,33.03829],[-116.89968,33.03798],[-116.89968,33.03752],[-116.89967,33.03726],[-116.89966,33.03712],[-116.89966,33.03707],[-116.89965,33.03697],[-116.89966,33.03677],[-116.89967,33.03667],[-116.89966,33.03659],[-116.89966,33.03641],[-116.89965,33.0362],[-116.89965,33.03606],[-116.89965,33.03603],[-116.89968,33.03588],[-116.89987,33.03588],[-116.89995,33.03588],[-116.90015,33.03589],[-116.9004,33.0359],[-116.90046,33.0359],[-116.90048,33.03589],[-116.90051,33.03588],[-116.90056,33.03584],[-116.90058,33.03581],[-116.9006,33.03577],[-116.9006,33.03575],[-116.90107,33.03586],[-116.90248,33.03619],[-116.90295,33.0363],[-116.90295,33.03619],[-116.90294,33.03589],[-116.90293,33.03579],[-116.90355,33.0358],[-116.90542,33.03581],[-116.90604,33.03581],[-116.9066,33.03582],[-116.90691,33.03582],[-116.90952,33.03584],[-116.91039,33.03584],[-116.91049,33.03596],[-116.91078,33.03633],[-116.91088,33.03645],[-116.91622,33.03647],[-116.9295,33.03653],[-116.92947,33.03794],[-116.93079,33.03807],[-116.9361,33.03857],[-116.9361,33.03894],[-116.9361,33.04006],[-116.93611,33.04044],[-116.93484,33.04045],[-116.93104,33.04047],[-116.92978,33.04048]]]}},{"type":"Feature","properties":{"c":"general-aviation","n":"Warner Springs Gliderport"},"geometry":{"type":"Polygon","coordinates":[[[-116.67877,33.28639],[-116.67503,33.28469],[-116.66765,33.28497],[-116.66668,33.28501],[-116.66476,33.28507],[-116.66471,33.28503],[-116.66471,33.28498],[-116.66464,33.28496],[-116.66464,33.28504],[-116.6646,33.28506],[-116.66422,33.28507],[-116.66218,33.28528],[-116.6621,33.28405],[-116.66403,33.28284],[-116.66491,33.28235],[-116.66702,33.28189],[-116.667,33.28326],[-116.67669,33.28203],[-116.67887,33.28262],[-116.67942,33.28302],[-116.68044,33.28329],[-116.67877,33.28639]]]}},{"type":"Feature","properties":{"c":"general-aviation","n":"Agua Caliente Airport"},"geometry":{"type":"Polygon","coordinates":[[[-116.29837,32.9575],[-116.29731,32.95706],[-116.292,32.95469],[-116.2917,32.95459],[-116.29146,32.95456],[-116.29121,32.95451],[-116.29096,32.95441],[-116.29078,32.9543],[-116.29069,32.95416],[-116.29008,32.9539],[-116.29024,32.95361],[-116.2906,32.95375],[-116.29123,32.9538],[-116.29286,32.95448],[-116.29475,32.9554],[-116.29677,32.95633],[-116.29766,32.95653],[-116.29867,32.95698],[-116.29837,32.9575]]]}},{"type":"Feature","properties":{"c":"commercial","n":"Santa Maria Public Airport"},"geometry":{"type":"Polygon","coordinates":[[[-120.45418,34.90753],[-120.45413,34.90735],[-120.45396,34.90696],[-120.45376,34.90664],[-120.45345,34.90622],[-120.45329,34.90605],[-120.45298,34.90578],[-120.45152,34.90452],[-120.44796,34.90137],[-120.44513,34.89889],[-120.44361,34.89755],[-120.44108,34.89515],[-120.44281,34.8937],[-120.44109,34.89218],[-120.44169,34.89148],[-120.44117,34.89096],[-120.44115,34.89035],[-120.44333,34.88857],[-120.44569,34.89055],[-120.46438,34.89059],[-120.46739,34.89066],[-120.47106,34.89287],[-120.46472,34.90006],[-120.46466,34.90039],[-120.46453,34.90623],[-120.46863,34.90962],[-120.4679,34.91021],[-120.46859,34.91078],[-120.46875,34.91096],[-120.46803,34.91154],[-120.46716,34.91082],[-120.46683,34.91109],[-120.46579,34.91129],[-120.46562,34.91125],[-120.46465,34.91044],[-120.46444,34.9103],[-120.46434,34.9103],[-120.46434,34.91022],[-120.46417,34.91007],[-120.46331,34.91006],[-120.46322,34.90997],[-120.46313,34.90992],[-120.46305,34.90989],[-120.46294,34.90987],[-120.46282,34.90986],[-120.46151,34.90986],[-120.46151,34.91007],[-120.46147,34.91126],[-120.45913,34.91118],[-120.45913,34.91045],[-120.45914,34.91004],[-120.45956,34.91004],[-120.45961,34.90998],[-120.45961,34.90988],[-120.45952,34.90981],[-120.45694,34.90752],[-120.45418,34.90753]]]}},{"type":"Feature","properties":{"c":"commercial","n":"Lompoc Airport"},"geometry":{"type":"Polygon","coordinates":[[[-120.45845,34.66659],[-120.4584,34.66654],[-120.45793,34.66638],[-120.45803,34.66443],[-120.46206,34.66446],[-120.46623,34.66454],[-120.47528,34.66463],[-120.47621,34.66502],[-120.47625,34.66573],[-120.47617,34.66595],[-120.47597,34.66609],[-120.47532,34.66633],[-120.47509,34.6663],[-120.47399,34.66663],[-120.47382,34.66663],[-120.46883,34.66654],[-120.46654,34.66652],[-120.46562,34.66702],[-120.46517,34.66708],[-120.46408,34.66706],[-120.46332,34.66712],[-120.46205,34.66711],[-120.46204,34.66731],[-120.46204,34.66734],[-120.46152,34.6674],[-120.46116,34.66738],[-120.46083,34.66729],[-120.46033,34.6671],[-120.4598,34.66701],[-120.459,34.66699],[-120.45846,34.66693],[-120.45845,34.66659]]]}},{"type":"Feature","properties":{"c":"commercial","n":"Redding Municipal Airport"},"geometry":{"type":"Polygon","coordinates":[[[-122.28277,40.49852],[-122.28338,40.49851],[-122.28411,40.49851],[-122.28596,40.4985],[-122.28797,40.4985],[-122.29003,40.49849],[-122.29153,40.49848],[-122.29168,40.49848],[-122.29168,40.49855],[-122.29185,40.49856],[-122.29225,40.49857],[-122.29277,40.49858],[-122.2931,40.49857],[-122.29348,40.49856],[-122.29374,40.49854],[-122.2958,40.4985],[-122.29905,40.49867],[-122.29947,40.49864],[-122.30233,40.49849],[-122.30243,40.49854],[-122.30259,40.49885],[-122.30263,40.49897],[-122.30266,40.4991],[-122.30267,40.4992],[-122.30268,40.49926],[-122.30269,40.49932],[-122.3027,40.49955],[-122.30271,40.49978],[-122.30269,40.50081],[-122.30269,40.50155],[-122.30268,40.50352],[-122.30259,40.50542],[-122.30259,40.50576],[-122.3027,40.50758],[-122.30267,40.5095],[-122.3027,40.51294],[-122.30263,40.51701],[-122.30261,40.51845],[-122.3026,40.51866],[-122.3026,40.51991],[-122.30259,40.52022],[-122.30202,40.52023],[-122.2996,40.52026],[-122.2989,40.52027],[-122.29793,40.52028],[-122.29793,40.52156],[-122.29793,40.52209],[-122.29794,40.52335],[-122.29794,40.52377],[-122.29794,40.5239],[-122.29794,40.52421],[-122.2956,40.52421],[-122.29553,40.52421],[-122.29548,40.52421],[-122.29533,40.52421],[-122.2923,40.52422],[-122.29228,40.52404],[-122.29228,40.52398],[-122.29227,40.5221],[-122.29212,40.5221],[-122.29206,40.5221],[-122.29086,40.5221],[-122.29085,40.52191],[-122.29085,40.52178],[-122.29085,40.52135],[-122.29085,40.52124],[-122.29085,40.52087],[-122.29084,40.52058],[-122.29085,40.52055],[-122.29091,40.52047],[-122.29094,40.52045],[-122.29105,40.52037],[-122.291,40.52034],[-122.29096,40.5203],[-122.29084,40.52031],[-122.29084,40.52029],[-122.29083,40.52026],[-122.29082,40.52023],[-122.2908,40.52021],[-122.29078,40.52019],[-122.29077,40.52016],[-122.29075,40.52012],[-122.29073,40.52009],[-122.29072,40.52006],[-122.29072,40.52005],[-122.29071,40.52003],[-122.29071,40.51994],[-122.29072,40.5199],[-122.29072,40.51972],[-122.2907,40.51958],[-122.29063,40.51923],[-122.29061,40.51911],[-122.29046,40.51831],[-122.29039,40.51794],[-122.29039,40.5179],[-122.29037,40.51765],[-122.29037,40.51748],[-122.29037,40.51732],[-122.29038,40.51712],[-122.29038,40.51697],[-122.29038,40.51684],[-122.29038,40.51661],[-122.29086,40.51642],[-122.29116,40.51629],[-122.29158,40.51584],[-122.29164,40.51578],[-122.29169,40.51573],[-122.29201,40.51538],[-122.29121,40.51364],[-122.29113,40.51354],[-122.29054,40.51286],[-122.29024,40.51252],[-122.28883,40.50965],[-122.28798,40.50789],[-122.28743,40.50678],[-122.28664,40.50548],[-122.28604,40.50448],[-122.286,40.50441],[-122.2859,40.50421],[-122.28567,40.50376],[-122.28545,40.50333],[-122.28506,40.50278],[-122.28491,40.50258],[-122.28451,40.50202],[-122.28444,40.50192],[-122.28437,40.50182],[-122.28432,40.50175],[-122.28417,40.50153],[-122.28401,40.50131],[-122.28392,40.50122],[-122.2838,40.50111],[-122.28275,40.50011],[-122.28211,40.49951],[-122.28208,40.49905],[-122.28205,40.49869],[-122.28157,40.49867],[-122.28157,40.49862],[-122.28161,40.49859],[-122.28171,40.49852],[-122.28277,40.49852]]]}},{"type":"Feature","properties":{"c":"general-aviation","n":"Redding Sky Ranch Airport"},"geometry":{"type":"Polygon","coordinates":[[[-122.37313,40.49709],[-122.37314,40.49704],[-122.37304,40.49698],[-122.37293,40.49691],[-122.37296,40.49688],[-122.37298,40.49685],[-122.37304,40.49681],[-122.37312,40.49676],[-122.37318,40.49673],[-122.37331,40.49666],[-122.37464,40.4978],[-122.37494,40.4981],[-122.37548,40.49861],[-122.37603,40.49887],[-122.37644,40.49911],[-122.37679,40.49939],[-122.37761,40.49993],[-122.37786,40.49996],[-122.37799,40.49994],[-122.3783,40.49985],[-122.37896,40.49948],[-122.37964,40.49997],[-122.38023,40.50041],[-122.38035,40.50051],[-122.38036,40.50052],[-122.38025,40.50067],[-122.38012,40.50082],[-122.3795,40.50146],[-122.37882,40.50205],[-122.3781,40.50254],[-122.37807,40.50257],[-122.37804,40.50258],[-122.37801,40.50259],[-122.37797,40.5026],[-122.37795,40.5026],[-122.3779,40.50259],[-122.37787,40.50257],[-122.37783,40.50253],[-122.37729,40.50199],[-122.37677,40.50148],[-122.37634,40.50112],[-122.37561,40.50056],[-122.37572,40.5005],[-122.37606,40.5003],[-122.37583,40.50006],[-122.37475,40.49918],[-122.37489,40.49888],[-122.37472,40.4986],[-122.37452,40.49842],[-122.37329,40.49732],[-122.37321,40.49722],[-122.37313,40.49709]]]}},{"type":"Feature","properties":{"c":"commercial","n":"Siskiyou County Airport"},"geometry":{"type":"Polygon","coordinates":[[[-122.48068,41.76694],[-122.48076,41.76705],[-122.48122,41.76709],[-122.48134,41.76765],[-122.48191,41.76794],[-122.48312,41.76827],[-122.47362,41.77694],[-122.47355,41.77744],[-122.47345,41.78111],[-122.47297,41.7842],[-122.47209,41.78867],[-122.47021,41.79276],[-122.46966,41.79338],[-122.46887,41.79365],[-122.46154,41.79369],[-122.46173,41.7828],[-122.45672,41.78275],[-122.45675,41.77954],[-122.45992,41.7795],[-122.46002,41.77763],[-122.45933,41.77674],[-122.4608,41.77601],[-122.46093,41.77102],[-122.46106,41.77087],[-122.46684,41.77086],[-122.46761,41.76812],[-122.4707,41.76818],[-122.47075,41.76854],[-122.47183,41.76868],[-122.47229,41.76907],[-122.47248,41.76944],[-122.47459,41.76944],[-122.47456,41.76964],[-122.47474,41.76956],[-122.47493,41.76877],[-122.47619,41.76874],[-122.4773,41.76817],[-122.48047,41.76665],[-122.48068,41.76694]]]}},{"type":"Feature","properties":{"c":"general-aviation","n":"Scott Valley Airport"},"geometry":{"type":"Polygon","coordinates":[[[-122.85301,41.55235],[-122.85518,41.55231],[-122.85609,41.56365],[-122.85407,41.56367],[-122.85387,41.56325],[-122.85338,41.557],[-122.85337,41.55691],[-122.85336,41.55683],[-122.85335,41.55673],[-122.85301,41.55235]]]}},{"type":"Feature","properties":{"c":"general-aviation","n":"Deer Creek Ranch Airport"},"geometry":{"type":"Polygon","coordinates":[[[-121.98904,39.94323],[-121.9916,39.94321],[-121.99706,39.94316],[-121.99706,39.94322],[-121.99708,39.94423],[-121.9971,39.94537],[-121.99713,39.94693],[-121.99715,39.94834],[-121.99716,39.94902],[-121.99717,39.95025],[-121.9972,39.95121],[-121.99721,39.95226],[-121.99722,39.95265],[-121.99682,39.95266],[-121.99445,39.95268],[-121.99436,39.95268],[-121.99425,39.95268],[-121.99152,39.95271],[-121.9879,39.95274],[-121.98682,39.95275],[-121.98505,39.95276],[-121.985,39.94939],[-121.98496,39.94683],[-121.98491,39.94327],[-121.98904,39.94323]]]}},{"type":"Feature","properties":{"c":"general-aviation","n":"Corning Municipal Airport"},"geometry":{"type":"Polygon","coordinates":[[[-122.17184,39.93518],[-122.17185,39.93571],[-122.17186,39.93701],[-122.17186,39.93881],[-122.17187,39.9393],[-122.17187,39.94051],[-122.17187,39.94077],[-122.17187,39.94439],[-122.17189,39.94695],[-122.1719,39.94818],[-122.17184,39.95022],[-122.17182,39.95165],[-122.17169,39.95165],[-122.16967,39.95],[-122.16967,39.94903],[-122.16966,39.94817],[-122.16885,39.94817],[-122.16883,39.94814],[-122.16883,39.94554],[-122.16883,39.94323],[-122.16959,39.94326],[-122.16958,39.94296],[-122.16959,39.94247],[-122.16959,39.94245],[-122.16959,39.9416],[-122.16962,39.93986],[-122.16962,39.93877],[-122.16962,39.9381],[-122.16963,39.93547],[-122.16971,39.93547],[-122.16981,39.93547],[-122.16998,39.93546],[-122.17,39.93571],[-122.1707,39.93571],[-122.1707,39.93518],[-122.17184,39.93518]]]}},{"type":"Feature","properties":{"c":"commercial","n":"Porterville Municipal Airport"},"geometry":{"type":"Polygon","coordinates":[[[-119.07079,36.0367],[-119.0688,36.0367],[-119.06645,36.0367],[-119.06294,36.0338],[-119.06211,36.03314],[-119.05878,36.03314],[-119.05879,36.03091],[-119.05898,36.03078],[-119.0588,36.03063],[-119.05886,36.03043],[-119.05868,36.0303],[-119.05821,36.02993],[-119.05799,36.0297],[-119.0578,36.02974],[-119.05701,36.03038],[-119.0566,36.03072],[-119.0535,36.0307],[-119.05345,36.03065],[-119.05346,36.02951],[-119.05347,36.02859],[-119.05347,36.02587],[-119.05349,36.02251],[-119.05349,36.02233],[-119.05486,36.02234],[-119.05814,36.02235],[-119.05968,36.02235],[-119.06126,36.02235],[-119.06325,36.02235],[-119.06515,36.02236],[-119.06681,36.02237],[-119.06778,36.02237],[-119.06886,36.02238],[-119.07093,36.02239],[-119.07092,36.02552],[-119.06988,36.02553],[-119.06986,36.02588],[-119.06883,36.02586],[-119.06871,36.02596],[-119.06865,36.02947],[-119.0689,36.02967],[-119.06968,36.0297],[-119.07087,36.02971],[-119.07081,36.03428],[-119.0737,36.03662],[-119.07363,36.03668],[-119.07079,36.0367]]]}},{"type":"Feature","properties":{"c":"general-aviation","n":"Woodlake Airport"},"geometry":{"type":"Polygon","coordinates":[[[-119.09985,36.39927],[-119.09962,36.39924],[-119.09971,36.39908],[-119.0999,36.39886],[-119.10023,36.39859],[-119.10109,36.39812],[-119.10148,36.39755],[-119.10252,36.39759],[-119.10253,36.39776],[-119.10337,36.39783],[-119.10335,36.39813],[-119.10374,36.39814],[-119.10376,36.39852],[-119.11226,36.3985],[-119.11226,36.39923],[-119.10785,36.39926],[-119.10627,36.39926],[-119.10397,36.39926],[-119.10232,36.39927],[-119.09985,36.39927]]]}},{"type":"Feature","properties":{"c":"commercial","n":"Visalia Municipal Airport"},"geometry":{"type":"Polygon","coordinates":[[[-119.37897,36.31259],[-119.37895,36.31085],[-119.37901,36.31056],[-119.37915,36.31029],[-119.37926,36.31011],[-119.37935,36.31001],[-119.37949,36.30989],[-119.38038,36.30916],[-119.38427,36.30599],[-119.38447,36.30584],[-119.38458,36.30578],[-119.38471,36.30571],[-119.38484,36.30566],[-119.38499,36.3056],[-119.38516,36.30556],[-119.38533,36.30553],[-119.38553,36.3055],[-119.38692,36.3055],[-119.38976,36.30549],[-119.39038,36.30643],[-119.39067,36.30687],[-119.39081,36.30708],[-119.39086,36.30709],[-119.39089,36.30714],[-119.39087,36.30718],[-119.39102,36.3074],[-119.3911,36.30752],[-119.39123,36.30772],[-119.39139,36.30798],[-119.39159,36.30831],[-119.39177,36.30865],[-119.39191,36.30892],[-119.39206,36.30922],[-119.39209,36.30929],[-119.39222,36.30959],[-119.39235,36.30991],[-119.39239,36.30992],[-119.3924,36.30995],[-119.39238,36.30998],[-119.39256,36.31048],[-119.39266,36.31083],[-119.39263,36.31087],[-119.39361,36.31384],[-119.39379,36.31426],[-119.39377,36.31429],[-119.39332,36.31433],[-119.39332,36.31449],[-119.39348,36.31462],[-119.39383,36.31443],[-119.39386,36.31443],[-119.39405,36.31479],[-119.39446,36.31553],[-119.39492,36.31626],[-119.39444,36.31627],[-119.39445,36.31707],[-119.39456,36.31744],[-119.39462,36.31763],[-119.39532,36.31761],[-119.39543,36.31764],[-119.39586,36.31746],[-119.39593,36.31753],[-119.39609,36.31744],[-119.39724,36.31874],[-119.39746,36.319],[-119.39814,36.3198],[-119.39889,36.32054],[-119.399,36.32053],[-119.40081,36.32249],[-119.40167,36.32344],[-119.40175,36.32365],[-119.4018,36.32384],[-119.40185,36.32402],[-119.40199,36.32456],[-119.40205,36.3248],[-119.40207,36.32491],[-119.40208,36.32502],[-119.40211,36.32517],[-119.40212,36.3253],[-119.40212,36.32544],[-119.4021,36.32558],[-119.40207,36.32571],[-119.40203,36.32585],[-119.40191,36.3261],[-119.40173,36.32634],[-119.40162,36.32645],[-119.4015,36.32655],[-119.40133,36.32662],[-119.40114,36.32668],[-119.40019,36.32676],[-119.40018,36.32661],[-119.39957,36.32661],[-119.39884,36.32661],[-119.39884,36.32666],[-119.3985,36.32666],[-119.3985,36.32651],[-119.39845,36.32647],[-119.39839,36.32642],[-119.39833,36.32634],[-119.39789,36.32634],[-119.39785,36.32637],[-119.39755,36.32637],[-119.39755,36.32634],[-119.3964,36.32634],[-119.3964,36.32633],[-119.3964,36.32557],[-119.39524,36.32558],[-119.39479,36.32558],[-119.39407,36.3256],[-119.39385,36.3254],[-119.39362,36.32505],[-119.39343,36.32476],[-119.39345,36.32474],[-119.39352,36.32476],[-119.39356,36.32476],[-119.39361,36.32475],[-119.39365,36.32473],[-119.39368,36.32471],[-119.39369,36.32469],[-119.39377,36.32468],[-119.39376,36.32454],[-119.39368,36.32455],[-119.39365,36.32453],[-119.39363,36.32451],[-119.3936,36.3245],[-119.39356,36.3245],[-119.39352,36.3245],[-119.39348,36.32451],[-119.39344,36.32453],[-119.39341,36.32455],[-119.39339,36.32457],[-119.39336,36.32458],[-119.39331,36.32459],[-119.39328,36.32454],[-119.39242,36.32328],[-119.39222,36.32299],[-119.39222,36.32296],[-119.39277,36.32271],[-119.39279,36.32268],[-119.39271,36.32265],[-119.39266,36.32259],[-119.39271,36.32242],[-119.39284,36.32237],[-119.39316,36.32262],[-119.39334,36.32249],[-119.39292,36.32216],[-119.3929,36.32212],[-119.39414,36.32182],[-119.39391,36.32163],[-119.39167,36.32218],[-119.39154,36.32199],[-119.39155,36.32196],[-119.3916,36.32194],[-119.39155,36.32188],[-119.3915,36.3219],[-119.39147,36.32189],[-119.39108,36.32131],[-119.39103,36.3213],[-119.39095,36.3212],[-119.39091,36.32115],[-119.39086,36.3211],[-119.39082,36.32107],[-119.39077,36.32104],[-119.39068,36.321],[-119.39059,36.32096],[-119.39055,36.3209],[-119.39062,36.32073],[-119.39061,36.32063],[-119.39063,36.32059],[-119.3906,36.32029],[-119.39055,36.32012],[-119.39049,36.32],[-119.39042,36.31988],[-119.39028,36.31972],[-119.39019,36.31962],[-119.39007,36.31953],[-119.38993,36.31944],[-119.38979,36.31937],[-119.38962,36.3193],[-119.38944,36.31925],[-119.38917,36.31919],[-119.38903,36.31915],[-119.38892,36.31911],[-119.3888,36.31906],[-119.38869,36.319],[-119.38859,36.31894],[-119.38849,36.31887],[-119.38788,36.31837],[-119.38766,36.3182],[-119.38746,36.31802],[-119.38731,36.31785],[-119.387,36.31743],[-119.38653,36.31683],[-119.38592,36.31601],[-119.38583,36.31591],[-119.38573,36.31581],[-119.38562,36.31571],[-119.38551,36.31562],[-119.38479,36.31504],[-119.38375,36.3142],[-119.38268,36.31337],[-119.38189,36.31276],[-119.38153,36.31261],[-119.38127,36.31256],[-119.38105,36.31256],[-119.38095,36.31257],[-119.37954,36.3126],[-119.37897,36.31259]]]}},{"type":"Feature","properties":{"c":"general-aviation","n":"Sequoia Field"},"geometry":{"type":"Polygon","coordinates":[[[-119.32241,36.4534],[-119.32218,36.45342],[-119.31868,36.44963],[-119.314,36.44464],[-119.31369,36.44355],[-119.31753,36.44357],[-119.31752,36.44393],[-119.31832,36.44393],[-119.31833,36.44381],[-119.31916,36.44382],[-119.31915,36.44402],[-119.31936,36.44403],[-119.31945,36.44514],[-119.32106,36.44669],[-119.32229,36.4467],[-119.32246,36.44685],[-119.32241,36.4534]]]}},{"type":"Feature","properties":{"c":"general-aviation","n":"Sequoia Ranch Airport"},"geometry":{"type":"Polygon","coordinates":[[[-118.8017,36.15039],[-118.80185,36.15339],[-118.80148,36.1534],[-118.80146,36.15302],[-118.8014,36.15191],[-118.80112,36.14599],[-118.80148,36.14597],[-118.80155,36.14736],[-118.8017,36.15039]]]}},{"type":"Feature","properties":{"c":"commercial","n":"Mefford Field"},"geometry":{"type":"Polygon","coordinates":[[[-119.32684,36.15292],[-119.32695,36.15292],[-119.33161,36.1587],[-119.33187,36.15877],[-119.33209,36.15884],[-119.33208,36.15919],[-119.33205,36.1597],[-119.33201,36.16027],[-119.3319,36.16107],[-119.3318,36.16178],[-119.33175,36.1621],[-119.3317,36.16225],[-119.33164,36.16237],[-119.33155,36.16247],[-119.33144,36.1626],[-119.3313,36.1627],[-119.33115,36.16278],[-119.33097,36.16285],[-119.33082,36.16288],[-119.33067,36.1629],[-119.33049,36.16291],[-119.32951,36.16168],[-119.32943,36.16147],[-119.32936,36.16131],[-119.32927,36.16113],[-119.32281,36.15309],[-119.3214,36.15182],[-119.3223,36.15126],[-119.3222,36.15115],[-119.3242,36.14987],[-119.3243,36.14998],[-119.32495,36.14956],[-119.32531,36.14993],[-119.32546,36.14993],[-119.32547,36.15004],[-119.3256,36.15029],[-119.32564,36.15129],[-119.32565,36.15139],[-119.32569,36.15148],[-119.32573,36.15155],[-119.32684,36.15292]]]}},{"type":"Feature","properties":{"c":"general-aviation","n":"Trinkle Ag Flying"},"geometry":{"type":"Polygon","coordinates":[[[-119.51969,36.47532],[-119.51964,36.47552],[-119.51962,36.47574],[-119.51961,36.48141],[-119.51934,36.48142],[-119.5194,36.47532],[-119.51941,36.47462],[-119.51967,36.47462],[-119.51967,36.47456],[-119.51976,36.47456],[-119.51976,36.47446],[-119.51976,36.47424],[-119.52009,36.47424],[-119.52008,36.47473],[-119.52006,36.47531],[-119.51969,36.47532]]]}},{"type":"Feature","properties":{"c":"general-aviation","n":"Earlimart Duster Strip"},"geometry":{"type":"Polygon","coordinates":[[[-119.25127,35.90725],[-119.25166,35.9068],[-119.2533,35.90788],[-119.2597,35.91211],[-119.26126,35.91314],[-119.26075,35.9136],[-119.26031,35.91401],[-119.25875,35.91295],[-119.25258,35.90874],[-119.25094,35.90762],[-119.25127,35.90725]]]}},{"type":"Feature","properties":{"c":"general-aviation","n":"Peppermint Heliport"},"geometry":{"type":"Polygon","coordinates":[[[-118.54205,36.07321],[-118.54268,36.07314],[-118.54279,36.07353],[-118.54281,36.07426],[-118.54091,36.07425],[-118.54075,36.07331],[-118.54205,36.07321]]]}},{"type":"Feature","properties":{"c":"general-aviation","n":"Exeter Airport"},"geometry":{"type":"Polygon","coordinates":[[[-119.152,36.24602],[-119.152,36.24645],[-119.15159,36.24644],[-119.15159,36.24625],[-119.15026,36.24437],[-119.14777,36.2408],[-119.14668,36.23925],[-119.14668,36.2392],[-119.14673,36.23918],[-119.14811,36.23921],[-119.14908,36.2406],[-119.15034,36.24241],[-119.15217,36.24243],[-119.1522,36.24386],[-119.15201,36.244],[-119.15199,36.24421],[-119.152,36.24602]]]}},{"type":"Feature","properties":{"c":"general-aviation","n":"Eckert Field"},"geometry":{"type":"Polygon","coordinates":[[[-119.05136,36.16545],[-119.04938,36.16217],[-119.04765,36.16095],[-119.04534,36.16098],[-119.04534,36.16011],[-119.04543,36.16009],[-119.04697,36.16008],[-119.04697,36.16019],[-119.04809,36.16018],[-119.04808,36.16009],[-119.04944,36.1601],[-119.05258,36.16483],[-119.05261,36.16545],[-119.05136,36.16545]]]}},{"type":"Feature","properties":{"c":"general-aviation","n":"Burum Airport"},"geometry":{"type":"Polygon","coordinates":[[[-119.13511,35.80662],[-119.13554,35.80647],[-119.1363,35.80804],[-119.13775,35.81103],[-119.13739,35.81118],[-119.13609,35.80859],[-119.13511,35.80662]]]}},{"type":"Feature","properties":{"c":"commercial","n":"Columbia Airport"},"geometry":{"type":"Polygon","coordinates":[[[-120.41383,38.03776],[-120.41219,38.03854],[-120.41194,38.03867],[-120.41179,38.03878],[-120.41119,38.03927],[-120.41104,38.03934],[-120.41083,38.03905],[-120.41045,38.03832],[-120.41022,38.03826],[-120.40959,38.0384],[-120.4096,38.03787],[-120.40959,38.03521],[-120.40952,38.02995],[-120.40963,38.02979],[-120.40975,38.02951],[-120.40983,38.02885],[-120.40983,38.02845],[-120.41011,38.02809],[-120.41172,38.02663],[-120.41356,38.0246],[-120.41371,38.02419],[-120.4138,38.02391],[-120.414,38.02391],[-120.41443,38.0226],[-120.41544,38.02288],[-120.4157,38.02296],[-120.41589,38.02312],[-120.41599,38.02332],[-120.4161,38.02392],[-120.41614,38.02443],[-120.41591,38.02729],[-120.41587,38.02779],[-120.41599,38.02823],[-120.41621,38.02864],[-120.41666,38.02915],[-120.41707,38.02959],[-120.42066,38.03179],[-120.42158,38.03234],[-120.42186,38.03254],[-120.42325,38.03378],[-120.42332,38.03385],[-120.42327,38.03395],[-120.42321,38.03415],[-120.42324,38.03583],[-120.42262,38.03567],[-120.42069,38.0345],[-120.41818,38.03299],[-120.41407,38.03514],[-120.41413,38.0362],[-120.41314,38.03672],[-120.41331,38.03698],[-120.41383,38.03776]]]}},{"type":"Feature","properties":{"c":"general-aviation","n":"Andy Jackson Airpark"},"geometry":{"type":"Polygon","coordinates":[[[-117.3245,34.19403],[-117.3244,34.19411],[-117.32424,34.19415],[-117.32347,34.19418],[-117.32236,34.19411],[-117.32222,34.19409],[-117.32284,34.19223],[-117.32423,34.19222],[-117.32471,34.19173],[-117.32583,34.19157],[-117.32569,34.19184],[-117.32545,34.1921],[-117.32503,34.19333],[-117.3245,34.19403]]]}},{"type":"Feature","properties":{"c":"commercial","n":"Compton / Woodley Airport"},"geometry":{"type":"Polygon","coordinates":[[[-118.2374,33.89089],[-118.23731,33.88958],[-118.23727,33.88905],[-118.23761,33.88904],[-118.23757,33.88863],[-118.23877,33.88863],[-118.23949,33.88863],[-118.24041,33.88862],[-118.24214,33.88861],[-118.24954,33.88856],[-118.24989,33.88853],[-118.24994,33.88857],[-118.25011,33.88926],[-118.25047,33.8908],[-118.25031,33.89082],[-118.2374,33.89089]]]}},{"type":"Feature","properties":{"c":"general-aviation","n":"Rosamond Skypark"},"geometry":{"type":"Polygon","coordinates":[[[-118.19806,34.87096],[-118.19806,34.87092],[-118.19805,34.86964],[-118.20225,34.86962],[-118.20224,34.86925],[-118.20311,34.86925],[-118.20311,34.86785],[-118.21133,34.86785],[-118.21135,34.86868],[-118.20849,34.86867],[-118.20848,34.86906],[-118.20848,34.86967],[-118.21053,34.86963],[-118.21083,34.86963],[-118.21151,34.86962],[-118.21152,34.86987],[-118.21363,34.86989],[-118.21363,34.87089],[-118.19806,34.87096]]]}},{"type":"Feature","properties":{"c":"commercial","n":"Oakland International Airport"},"geometry":{"type":"Polygon","coordinates":[[[-122.20092,37.71377],[-122.19972,37.71444],[-122.1997,37.71453],[-122.20071,37.71534],[-122.20155,37.71616],[-122.20339,37.71781],[-122.20331,37.71786],[-122.20291,37.71817],[-122.20287,37.71837],[-122.20263,37.71858],[-122.2022,37.71896],[-122.20178,37.71936],[-122.20149,37.71969],[-122.20118,37.72006],[-122.20092,37.72044],[-122.20073,37.7208],[-122.20054,37.72124],[-122.20042,37.72159],[-122.20031,37.72196],[-122.20025,37.72236],[-122.20023,37.7227],[-122.20023,37.72315],[-122.20027,37.72368],[-122.20023,37.72394],[-122.20018,37.72414],[-122.2001,37.72433],[-122.2,37.72453],[-122.1999,37.72467],[-122.19982,37.72476],[-122.19973,37.72484],[-122.19967,37.7249],[-122.19939,37.72539],[-122.19983,37.72561],[-122.20034,37.7258],[-122.20161,37.72624],[-122.20213,37.72638],[-122.20528,37.72816],[-122.20738,37.72931],[-122.20866,37.73001],[-122.20931,37.7304],[-122.20989,37.73079],[-122.21044,37.73123],[-122.21069,37.73149],[-122.21086,37.73175],[-122.21101,37.73201],[-122.21146,37.73296],[-122.21162,37.73328],[-122.21185,37.73373],[-122.21226,37.7346],[-122.21249,37.7351],[-122.21276,37.73568],[-122.21288,37.73591],[-122.21318,37.7364],[-122.21335,37.73667],[-122.21356,37.73698],[-122.21409,37.73766],[-122.21466,37.73838],[-122.2156,37.7395],[-122.21677,37.74091],[-122.21746,37.7418],[-122.21763,37.742],[-122.21789,37.74233],[-122.21805,37.74251],[-122.21824,37.74275],[-122.21835,37.74288],[-122.21849,37.74307],[-122.2187,37.74332],[-122.21896,37.74361],[-122.21905,37.74373],[-122.21913,37.74381],[-122.21918,37.74389],[-122.21951,37.74423],[-122.2196,37.74431],[-122.21978,37.74446],[-122.21994,37.74458],[-122.22017,37.74473],[-122.22043,37.74486],[-122.22087,37.74506],[-122.22099,37.74511],[-122.22128,37.74522],[-122.22153,37.74529],[-122.22174,37.74533],[-122.22196,37.74536],[-122.22201,37.74538],[-122.22212,37.7454],[-122.22236,37.74542],[-122.22266,37.74543],[-122.22339,37.74543],[-122.22374,37.74541],[-122.224,37.74539],[-122.22449,37.74533],[-122.22499,37.74526],[-122.22498,37.74511],[-122.22403,37.74504],[-122.22398,37.7436],[-122.22652,37.74362],[-122.22653,37.74171],[-122.22654,37.74035],[-122.22651,37.73894],[-122.22651,37.73577],[-122.22651,37.7343],[-122.22658,37.73388],[-122.22664,37.73368],[-122.22673,37.73342],[-122.22683,37.73322],[-122.22729,37.73238],[-122.2277,37.73161],[-122.22908,37.72904],[-122.22924,37.72865],[-122.2293,37.72824],[-122.2293,37.72797],[-122.2283,37.72766],[-122.22869,37.72722],[-122.23136,37.72459],[-122.23208,37.72389],[-122.23255,37.72343],[-122.23303,37.72297],[-122.2348,37.72126],[-122.23621,37.71989],[-122.23623,37.71991],[-122.23644,37.72005],[-122.23735,37.72065],[-122.23751,37.72076],[-122.23878,37.72161],[-122.2396,37.72216],[-122.24038,37.72268],[-122.24103,37.72311],[-122.24206,37.7238],[-122.2434,37.7247],[-122.24347,37.72474],[-122.24377,37.72494],[-122.244,37.72509],[-122.24471,37.72556],[-122.24496,37.72572],[-122.24515,37.72587],[-122.24526,37.72597],[-122.24655,37.72714],[-122.24694,37.72749],[-122.24725,37.72777],[-122.24801,37.72713],[-122.24831,37.72684],[-122.24835,37.72687],[-122.2488,37.72644],[-122.24883,37.72647],[-122.24887,37.72649],[-122.24907,37.72646],[-122.25009,37.72641],[-122.25027,37.72624],[-122.25071,37.72582],[-122.25129,37.72529],[-122.25129,37.72491],[-122.25126,37.72446],[-122.2512,37.72429],[-122.25098,37.72406],[-122.24921,37.72268],[-122.24404,37.71909],[-122.23114,37.70987],[-122.217,37.69986],[-122.21673,37.69974],[-122.21641,37.69964],[-122.21577,37.69954],[-122.21417,37.69927],[-122.21403,37.69926],[-122.21391,37.6993],[-122.21371,37.69945],[-122.21359,37.69955],[-122.2128,37.70028],[-122.21255,37.70055],[-122.21122,37.70184],[-122.21117,37.70193],[-122.21117,37.70203],[-122.212,37.70905],[-122.21197,37.70919],[-122.21182,37.70935],[-122.21144,37.70974],[-122.21113,37.70999],[-122.2107,37.71041],[-122.21031,37.71081],[-122.21007,37.71103],[-122.21,37.71109],[-122.20985,37.71121],[-122.2097,37.71127],[-122.20928,37.71137],[-122.20877,37.71149],[-122.20728,37.71184],[-122.20716,37.71183],[-122.20709,37.71181],[-122.20691,37.71185],[-122.20685,37.71191],[-122.20588,37.71216],[-122.20511,37.71235],[-122.20411,37.71257],[-122.20213,37.71303],[-122.20095,37.71331],[-122.20099,37.71344],[-122.20103,37.71357],[-122.201,37.7137],[-122.20092,37.71377]]]}},{"type":"Feature","properties":{"c":"commercial","n":"Palo Alto Airport"},"geometry":{"type":"Polygon","coordinates":[[[-122.11723,37.46489],[-122.11794,37.46444],[-122.11896,37.46379],[-122.1186,37.46343],[-122.11518,37.45993],[-122.11519,37.45858],[-122.11519,37.45749],[-122.11498,37.45749],[-122.11499,37.45708],[-122.11485,37.45708],[-122.11484,37.45699],[-122.11484,37.45683],[-122.1149,37.45682],[-122.11507,37.45682],[-122.11507,37.45672],[-122.11536,37.45672],[-122.11545,37.4567],[-122.1155,37.45667],[-122.1156,37.45658],[-122.11562,37.45525],[-122.11559,37.45507],[-122.11556,37.45487],[-122.11551,37.45461],[-122.11544,37.45435],[-122.11538,37.45422],[-122.11528,37.45415],[-122.11508,37.45411],[-122.11486,37.45407],[-122.11466,37.454],[-122.11455,37.45389],[-122.11432,37.45368],[-122.114,37.45337],[-122.11342,37.45372],[-122.11314,37.45387],[-122.11285,37.45395],[-122.11268,37.45396],[-122.11012,37.45397],[-122.11003,37.45401],[-122.11001,37.45483],[-122.10998,37.45518],[-122.1098,37.45564],[-122.11064,37.45605],[-122.11104,37.45626],[-122.11227,37.45746],[-122.11232,37.45753],[-122.1123,37.4576],[-122.11205,37.45763],[-122.11202,37.45768],[-122.11199,37.45773],[-122.1119,37.45781],[-122.11175,37.45791],[-122.11145,37.45808],[-122.11133,37.45819],[-122.11128,37.45823],[-122.11122,37.45832],[-122.11119,37.45839],[-122.11111,37.45851],[-122.11102,37.45857],[-122.11095,37.4587],[-122.11094,37.45883],[-122.1112,37.45895],[-122.11118,37.45904],[-122.11198,37.45958],[-122.11723,37.46489]]]}},{"type":"Feature","properties":{"c":"general-aviation","n":"Turlock Airpark"},"geometry":{"type":"Polygon","coordinates":[[[-120.84489,37.46736],[-120.84228,37.46733],[-120.84225,37.46861],[-120.8428,37.46862],[-120.84312,37.46867],[-120.84319,37.46871],[-120.84333,37.46893],[-120.84401,37.47029],[-120.84483,37.47185],[-120.846,37.47228],[-120.84653,37.47245],[-120.84677,37.47251],[-120.84677,37.47241],[-120.84489,37.46995],[-120.84489,37.46736]]]}},{"type":"Feature","properties":{"c":"general-aviation","n":"Ketscher Ranch Airport"},"geometry":{"type":"Polygon","coordinates":[[[-119.41188,36.71086],[-119.41172,36.71124],[-119.40295,36.70873],[-119.40268,36.70935],[-119.40156,36.70892],[-119.40153,36.70884],[-119.40157,36.70804],[-119.40246,36.70827],[-119.41188,36.71086]]]}},{"type":"Feature","properties":{"c":"general-aviation","n":"Reedley Municipal Airport"},"geometry":{"type":"Polygon","coordinates":[[[-119.4517,36.67668],[-119.45089,36.67364],[-119.44865,36.67362],[-119.44864,36.6686],[-119.44895,36.66855],[-119.44891,36.66838],[-119.44898,36.66836],[-119.44895,36.66825],[-119.4489,36.66826],[-119.44887,36.66813],[-119.44877,36.6681],[-119.44863,36.6681],[-119.44868,36.66238],[-119.45043,36.6624],[-119.4505,36.66353],[-119.45201,36.66356],[-119.45201,36.66497],[-119.45199,36.66631],[-119.45201,36.66815],[-119.45302,36.66918],[-119.45301,36.66957],[-119.45295,36.6696],[-119.45301,36.6767],[-119.4517,36.67668]]]}},{"type":"Feature","properties":{"c":"general-aviation","n":"Selma Airport"},"geometry":{"type":"Polygon","coordinates":[[[-119.65936,36.58354],[-119.65864,36.58349],[-119.65914,36.58265],[-119.65936,36.58237],[-119.65866,36.58209],[-119.65779,36.58172],[-119.6574,36.58143],[-119.65555,36.58065],[-119.65405,36.58004],[-119.6534,36.58004],[-119.65333,36.58001],[-119.65318,36.57931],[-119.65334,36.57905],[-119.65556,36.58004],[-119.65671,36.58058],[-119.65856,36.58151],[-119.65871,36.58146],[-119.65895,36.58157],[-119.659,36.58175],[-119.65986,36.5821],[-119.66248,36.58089],[-119.66295,36.58158],[-119.66099,36.58244],[-119.66106,36.58258],[-119.65936,36.58354]]]}},{"type":"Feature","properties":{"c":"commercial","n":"Monterey Regional Airport"},"geometry":{"type":"Polygon","coordinates":[[[-121.85701,36.59203],[-121.85727,36.59163],[-121.85826,36.5902],[-121.85808,36.58999],[-121.85815,36.58994],[-121.85823,36.58984],[-121.85828,36.58981],[-121.85833,36.58979],[-121.85839,36.58979],[-121.85843,36.5898],[-121.85846,36.58981],[-121.85851,36.58988],[-121.85854,36.5899],[-121.85857,36.58989],[-121.85879,36.58985],[-121.85877,36.58981],[-121.85874,36.58969],[-121.85869,36.58955],[-121.85883,36.58952],[-121.85888,36.58951],[-121.85881,36.58929],[-121.86038,36.58897],[-121.86038,36.58898],[-121.86041,36.58897],[-121.86053,36.58895],[-121.86054,36.58894],[-121.86047,36.58873],[-121.86164,36.58848],[-121.86168,36.58847],[-121.86166,36.58841],[-121.86176,36.58839],[-121.86178,36.58838],[-121.86121,36.58772],[-121.86116,36.58767],[-121.86108,36.58763],[-121.86093,36.58763],[-121.86055,36.58771],[-121.86061,36.58792],[-121.86066,36.58808],[-121.86047,36.58812],[-121.85961,36.5883],[-121.85948,36.58832],[-121.85943,36.58834],[-121.85943,36.58835],[-121.85871,36.5885],[-121.85866,36.58833],[-121.85862,36.58834],[-121.85858,36.58823],[-121.8583,36.58828],[-121.85826,36.58814],[-121.85817,36.58816],[-121.85813,36.58822],[-121.8581,36.58824],[-121.85802,36.58825],[-121.85799,36.58821],[-121.85785,36.58813],[-121.85768,36.5881],[-121.85672,36.58829],[-121.85652,36.58832],[-121.85568,36.58833],[-121.85571,36.58843],[-121.85525,36.58854],[-121.85482,36.58854],[-121.85471,36.58854],[-121.85466,36.58853],[-121.85459,36.58868],[-121.85448,36.58864],[-121.85446,36.58864],[-121.85445,36.58864],[-121.85444,36.58866],[-121.85445,36.58867],[-121.8544,36.58878],[-121.85438,36.58877],[-121.85437,36.5888],[-121.85428,36.58877],[-121.85416,36.58873],[-121.85409,36.58871],[-121.85406,36.58869],[-121.85339,36.58848],[-121.85245,36.58816],[-121.85243,36.58821],[-121.85165,36.58795],[-121.85168,36.58787],[-121.85114,36.5877],[-121.85118,36.58763],[-121.85114,36.58762],[-121.85118,36.58752],[-121.85108,36.58749],[-121.85104,36.58756],[-121.84943,36.58705],[-121.8494,36.58706],[-121.84889,36.5869],[-121.84871,36.58662],[-121.84731,36.58612],[-121.84693,36.58599],[-121.84679,36.58594],[-121.84698,36.58558],[-121.8471,36.58536],[-121.84711,36.58532],[-121.84717,36.58522],[-121.84716,36.5852],[-121.84717,36.58519],[-121.84726,36.58522],[-121.84728,36.58517],[-121.84746,36.58523],[-121.84753,36.58514],[-121.8476,36.58499],[-121.8479,36.58442],[-121.84681,36.58402],[-121.84633,36.585],[-121.84339,36.58397],[-121.84236,36.5836],[-121.84233,36.58365],[-121.84229,36.58372],[-121.84224,36.58371],[-121.84219,36.58375],[-121.84214,36.58376],[-121.8421,36.58377],[-121.84202,36.58375],[-121.84195,36.58378],[-121.8416,36.58366],[-121.84171,36.58345],[-121.84123,36.58328],[-121.84126,36.58321],[-121.84123,36.5832],[-121.84107,36.58324],[-121.84102,36.58334],[-121.84099,36.58333],[-121.84076,36.58377],[-121.83914,36.58334],[-121.83902,36.5833],[-121.83829,36.58311],[-121.83794,36.58302],[-121.83715,36.58264],[-121.83716,36.58255],[-121.83708,36.58254],[-121.83709,36.58252],[-121.83702,36.58251],[-121.83702,36.58249],[-121.83696,36.58248],[-121.83696,36.58247],[-121.8363,36.58237],[-121.83616,36.58231],[-121.83606,36.58225],[-121.83599,36.5822],[-121.83592,36.58218],[-121.83587,36.58188],[-121.83527,36.58196],[-121.83421,36.58145],[-121.83407,36.58151],[-121.83399,36.58151],[-121.83338,36.58169],[-121.83311,36.58176],[-121.83271,36.58184],[-121.83223,36.58191],[-121.83216,36.58191],[-121.83188,36.58194],[-121.83146,36.58195],[-121.83127,36.58205],[-121.831,36.58209],[-121.83076,36.5822],[-121.83078,36.58227],[-121.83064,36.58238],[-121.83055,36.58254],[-121.83052,36.5828],[-121.8307,36.58317],[-121.83087,36.58374],[-121.83214,36.58593],[-121.83259,36.58607],[-121.83311,36.58637],[-121.83373,36.58679],[-121.83393,36.58694],[-121.83398,36.58695],[-121.8343,36.587],[-121.83482,36.58715],[-121.83513,36.58731],[-121.83544,36.58742],[-121.83599,36.58769],[-121.83637,36.58784],[-121.83659,36.58799],[-121.83716,36.58818],[-121.83801,36.58859],[-121.83811,36.58864],[-121.83812,36.58872],[-121.83815,36.58904],[-121.83826,36.58908],[-121.8384,36.58914],[-121.83856,36.58926],[-121.83922,36.58979],[-121.8394,36.5899],[-121.8396,36.59001],[-121.83981,36.59008],[-121.84005,36.59013],[-121.84028,36.59015],[-121.84046,36.59015],[-121.84177,36.59003],[-121.842,36.58999],[-121.84231,36.58989],[-121.84333,36.58955],[-121.84359,36.58949],[-121.84386,36.58945],[-121.84405,36.58945],[-121.84427,36.58947],[-121.84447,36.5895],[-121.84459,36.58955],[-121.84481,36.58963],[-121.84495,36.5897],[-121.84516,36.58982],[-121.8453,36.58974],[-121.84539,36.58981],[-121.84549,36.58987],[-121.84542,36.59],[-121.84548,36.59004],[-121.84554,36.59008],[-121.84563,36.59014],[-121.8457,36.5902],[-121.84578,36.59029],[-121.84583,36.5904],[-121.84587,36.59049],[-121.8459,36.59059],[-121.8459,36.59074],[-121.84594,36.59077],[-121.84594,36.59084],[-121.84595,36.59091],[-121.84585,36.59095],[-121.84577,36.59111],[-121.84575,36.59128],[-121.84576,36.59132],[-121.84579,36.5914],[-121.84585,36.5915],[-121.84591,36.59157],[-121.84597,36.59164],[-121.84602,36.59168],[-121.84618,36.5918],[-121.84623,36.59184],[-121.84629,36.59188],[-121.84635,36.59189],[-121.84649,36.59191],[-121.84704,36.59189],[-121.84707,36.59191],[-121.84711,36.59189],[-121.84822,36.59167],[-121.84826,36.59177],[-121.84829,36.59187],[-121.84831,36.59197],[-121.84892,36.59233],[-121.84896,36.59232],[-121.849,36.59233],[-121.84905,36.59234],[-121.84909,36.59235],[-121.84961,36.59266],[-121.85,36.59258],[-121.84991,36.59229],[-121.84997,36.59228],[-121.85013,36.59224],[-121.85022,36.59217],[-121.85219,36.59175],[-121.85215,36.59154],[-121.8521,36.59136],[-121.85209,36.59131],[-121.85212,36.59126],[-121.85217,36.59121],[-121.85225,36.59121],[-121.85239,36.59123],[-121.85327,36.59128],[-121.85348,36.59133],[-121.85382,36.59139],[-121.85484,36.5917],[-121.85546,36.59186],[-121.85613,36.59205],[-121.85686,36.59221],[-121.85701,36.59203]]]}},{"type":"Feature","properties":{"c":"commercial","n":"San Gabriel Valley Airport"},"geometry":{"type":"Polygon","coordinates":[[[-118.03897,34.07951],[-118.03901,34.07954],[-118.03853,34.08032],[-118.03838,34.08063],[-118.03688,34.08342],[-118.03513,34.08666],[-118.03503,34.0868],[-118.03485,34.08714],[-118.03478,34.08732],[-118.03419,34.08842],[-118.03292,34.09023],[-118.03187,34.09136],[-118.03121,34.09195],[-118.03064,34.09243],[-118.0285,34.09222],[-118.02918,34.09144],[-118.03026,34.09039],[-118.03114,34.08948],[-118.03177,34.08845],[-118.03199,34.08855],[-118.03207,34.08838],[-118.03144,34.08814],[-118.03083,34.08799],[-118.03004,34.08789],[-118.03075,34.08564],[-118.03098,34.08574],[-118.03119,34.0854],[-118.03159,34.08555],[-118.03188,34.08509],[-118.03258,34.08535],[-118.03303,34.08483],[-118.03308,34.08473],[-118.03282,34.08464],[-118.03253,34.08444],[-118.03253,34.08431],[-118.03356,34.0832],[-118.03407,34.08272],[-118.03476,34.08217],[-118.03487,34.08208],[-118.03555,34.08155],[-118.03604,34.08114],[-118.03671,34.08079],[-118.03746,34.08046],[-118.03802,34.0802],[-118.03836,34.07999],[-118.03856,34.07986],[-118.03871,34.07973],[-118.03897,34.07951]]]}},{"type":"Feature","properties":{"c":"general-aviation","n":"Sun Hill Ranch Airport"},"geometry":{"type":"Polygon","coordinates":[[[-117.50775,34.76257],[-117.5077,34.75507],[-117.4902,34.75508],[-117.48998,34.76252],[-117.50775,34.76257]]]}},{"type":"Feature","properties":{"c":"commercial","n":"Tehachapi Municipal Airport"},"geometry":{"type":"Polygon","coordinates":[[[-118.44079,35.13486],[-118.44093,35.13495],[-118.44157,35.13502],[-118.44155,35.13517],[-118.44152,35.13536],[-118.44211,35.13537],[-118.44357,35.13536],[-118.4436,35.13547],[-118.44375,35.13566],[-118.4437,35.13572],[-118.44388,35.13582],[-118.44397,35.13586],[-118.44566,35.13591],[-118.44566,35.13607],[-118.44597,35.13607],[-118.44601,35.13657],[-118.4461,35.13662],[-118.4465,35.13662],[-118.44738,35.13661],[-118.44736,35.13921],[-118.44703,35.1393],[-118.44547,35.13937],[-118.44548,35.13877],[-118.4447,35.13882],[-118.44231,35.13883],[-118.43849,35.13665],[-118.43242,35.13326],[-118.43228,35.13071],[-118.43246,35.13071],[-118.43652,35.13125],[-118.43651,35.13219],[-118.43746,35.13219],[-118.43744,35.13256],[-118.43819,35.13301],[-118.43822,35.13285],[-118.43838,35.13286],[-118.44072,35.13319],[-118.4407,35.1343],[-118.44092,35.1344],[-118.4408,35.13458],[-118.44079,35.13486]]]}},{"type":"Feature","properties":{"c":"commercial","n":"French Valley Airport"},"geometry":{"type":"Polygon","coordinates":[[[-117.12819,33.58334],[-117.12863,33.58309],[-117.12907,33.58287],[-117.12945,33.58273],[-117.12949,33.58271],[-117.12951,33.58267],[-117.12954,33.58259],[-117.12963,33.5826],[-117.12963,33.58264],[-117.12965,33.58266],[-117.1297,33.58264],[-117.12969,33.58263],[-117.1297,33.58258],[-117.12993,33.58173],[-117.13005,33.58126],[-117.13016,33.58086],[-117.13006,33.58084],[-117.13015,33.58046],[-117.13132,33.57616],[-117.13132,33.57609],[-117.13125,33.57605],[-117.13119,33.57603],[-117.13153,33.57475],[-117.13201,33.573],[-117.13225,33.57205],[-117.13232,33.57176],[-117.13234,33.57167],[-117.13238,33.57151],[-117.1325,33.57105],[-117.13283,33.56953],[-117.13298,33.56887],[-117.13221,33.56887],[-117.13156,33.56887],[-117.13168,33.56841],[-117.13212,33.56676],[-117.13224,33.56629],[-117.13238,33.56575],[-117.1326,33.56491],[-117.13272,33.56447],[-117.1328,33.56414],[-117.13254,33.56407],[-117.13238,33.56404],[-117.13225,33.56402],[-117.13209,33.56401],[-117.13194,33.564],[-117.13177,33.56401],[-117.13162,33.56402],[-117.13145,33.56405],[-117.13127,33.56408],[-117.13113,33.56412],[-117.13099,33.56417],[-117.13089,33.56421],[-117.1308,33.56424],[-117.13062,33.56434],[-117.13044,33.56444],[-117.13028,33.56456],[-117.13007,33.56475],[-117.12989,33.56492],[-117.12958,33.56519],[-117.12951,33.56528],[-117.12948,33.56532],[-117.12946,33.56536],[-117.12663,33.57614],[-117.12478,33.58321],[-117.12474,33.58336],[-117.12819,33.58334]]]}},{"type":"Feature","properties":{"c":"commercial","n":"Brown Field Municipal Airport"},"geometry":{"type":"Polygon","coordinates":[[[-116.99613,32.57619],[-116.9934,32.5761],[-116.99298,32.57587],[-116.99305,32.57577],[-116.99218,32.57535],[-116.97951,32.57499],[-116.97951,32.57519],[-116.97951,32.57523],[-116.97091,32.57515],[-116.96662,32.57512],[-116.96662,32.57517],[-116.9624,32.57514],[-116.96241,32.575],[-116.96246,32.56931],[-116.96251,32.56928],[-116.96256,32.56927],[-116.96259,32.56926],[-116.9633,32.56927],[-116.9633,32.56921],[-116.9633,32.56854],[-116.96257,32.56853],[-116.96247,32.56845],[-116.96248,32.56826],[-116.96247,32.5681],[-116.96258,32.56809],[-116.9627,32.56797],[-116.98724,32.56832],[-116.98759,32.56834],[-116.98763,32.56834],[-116.98785,32.56833],[-116.98785,32.56834],[-116.98791,32.56834],[-116.98791,32.56833],[-116.98808,32.56833],[-116.98849,32.56836],[-116.98852,32.56836],[-116.98855,32.56836],[-116.98866,32.56833],[-116.98871,32.56833],[-116.98876,32.56832],[-116.98883,32.56832],[-116.99102,32.56835],[-116.99455,32.56841],[-116.99484,32.56844],[-116.99567,32.56844],[-116.99583,32.56844],[-116.99657,32.56845],[-116.99667,32.56856],[-116.99668,32.56985],[-116.99665,32.56985],[-116.99663,32.56986],[-116.99661,32.56987],[-116.99659,32.56991],[-116.99659,32.56995],[-116.99658,32.57002],[-116.99613,32.57002],[-116.99613,32.5703],[-116.99659,32.57031],[-116.9966,32.57042],[-116.99661,32.57044],[-116.99664,32.57046],[-116.99668,32.57047],[-116.9967,32.57605],[-116.9967,32.57608],[-116.99668,32.57611],[-116.99666,32.57613],[-116.99663,32.57615],[-116.99661,32.57617],[-116.99657,32.57618],[-116.99654,32.57619],[-116.99651,32.57619],[-116.99648,32.5762],[-116.99616,32.5762],[-116.99613,32.57619]]]}},{"type":"Feature","properties":{"c":"commercial","n":"Banning Municipal Airport"},"geometry":{"type":"Polygon","coordinates":[[[-116.85933,33.92367],[-116.85917,33.92368],[-116.85914,33.92366],[-116.85749,33.92372],[-116.85236,33.92481],[-116.85048,33.92466],[-116.85046,33.92564],[-116.84902,33.92597],[-116.84872,33.92589],[-116.84873,33.92345],[-116.84654,33.92344],[-116.84601,33.92331],[-116.84172,33.92331],[-116.84171,33.9216],[-116.85493,33.92169],[-116.85497,33.91975],[-116.85831,33.91979],[-116.85921,33.9198],[-116.8592,33.91998],[-116.85832,33.91997],[-116.85831,33.92074],[-116.85918,33.92074],[-116.85916,33.92191],[-116.85936,33.92205],[-116.85934,33.92295],[-116.85933,33.92367]]]}},{"type":"Feature","properties":{"c":"general-aviation","n":"Goodyear Blimp Base Airport"},"geometry":{"type":"Polygon","coordinates":[[[-118.27679,33.85738],[-118.27362,33.85552],[-118.2759,33.85281],[-118.2774,33.85403],[-118.27779,33.85442],[-118.27844,33.85515],[-118.27853,33.85534],[-118.27679,33.85738]]]}},{"type":"Feature","properties":{"c":"commercial","n":"Gnoss Field"},"geometry":{"type":"Polygon","coordinates":[[[-122.55506,38.14225],[-122.55402,38.14207],[-122.55324,38.14209],[-122.55098,38.14214],[-122.5503,38.14086],[-122.55029,38.14024],[-122.55064,38.13978],[-122.55235,38.13902],[-122.55288,38.13853],[-122.55388,38.13808],[-122.55435,38.1389],[-122.55654,38.13794],[-122.55714,38.1386],[-122.55738,38.1389],[-122.55817,38.13999],[-122.55823,38.14008],[-122.55837,38.14041],[-122.5588,38.14099],[-122.55926,38.14163],[-122.55966,38.14212],[-122.55783,38.14295],[-122.55823,38.14349],[-122.55917,38.14477],[-122.56023,38.1462],[-122.56082,38.147],[-122.56215,38.14879],[-122.56109,38.14927],[-122.56088,38.14933],[-122.56063,38.14935],[-122.56047,38.1493],[-122.56033,38.14922],[-122.55912,38.14757],[-122.55534,38.14229],[-122.55506,38.14225]]]}},{"type":"Feature","properties":{"c":"general-aviation","n":"Maine Prairie Airport"},"geometry":{"type":"Polygon","coordinates":[[[-121.82283,38.3744],[-121.82281,38.37633],[-121.82278,38.37769],[-121.82279,38.37917],[-121.82274,38.37917],[-121.82201,38.37917],[-121.82204,38.37977],[-121.82203,38.38095],[-121.82203,38.38114],[-121.82192,38.38124],[-121.82175,38.38136],[-121.8216,38.38143],[-121.82144,38.38146],[-121.82144,38.38152],[-121.8216,38.38152],[-121.8217,38.38155],[-121.82184,38.38157],[-121.82234,38.38159],[-121.82276,38.38158],[-121.82278,38.38216],[-121.82276,38.38313],[-121.82268,38.38322],[-121.82262,38.38324],[-121.82136,38.38321],[-121.8213,38.38323],[-121.82131,38.38365],[-121.82128,38.38403],[-121.82378,38.38404],[-121.82375,38.38337],[-121.82376,38.38171],[-121.82375,38.3799],[-121.82375,38.37869],[-121.82381,38.37822],[-121.82385,38.37636],[-121.82387,38.37473],[-121.82387,38.37317],[-121.82354,38.37317],[-121.82313,38.37308],[-121.82285,38.37306],[-121.82283,38.3744]]]}},{"type":"Feature","properties":{"c":"general-aviation","n":"Byron Airport"},"geometry":{"type":"Polygon","coordinates":[[[-121.62929,37.83407],[-121.62578,37.83132],[-121.62536,37.831],[-121.62504,37.83075],[-121.62119,37.82761],[-121.62029,37.82694],[-121.61968,37.82635],[-121.62483,37.8241],[-121.62992,37.82198],[-121.62998,37.82207],[-121.6301,37.82202],[-121.6307,37.82305],[-121.62668,37.82474],[-121.62349,37.82608],[-121.62348,37.82713],[-121.62416,37.82711],[-121.62458,37.82746],[-121.62436,37.82762],[-121.6241,37.82782],[-121.62453,37.82818],[-121.62513,37.82866],[-121.62566,37.82903],[-121.62612,37.82869],[-121.62617,37.82864],[-121.62639,37.82882],[-121.62673,37.82901],[-121.62708,37.82924],[-121.62722,37.82927],[-121.62727,37.82923],[-121.62759,37.82901],[-121.62768,37.82908],[-121.62879,37.8282],[-121.62882,37.82818],[-121.62896,37.82818],[-121.62913,37.82829],[-121.62919,37.82834],[-121.62991,37.82893],[-121.63027,37.8292],[-121.63059,37.82951],[-121.63071,37.8297],[-121.63095,37.83013],[-121.63075,37.83013],[-121.63109,37.83101],[-121.63166,37.83179],[-121.6317,37.83218],[-121.63156,37.8329],[-121.6317,37.83347],[-121.63181,37.83364],[-121.632,37.83381],[-121.6322,37.83397],[-121.63234,37.83406],[-121.63221,37.8347],[-121.63216,37.83488],[-121.6321,37.83492],[-121.632,37.83488],[-121.63173,37.83509],[-121.63168,37.8356],[-121.6314,37.8358],[-121.62929,37.83407]]]}},{"type":"Feature","properties":{"c":"general-aviation","n":"Georgetown Airport"},"geometry":{"type":"Polygon","coordinates":[[[-120.86393,38.9172],[-120.86397,38.91708],[-120.86403,38.91695],[-120.86425,38.91671],[-120.86444,38.91654],[-120.86459,38.91624],[-120.86469,38.91514],[-120.86551,38.91512],[-120.86568,38.91546],[-120.86577,38.91576],[-120.86586,38.91611],[-120.86599,38.91644],[-120.8662,38.91684],[-120.86623,38.91725],[-120.86628,38.91775],[-120.86637,38.91815],[-120.86632,38.91859],[-120.86635,38.91889],[-120.86644,38.91931],[-120.86649,38.91975],[-120.86653,38.92018],[-120.8666,38.92098],[-120.86667,38.92229],[-120.86677,38.92333],[-120.86681,38.92393],[-120.86691,38.92457],[-120.8656,38.92505],[-120.86563,38.92524],[-120.86563,38.92545],[-120.86563,38.92559],[-120.8656,38.92578],[-120.8656,38.92592],[-120.86557,38.92596],[-120.86549,38.92597],[-120.86528,38.92595],[-120.86514,38.92592],[-120.86494,38.92582],[-120.86455,38.92565],[-120.86433,38.92548],[-120.86423,38.9252],[-120.86426,38.92495],[-120.86415,38.92458],[-120.86407,38.92447],[-120.86405,38.92433],[-120.8641,38.92424],[-120.86407,38.92312],[-120.86417,38.92283],[-120.86423,38.92256],[-120.86429,38.92237],[-120.86427,38.92186],[-120.86424,38.92164],[-120.86426,38.92144],[-120.86433,38.92135],[-120.86432,38.92108],[-120.86426,38.92098],[-120.86421,38.92077],[-120.86423,38.92057],[-120.86416,38.92057],[-120.86393,38.9206],[-120.86384,38.92071],[-120.86365,38.9207],[-120.86366,38.92051],[-120.8635,38.9205],[-120.86351,38.92033],[-120.86374,38.92034],[-120.86376,38.91994],[-120.86352,38.91993],[-120.86353,38.91976],[-120.86376,38.91977],[-120.86379,38.91926],[-120.86382,38.91906],[-120.86384,38.91845],[-120.86385,38.91845],[-120.86386,38.9183],[-120.86386,38.91825],[-120.86386,38.91818],[-120.86386,38.91812],[-120.86386,38.91807],[-120.86387,38.91792],[-120.86387,38.91785],[-120.86387,38.91779],[-120.86387,38.91774],[-120.8639,38.91759],[-120.8639,38.91753],[-120.86391,38.91727],[-120.86393,38.9172]]]}},{"type":"Feature","properties":{"c":"military","n":"March Air Reserve Base"},"geometry":{"type":"Polygon","coordinates":[[[-117.27538,33.90964],[-117.27421,33.90984],[-117.27212,33.90985],[-117.2668,33.90983],[-117.26684,33.90936],[-117.26688,33.9081],[-117.26017,33.90812],[-117.26018,33.90931],[-117.25967,33.90933],[-117.25967,33.90982],[-117.25237,33.90978],[-117.25234,33.907],[-117.25235,33.90523],[-117.25237,33.90282],[-117.25246,33.89615],[-117.24954,33.8961],[-117.24954,33.89571],[-117.24394,33.89572],[-117.24387,33.8939],[-117.24387,33.89325],[-117.24399,33.89198],[-117.24396,33.88739],[-117.24399,33.88064],[-117.2497,33.87817],[-117.25142,33.87561],[-117.25069,33.8744],[-117.24586,33.86652],[-117.24401,33.86655],[-117.2438,33.86508],[-117.24382,33.86493],[-117.24377,33.86479],[-117.24305,33.86375],[-117.24296,33.8636],[-117.24291,33.86345],[-117.24289,33.8633],[-117.2429,33.86317],[-117.24294,33.86305],[-117.243,33.86295],[-117.24308,33.86285],[-117.24317,33.86275],[-117.24335,33.86263],[-117.24346,33.86257],[-117.24359,33.86249],[-117.24371,33.86238],[-117.24381,33.86225],[-117.24392,33.86203],[-117.24394,33.86191],[-117.24398,33.85914],[-117.24396,33.85772],[-117.24437,33.85773],[-117.24477,33.85788],[-117.24524,33.85817],[-117.24567,33.85848],[-117.24629,33.85881],[-117.24698,33.85905],[-117.24766,33.85918],[-117.2481,33.85921],[-117.24811,33.86021],[-117.24909,33.86174],[-117.24976,33.86267],[-117.251,33.86444],[-117.25164,33.8653],[-117.25242,33.8653],[-117.2524,33.86632],[-117.25259,33.8664],[-117.25259,33.86666],[-117.25519,33.87009],[-117.25579,33.87066],[-117.25764,33.87236],[-117.25745,33.87249],[-117.25904,33.87473],[-117.26335,33.88078],[-117.26493,33.87974],[-117.26674,33.88118],[-117.26676,33.88123],[-117.26678,33.88128],[-117.26683,33.88146],[-117.26687,33.88159],[-117.26693,33.88175],[-117.26699,33.88189],[-117.26706,33.88204],[-117.26717,33.88227],[-117.2673,33.88251],[-117.26733,33.88258],[-117.26737,33.88264],[-117.26751,33.88297],[-117.2676,33.88321],[-117.26767,33.88347],[-117.26772,33.88372],[-117.26767,33.8838],[-117.26767,33.88387],[-117.26768,33.88394],[-117.26774,33.88405],[-117.26773,33.88443],[-117.26772,33.88448],[-117.26769,33.88512],[-117.26758,33.88551],[-117.26755,33.8857],[-117.26772,33.88613],[-117.26778,33.88654],[-117.26843,33.8873],[-117.26906,33.88764],[-117.26957,33.88837],[-117.2699,33.88883],[-117.27028,33.88935],[-117.27054,33.8897],[-117.27152,33.89106],[-117.27237,33.89252],[-117.27273,33.89324],[-117.27758,33.90447],[-117.27766,33.90473],[-117.27792,33.90566],[-117.27798,33.90633],[-117.27789,33.90695],[-117.27775,33.90781],[-117.27761,33.90823],[-117.27745,33.90851],[-117.27724,33.90878],[-117.27694,33.90906],[-117.27667,33.90923],[-117.27634,33.9094],[-117.27604,33.90952],[-117.27538,33.90964]]]}},{"type":"Feature","properties":{"c":"commercial","n":"Riverside Municipal Airport"},"geometry":{"type":"Polygon","coordinates":[[[-117.44807,33.95621],[-117.44804,33.95518],[-117.44804,33.95507],[-117.44803,33.95486],[-117.44714,33.95468],[-117.44718,33.95437],[-117.44721,33.95396],[-117.44393,33.95335],[-117.44388,33.9535],[-117.44191,33.95311],[-117.4419,33.95314],[-117.43907,33.95261],[-117.43896,33.95266],[-117.43886,33.95288],[-117.43887,33.95298],[-117.4391,33.95343],[-117.43849,33.95324],[-117.43799,33.95315],[-117.43731,33.95308],[-117.43577,33.9531],[-117.43577,33.95308],[-117.43403,33.9531],[-117.43403,33.95185],[-117.43181,33.95142],[-117.42926,33.95144],[-117.42925,33.95117],[-117.42925,33.95085],[-117.42924,33.9506],[-117.42835,33.9506],[-117.42879,33.94977],[-117.42884,33.94967],[-117.42887,33.94955],[-117.42912,33.94874],[-117.42921,33.94855],[-117.42929,33.94844],[-117.42943,33.94831],[-117.42956,33.94821],[-117.42962,33.94817],[-117.4338,33.94897],[-117.43424,33.94905],[-117.43418,33.94931],[-117.4352,33.94949],[-117.43531,33.94943],[-117.43539,33.94913],[-117.4354,33.94885],[-117.43548,33.94878],[-117.43609,33.94878],[-117.43654,33.94878],[-117.43654,33.94883],[-117.43737,33.94883],[-117.44434,33.94879],[-117.44496,33.94879],[-117.44496,33.94873],[-117.44529,33.94873],[-117.44534,33.94874],[-117.44536,33.94877],[-117.44538,33.9488],[-117.44547,33.94862],[-117.4458,33.94859],[-117.44585,33.9486],[-117.44763,33.94859],[-117.44761,33.94723],[-117.448,33.94723],[-117.44797,33.946],[-117.44881,33.94599],[-117.44896,33.94612],[-117.44893,33.9462],[-117.44888,33.94627],[-117.44887,33.94632],[-117.44888,33.94637],[-117.44891,33.94641],[-117.44895,33.94644],[-117.449,33.94646],[-117.44904,33.94651],[-117.44906,33.94657],[-117.44914,33.94942],[-117.4492,33.9494],[-117.44924,33.9494],[-117.44931,33.9494],[-117.45198,33.94939],[-117.45191,33.95131],[-117.45193,33.9515],[-117.45198,33.95171],[-117.45207,33.9519],[-117.45216,33.95203],[-117.45232,33.95222],[-117.4525,33.95235],[-117.45271,33.95247],[-117.45299,33.95263],[-117.45331,33.95284],[-117.4535,33.95306],[-117.45362,33.95327],[-117.4537,33.95357],[-117.45369,33.95465],[-117.45367,33.9549],[-117.45357,33.95518],[-117.45337,33.95555],[-117.45321,33.95575],[-117.45295,33.95599],[-117.45269,33.95622],[-117.44807,33.95621]]]}},{"type":"Feature","properties":{"c":"general-aviation"},"geometry":{"type":"Polygon","coordinates":[[[-119.38148,36.37452],[-119.38548,36.37452],[-119.38565,36.37469],[-119.38556,36.37788],[-119.3855,36.37797],[-119.38534,36.37801],[-119.38169,36.37806],[-119.38147,36.3779],[-119.3814,36.37776],[-119.38136,36.37762],[-119.38138,36.37461],[-119.38148,36.37452]]]}},{"type":"Feature","properties":{"c":"commercial","n":"NASA Crows Landing Airport"},"geometry":{"type":"Polygon","coordinates":[[[-121.10515,37.41315],[-121.10505,37.41126],[-121.10399,37.41126],[-121.10396,37.41184],[-121.10323,37.41186],[-121.10331,37.40603],[-121.10507,37.40606],[-121.10569,37.40626],[-121.10591,37.4071],[-121.10681,37.40637],[-121.10496,37.40466],[-121.10478,37.40361],[-121.10446,37.40334],[-121.10433,37.403],[-121.10348,37.40213],[-121.10338,37.40215],[-121.10348,37.39992],[-121.10517,37.40243],[-121.10731,37.40461],[-121.10771,37.40488],[-121.10818,37.40506],[-121.10905,37.40114],[-121.10942,37.40074],[-121.10969,37.40068],[-121.11008,37.40068],[-121.1108,37.39819],[-121.1124,37.39834],[-121.11022,37.40763],[-121.11976,37.41708],[-121.12001,37.4175],[-121.12106,37.41854],[-121.1209,37.41882],[-121.12042,37.41889],[-121.11961,37.41816],[-121.11914,37.41808],[-121.11854,37.41751],[-121.11768,37.41721],[-121.11549,37.41491],[-121.11016,37.4097],[-121.10876,37.41525],[-121.1087,37.41552],[-121.10652,37.42569],[-121.10459,37.42557],[-121.10527,37.42267],[-121.10423,37.42251],[-121.10509,37.41802],[-121.1051,37.41796],[-121.10553,37.41346],[-121.10527,37.41324],[-121.10515,37.41315]]]}},{"type":"Feature","properties":{"c":"commercial","n":"Santa Ynez Airport"},"geometry":{"type":"Polygon","coordinates":[[[-120.06994,34.60712],[-120.06988,34.6072],[-120.06932,34.60714],[-120.06933,34.60724],[-120.06896,34.60725],[-120.06859,34.60714],[-120.06856,34.60769],[-120.06861,34.60776],[-120.06857,34.60789],[-120.0674,34.6078],[-120.06728,34.60781],[-120.06676,34.60774],[-120.06722,34.60468],[-120.08431,34.60669],[-120.0843,34.60839],[-120.08156,34.6084],[-120.08003,34.60839],[-120.08003,34.60902],[-120.07998,34.60909],[-120.07994,34.6091],[-120.07959,34.60927],[-120.07954,34.60929],[-120.07938,34.60914],[-120.07924,34.60913],[-120.07764,34.60895],[-120.07599,34.60874],[-120.07569,34.6087],[-120.07545,34.60837],[-120.07547,34.60825],[-120.07534,34.60823],[-120.07361,34.60801],[-120.07253,34.60789],[-120.07247,34.60786],[-120.07097,34.60768],[-120.07047,34.60737],[-120.06994,34.60712]]]}},{"type":"Feature","properties":{"c":"military","n":"Vandenberg Space Force Base"},"geometry":{"type":"Polygon","coordinates":[[[-120.60408,34.7552],[-120.60383,34.75542],[-120.60339,34.75547],[-120.60232,34.75566],[-120.60129,34.75529],[-120.59932,34.75366],[-120.59753,34.75112],[-120.58492,34.73996],[-120.58297,34.74065],[-120.58186,34.74067],[-120.58167,34.74092],[-120.58157,34.74099],[-120.58136,34.74123],[-120.58118,34.74137],[-120.58099,34.74139],[-120.5804,34.74098],[-120.57336,34.73476],[-120.57181,34.73589],[-120.57154,34.73638],[-120.57106,34.73675],[-120.57046,34.7365],[-120.57001,34.73605],[-120.56925,34.73656],[-120.56738,34.73494],[-120.56689,34.73529],[-120.56646,34.73492],[-120.56659,34.73483],[-120.56631,34.7346],[-120.56581,34.73443],[-120.56564,34.73456],[-120.56525,34.73424],[-120.5649,34.73393],[-120.56466,34.73353],[-120.56526,34.73306],[-120.56476,34.73262],[-120.56543,34.7321],[-120.56537,34.7318],[-120.56801,34.72953],[-120.56491,34.72688],[-120.56457,34.72621],[-120.56423,34.72558],[-120.56419,34.7235],[-120.56042,34.72017],[-120.55994,34.71909],[-120.56316,34.71644],[-120.56577,34.71787],[-120.56789,34.71905],[-120.56958,34.72034],[-120.56878,34.72114],[-120.56867,34.72206],[-120.56888,34.72219],[-120.57001,34.72143],[-120.57012,34.72141],[-120.57021,34.72144],[-120.57071,34.72282],[-120.57116,34.72314],[-120.57145,34.72411],[-120.57691,34.72884],[-120.5847,34.73563],[-120.60014,34.74909],[-120.60048,34.74898],[-120.60215,34.74969],[-120.60243,34.7503],[-120.60365,34.7514],[-120.60303,34.75187],[-120.60463,34.75327],[-120.60491,34.75403],[-120.60502,34.755],[-120.6082,34.75789],[-120.60803,34.75804],[-120.60766,34.75798],[-120.60733,34.75783],[-120.60624,34.75692],[-120.60611,34.75656],[-120.60571,34.7564],[-120.60538,34.75611],[-120.60506,34.75561],[-120.60472,34.75559],[-120.60408,34.7552]]]}},{"type":"Feature","properties":{"c":"military","n":"USAF Plant 42 / Palmdale Regional Airport"},"geometry":{"type":"Polygon","coordinates":[[[-118.05995,34.64544],[-118.05071,34.63591],[-118.06021,34.62976],[-118.06762,34.62519],[-118.07027,34.62347],[-118.07077,34.62316],[-118.07076,34.60957],[-118.09472,34.60803],[-118.09472,34.61269],[-118.10268,34.61175],[-118.10288,34.61672],[-118.10288,34.6175],[-118.10298,34.62005],[-118.10298,34.62039],[-118.10302,34.62058],[-118.10305,34.62058],[-118.10311,34.62058],[-118.10669,34.62055],[-118.11138,34.62051],[-118.12262,34.62067],[-118.12563,34.63509],[-118.12682,34.64422],[-118.05995,34.64544]]]}},{"type":"Feature","properties":{"c":"general-aviation","n":"Agua Dulce Airpark"},"geometry":{"type":"Polygon","coordinates":[[[-118.30699,34.50698],[-118.30741,34.50653],[-118.30762,34.50638],[-118.3085,34.50592],[-118.30947,34.5054],[-118.31016,34.50469],[-118.31324,34.50277],[-118.31585,34.50115],[-118.31689,34.50058],[-118.31722,34.50052],[-118.31778,34.50035],[-118.31852,34.4999],[-118.3187,34.499],[-118.31878,34.49888],[-118.31892,34.49877],[-118.3196,34.49806],[-118.3196,34.498],[-118.31961,34.49778],[-118.31968,34.49768],[-118.32,34.49747],[-118.32017,34.49736],[-118.32033,34.49722],[-118.32071,34.4968],[-118.32091,34.49654],[-118.32113,34.49632],[-118.3213,34.4963],[-118.32114,34.49642],[-118.32101,34.49655],[-118.3209,34.49668],[-118.32068,34.49696],[-118.32029,34.49737],[-118.31977,34.49772],[-118.31972,34.49776],[-118.31969,34.49784],[-118.31968,34.49806],[-118.31976,34.49814],[-118.31984,34.49837],[-118.31979,34.49862],[-118.32015,34.4986],[-118.32054,34.49847],[-118.32084,34.49827],[-118.32094,34.49811],[-118.32178,34.4981],[-118.32178,34.49825],[-118.32178,34.49989],[-118.32103,34.49988],[-118.31961,34.49986],[-118.32036,34.50082],[-118.31968,34.50153],[-118.31942,34.50168],[-118.3194,34.5017],[-118.31907,34.50193],[-118.31881,34.50215],[-118.31846,34.50233],[-118.31825,34.50258],[-118.31818,34.50282],[-118.31767,34.50345],[-118.31754,34.50367],[-118.31737,34.50429],[-118.31719,34.50454],[-118.3159,34.50455],[-118.31553,34.5046],[-118.31536,34.50463],[-118.31514,34.50476],[-118.31504,34.50491],[-118.31498,34.50515],[-118.31412,34.50504],[-118.31376,34.50606],[-118.31287,34.50609],[-118.31152,34.50644],[-118.31048,34.5069],[-118.30876,34.5076],[-118.30776,34.50799],[-118.30622,34.50856],[-118.30603,34.50836],[-118.30652,34.50767],[-118.30699,34.50698]]]}},{"type":"Feature","properties":{"c":"military","n":"Gray Butte Field Airport"},"geometry":{"type":"Polygon","coordinates":[[[-117.65537,34.56486],[-117.66382,34.56479],[-117.66394,34.5636],[-117.66708,34.56149],[-117.66731,34.56147],[-117.6674,34.55801],[-117.6701,34.55796],[-117.67158,34.55797],[-117.67664,34.55805],[-117.68128,34.558],[-117.68474,34.55797],[-117.68477,34.56111],[-117.68477,34.56351],[-117.68476,34.5646],[-117.68477,34.56533],[-117.6848,34.56759],[-117.68484,34.57252],[-117.68138,34.57254],[-117.66573,34.57266],[-117.6657,34.57169],[-117.66478,34.56853],[-117.65892,34.56855],[-117.65544,34.56855],[-117.65537,34.56486]]]}},{"type":"Feature","properties":{"c":"general-aviation","n":"Quail Lake Sky Park Airport"},"geometry":{"type":"Polygon","coordinates":[[[-118.73499,34.76568],[-118.73454,34.76789],[-118.72755,34.76695],[-118.72707,34.76666],[-118.72668,34.76663],[-118.72654,34.76711],[-118.73811,34.7687],[-118.73832,34.76855],[-118.73832,34.76825],[-118.73817,34.76818],[-118.73799,34.76809],[-118.73743,34.76775],[-118.73713,34.76748],[-118.73687,34.76725],[-118.7358,34.76622],[-118.73499,34.76568]]]}},{"type":"Feature","properties":{"c":"general-aviation","n":"San Martin Airport"},"geometry":{"type":"Polygon","coordinates":[[[-121.59468,37.07394],[-121.59575,37.07582],[-121.59593,37.07617],[-121.596,37.07621],[-121.59609,37.0762],[-121.59804,37.07551],[-121.59815,37.07549],[-121.59834,37.07548],[-121.59848,37.07551],[-121.59859,37.07558],[-121.59876,37.07576],[-121.60069,37.07932],[-121.60123,37.08029],[-121.60134,37.08054],[-121.60137,37.08078],[-121.60132,37.081],[-121.60084,37.08272],[-121.60082,37.08292],[-121.60088,37.08316],[-121.60122,37.0838],[-121.60129,37.084],[-121.6013,37.08423],[-121.60125,37.0844],[-121.60116,37.08452],[-121.6011,37.08461],[-121.60096,37.08484],[-121.6009,37.08503],[-121.6009,37.08515],[-121.60099,37.08538],[-121.60223,37.08761],[-121.60224,37.08769],[-121.6022,37.08773],[-121.60215,37.08774],[-121.60187,37.08781],[-121.60165,37.0878],[-121.60151,37.08777],[-121.59943,37.08725],[-121.59922,37.08719],[-121.59905,37.08708],[-121.59895,37.08696],[-121.59882,37.08681],[-121.59849,37.08627],[-121.59696,37.08354],[-121.5926,37.0756],[-121.59316,37.0754],[-121.59274,37.07464],[-121.59273,37.07462],[-121.59468,37.07394]]]}},{"type":"Feature","properties":{"c":"general-aviation","n":"Fallbrook Community Airpark"},"geometry":{"type":"Polygon","coordinates":[[[-117.2537,33.35832],[-117.24841,33.35833],[-117.24885,33.35676],[-117.24913,33.35679],[-117.24918,33.35679],[-117.24946,33.3559],[-117.24941,33.3558],[-117.24954,33.35549],[-117.24951,33.35522],[-117.24863,33.35483],[-117.24844,33.3538],[-117.24788,33.3532],[-117.24749,33.35308],[-117.24728,33.35309],[-117.24727,33.35298],[-117.2474,33.35288],[-117.24753,33.35271],[-117.24776,33.35224],[-117.24786,33.35197],[-117.24809,33.35095],[-117.24822,33.35078],[-117.2494,33.35077],[-117.24955,33.3508],[-117.24984,33.35179],[-117.25009,33.35183],[-117.25062,33.35206],[-117.25126,33.35121],[-117.25152,33.35119],[-117.25148,33.35172],[-117.25132,33.35213],[-117.25131,33.3524],[-117.25137,33.35282],[-117.25136,33.35304],[-117.2513,33.35321],[-117.2512,33.3533],[-117.25099,33.35399],[-117.25241,33.35426],[-117.2537,33.35426],[-117.2537,33.35832]]]}},{"type":"Feature","properties":{"c":"general-aviation","n":"Riego Flight Strip"},"geometry":{"type":"Polygon","coordinates":[[[-121.56327,38.74991],[-121.5651,38.74987],[-121.56512,38.75044],[-121.56513,38.7506],[-121.56516,38.75152],[-121.56515,38.75188],[-121.56324,38.7519],[-121.56322,38.75731],[-121.56273,38.75753],[-121.56257,38.74993],[-121.56314,38.74992],[-121.56327,38.74991]]]}},{"type":"Feature","properties":{"c":"commercial","n":"Hawthorne Municipal Airport"},"geometry":{"type":"Polygon","coordinates":[[[-118.32674,33.92363],[-118.32669,33.92358],[-118.32669,33.92238],[-118.32817,33.9224],[-118.3286,33.9224],[-118.3286,33.92209],[-118.32846,33.92197],[-118.32811,33.92197],[-118.32811,33.92177],[-118.32919,33.92177],[-118.33001,33.92177],[-118.33085,33.92177],[-118.33183,33.92176],[-118.33248,33.92177],[-118.33252,33.9218],[-118.3333,33.9218],[-118.33336,33.92177],[-118.33531,33.92177],[-118.33554,33.92177],[-118.33555,33.92194],[-118.33723,33.92193],[-118.33722,33.92186],[-118.33879,33.92185],[-118.34106,33.92182],[-118.34106,33.92176],[-118.34178,33.92176],[-118.34177,33.92188],[-118.3423,33.92189],[-118.3434,33.92188],[-118.34341,33.92196],[-118.34371,33.92196],[-118.34374,33.92354],[-118.34368,33.92358],[-118.34323,33.9236],[-118.32674,33.92363]]]}},{"type":"Feature","properties":{"c":"commercial","n":"Santa Monica Municipal Airport"},"geometry":{"type":"Polygon","coordinates":[[[-118.44576,34.02336],[-118.44569,34.02329],[-118.44561,34.02311],[-118.44544,34.02267],[-118.44532,34.02219],[-118.44527,34.0219],[-118.44516,34.02083],[-118.44502,34.01945],[-118.44491,34.01896],[-118.44494,34.01894],[-118.44518,34.01874],[-118.4463,34.0178],[-118.44639,34.01765],[-118.44647,34.01746],[-118.44659,34.01733],[-118.44775,34.01635],[-118.4478,34.01631],[-118.44785,34.01624],[-118.44788,34.01616],[-118.44788,34.01612],[-118.44785,34.01603],[-118.44742,34.01544],[-118.44694,34.01478],[-118.44702,34.01474],[-118.44781,34.01432],[-118.44851,34.01395],[-118.45598,34.01002],[-118.45604,34.0101],[-118.45609,34.01008],[-118.45637,34.00995],[-118.45654,34.00991],[-118.45679,34.00979],[-118.4569,34.00977],[-118.45701,34.00977],[-118.45713,34.0098],[-118.45724,34.00987],[-118.45812,34.01089],[-118.45879,34.01167],[-118.45626,34.01315],[-118.45656,34.01351],[-118.4565,34.01354],[-118.4565,34.01355],[-118.4562,34.01373],[-118.45656,34.01415],[-118.45617,34.01438],[-118.4561,34.01442],[-118.45604,34.01446],[-118.456,34.01441],[-118.45601,34.01438],[-118.45556,34.01383],[-118.45422,34.01497],[-118.45483,34.01569],[-118.45466,34.01584],[-118.45366,34.01669],[-118.45353,34.01678],[-118.45122,34.01812],[-118.45112,34.01815],[-118.45102,34.01816],[-118.45093,34.01819],[-118.45087,34.01821],[-118.45082,34.01827],[-118.4508,34.01834],[-118.4508,34.01842],[-118.45071,34.01844],[-118.45063,34.01849],[-118.45059,34.01856],[-118.45057,34.01864],[-118.45058,34.01871],[-118.45062,34.01877],[-118.45069,34.01882],[-118.45076,34.01884],[-118.45087,34.01888],[-118.45095,34.01894],[-118.45112,34.01914],[-118.44874,34.02053],[-118.44771,34.02151],[-118.44576,34.02336]]]}},{"type":"Feature","properties":{"c":"commercial","n":"Paradise Skypark"},"geometry":{"type":"Polygon","coordinates":[[[-121.61564,39.71339],[-121.61563,39.71619],[-121.61643,39.71618],[-121.61701,39.71569],[-121.6172,39.71349],[-121.61725,39.71129],[-121.61731,39.70952],[-121.61739,39.70828],[-121.61712,39.70816],[-121.61711,39.70774],[-121.61724,39.70774],[-121.61729,39.70736],[-121.61702,39.70737],[-121.617,39.70647],[-121.61715,39.70619],[-121.61674,39.7057],[-121.61639,39.70574],[-121.61567,39.70636],[-121.61571,39.70966],[-121.61564,39.71],[-121.61563,39.71186],[-121.6154,39.71251],[-121.61525,39.71328],[-121.61545,39.71336],[-121.61564,39.71339]]]}},{"type":"Feature","properties":{"c":"commercial","n":"Sonoma County Airport"},"geometry":{"type":"Polygon","coordinates":[[[-122.80389,38.51545],[-122.80382,38.51326],[-122.80379,38.51293],[-122.80377,38.5118],[-122.80284,38.5118],[-122.8028,38.51008],[-122.80279,38.50831],[-122.80041,38.5083],[-122.80034,38.50395],[-122.80145,38.50373],[-122.80321,38.50368],[-122.80267,38.50094],[-122.80495,38.4995],[-122.80741,38.49926],[-122.80735,38.50017],[-122.81203,38.50007],[-122.81204,38.50099],[-122.8133,38.50097],[-122.81327,38.50005],[-122.81832,38.50003],[-122.82389,38.49999],[-122.82518,38.49996],[-122.8255,38.50008],[-122.82579,38.50036],[-122.82593,38.50826],[-122.82598,38.51078],[-122.82129,38.51075],[-122.82126,38.51099],[-122.82117,38.5137],[-122.82128,38.51829],[-122.82122,38.52134],[-122.82085,38.52163],[-122.81212,38.52172],[-122.81213,38.52086],[-122.81095,38.52087],[-122.81095,38.52105],[-122.8098,38.52105],[-122.80978,38.52175],[-122.80748,38.52179],[-122.80749,38.51826],[-122.80962,38.51828],[-122.80969,38.5178],[-122.80973,38.51752],[-122.80943,38.51605],[-122.80389,38.51545]]]}},{"type":"Feature","properties":{"c":"general-aviation","n":"Thayer Aviation Airport"},"geometry":{"type":"Polygon","coordinates":[[[-121.91441,39.07982],[-121.91458,39.0801],[-121.91506,39.0799],[-121.91554,39.07971],[-121.91588,39.07946],[-121.91599,39.07919],[-121.91574,39.07882],[-121.91067,39.07563],[-121.91,39.07602],[-121.91132,39.0769],[-121.91341,39.07827],[-121.91313,39.07843],[-121.91359,39.07892],[-121.91389,39.07881],[-121.91436,39.07951],[-121.91441,39.07982]]]}},{"type":"Feature","properties":{"c":"general-aviation","n":"Medlock Field"},"geometry":{"type":"Polygon","coordinates":[[[-121.74434,38.61786],[-121.74455,38.6176],[-121.74497,38.61766],[-121.74669,38.61773],[-121.74737,38.61776],[-121.74745,38.61467],[-121.74748,38.61189],[-121.74751,38.61094],[-121.74741,38.61082],[-121.74741,38.61055],[-121.7483,38.6105],[-121.74827,38.61195],[-121.74825,38.61359],[-121.74817,38.61903],[-121.74357,38.61897],[-121.74355,38.61885],[-121.74366,38.61866],[-121.7439,38.61826],[-121.74403,38.61807],[-121.74434,38.61786]]]}},{"type":"Feature","properties":{"c":"general-aviation","n":"Yolo County Airport"},"geometry":{"type":"Polygon","coordinates":[[[-121.85393,38.58616],[-121.85363,38.58561],[-121.84958,38.58561],[-121.84967,38.56813],[-121.85881,38.56815],[-121.85865,38.59065],[-121.84941,38.5906],[-121.84945,38.58779],[-121.8502,38.5885],[-121.85176,38.58902],[-121.85349,38.58907],[-121.85478,38.58858],[-121.85468,38.58794],[-121.85393,38.58616]]]}},{"type":"Feature","properties":{"c":"commercial","n":"Cable Airport"},"geometry":{"type":"Polygon","coordinates":[[[-117.68107,34.11428],[-117.68106,34.11066],[-117.68106,34.11044],[-117.68423,34.11042],[-117.68496,34.11047],[-117.68557,34.11048],[-117.68743,34.11052],[-117.688,34.11048],[-117.68969,34.11046],[-117.68968,34.10976],[-117.68995,34.10993],[-117.69017,34.10984],[-117.69022,34.10985],[-117.69069,34.1097],[-117.69116,34.10955],[-117.6921,34.10927],[-117.69233,34.10919],[-117.69274,34.10907],[-117.69297,34.10899],[-117.69299,34.10904],[-117.69389,34.10904],[-117.69389,34.10993],[-117.6903,34.11111],[-117.68915,34.11374],[-117.68967,34.11375],[-117.68966,34.11416],[-117.68302,34.11417],[-117.68202,34.11417],[-117.68201,34.11427],[-117.68167,34.11427],[-117.68154,34.11427],[-117.68107,34.11428]]]}},{"type":"Feature","properties":{"c":"general-aviation","n":"Sierraville Dearwater Airport"},"geometry":{"type":"Polygon","coordinates":[[[-120.34968,39.5835],[-120.34978,39.58282],[-120.3499,39.58273],[-120.34995,39.58255],[-120.35018,39.58232],[-120.35083,39.58258],[-120.35124,39.58289],[-120.35188,39.5828],[-120.35575,39.58011],[-120.35784,39.57865],[-120.35795,39.57857],[-120.35819,39.57857],[-120.3587,39.57824],[-120.35893,39.57824],[-120.35877,39.57851],[-120.35884,39.57865],[-120.3587,39.57889],[-120.3586,39.57906],[-120.35029,39.58475],[-120.35012,39.58476],[-120.34976,39.58449],[-120.34966,39.58444],[-120.34947,39.58436],[-120.34949,39.58417],[-120.34952,39.58391],[-120.34968,39.5835]]]}},{"type":"Feature","properties":{"c":"military","n":"Bicycle Lake Army Airfield"},"geometry":{"type":"Polygon","coordinates":[[[-116.60802,35.29504],[-116.61586,35.27332],[-116.62148,35.26707],[-116.62754,35.26699],[-116.62937,35.26765],[-116.62963,35.26826],[-116.6302,35.26873],[-116.63094,35.26876],[-116.63254,35.26379],[-116.6362,35.26691],[-116.63872,35.26776],[-116.64847,35.27005],[-116.649,35.27018],[-116.65014,35.2722],[-116.65062,35.27306],[-116.64977,35.27443],[-116.64898,35.27572],[-116.6449,35.28234],[-116.62415,35.29559],[-116.61052,35.29514],[-116.60802,35.29504]]]}},{"type":"Feature","properties":{"c":"general-aviation","n":"Goldstone /GTS/ Airport"},"geometry":{"type":"Polygon","coordinates":[[[-116.87483,35.36181],[-116.87554,35.3625],[-116.87632,35.36256],[-116.87888,35.36235],[-116.87929,35.36223],[-116.88035,35.36144],[-116.88071,35.36181],[-116.88165,35.36124],[-116.88258,35.3605],[-116.88175,35.35986],[-116.88307,35.35892],[-116.88402,35.35716],[-116.88588,35.35584],[-116.88848,35.35401],[-116.89119,35.35206],[-116.89354,35.35046],[-116.89619,35.3486],[-116.89441,35.34696],[-116.89081,35.34952],[-116.88984,35.3502],[-116.88887,35.35089],[-116.88873,35.35098],[-116.88788,35.35047],[-116.8839,35.35366],[-116.88128,35.35575],[-116.8789,35.35765],[-116.87619,35.35992],[-116.8747,35.36118],[-116.87465,35.36165],[-116.87483,35.36181]]]}},{"type":"Feature","properties":{"c":"general-aviation"},"geometry":{"type":"Polygon","coordinates":[[[-117.11996,35.30541],[-117.11993,35.30546],[-117.11988,35.30546],[-117.11956,35.30541],[-117.11906,35.30537],[-117.11782,35.30531],[-117.11605,35.30521],[-117.1145,35.3051],[-117.11314,35.30503],[-117.10406,35.30448],[-117.10148,35.30447],[-117.09084,35.305],[-117.08692,35.30521],[-117.08674,35.29079],[-117.1108,35.27467],[-117.11332,35.2776],[-117.11992,35.28524],[-117.11999,35.28537],[-117.12006,35.28555],[-117.12009,35.28586],[-117.11996,35.30541]]]}},{"type":"Feature","properties":{"c":"commercial","n":"Buchanan Field Airport"},"geometry":{"type":"Polygon","coordinates":[[[-122.0568,37.99847],[-122.05719,37.99861],[-122.05739,37.99868],[-122.05876,37.99821],[-122.05928,37.99804],[-122.05989,37.99783],[-122.06057,37.9976],[-122.06085,37.99751],[-122.06114,37.99741],[-122.0614,37.99731],[-122.0617,37.99716],[-122.06261,37.99662],[-122.06281,37.99648],[-122.06297,37.99632],[-122.06309,37.99616],[-122.06318,37.99599],[-122.06325,37.99583],[-122.06331,37.99561],[-122.06331,37.99546],[-122.06326,37.99452],[-122.06322,37.9939],[-122.06319,37.99329],[-122.06296,37.99329],[-122.06286,37.99332],[-122.0628,37.99332],[-122.06254,37.99332],[-122.06189,37.99333],[-122.0618,37.9933],[-122.06167,37.99328],[-122.06146,37.99317],[-122.0613,37.99301],[-122.06121,37.99282],[-122.06121,37.99266],[-122.06108,37.98998],[-122.06104,37.98909],[-122.06104,37.98893],[-122.06132,37.9884],[-122.06164,37.98785],[-122.06138,37.98774],[-122.06154,37.98746],[-122.06169,37.98721],[-122.06202,37.98666],[-122.06206,37.98655],[-122.06206,37.98648],[-122.06204,37.98641],[-122.062,37.98629],[-122.06201,37.98624],[-122.06203,37.98618],[-122.06209,37.98605],[-122.0622,37.98587],[-122.06231,37.98568],[-122.06244,37.98551],[-122.06249,37.98543],[-122.06249,37.98537],[-122.06247,37.98531],[-122.06243,37.98526],[-122.06238,37.98521],[-122.06232,37.98517],[-122.06218,37.98508],[-122.06208,37.98499],[-122.06206,37.98493],[-122.06206,37.98489],[-122.06208,37.98486],[-122.06214,37.98479],[-122.06218,37.98476],[-122.06224,37.98473],[-122.06232,37.98469],[-122.06239,37.98466],[-122.06246,37.98461],[-122.06251,37.98455],[-122.06253,37.9845],[-122.06256,37.98438],[-122.0626,37.98422],[-122.0626,37.98392],[-122.06265,37.98378],[-122.06277,37.98355],[-122.06283,37.98343],[-122.06271,37.98318],[-122.06259,37.98293],[-122.06251,37.98277],[-122.06206,37.98237],[-122.06245,37.98165],[-122.06279,37.98098],[-122.06281,37.98092],[-122.0628,37.98087],[-122.06277,37.98083],[-122.06273,37.98079],[-122.06264,37.98075],[-122.06255,37.98074],[-122.0606,37.98157],[-122.05992,37.98109],[-122.05924,37.98116],[-122.0594,37.98082],[-122.05936,37.98068],[-122.05925,37.98018],[-122.05919,37.98017],[-122.05928,37.97998],[-122.05918,37.97994],[-122.05912,37.97992],[-122.05847,37.98019],[-122.05784,37.98135],[-122.05753,37.98133],[-122.05747,37.98145],[-122.05665,37.9812],[-122.05664,37.98133],[-122.05658,37.98152],[-122.05614,37.98231],[-122.05578,37.98298],[-122.05575,37.98303],[-122.05564,37.983],[-122.05399,37.98244],[-122.05411,37.98224],[-122.05227,37.98159],[-122.0507,37.98687],[-122.05057,37.9879],[-122.0507,37.98892],[-122.05094,37.9896],[-122.0516,37.99111],[-122.05178,37.99142],[-122.05285,37.99298],[-122.05558,37.99656],[-122.0568,37.99847]]]}},{"type":"Feature","properties":{"c":"military","n":"O'Sullivan Army Heliport"},"geometry":{"type":"Polygon","coordinates":[[[-120.74369,35.32662],[-120.74381,35.32629],[-120.74221,35.32591],[-120.7421,35.32623],[-120.74369,35.32662]]]}},{"type":"Feature","properties":{"c":"commercial","n":"Red Bluff Municipal Airport"},"geometry":{"type":"Polygon","coordinates":[[[-122.25588,40.15876],[-122.25597,40.15865],[-122.25604,40.15853],[-122.25612,40.15837],[-122.25619,40.15818],[-122.25621,40.15808],[-122.25625,40.15742],[-122.25631,40.15601],[-122.25634,40.15546],[-122.25636,40.15485],[-122.2564,40.15391],[-122.25644,40.15313],[-122.25648,40.15209],[-122.2565,40.15101],[-122.25652,40.15025],[-122.25655,40.14902],[-122.25668,40.14894],[-122.25669,40.1488],[-122.25655,40.14867],[-122.25655,40.14846],[-122.25455,40.14758],[-122.25415,40.14741],[-122.25392,40.14657],[-122.25366,40.14562],[-122.2534,40.14469],[-122.25326,40.14418],[-122.25309,40.14356],[-122.25292,40.14295],[-122.25291,40.14288],[-122.25282,40.1426],[-122.25274,40.1423],[-122.25274,40.14228],[-122.25265,40.14198],[-122.24729,40.14237],[-122.24742,40.14286],[-122.24745,40.14526],[-122.2475,40.14983],[-122.2465,40.14984],[-122.24215,40.14988],[-122.24139,40.14989],[-122.24139,40.15104],[-122.24092,40.15104],[-122.2409,40.15198],[-122.2409,40.15209],[-122.24179,40.15209],[-122.24179,40.15198],[-122.24179,40.15191],[-122.2419,40.15191],[-122.2419,40.15165],[-122.24258,40.15165],[-122.2428,40.15165],[-122.24288,40.15165],[-122.24288,40.15138],[-122.24353,40.15137],[-122.24353,40.15146],[-122.24407,40.15146],[-122.2442,40.15147],[-122.2442,40.15146],[-122.24486,40.15146],[-122.24486,40.15163],[-122.24485,40.15179],[-122.24485,40.15236],[-122.24485,40.15241],[-122.24518,40.15241],[-122.24518,40.15264],[-122.24566,40.15264],[-122.24566,40.15199],[-122.24632,40.15199],[-122.24633,40.15192],[-122.24633,40.1519],[-122.24638,40.15184],[-122.2463,40.15178],[-122.24644,40.15172],[-122.24662,40.15178],[-122.24676,40.15183],[-122.24756,40.15183],[-122.24756,40.15274],[-122.24665,40.15274],[-122.24658,40.15274],[-122.24658,40.15309],[-122.24713,40.15308],[-122.24757,40.15308],[-122.24757,40.15316],[-122.24757,40.15358],[-122.24761,40.15363],[-122.24789,40.15364],[-122.24958,40.15365],[-122.24957,40.15339],[-122.24974,40.15336],[-122.25001,40.15332],[-122.25001,40.15331],[-122.25027,40.15327],[-122.25033,40.15346],[-122.25035,40.15351],[-122.2504,40.15368],[-122.25042,40.15375],[-122.25053,40.1542],[-122.25054,40.15423],[-122.25008,40.15431],[-122.25046,40.15574],[-122.25058,40.15613],[-122.25094,40.15608],[-122.25099,40.15626],[-122.25116,40.15686],[-122.25111,40.15687],[-122.25115,40.15701],[-122.25121,40.157],[-122.25127,40.15727],[-122.25119,40.15728],[-122.25125,40.1575],[-122.25131,40.15773],[-122.25153,40.15772],[-122.25166,40.15821],[-122.2518,40.15874],[-122.25194,40.15924],[-122.25325,40.15926],[-122.25569,40.15928],[-122.25571,40.15909],[-122.25578,40.15891],[-122.25588,40.15876]]]}},{"type":"Feature","properties":{"c":"commercial","n":"Gillespie Field"},"geometry":{"type":"Polygon","coordinates":[[[-116.97178,32.817],[-116.97256,32.81699],[-116.97256,32.81811],[-116.97297,32.81811],[-116.97297,32.81824],[-116.97502,32.81822],[-116.9753,32.81826],[-116.9755,32.81833],[-116.97575,32.81852],[-116.97576,32.81865],[-116.97576,32.81955],[-116.97576,32.81975],[-116.97576,32.82004],[-116.97573,32.82023],[-116.97568,32.82048],[-116.9756,32.82068],[-116.97543,32.82106],[-116.97532,32.82135],[-116.97527,32.82152],[-116.97524,32.82166],[-116.97522,32.8218],[-116.97522,32.82195],[-116.97522,32.82214],[-116.97523,32.82355],[-116.97524,32.82366],[-116.97525,32.82379],[-116.97528,32.82394],[-116.97531,32.82408],[-116.97538,32.82426],[-116.97547,32.82445],[-116.97565,32.82471],[-116.97575,32.82483],[-116.97586,32.82494],[-116.97598,32.82505],[-116.97615,32.82519],[-116.97629,32.82528],[-116.97646,32.82538],[-116.97663,32.82546],[-116.97686,32.82554],[-116.97695,32.82557],[-116.97719,32.82563],[-116.97896,32.82594],[-116.97916,32.82598],[-116.9794,32.82602],[-116.97961,32.82608],[-116.97979,32.82614],[-116.97997,32.82621],[-116.98012,32.82629],[-116.98028,32.82639],[-116.98045,32.82651],[-116.98059,32.82663],[-116.98104,32.82708],[-116.98119,32.8272],[-116.98136,32.82732],[-116.98152,32.82742],[-116.98168,32.8275],[-116.98186,32.82758],[-116.98203,32.82765],[-116.98224,32.82772],[-116.98238,32.82775],[-116.98253,32.82778],[-116.98379,32.82984],[-116.98369,32.83028],[-116.98361,32.83027],[-116.9836,32.83031],[-116.98331,32.83026],[-116.98331,32.83043],[-116.98319,32.83043],[-116.98319,32.83053],[-116.98264,32.83044],[-116.98256,32.83037],[-116.98195,32.8302],[-116.98154,32.83035],[-116.98121,32.8303],[-116.98111,32.83034],[-116.98047,32.83033],[-116.98047,32.83016],[-116.9801,32.83009],[-116.97974,32.83003],[-116.9794,32.82997],[-116.97938,32.82997],[-116.9783,32.82978],[-116.97803,32.82972],[-116.97746,32.82963],[-116.97731,32.8296],[-116.97371,32.82961],[-116.9737,32.83114],[-116.97162,32.83111],[-116.97164,32.83034],[-116.97222,32.83036],[-116.97223,32.82961],[-116.97148,32.82962],[-116.9715,32.82945],[-116.97151,32.82941],[-116.96644,32.82943],[-116.96629,32.82943],[-116.96574,32.82943],[-116.96484,32.82944],[-116.96483,32.82755],[-116.96424,32.82752],[-116.96425,32.82771],[-116.96328,32.82753],[-116.96251,32.82753],[-116.96247,32.82751],[-116.96246,32.82465],[-116.96255,32.8246],[-116.96383,32.82459],[-116.9644,32.8245],[-116.96615,32.8245],[-116.96736,32.82451],[-116.96737,32.82461],[-116.96752,32.82449],[-116.96755,32.82439],[-116.96752,32.82431],[-116.96733,32.82427],[-116.9674,32.82408],[-116.96751,32.82406],[-116.96756,32.82392],[-116.96751,32.82379],[-116.96739,32.82376],[-116.9674,32.82361],[-116.96945,32.8236],[-116.96946,32.82442],[-116.96917,32.82443],[-116.96917,32.82451],[-116.96954,32.82451],[-116.96986,32.82425],[-116.96987,32.8182],[-116.97095,32.81819],[-116.97114,32.81817],[-116.97114,32.81722],[-116.97114,32.81712],[-116.97115,32.81709],[-116.97118,32.81707],[-116.9712,32.81706],[-116.97124,32.81705],[-116.97153,32.81701],[-116.97178,32.817]]]}},{"type":"Feature","properties":{"c":"commercial","n":"Big Bear City Airport"},"geometry":{"type":"Polygon","coordinates":[[[-116.8661,34.26438],[-116.86178,34.26435],[-116.86178,34.26481],[-116.85743,34.26482],[-116.85355,34.26482],[-116.85355,34.26476],[-116.85353,34.26476],[-116.85339,34.26476],[-116.85285,34.26477],[-116.85273,34.26476],[-116.85061,34.26476],[-116.85061,34.26487],[-116.85022,34.26488],[-116.84987,34.26511],[-116.84856,34.2651],[-116.84854,34.2651],[-116.84848,34.2651],[-116.84848,34.26522],[-116.84849,34.26544],[-116.84805,34.26544],[-116.8479,34.26544],[-116.84681,34.26543],[-116.84676,34.26543],[-116.84668,34.26543],[-116.84663,34.26541],[-116.8466,34.26535],[-116.84659,34.26532],[-116.84653,34.26516],[-116.84639,34.26476],[-116.84568,34.26277],[-116.85099,34.26276],[-116.85099,34.26247],[-116.85116,34.26246],[-116.85311,34.26196],[-116.8531,34.26158],[-116.85309,34.26116],[-116.85316,34.26113],[-116.85412,34.26112],[-116.85457,34.26112],[-116.85457,34.26114],[-116.85457,34.26246],[-116.85721,34.26245],[-116.86046,34.26247],[-116.86047,34.26281],[-116.86186,34.26282],[-116.86186,34.26277],[-116.86609,34.26279],[-116.8661,34.26438]]]}},{"type":"Feature","properties":{"c":"commercial","n":"Apple Valley Airport"},"geometry":{"type":"Polygon","coordinates":[[[-117.18321,34.59058],[-117.17992,34.58978],[-117.18051,34.58827],[-117.18049,34.58264],[-117.18146,34.58264],[-117.18145,34.58173],[-117.18229,34.58173],[-117.18229,34.5821],[-117.18265,34.5821],[-117.18264,34.57897],[-117.18296,34.57897],[-117.18476,34.5738],[-117.18476,34.57162],[-117.18476,34.57151],[-117.18032,34.57151],[-117.18033,34.57057],[-117.17643,34.57057],[-117.17643,34.56854],[-117.18831,34.56854],[-117.18831,34.56755],[-117.19022,34.56758],[-117.19025,34.56854],[-117.19144,34.56854],[-117.19813,34.56854],[-117.19814,34.57024],[-117.19728,34.57077],[-117.19696,34.57094],[-117.19666,34.57107],[-117.19639,34.57118],[-117.19613,34.57126],[-117.19587,34.57133],[-117.19557,34.5714],[-117.1953,34.57144],[-117.19499,34.57147],[-117.19463,34.57149],[-117.19346,34.57149],[-117.19142,34.5715],[-117.19143,34.57175],[-117.19144,34.57369],[-117.19147,34.57371],[-117.19147,34.57373],[-117.19144,34.57375],[-117.19145,34.57518],[-117.19131,34.57518],[-117.19132,34.57601],[-117.19121,34.5761],[-117.18921,34.5761],[-117.1891,34.5761],[-117.1891,34.57634],[-117.1891,34.57725],[-117.18912,34.57896],[-117.18836,34.57896],[-117.18836,34.57945],[-117.18813,34.57945],[-117.18815,34.5808],[-117.18816,34.58171],[-117.18721,34.58188],[-117.18695,34.58215],[-117.18654,34.58209],[-117.18549,34.5851],[-117.1853,34.5853],[-117.1852,34.58543],[-117.18514,34.58558],[-117.18511,34.58572],[-117.18511,34.58641],[-117.18483,34.5872],[-117.18482,34.58802],[-117.1845,34.58801],[-117.1845,34.5881],[-117.18408,34.58812],[-117.18319,34.58961],[-117.18316,34.58978],[-117.18319,34.59021],[-117.18321,34.59058]]]}},{"type":"Feature","properties":{"c":"general-aviation","n":"Gustine Airport"},"geometry":{"type":"Polygon","coordinates":[[[-120.96197,37.26666],[-120.962,37.26026],[-120.96356,37.26025],[-120.96353,37.25844],[-120.96451,37.25845],[-120.96498,37.25691],[-120.96496,37.25312],[-120.96729,37.25315],[-120.96742,37.26008],[-120.96736,37.26008],[-120.96736,37.2608],[-120.96713,37.26092],[-120.96694,37.26104],[-120.96674,37.26118],[-120.96654,37.26133],[-120.96627,37.26159],[-120.96592,37.26195],[-120.96533,37.26274],[-120.96244,37.26667],[-120.96197,37.26666]]]}},{"type":"Feature","properties":{"c":"commercial","n":"McClellan-Palomar Airport"},"geometry":{"type":"Polygon","coordinates":[[[-117.27739,33.12488],[-117.27747,33.12485],[-117.27995,33.1245],[-117.28072,33.12438],[-117.28062,33.12396],[-117.28286,33.12358],[-117.28312,33.12475],[-117.28314,33.12496],[-117.28344,33.12632],[-117.28643,33.12583],[-117.28986,33.12528],[-117.29049,33.12797],[-117.287,33.12854],[-117.28572,33.12875],[-117.2687,33.13151],[-117.26844,33.13124],[-117.26742,33.13008],[-117.26731,33.12994],[-117.26722,33.1298],[-117.2672,33.12975],[-117.26721,33.1297],[-117.26724,33.12966],[-117.26728,33.12965],[-117.2675,33.12959],[-117.26792,33.1295],[-117.26814,33.12944],[-117.26831,33.12938],[-117.26849,33.12932],[-117.26867,33.12926],[-117.26888,33.12918],[-117.26911,33.12909],[-117.26974,33.12884],[-117.27051,33.12854],[-117.27081,33.12842],[-117.271,33.12834],[-117.27119,33.12825],[-117.27139,33.12816],[-117.27159,33.12805],[-117.27176,33.12796],[-117.27192,33.12785],[-117.27216,33.1277],[-117.27266,33.12739],[-117.27326,33.127],[-117.27387,33.12662],[-117.27449,33.12624],[-117.27542,33.12566],[-117.27556,33.12567],[-117.27565,33.12572],[-117.27574,33.12576],[-117.27577,33.12578],[-117.276,33.12578],[-117.27608,33.12577],[-117.27622,33.12571],[-117.27631,33.12566],[-117.27657,33.12547],[-117.27708,33.12508],[-117.27712,33.12505],[-117.27715,33.12501],[-117.2773,33.12492],[-117.27739,33.12488]]]}},{"type":"Feature","properties":{"c":"general-aviation","n":"Kindsvater Ranch Airport"},"geometry":{"type":"Polygon","coordinates":[[[-119.51214,36.84806],[-119.5121,36.85175],[-119.50704,36.85168],[-119.50709,36.84801],[-119.51214,36.84806]]]}},{"type":"Feature","properties":{"c":"commercial","n":"Sacramento Executive Airport"},"geometry":{"type":"Polygon","coordinates":[[[-121.49807,38.52094],[-121.49277,38.5211],[-121.48756,38.52119],[-121.48627,38.52122],[-121.48626,38.52054],[-121.48626,38.5203],[-121.48634,38.52],[-121.48662,38.51963],[-121.48782,38.51811],[-121.48733,38.51769],[-121.48836,38.51645],[-121.48698,38.51523],[-121.48327,38.51519],[-121.48315,38.50928],[-121.48322,38.50921],[-121.48426,38.50919],[-121.48437,38.50921],[-121.48773,38.51063],[-121.49229,38.51247],[-121.49233,38.50565],[-121.49505,38.50558],[-121.49783,38.50516],[-121.49917,38.50347],[-121.50108,38.50381],[-121.50352,38.50424],[-121.50361,38.50428],[-121.50448,38.50514],[-121.50468,38.50537],[-121.50271,38.50944],[-121.50069,38.51355],[-121.49974,38.5165],[-121.49865,38.51992],[-121.49832,38.52093],[-121.49807,38.52094]]]}},{"type":"Feature","properties":{"c":"commercial","n":"Shafter Airport"},"geometry":{"type":"Polygon","coordinates":[[[-119.18338,35.49988],[-119.18337,35.50039],[-119.18303,35.50039],[-119.18304,35.50097],[-119.18334,35.50097],[-119.18333,35.50123],[-119.18342,35.50124],[-119.18342,35.50145],[-119.18349,35.50167],[-119.18353,35.50168],[-119.18356,35.50196],[-119.18305,35.50196],[-119.18319,35.50213],[-119.18319,35.50254],[-119.18306,35.50275],[-119.18306,35.50458],[-119.18239,35.50457],[-119.1824,35.50417],[-119.18271,35.50417],[-119.18273,35.50358],[-119.18185,35.50359],[-119.18183,35.50534],[-119.18201,35.50534],[-119.18202,35.50545],[-119.18189,35.50544],[-119.18185,35.50547],[-119.18184,35.5062],[-119.18188,35.5062],[-119.18189,35.50636],[-119.18184,35.50639],[-119.18184,35.50645],[-119.18189,35.50658],[-119.18199,35.50668],[-119.18289,35.50715],[-119.18303,35.50728],[-119.18308,35.50737],[-119.1831,35.50747],[-119.18308,35.5084],[-119.18334,35.5086],[-119.18327,35.50866],[-119.18345,35.50882],[-119.18304,35.50915],[-119.18303,35.50921],[-119.18305,35.50927],[-119.18309,35.50939],[-119.18316,35.5095],[-119.18388,35.51008],[-119.18469,35.51076],[-119.18493,35.51086],[-119.18503,35.51083],[-119.18509,35.51078],[-119.18521,35.51087],[-119.18518,35.51097],[-119.18643,35.51144],[-119.1868,35.51166],[-119.18701,35.51183],[-119.18733,35.51215],[-119.18741,35.51217],[-119.19104,35.5121],[-119.19105,35.51099],[-119.19265,35.51099],[-119.19917,35.51106],[-119.19982,35.51147],[-119.20006,35.51156],[-119.20031,35.51151],[-119.20066,35.51124],[-119.20082,35.51113],[-119.20098,35.51113],[-119.20145,35.51137],[-119.20168,35.5114],[-119.20192,35.5113],[-119.20211,35.51113],[-119.2022,35.51097],[-119.20221,35.51079],[-119.20221,35.51051],[-119.20071,35.50945],[-119.19864,35.50779],[-119.19815,35.50734],[-119.19802,35.50708],[-119.198,35.50661],[-119.19791,35.50642],[-119.19784,35.50623],[-119.19788,35.50378],[-119.19782,35.50187],[-119.19781,35.50006],[-119.19763,35.50005],[-119.19762,35.49991],[-119.19424,35.49991],[-119.19061,35.49992],[-119.18338,35.49988]]]}},{"type":"Feature","properties":{"c":"general-aviation","n":"Lost Hills Airport"},"geometry":{"type":"Polygon","coordinates":[[[-119.68929,35.63495],[-119.68187,35.62508],[-119.68513,35.62505],[-119.68394,35.62098],[-119.68336,35.61891],[-119.68336,35.61632],[-119.68731,35.61631],[-119.68732,35.61655],[-119.68733,35.61753],[-119.68745,35.61753],[-119.68799,35.61943],[-119.68831,35.61943],[-119.68844,35.62013],[-119.68896,35.6207],[-119.6894,35.62075],[-119.68946,35.62079],[-119.68947,35.62321],[-119.68954,35.62326],[-119.68967,35.62326],[-119.68972,35.63494],[-119.68929,35.63495]]]}},{"type":"Feature","properties":{"c":"general-aviation","n":"Paramount Farming Airport"},"geometry":{"type":"Polygon","coordinates":[[[-119.88789,35.65839],[-119.89116,35.65839],[-119.89116,35.66076],[-119.89854,35.67033],[-119.89743,35.67083],[-119.89712,35.67049],[-119.89704,35.67015],[-119.88789,35.65839]]]}},{"type":"Feature","properties":{"c":"general-aviation","n":"Tracy Municipal Airport"},"geometry":{"type":"Polygon","coordinates":[[[-121.43452,37.68243],[-121.43592,37.6824],[-121.43644,37.68239],[-121.43658,37.6825],[-121.44001,37.68472],[-121.44152,37.68325],[-121.44133,37.68312],[-121.44134,37.68311],[-121.44146,37.68299],[-121.44151,37.68298],[-121.44159,37.68295],[-121.44165,37.68291],[-121.44169,37.68285],[-121.44171,37.68278],[-121.4417,37.68272],[-121.44167,37.68266],[-121.44161,37.68261],[-121.44154,37.68257],[-121.44158,37.68249],[-121.44198,37.68248],[-121.44201,37.68245],[-121.44232,37.68245],[-121.44255,37.68263],[-121.4433,37.68322],[-121.44336,37.68326],[-121.44362,37.68347],[-121.44367,37.6888],[-121.44568,37.68879],[-121.44568,37.68873],[-121.44856,37.68871],[-121.4495,37.69013],[-121.45008,37.69097],[-121.45091,37.69216],[-121.45092,37.69276],[-121.44904,37.69277],[-121.44748,37.69278],[-121.44589,37.69279],[-121.44589,37.69282],[-121.44514,37.69282],[-121.44371,37.69283],[-121.4437,37.69149],[-121.43958,37.69151],[-121.43959,37.69205],[-121.43892,37.69214],[-121.43765,37.69215],[-121.43745,37.69209],[-121.43741,37.69202],[-121.43719,37.69198],[-121.43689,37.69153],[-121.43475,37.69155],[-121.43464,37.6915],[-121.43462,37.68983],[-121.43461,37.68949],[-121.43458,37.68771],[-121.43457,37.68658],[-121.43452,37.68243]]]}},{"type":"Feature","properties":{"c":"general-aviation","n":"Lodi Airport"},"geometry":{"type":"Polygon","coordinates":[[[-121.26333,38.1991],[-121.26613,38.19912],[-121.26612,38.2001],[-121.2695,38.20274],[-121.27187,38.20278],[-121.27248,38.20279],[-121.27287,38.2028],[-121.27595,38.20286],[-121.27649,38.20287],[-121.27647,38.20292],[-121.27644,38.20367],[-121.27644,38.20371],[-121.27406,38.20371],[-121.26985,38.20372],[-121.26959,38.20372],[-121.26945,38.20372],[-121.2692,38.20372],[-121.26584,38.20373],[-121.26481,38.20374],[-121.26481,38.20374],[-121.2638,38.2037],[-121.26356,38.20361],[-121.26343,38.20342],[-121.26333,38.1991]]]}},{"type":"Feature","properties":{"c":"general-aviation","n":"Lodi Airpark"},"geometry":{"type":"Polygon","coordinates":[[[-121.32178,38.08374],[-121.31217,38.08372],[-121.31218,38.08275],[-121.31059,38.08276],[-121.31064,38.08466],[-121.32181,38.08468],[-121.32178,38.08374]]]}},{"type":"Feature","properties":{"c":"general-aviation","n":"Weed Airport"},"geometry":{"type":"Polygon","coordinates":[[[-122.45806,41.48885],[-122.44964,41.47366],[-122.45225,41.47325],[-122.45427,41.47631],[-122.45395,41.47699],[-122.45502,41.47876],[-122.45646,41.47944],[-122.45823,41.48231],[-122.46102,41.48816],[-122.45806,41.48885]]]}},{"type":"Feature","properties":{"c":"commercial","n":"Hayward Executive Airport"},"geometry":{"type":"Polygon","coordinates":[[[-122.13237,37.66179],[-122.13113,37.66351],[-122.13108,37.66353],[-122.12963,37.66328],[-122.1291,37.66319],[-122.12806,37.66367],[-122.12577,37.66474],[-122.12345,37.66581],[-122.12322,37.6659],[-122.12302,37.66597],[-122.12283,37.666],[-122.12254,37.66599],[-122.12231,37.66595],[-122.12213,37.66591],[-122.12187,37.6658],[-122.12149,37.66558],[-122.12104,37.6653],[-122.12063,37.66507],[-122.12029,37.66497],[-122.12021,37.66495],[-122.12018,37.66493],[-122.12016,37.66492],[-122.12016,37.66486],[-122.12018,37.66477],[-122.12024,37.66459],[-122.12032,37.66424],[-122.12031,37.66411],[-122.12028,37.66397],[-122.12022,37.66385],[-122.11997,37.66347],[-122.11975,37.66312],[-122.11953,37.66279],[-122.11942,37.66255],[-122.1192,37.6623],[-122.11897,37.66216],[-122.11881,37.66207],[-122.11865,37.66202],[-122.11828,37.66192],[-122.11768,37.66175],[-122.1175,37.66167],[-122.11732,37.66157],[-122.1171,37.6614],[-122.11693,37.6612],[-122.11667,37.66077],[-122.11596,37.65974],[-122.11515,37.65846],[-122.1149,37.65825],[-122.11469,37.65816],[-122.11449,37.65809],[-122.11425,37.65805],[-122.11413,37.65806],[-122.11386,37.65814],[-122.11376,37.65816],[-122.1137,37.65812],[-122.1134,37.65763],[-122.11393,37.6569],[-122.11369,37.65678],[-122.11379,37.65664],[-122.11371,37.6566],[-122.11329,37.65627],[-122.11271,37.65651],[-122.11101,37.65383],[-122.11092,37.65369],[-122.11084,37.65357],[-122.11082,37.65352],[-122.11081,37.65348],[-122.11081,37.65344],[-122.11082,37.6534],[-122.11085,37.65336],[-122.11088,37.65333],[-122.11086,37.6533],[-122.11091,37.65327],[-122.11096,37.65325],[-122.111,37.65324],[-122.11104,37.65324],[-122.11108,37.65324],[-122.11211,37.65323],[-122.11321,37.65317],[-122.11478,37.65319],[-122.11683,37.6532],[-122.11857,37.65327],[-122.11854,37.6547],[-122.11882,37.65475],[-122.11953,37.65392],[-122.12289,37.65441],[-122.12262,37.65547],[-122.12374,37.65565],[-122.12375,37.65572],[-122.12375,37.65597],[-122.12381,37.65759],[-122.12439,37.65786],[-122.12519,37.65822],[-122.13171,37.66118],[-122.13203,37.66155],[-122.13237,37.66179]]]}},{"type":"Feature","properties":{"c":"commercial","n":"San Carlos Airport"},"geometry":{"type":"Polygon","coordinates":[[[-122.24776,37.51179],[-122.24784,37.51188],[-122.24793,37.51193],[-122.24808,37.51202],[-122.24812,37.51204],[-122.24815,37.51207],[-122.24817,37.51211],[-122.24818,37.51216],[-122.24818,37.51225],[-122.24816,37.51233],[-122.24815,37.51241],[-122.24814,37.51254],[-122.24814,37.51264],[-122.24816,37.51274],[-122.24822,37.51292],[-122.24834,37.51331],[-122.24843,37.51365],[-122.24844,37.51386],[-122.24847,37.51409],[-122.24854,37.51435],[-122.24855,37.51468],[-122.24853,37.51499],[-122.24845,37.51556],[-122.24847,37.51575],[-122.24852,37.51594],[-122.24862,37.51625],[-122.24865,37.51627],[-122.24874,37.51631],[-122.24878,37.51641],[-122.24882,37.51655],[-122.24885,37.51669],[-122.24885,37.51715],[-122.24883,37.51749],[-122.24878,37.51761],[-122.24868,37.51781],[-122.24905,37.51808],[-122.24987,37.51805],[-122.25009,37.51625],[-122.2506,37.51624],[-122.25088,37.51604],[-122.25083,37.516],[-122.25071,37.51589],[-122.25055,37.51601],[-122.25034,37.51582],[-122.25024,37.5159],[-122.25021,37.51592],[-122.25013,37.51598],[-122.25011,37.51596],[-122.24953,37.51545],[-122.25016,37.515],[-122.25039,37.51519],[-122.25037,37.51521],[-122.25055,37.51536],[-122.25057,37.51534],[-122.251,37.51572],[-122.25151,37.51536],[-122.25192,37.51507],[-122.25195,37.51505],[-122.25223,37.5153],[-122.25235,37.51541],[-122.25235,37.51553],[-122.25308,37.51615],[-122.25311,37.51617],[-122.25313,37.51618],[-122.25315,37.51618],[-122.25318,37.51618],[-122.25322,37.51617],[-122.25417,37.51543],[-122.2543,37.5153],[-122.25439,37.51517],[-122.25444,37.51503],[-122.25444,37.51493],[-122.25421,37.51492],[-122.25416,37.51488],[-122.25405,37.51478],[-122.25264,37.51356],[-122.2535,37.51273],[-122.25361,37.51261],[-122.25365,37.51256],[-122.25368,37.51252],[-122.25369,37.51246],[-122.25367,37.51239],[-122.25362,37.51233],[-122.25139,37.51035],[-122.24911,37.50836],[-122.24897,37.50846],[-122.24895,37.50848],[-122.24834,37.50893],[-122.24834,37.50894],[-122.24832,37.50893],[-122.2483,37.5089],[-122.24819,37.50881],[-122.24772,37.50914],[-122.24771,37.50913],[-122.24769,37.50914],[-122.24591,37.50757],[-122.2457,37.50738],[-122.24567,37.50739],[-122.24539,37.50713],[-122.24529,37.50721],[-122.24526,37.50724],[-122.24524,37.50727],[-122.24524,37.50732],[-122.24523,37.50745],[-122.24527,37.50805],[-122.2453,37.50816],[-122.24536,37.50826],[-122.24591,37.50905],[-122.24595,37.50915],[-122.24606,37.50945],[-122.24641,37.50996],[-122.24706,37.5108],[-122.24737,37.51117],[-122.24767,37.51166],[-122.24776,37.51179]]]}},{"type":"Feature","properties":{"c":"commercial","n":"Chico Municipal Airport"},"geometry":{"type":"Polygon","coordinates":[[[-121.86682,39.80155],[-121.86746,39.80232],[-121.86767,39.80257],[-121.86766,39.80294],[-121.86767,39.80447],[-121.8673,39.80493],[-121.86704,39.80525],[-121.86617,39.80624],[-121.86535,39.80615],[-121.8647,39.80537],[-121.86299,39.80611],[-121.86117,39.80614],[-121.8607,39.80615],[-121.85874,39.80379],[-121.85814,39.80408],[-121.85759,39.80434],[-121.85742,39.80414],[-121.85701,39.80365],[-121.8541,39.80021],[-121.84972,39.79486],[-121.84881,39.79374],[-121.84875,39.79367],[-121.84872,39.79364],[-121.84871,39.79364],[-121.84827,39.79312],[-121.84795,39.79275],[-121.84765,39.79245],[-121.84762,39.79246],[-121.84752,39.79252],[-121.84721,39.79283],[-121.84711,39.79278],[-121.84701,39.79273],[-121.84688,39.79268],[-121.84674,39.79263],[-121.84637,39.79252],[-121.84616,39.79246],[-121.84601,39.7924],[-121.84586,39.79234],[-121.84573,39.79227],[-121.84561,39.79219],[-121.8455,39.79211],[-121.84541,39.79203],[-121.8453,39.79193],[-121.84518,39.79178],[-121.84498,39.79154],[-121.84483,39.79137],[-121.84467,39.79117],[-121.84461,39.79109],[-121.84457,39.79103],[-121.84443,39.79075],[-121.84441,39.7907],[-121.84439,39.79057],[-121.84438,39.79042],[-121.84436,39.79021],[-121.84435,39.78992],[-121.84432,39.78923],[-121.84432,39.78879],[-121.84431,39.78821],[-121.84431,39.78804],[-121.8444,39.78804],[-121.8444,39.78798],[-121.8444,39.78792],[-121.8443,39.78792],[-121.84428,39.78763],[-121.84429,39.78703],[-121.84427,39.78673],[-121.84523,39.78641],[-121.84582,39.7863],[-121.84599,39.7863],[-121.84622,39.78619],[-121.84663,39.78594],[-121.84701,39.78572],[-121.84738,39.78549],[-121.84764,39.78534],[-121.8479,39.78546],[-121.84808,39.78534],[-121.84804,39.78531],[-121.848,39.78525],[-121.84799,39.78521],[-121.84798,39.78518],[-121.84798,39.78515],[-121.84799,39.78512],[-121.84801,39.78507],[-121.84805,39.785],[-121.8481,39.78491],[-121.8483,39.7846],[-121.8484,39.78445],[-121.84844,39.78439],[-121.84848,39.78436],[-121.84854,39.78431],[-121.84902,39.78416],[-121.84903,39.78386],[-121.84904,39.7836],[-121.84936,39.78309],[-121.84969,39.78256],[-121.8499,39.7822],[-121.85031,39.7819],[-121.85082,39.78181],[-121.85099,39.78178],[-121.85105,39.78176],[-121.85112,39.78173],[-121.8512,39.78169],[-121.85127,39.78164],[-121.85135,39.78158],[-121.85162,39.78191],[-121.85205,39.78242],[-121.8525,39.78296],[-121.85261,39.78309],[-121.85304,39.78361],[-121.85345,39.78411],[-121.85387,39.78462],[-121.85431,39.78516],[-121.85467,39.78559],[-121.85518,39.78621],[-121.85563,39.78674],[-121.85458,39.78675],[-121.85498,39.78724],[-121.85541,39.78775],[-121.85585,39.78829],[-121.8564,39.78895],[-121.85691,39.78956],[-121.85724,39.78997],[-121.85765,39.79046],[-121.85801,39.79089],[-121.85829,39.79124],[-121.8587,39.79174],[-121.85904,39.79215],[-121.85938,39.79255],[-121.8599,39.79318],[-121.86034,39.7937],[-121.86077,39.79424],[-121.8612,39.79475],[-121.86166,39.79531],[-121.86208,39.79581],[-121.8626,39.79644],[-121.86305,39.79699],[-121.86345,39.79747],[-121.86407,39.79821],[-121.86443,39.79866],[-121.86487,39.79919],[-121.8654,39.79983],[-121.86594,39.80048],[-121.86639,39.80102],[-121.86682,39.80155]]]}},{"type":"Feature","properties":{"c":"general-aviation","n":"Iron Mountain Pumping Plant Airport"},"geometry":{"type":"Polygon","coordinates":[[[-115.12005,34.13821],[-115.12019,34.13824],[-115.12035,34.13826],[-115.12029,34.1387],[-115.1201,34.13867],[-115.11978,34.13862],[-115.11739,34.13829],[-115.11745,34.13785],[-115.11973,34.13817],[-115.11852,34.12691],[-115.11883,34.12689],[-115.12005,34.13821]]]}},{"type":"Feature","properties":{"c":"general-aviation","n":"Julian Hinds Pump Plant Airstrip"},"geometry":{"type":"Polygon","coordinates":[[[-115.64244,33.69477],[-115.64264,33.69504],[-115.63392,33.70131],[-115.63345,33.70166],[-115.63326,33.70139],[-115.64244,33.69477]]]}},{"type":"Feature","properties":{"c":"commercial","n":"Fullerton Municipal Airport"},"geometry":{"type":"Polygon","coordinates":[[[-117.98267,33.87311],[-117.98222,33.87312],[-117.98222,33.87351],[-117.97901,33.87353],[-117.97747,33.87354],[-117.97707,33.87355],[-117.9769,33.87354],[-117.97664,33.87352],[-117.97639,33.87349],[-117.97621,33.87347],[-117.97372,33.87302],[-117.97372,33.87248],[-117.97442,33.87248],[-117.97441,33.87179],[-117.97514,33.87179],[-117.97513,33.87068],[-117.97512,33.87012],[-117.97752,33.8701],[-117.97944,33.87009],[-117.97945,33.87052],[-117.97966,33.87052],[-117.97966,33.87055],[-117.98002,33.87055],[-117.98002,33.87052],[-117.98021,33.87052],[-117.98021,33.87035],[-117.98067,33.87034],[-117.98067,33.87052],[-117.98117,33.87051],[-117.98117,33.87021],[-117.98124,33.87021],[-117.98124,33.87017],[-117.98234,33.87016],[-117.98234,33.8701],[-117.98474,33.87009],[-117.98499,33.87029],[-117.98499,33.87068],[-117.985,33.8718],[-117.985,33.87186],[-117.98509,33.87189],[-117.9851,33.87293],[-117.98499,33.87292],[-117.98499,33.87299],[-117.9835,33.873],[-117.9834,33.873],[-117.98279,33.87306],[-117.98267,33.87306],[-117.98267,33.87311]]]}},{"type":"Feature","properties":{"c":"general-aviation","n":"Cloverdale Municipal Airport"},"geometry":{"type":"Polygon","coordinates":[[[-122.99422,38.78086],[-122.99398,38.77947],[-122.98951,38.77241],[-122.99009,38.77201],[-122.99087,38.77211],[-122.99139,38.77217],[-122.99233,38.77229],[-122.99252,38.77237],[-122.99268,38.77243],[-122.99298,38.77286],[-122.99299,38.77323],[-122.99299,38.77329],[-122.99322,38.77397],[-122.99381,38.77494],[-122.99412,38.77544],[-122.99391,38.77556],[-122.99386,38.77559],[-122.99342,38.77583],[-122.99378,38.77635],[-122.99405,38.77672],[-122.99567,38.77922],[-122.99556,38.77947],[-122.99594,38.78012],[-122.99611,38.78027],[-122.99641,38.78035],[-122.99422,38.78086]]]}},{"type":"Feature","properties":{"c":"commercial","n":"Eastern Sierra Regional Airport"},"geometry":{"type":"Polygon","coordinates":[[[-118.37305,37.38107],[-118.3724,37.38054],[-118.36997,37.38063],[-118.36824,37.38069],[-118.36207,37.38089],[-118.36204,37.38131],[-118.36155,37.38133],[-118.35968,37.38138],[-118.35935,37.38122],[-118.35919,37.38109],[-118.35917,37.37993],[-118.35909,37.37587],[-118.35446,37.37588],[-118.35448,37.37006],[-118.35449,37.366],[-118.35364,37.3653],[-118.35328,37.36456],[-118.35403,37.36392],[-118.35496,37.36414],[-118.35632,37.36504],[-118.35921,37.36504],[-118.3609,37.36505],[-118.36092,37.36399],[-118.36264,37.36399],[-118.36263,37.36509],[-118.367,37.36511],[-118.36699,37.36606],[-118.36784,37.36607],[-118.36784,37.36544],[-118.36787,37.36542],[-118.36786,37.36511],[-118.37699,37.36515],[-118.37701,37.36892],[-118.37704,37.37569],[-118.37704,37.37585],[-118.37716,37.38082],[-118.37717,37.38108],[-118.37328,37.38116],[-118.37318,37.38113],[-118.37305,37.38107]]]}},{"type":"Feature","properties":{"c":"general-aviation","n":"Healdsburg Municipal Airport"},"geometry":{"type":"Polygon","coordinates":[[[-122.90002,38.65685],[-122.90011,38.6568],[-122.90012,38.65675],[-122.90007,38.65661],[-122.89979,38.65606],[-122.90023,38.65546],[-122.89989,38.65521],[-122.8997,38.65496],[-122.89963,38.65488],[-122.89951,38.65471],[-122.89801,38.65294],[-122.89768,38.65255],[-122.89759,38.65245],[-122.89744,38.65229],[-122.89735,38.65219],[-122.89717,38.652],[-122.89694,38.65156],[-122.89678,38.65153],[-122.89673,38.65147],[-122.89567,38.65025],[-122.89565,38.65024],[-122.8954,38.65008],[-122.89523,38.65015],[-122.89498,38.65003],[-122.89468,38.64954],[-122.89493,38.64961],[-122.89531,38.6494],[-122.89578,38.64914],[-122.89623,38.64895],[-122.89635,38.6489],[-122.89755,38.6502],[-122.89793,38.65059],[-122.89883,38.65159],[-122.89896,38.65174],[-122.89933,38.65173],[-122.90043,38.65171],[-122.90048,38.653],[-122.90109,38.65298],[-122.90106,38.65224],[-122.90184,38.65222],[-122.90192,38.65317],[-122.90184,38.65317],[-122.90189,38.65411],[-122.90164,38.65465],[-122.90169,38.65478],[-122.90186,38.65497],[-122.90194,38.65511],[-122.90199,38.65527],[-122.90188,38.65533],[-122.90193,38.65538],[-122.90204,38.65554],[-122.90209,38.65562],[-122.90217,38.65573],[-122.90271,38.65639],[-122.90274,38.65642],[-122.90289,38.65689],[-122.90002,38.65685]]]}},{"type":"Feature","properties":{"c":"military","n":"Tusi Army Heliport (Hunter Liggett)"},"geometry":{"type":"Polygon","coordinates":[[[-121.23511,35.99077],[-121.23626,35.99033],[-121.23955,35.99637],[-121.23843,35.99681],[-121.2378,35.99587],[-121.23684,35.99439],[-121.23615,35.9946],[-121.23607,35.99446],[-121.23531,35.99312],[-121.23615,35.99279],[-121.23511,35.99077]]]}},{"type":"Feature","properties":{"c":"general-aviation"},"geometry":{"type":"Polygon","coordinates":[[[-120.90184,36.00139],[-120.90182,36.00142],[-120.90153,36.00171],[-120.9012,36.00181],[-120.90048,36.00214],[-120.89954,36.00234],[-120.89938,36.00152],[-120.9001,36.00144],[-120.90044,36.001],[-120.90051,36.00074],[-120.90058,36.0005],[-120.9006,36.00028],[-120.90049,36.00002],[-120.90027,35.9995],[-120.90077,35.99924],[-120.90112,35.99947],[-120.90121,35.99952],[-120.9014,35.99995],[-120.90854,36.00715],[-120.90907,36.00746],[-120.90914,36.00774],[-120.90909,36.00801],[-120.90868,36.00798],[-120.90184,36.00139]]]}},{"type":"Feature","properties":{"c":"commercial","n":"Merced Regional Airport/Macready Field"},"geometry":{"type":"Polygon","coordinates":[[[-120.51929,37.28647],[-120.51883,37.28605],[-120.5065,37.27495],[-120.50647,37.27571],[-120.50624,37.27572],[-120.50622,37.27556],[-120.50481,37.27547],[-120.50425,37.27547],[-120.50392,37.2757],[-120.50392,37.27796],[-120.50583,37.2797],[-120.50582,37.28079],[-120.50638,37.28079],[-120.50638,37.281],[-120.50631,37.281],[-120.5063,37.2815],[-120.50641,37.2815],[-120.50641,37.28158],[-120.50651,37.28158],[-120.50651,37.28163],[-120.50701,37.28159],[-120.50857,37.28309],[-120.50895,37.28336],[-120.50931,37.28366],[-120.50978,37.28409],[-120.51179,37.2859],[-120.51159,37.28604],[-120.51192,37.28632],[-120.51202,37.28641],[-120.51217,37.28645],[-120.51218,37.28646],[-120.5121,37.28654],[-120.512,37.2866],[-120.51193,37.28654],[-120.51094,37.28674],[-120.5109,37.28663],[-120.50871,37.28698],[-120.50868,37.28699],[-120.50865,37.287],[-120.50862,37.28702],[-120.50861,37.28704],[-120.50861,37.28708],[-120.50862,37.2871],[-120.5093,37.28979],[-120.50933,37.28981],[-120.50938,37.28983],[-120.51127,37.28953],[-120.51132,37.28951],[-120.51136,37.28949],[-120.51139,37.28946],[-120.51142,37.28941],[-120.51148,37.28937],[-120.51155,37.28934],[-120.5116,37.28934],[-120.51164,37.28935],[-120.5117,37.28937],[-120.51175,37.28941],[-120.51179,37.28946],[-120.5118,37.28951],[-120.5118,37.28955],[-120.51225,37.28951],[-120.51429,37.28923],[-120.51413,37.28864],[-120.51455,37.28856],[-120.51474,37.28852],[-120.51474,37.28854],[-120.51536,37.28829],[-120.51553,37.28843],[-120.51571,37.28861],[-120.5158,37.28872],[-120.51575,37.28874],[-120.51578,37.28877],[-120.51574,37.2888],[-120.5157,37.28882],[-120.51583,37.28894],[-120.51565,37.28939],[-120.51611,37.2898],[-120.51564,37.29091],[-120.51492,37.29072],[-120.51455,37.29159],[-120.51462,37.29165],[-120.51491,37.29169],[-120.51658,37.2917],[-120.5167,37.2917],[-120.5168,37.29171],[-120.51712,37.29179],[-120.51719,37.2917],[-120.51719,37.29079],[-120.51905,37.29245],[-120.51944,37.29225],[-120.51983,37.29209],[-120.52106,37.29358],[-120.52322,37.29358],[-120.52326,37.29266],[-120.52333,37.29261],[-120.52335,37.2922],[-120.52327,37.29214],[-120.52334,37.29013],[-120.51929,37.28647]]]}},{"type":"Feature","properties":{"c":"commercial","n":"Meadows Field Airport"},"geometry":{"type":"Polygon","coordinates":[[[-119.05154,35.43781],[-119.05238,35.43712],[-119.05256,35.43704],[-119.05266,35.43694],[-119.05283,35.43676],[-119.05204,35.43614],[-119.04852,35.43608],[-119.04853,35.43435],[-119.04853,35.43409],[-119.04811,35.43409],[-119.04591,35.43408],[-119.04531,35.43409],[-119.04544,35.43385],[-119.04551,35.43373],[-119.04535,35.43366],[-119.04521,35.43357],[-119.04508,35.43347],[-119.0449,35.43331],[-119.04373,35.43335],[-119.04373,35.43323],[-119.0437,35.43322],[-119.04367,35.4332],[-119.04362,35.43317],[-119.04361,35.43312],[-119.04362,35.43092],[-119.04351,35.43093],[-119.04352,35.42976],[-119.04347,35.42963],[-119.04339,35.42952],[-119.04337,35.42945],[-119.04337,35.42938],[-119.04336,35.42922],[-119.04333,35.42906],[-119.0433,35.42896],[-119.04356,35.42874],[-119.04395,35.4284],[-119.04422,35.42818],[-119.04424,35.42804],[-119.04388,35.42774],[-119.04383,35.42778],[-119.04295,35.42705],[-119.04295,35.42676],[-119.04197,35.42675],[-119.04198,35.42671],[-119.04183,35.42671],[-119.04146,35.4267],[-119.04146,35.42664],[-119.04132,35.42664],[-119.04132,35.42669],[-119.04107,35.42669],[-119.04039,35.42669],[-119.04039,35.42652],[-119.04025,35.42652],[-119.04025,35.42643],[-119.04021,35.42642],[-119.04003,35.42642],[-119.03946,35.42595],[-119.03942,35.42594],[-119.03938,35.42588],[-119.03936,35.42582],[-119.03935,35.42576],[-119.03934,35.42554],[-119.03934,35.42552],[-119.03934,35.4253],[-119.03933,35.42502],[-119.03933,35.42495],[-119.03932,35.42459],[-119.03933,35.42451],[-119.03932,35.42439],[-119.03932,35.42424],[-119.03932,35.42415],[-119.03932,35.42401],[-119.03932,35.42385],[-119.03932,35.42362],[-119.03932,35.42348],[-119.03931,35.42336],[-119.0393,35.42322],[-119.0393,35.42286],[-119.03929,35.42273],[-119.03939,35.42272],[-119.03945,35.42272],[-119.03945,35.42265],[-119.03945,35.42245],[-119.0393,35.42245],[-119.03929,35.42199],[-119.03944,35.422],[-119.03944,35.42191],[-119.03929,35.4219],[-119.03926,35.42058],[-119.03927,35.41977],[-119.03935,35.41971],[-119.04233,35.4197],[-119.0459,35.41971],[-119.0459,35.41973],[-119.04612,35.41973],[-119.04612,35.41971],[-119.0473,35.41971],[-119.04731,35.42064],[-119.0473,35.42065],[-119.04716,35.42076],[-119.04722,35.42081],[-119.04704,35.42095],[-119.04736,35.42122],[-119.04737,35.42123],[-119.04729,35.42133],[-119.04793,35.42186],[-119.04796,35.42189],[-119.04796,35.42193],[-119.04796,35.42325],[-119.05009,35.42327],[-119.05058,35.42327],[-119.05073,35.42327],[-119.05167,35.42327],[-119.05184,35.42327],[-119.05233,35.42328],[-119.05656,35.4233],[-119.05658,35.42529],[-119.05659,35.42691],[-119.0566,35.42733],[-119.0568,35.42733],[-119.0568,35.42783],[-119.0567,35.4279],[-119.05671,35.42798],[-119.0567,35.42804],[-119.0567,35.42811],[-119.0567,35.42818],[-119.05679,35.42826],[-119.05678,35.42849],[-119.05812,35.42955],[-119.05812,35.42958],[-119.06082,35.43183],[-119.06023,35.43232],[-119.06121,35.43311],[-119.06325,35.43482],[-119.06396,35.43541],[-119.06411,35.4353],[-119.06467,35.43487],[-119.06547,35.43485],[-119.06448,35.43562],[-119.06443,35.43566],[-119.06435,35.43572],[-119.06495,35.43622],[-119.06571,35.43684],[-119.06762,35.43843],[-119.06884,35.43945],[-119.06969,35.44015],[-119.07034,35.44072],[-119.07091,35.4412],[-119.06987,35.4412],[-119.06941,35.44123],[-119.06888,35.44129],[-119.06863,35.44132],[-119.06837,35.44137],[-119.06812,35.44143],[-119.06787,35.4415],[-119.06782,35.44151],[-119.06784,35.44155],[-119.067,35.44182],[-119.06728,35.44206],[-119.06813,35.44177],[-119.06815,35.44182],[-119.06876,35.44165],[-119.06923,35.44157],[-119.06967,35.44153],[-119.07046,35.44152],[-119.07146,35.44152],[-119.07201,35.44152],[-119.07252,35.44153],[-119.07291,35.44154],[-119.0729,35.44207],[-119.07434,35.44206],[-119.07438,35.44207],[-119.07441,35.44206],[-119.07452,35.44206],[-119.0745,35.44281],[-119.07451,35.44345],[-119.07455,35.44478],[-119.07449,35.44563],[-119.07456,35.44742],[-119.07459,35.449],[-119.07456,35.45361],[-119.07435,35.45377],[-119.07082,35.45088],[-119.06521,35.44631],[-119.06231,35.44382],[-119.06206,35.4436],[-119.06247,35.44355],[-119.06267,35.44353],[-119.06297,35.44348],[-119.06338,35.44339],[-119.06387,35.44326],[-119.06427,35.44314],[-119.06426,35.44309],[-119.06463,35.44297],[-119.06426,35.44268],[-119.06409,35.44272],[-119.06332,35.443],[-119.06306,35.44309],[-119.06279,35.44315],[-119.06252,35.44321],[-119.06226,35.44324],[-119.06168,35.44329],[-119.06156,35.44319],[-119.06137,35.44315],[-119.06093,35.44266],[-119.06006,35.44193],[-119.05933,35.44133],[-119.05724,35.44132],[-119.05692,35.44133],[-119.05683,35.44127],[-119.0568,35.43962],[-119.05626,35.43917],[-119.05606,35.43931],[-119.05574,35.43904],[-119.05443,35.43998],[-119.05393,35.43988],[-119.05265,35.43922],[-119.05153,35.43831],[-119.05147,35.43815],[-119.05148,35.43801],[-119.05154,35.43781]]]}},{"type":"Feature","properties":{"c":"commercial","n":"Madera Municipal Airport"},"geometry":{"type":"Polygon","coordinates":[[[-120.10137,36.9848],[-120.10135,36.98215],[-120.10171,36.98215],[-120.1017,36.98176],[-120.10139,36.98175],[-120.10137,36.97832],[-120.10314,36.97831],[-120.1067,36.98217],[-120.11031,36.98217],[-120.1195,36.9822],[-120.11951,36.98235],[-120.12047,36.98237],[-120.12048,36.98405],[-120.11912,36.98405],[-120.11396,36.98883],[-120.11785,36.99195],[-120.11821,36.99166],[-120.1199,36.99266],[-120.121,36.99332],[-120.12112,36.99343],[-120.12152,36.99379],[-120.12243,36.99433],[-120.12264,36.99637],[-120.11947,36.9963],[-120.11947,36.99625],[-120.11936,36.99625],[-120.11936,36.9963],[-120.11624,36.9963],[-120.11001,36.9913],[-120.10968,36.99152],[-120.10876,36.99083],[-120.10745,36.98969],[-120.10375,36.98672],[-120.10365,36.98646],[-120.10358,36.98634],[-120.1035,36.98623],[-120.10338,36.98608],[-120.1033,36.98601],[-120.10318,36.98592],[-120.10304,36.98583],[-120.10287,36.98574],[-120.1027,36.98567],[-120.10247,36.98559],[-120.10231,36.98556],[-120.10137,36.9848]]]}},{"type":"Feature","properties":{"c":"general-aviation","n":"Alturas Municipal Airport"},"geometry":{"type":"Polygon","coordinates":[[[-120.56101,41.48689],[-120.56233,41.48689],[-120.56246,41.48689],[-120.56263,41.48688],[-120.56351,41.48687],[-120.56419,41.48686],[-120.56418,41.48723],[-120.56615,41.48723],[-120.56917,41.4886],[-120.57108,41.48867],[-120.57174,41.48852],[-120.569,41.48515],[-120.56903,41.48107],[-120.57034,41.48012],[-120.56895,41.47959],[-120.56832,41.48007],[-120.56471,41.48008],[-120.56219,41.47699],[-120.55958,41.4769],[-120.56371,41.48184],[-120.55945,41.48185],[-120.55943,41.48576],[-120.55998,41.48575],[-120.55998,41.4869],[-120.56012,41.4869],[-120.56011,41.48722],[-120.56101,41.48722],[-120.56101,41.48689]]]}},{"type":"Feature","properties":{"c":"commercial","n":"Del Norte County Regional Airport, Jack McNamara Field"},"geometry":{"type":"Polygon","coordinates":[[[-124.23502,41.77707],[-124.23031,41.77378],[-124.22912,41.77409],[-124.22854,41.77446],[-124.22625,41.77298],[-124.22475,41.77418],[-124.23283,41.77999],[-124.23375,41.78242],[-124.23436,41.78295],[-124.23444,41.78377],[-124.23416,41.7845],[-124.23437,41.78558],[-124.23433,41.7859],[-124.2344,41.7865],[-124.23428,41.78675],[-124.23455,41.78707],[-124.23497,41.78744],[-124.23536,41.78759],[-124.23566,41.78751],[-124.23568,41.78741],[-124.23577,41.78734],[-124.23596,41.78745],[-124.23651,41.78829],[-124.23651,41.78846],[-124.23677,41.78905],[-124.23695,41.789],[-124.23735,41.78935],[-124.23767,41.78921],[-124.23819,41.78943],[-124.23868,41.78998],[-124.23945,41.7907],[-124.24011,41.79083],[-124.24394,41.7908],[-124.24419,41.79084],[-124.24578,41.78968],[-124.24622,41.78919],[-124.24697,41.78878],[-124.24844,41.78748],[-124.24825,41.7873],[-124.24803,41.78682],[-124.2466,41.78606],[-124.2464,41.78607],[-124.24626,41.7859],[-124.24372,41.78458],[-124.24364,41.78301],[-124.24323,41.78223],[-124.24332,41.78202],[-124.24323,41.78182],[-124.24229,41.78109],[-124.24121,41.77967],[-124.24114,41.7726],[-124.23879,41.77195],[-124.23801,41.7729],[-124.23769,41.77344],[-124.23741,41.77403],[-124.23629,41.77596],[-124.23594,41.77683],[-124.23653,41.77714],[-124.23688,41.7772],[-124.23675,41.77757],[-124.23648,41.77752],[-124.23641,41.7776],[-124.23619,41.77766],[-124.23605,41.77774],[-124.23583,41.77783],[-124.23562,41.77786],[-124.23534,41.77784],[-124.23527,41.77766],[-124.23525,41.77762],[-124.23477,41.77773],[-124.23476,41.77769],[-124.23465,41.77771],[-124.23454,41.77774],[-124.23443,41.7775],[-124.23464,41.77744],[-124.2351,41.77732],[-124.23502,41.77707]]]}},{"type":"Feature","properties":{"c":"commercial","n":"Hollywood Burbank Airport"},"geometry":{"type":"Polygon","coordinates":[[[-118.36239,34.20387],[-118.36214,34.20214],[-118.36202,34.2013],[-118.36203,34.20126],[-118.36202,34.20122],[-118.36211,34.20113],[-118.36214,34.20112],[-118.3624,34.20112],[-118.36483,34.20111],[-118.36703,34.20111],[-118.36703,34.20054],[-118.36704,34.19959],[-118.37016,34.19965],[-118.37016,34.1963],[-118.36118,34.1946],[-118.36111,34.19479],[-118.36093,34.19477],[-118.36093,34.19475],[-118.36091,34.19474],[-118.36063,34.19469],[-118.36029,34.19458],[-118.36004,34.19452],[-118.35929,34.19438],[-118.35854,34.19423],[-118.35824,34.19417],[-118.35486,34.1935],[-118.35483,34.19353],[-118.35368,34.1933],[-118.35364,34.19325],[-118.35335,34.1932],[-118.35298,34.19315],[-118.34962,34.19248],[-118.3495,34.19247],[-118.34937,34.19246],[-118.3493,34.19246],[-118.34926,34.19247],[-118.34925,34.19255],[-118.34915,34.19255],[-118.34915,34.19348],[-118.34915,34.19363],[-118.34912,34.19483],[-118.34915,34.19502],[-118.34913,34.19534],[-118.34911,34.19544],[-118.34911,34.19554],[-118.34914,34.19558],[-118.34912,34.19589],[-118.34909,34.19592],[-118.34902,34.19918],[-118.3497,34.19919],[-118.34972,34.19916],[-118.3499,34.19917],[-118.34992,34.19915],[-118.35485,34.19921],[-118.35491,34.19923],[-118.35499,34.19928],[-118.35501,34.19932],[-118.35588,34.20247],[-118.3564,34.20436],[-118.35704,34.20668],[-118.35718,34.20721],[-118.35718,34.20956],[-118.35719,34.20959],[-118.35719,34.20962],[-118.35741,34.21041],[-118.35749,34.2107],[-118.35755,34.21092],[-118.35756,34.21103],[-118.35758,34.21108],[-118.35763,34.21113],[-118.35765,34.21116],[-118.3577,34.2112],[-118.36182,34.21402],[-118.36214,34.21425],[-118.36223,34.2143],[-118.36276,34.21467],[-118.3628,34.21464],[-118.36281,34.21463],[-118.36275,34.21375],[-118.36273,34.21339],[-118.36269,34.21285],[-118.36214,34.21285],[-118.36207,34.21285],[-118.36182,34.21285],[-118.36182,34.21058],[-118.36139,34.21057],[-118.36139,34.21048],[-118.36139,34.21036],[-118.36136,34.21035],[-118.36137,34.20866],[-118.36105,34.20865],[-118.36102,34.20865],[-118.36087,34.20811],[-118.36091,34.20811],[-118.36176,34.20812],[-118.36177,34.20762],[-118.36073,34.2076],[-118.3607,34.2076],[-118.36071,34.20681],[-118.36091,34.20681],[-118.36028,34.20464],[-118.36028,34.20439],[-118.3603,34.20409],[-118.36196,34.20412],[-118.36197,34.20407],[-118.36206,34.2039],[-118.36239,34.20387]]]}},{"type":"Feature","properties":{"c":"commercial","n":"San Diego International Airport"},"geometry":{"type":"Polygon","coordinates":[[[-117.20624,32.73659],[-117.20777,32.73497],[-117.20801,32.73484],[-117.20839,32.7325],[-117.20845,32.73209],[-117.20865,32.73089],[-117.20774,32.7308],[-117.20786,32.73002],[-117.20729,32.73008],[-117.20731,32.73018],[-117.20733,32.7302],[-117.20746,32.73041],[-117.20725,32.73047],[-117.2073,32.73067],[-117.20713,32.73072],[-117.20696,32.73075],[-117.2068,32.73077],[-117.2066,32.73078],[-117.2064,32.73077],[-117.20621,32.73075],[-117.20602,32.7307],[-117.20584,32.73065],[-117.20567,32.73058],[-117.20564,32.73065],[-117.20547,32.73062],[-117.20525,32.73053],[-117.2048,32.73048],[-117.20484,32.72954],[-117.20447,32.72952],[-117.19956,32.72952],[-117.19791,32.72952],[-117.19607,32.72956],[-117.19578,32.72959],[-117.19556,32.72961],[-117.1953,32.72962],[-117.19495,32.7296],[-117.19491,32.72957],[-117.19492,32.72956],[-117.1949,32.72955],[-117.19487,32.72954],[-117.19415,32.7295],[-117.19353,32.72944],[-117.19228,32.72935],[-117.18806,32.72922],[-117.18598,32.72911],[-117.18553,32.72907],[-117.18509,32.72899],[-117.18428,32.72881],[-117.18257,32.72822],[-117.18175,32.72793],[-117.18117,32.72779],[-117.18065,32.72772],[-117.18024,32.72771],[-117.17995,32.72787],[-117.17951,32.72801],[-117.17949,32.72798],[-117.17673,32.72891],[-117.17444,32.72962],[-117.17438,32.72966],[-117.17416,32.72972],[-117.17469,32.73094],[-117.1749,32.73117],[-117.17471,32.73125],[-117.17475,32.73134],[-117.17479,32.73143],[-117.17492,32.73168],[-117.17513,32.73203],[-117.17532,32.73228],[-117.17547,32.73247],[-117.17558,32.73261],[-117.1769,32.73411],[-117.17733,32.73458],[-117.17965,32.73728],[-117.18011,32.73774],[-117.18062,32.73819],[-117.18111,32.73855],[-117.1816,32.73887],[-117.18213,32.73919],[-117.18274,32.73947],[-117.18455,32.74017],[-117.18485,32.73967],[-117.1856,32.73849],[-117.18598,32.73843],[-117.18753,32.73915],[-117.18779,32.73918],[-117.18785,32.73918],[-117.18789,32.73916],[-117.18796,32.73905],[-117.1881,32.73912],[-117.18818,32.7391],[-117.18827,32.73907],[-117.18838,32.73902],[-117.18851,32.73894],[-117.18859,32.73888],[-117.1887,32.73877],[-117.1899,32.73694],[-117.19007,32.73669],[-117.19019,32.73634],[-117.19025,32.73617],[-117.19062,32.73559],[-117.19065,32.73555],[-117.19069,32.73552],[-117.19073,32.73549],[-117.19079,32.73545],[-117.19098,32.73531],[-117.19131,32.73481],[-117.2049,32.73808],[-117.20571,32.73818],[-117.20624,32.73659]]]}},{"type":"Feature","properties":{"c":"general-aviation","n":"Desert Center Airport"},"geometry":{"type":"Polygon","coordinates":[[[-115.33153,33.74583],[-115.32157,33.7499],[-115.31789,33.7514],[-115.31725,33.75025],[-115.32091,33.74873],[-115.3331,33.74368],[-115.33384,33.74489],[-115.33272,33.74535],[-115.33119,33.75136],[-115.33265,33.7517],[-115.33221,33.75364],[-115.33219,33.7537],[-115.33218,33.75377],[-115.33217,33.7538],[-115.33179,33.75377],[-115.3309,33.75429],[-115.33078,33.75436],[-115.33019,33.75426],[-115.33205,33.74673],[-115.33153,33.74583]]]}},{"type":"Feature","properties":{"c":"general-aviation","n":"Chowchilla Airport"},"geometry":{"type":"Polygon","coordinates":[[[-120.25227,37.11818],[-120.25242,37.11814],[-120.25258,37.11805],[-120.25424,37.11677],[-120.25373,37.11635],[-120.25374,37.11546],[-120.25173,37.11546],[-120.25096,37.11548],[-120.25009,37.11475],[-120.24874,37.11291],[-120.24874,37.11287],[-120.24874,37.11276],[-120.2488,37.11275],[-120.24876,37.11142],[-120.24864,37.11129],[-120.24551,37.11123],[-120.24289,37.10919],[-120.24262,37.10909],[-120.24247,37.10902],[-120.24232,37.10893],[-120.24176,37.10851],[-120.24155,37.10843],[-120.24135,37.10837],[-120.24112,37.10835],[-120.24097,37.10835],[-120.24083,37.10837],[-120.24066,37.10841],[-120.24053,37.10847],[-120.24041,37.10854],[-120.2403,37.1086],[-120.2401,37.10876],[-120.23999,37.10889],[-120.2399,37.10904],[-120.23981,37.10923],[-120.23977,37.10937],[-120.23974,37.1095],[-120.23973,37.10963],[-120.23972,37.10975],[-120.23974,37.10988],[-120.23976,37.11],[-120.23982,37.11018],[-120.23989,37.11035],[-120.24011,37.11057],[-120.24054,37.11091],[-120.24279,37.11269],[-120.2432,37.11274],[-120.24359,37.11276],[-120.24518,37.11275],[-120.25195,37.1181],[-120.25208,37.11816],[-120.25218,37.11818],[-120.25227,37.11818]]]}},{"type":"Feature","properties":{"c":"general-aviation","n":"Calaveras County Airport"},"geometry":{"type":"Polygon","coordinates":[[[-120.65048,38.15171],[-120.65297,38.15048],[-120.64851,38.14529],[-120.64457,38.14069],[-120.64388,38.14105],[-120.64229,38.14187],[-120.64397,38.14312],[-120.64446,38.14496],[-120.64545,38.14614],[-120.64608,38.14684],[-120.64778,38.14896],[-120.65048,38.15171]]]}},{"type":"Feature","properties":{"c":"general-aviation","n":"Cameron Airpark"},"geometry":{"type":"Polygon","coordinates":[[[-120.99333,38.69087],[-120.99413,38.69039],[-120.99193,38.68826],[-120.9922,38.6881],[-120.98822,38.68402],[-120.98591,38.68155],[-120.98604,38.68147],[-120.98546,38.68085],[-120.98532,38.68094],[-120.98382,38.67931],[-120.98401,38.67921],[-120.9834,38.67884],[-120.98312,38.6786],[-120.9829,38.67835],[-120.98265,38.6779],[-120.98248,38.67761],[-120.9822,38.67733],[-120.98193,38.67722],[-120.9816,38.6772],[-120.98108,38.67726],[-120.981,38.67729],[-120.98098,38.67735],[-120.98114,38.67776],[-120.98132,38.67817],[-120.98151,38.6786],[-120.98172,38.67898],[-120.98198,38.67892],[-120.98213,38.67907],[-120.98227,38.679],[-120.9828,38.67951],[-120.98268,38.67958],[-120.98271,38.67963],[-120.98263,38.67966],[-120.98278,38.67993],[-120.98259,38.68001],[-120.9824,38.68023],[-120.9828,38.68087],[-120.98339,38.68167],[-120.98364,38.68198],[-120.9842,38.68262],[-120.98515,38.68221],[-120.98624,38.68337],[-120.98533,38.68391],[-120.98587,38.68445],[-120.98664,38.68428],[-120.98704,38.68409],[-120.99113,38.68856],[-120.99333,38.69087]]]}},{"type":"Feature","properties":{"c":"general-aviation","n":"University Airport"},"geometry":{"type":"Polygon","coordinates":[[[-121.79043,38.53174],[-121.79046,38.52973],[-121.79036,38.52973],[-121.78859,38.52972],[-121.78744,38.52806],[-121.78747,38.52672],[-121.78712,38.52671],[-121.78713,38.52572],[-121.7871,38.5257],[-121.78563,38.52569],[-121.78553,38.52602],[-121.78547,38.52602],[-121.78547,38.5269],[-121.78575,38.52691],[-121.78569,38.52896],[-121.78569,38.52958],[-121.78556,38.53689],[-121.78563,38.53695],[-121.78699,38.53696],[-121.78717,38.53597],[-121.78717,38.53511],[-121.78768,38.53419],[-121.78818,38.53356],[-121.78973,38.53357],[-121.79049,38.53298],[-121.79043,38.53174]]]}},{"type":"Feature","properties":{"c":"general-aviation","n":"Clark Ranch Airport"},"geometry":{"type":"Polygon","coordinates":[[[-121.30799,36.36106],[-121.30765,36.36034],[-121.3122,36.36555],[-121.31245,36.36578],[-121.31263,36.36586],[-121.3129,36.3662],[-121.3127,36.36632],[-121.31252,36.36616],[-121.31247,36.3661],[-121.31166,36.36515],[-121.3113,36.36533],[-121.31083,36.36482],[-121.31121,36.36464],[-121.31074,36.36408],[-121.30799,36.36106]]]}},{"type":"Feature","properties":{"c":"commercial","n":"Borrego Valley Airport"},"geometry":{"type":"Polygon","coordinates":[[[-116.33289,33.26038],[-116.30871,33.26066],[-116.30852,33.25759],[-116.3245,33.25734],[-116.32459,33.25738],[-116.32462,33.25738],[-116.32482,33.25738],[-116.32522,33.25748],[-116.32548,33.25748],[-116.32607,33.25746],[-116.32612,33.2574],[-116.32612,33.25732],[-116.32625,33.25732],[-116.32625,33.25738],[-116.32683,33.25737],[-116.32683,33.2573],[-116.33283,33.25722],[-116.33289,33.26038]]]}},{"type":"Feature","properties":{"c":"commercial","n":"Zamperini Field"},"geometry":{"type":"Polygon","coordinates":[[[-118.34766,33.81066],[-118.34757,33.81069],[-118.34736,33.81066],[-118.34536,33.80941],[-118.34294,33.80783],[-118.34208,33.80724],[-118.34178,33.80708],[-118.34123,33.80684],[-118.34017,33.80612],[-118.34036,33.80591],[-118.33826,33.80455],[-118.3382,33.80459],[-118.33564,33.80289],[-118.33547,33.80302],[-118.33501,33.80271],[-118.33506,33.8026],[-118.33492,33.80245],[-118.33476,33.80242],[-118.33401,33.80193],[-118.33394,33.80179],[-118.33361,33.80155],[-118.33325,33.80131],[-118.33244,33.80078],[-118.33195,33.80047],[-118.33127,33.79999],[-118.33148,33.79969],[-118.33068,33.79913],[-118.32996,33.79992],[-118.32866,33.79905],[-118.32852,33.79905],[-118.32851,33.79866],[-118.32868,33.79866],[-118.32867,33.79848],[-118.32879,33.79836],[-118.32881,33.7983],[-118.32874,33.79833],[-118.3286,33.79824],[-118.32876,33.79799],[-118.32882,33.79799],[-118.32882,33.79763],[-118.32854,33.79761],[-118.32856,33.79599],[-118.32857,33.796],[-118.32897,33.79626],[-118.32933,33.79651],[-118.32958,33.79657],[-118.32966,33.79617],[-118.32972,33.79612],[-118.33004,33.79584],[-118.33021,33.79569],[-118.32992,33.79533],[-118.33082,33.79476],[-118.33098,33.79483],[-118.33419,33.79485],[-118.33419,33.79478],[-118.33473,33.79477],[-118.33497,33.79492],[-118.33499,33.79664],[-118.33508,33.7967],[-118.33554,33.79619],[-118.34077,33.79967],[-118.34007,33.80044],[-118.34136,33.80129],[-118.34203,33.80174],[-118.34217,33.80158],[-118.3425,33.80122],[-118.34297,33.80155],[-118.3431,33.80141],[-118.34352,33.80172],[-118.34413,33.80218],[-118.34576,33.80343],[-118.34613,33.80369],[-118.34632,33.80382],[-118.34654,33.80398],[-118.34669,33.80408],[-118.34685,33.8042],[-118.34695,33.80428],[-118.34692,33.80435],[-118.34691,33.80442],[-118.34694,33.80447],[-118.34702,33.80455],[-118.3475,33.80489],[-118.34763,33.80498],[-118.34738,33.80525],[-118.34776,33.8055],[-118.34773,33.8084],[-118.34774,33.81054],[-118.34766,33.81066]]]}},{"type":"Feature","properties":{"c":"commercial","n":"Marina Municipal Airport"},"geometry":{"type":"Polygon","coordinates":[[[-121.76508,36.67758],[-121.76719,36.67864],[-121.77071,36.68049],[-121.7733,36.68187],[-121.77333,36.6819],[-121.77336,36.68193],[-121.77338,36.68196],[-121.77339,36.682],[-121.7734,36.68203],[-121.7734,36.68207],[-121.7734,36.68211],[-121.77338,36.68214],[-121.76919,36.68754],[-121.76917,36.68756],[-121.76915,36.68758],[-121.76913,36.68759],[-121.76911,36.6876],[-121.76908,36.68761],[-121.76906,36.68761],[-121.76903,36.68762],[-121.769,36.68761],[-121.76898,36.68761],[-121.76895,36.6876],[-121.7689,36.68758],[-121.76817,36.68725],[-121.76535,36.68603],[-121.76527,36.68599],[-121.7652,36.68593],[-121.76487,36.6857],[-121.76432,36.68529],[-121.75971,36.68282],[-121.7574,36.68228],[-121.75582,36.68137],[-121.75576,36.68114],[-121.75572,36.68093],[-121.75569,36.68056],[-121.7551,36.67951],[-121.75486,36.67927],[-121.75455,36.67906],[-121.75382,36.67861],[-121.75353,36.67835],[-121.75336,36.67817],[-121.75324,36.67802],[-121.75284,36.6774],[-121.75212,36.67657],[-121.75188,36.67647],[-121.75058,36.67565],[-121.75112,36.67514],[-121.7518,36.67431],[-121.75416,36.67112],[-121.75558,36.66917],[-121.75664,36.66765],[-121.757,36.66754],[-121.75783,36.66766],[-121.762,36.66965],[-121.76893,36.67286],[-121.76508,36.67758]]]}},{"type":"Feature","properties":{"c":"general-aviation","n":"Rio Vista Municipal Airport"},"geometry":{"type":"Polygon","coordinates":[[[-121.70474,38.18766],[-121.70745,38.18981],[-121.71291,38.19414],[-121.71206,38.19455],[-121.71144,38.19433],[-121.71066,38.19426],[-121.71007,38.19428],[-121.70961,38.19414],[-121.70906,38.19407],[-121.70876,38.19408],[-121.70855,38.19418],[-121.70808,38.19528],[-121.70828,38.19573],[-121.70827,38.19586],[-121.70818,38.19595],[-121.70767,38.1961],[-121.70756,38.19611],[-121.70746,38.19609],[-121.70734,38.19603],[-121.7071,38.1961],[-121.70576,38.19741],[-121.70459,38.19704],[-121.70235,38.19701],[-121.70175,38.19696],[-121.70121,38.19684],[-121.69686,38.19543],[-121.69639,38.19534],[-121.69599,38.1953],[-121.69555,38.19538],[-121.69384,38.1962],[-121.69354,38.1963],[-121.6932,38.19635],[-121.69044,38.19649],[-121.69032,38.19645],[-121.69024,38.19636],[-121.68996,38.19609],[-121.69039,38.19274],[-121.69847,38.19229],[-121.69901,38.19225],[-121.70474,38.18766]]]}},{"type":"Feature","properties":{"c":"general-aviation","n":"Watts - Woodland Airport"},"geometry":{"type":"Polygon","coordinates":[[[-121.86865,38.67793],[-121.86891,38.67801],[-121.86909,38.67822],[-121.86912,38.67833],[-121.86907,38.67854],[-121.86904,38.67879],[-121.8691,38.6789],[-121.86918,38.67901],[-121.86939,38.67911],[-121.86976,38.6792],[-121.86989,38.67922],[-121.87023,38.67885],[-121.87073,38.67848],[-121.87134,38.67707],[-121.87196,38.67669],[-121.87239,38.67581],[-121.87216,38.67575],[-121.8746,38.67029],[-121.87518,38.67038],[-121.87556,38.66883],[-121.875,38.66877],[-121.87464,38.66877],[-121.87438,38.66878],[-121.87408,38.66879],[-121.87374,38.66884],[-121.87315,38.66897],[-121.87237,38.66913],[-121.87212,38.6692],[-121.87207,38.66923],[-121.87204,38.66933],[-121.87197,38.66964],[-121.87187,38.67008],[-121.87169,38.6706],[-121.8715,38.67105],[-121.87141,38.67128],[-121.87117,38.67123],[-121.87095,38.67119],[-121.87046,38.6711],[-121.87018,38.67201],[-121.86955,38.67468],[-121.86941,38.67525],[-121.86918,38.67619],[-121.86909,38.67655],[-121.86884,38.67746],[-121.86876,38.67765],[-121.86867,38.67779],[-121.86862,38.67788],[-121.86865,38.67793]]]}},{"type":"Feature","properties":{"c":"general-aviation","n":"Metz Airport"},"geometry":{"type":"Polygon","coordinates":[[[-121.18882,36.33048],[-121.18888,36.33067],[-121.1889,36.33087],[-121.18882,36.33123],[-121.18888,36.33149],[-121.18887,36.33172],[-121.18874,36.33184],[-121.1886,36.33191],[-121.18841,36.33198],[-121.18822,36.33203],[-121.18721,36.33035],[-121.18634,36.32862],[-121.18617,36.32824],[-121.18603,36.32797],[-121.18582,36.32771],[-121.18454,36.32544],[-121.18418,36.3248],[-121.18396,36.32426],[-121.18383,36.32399],[-121.18353,36.32352],[-121.18326,36.323],[-121.18319,36.32274],[-121.18315,36.32247],[-121.18311,36.32196],[-121.18312,36.32125],[-121.18321,36.32107],[-121.1854,36.32398],[-121.18781,36.32874],[-121.18872,36.3303],[-121.18882,36.33048]]]}},{"type":"Feature","properties":{"c":"commercial","n":"Truckee-Tahoe Airport"},"geometry":{"type":"Polygon","coordinates":[[[-120.12557,39.3267],[-120.12585,39.32641],[-120.12719,39.325],[-120.12775,39.32326],[-120.12772,39.323],[-120.12767,39.32248],[-120.12724,39.32088],[-120.12706,39.31971],[-120.12626,39.31549],[-120.12531,39.31029],[-120.12585,39.30873],[-120.12746,39.30803],[-120.1302,39.30785],[-120.13228,39.30829],[-120.13423,39.3092],[-120.13455,39.30903],[-120.13484,39.30888],[-120.13561,39.30851],[-120.13622,39.30821],[-120.13695,39.30822],[-120.13863,39.3102],[-120.13934,39.31076],[-120.14006,39.31123],[-120.14099,39.31168],[-120.14199,39.3121],[-120.14194,39.3134],[-120.14153,39.31397],[-120.14134,39.31408],[-120.14226,39.31562],[-120.14386,39.31633],[-120.14638,39.31743],[-120.14655,39.3175],[-120.14687,39.31706],[-120.14693,39.31701],[-120.147,39.317],[-120.14706,39.31701],[-120.15076,39.31867],[-120.15097,39.31876],[-120.15216,39.3193],[-120.15182,39.31976],[-120.15381,39.32061],[-120.15497,39.32113],[-120.15515,39.32124],[-120.15515,39.32139],[-120.15517,39.3216],[-120.15524,39.32184],[-120.15543,39.32211],[-120.15568,39.32231],[-120.15625,39.32263],[-120.15673,39.32295],[-120.15701,39.32326],[-120.15711,39.32344],[-120.1572,39.32359],[-120.15729,39.32397],[-120.15729,39.32407],[-120.1573,39.32433],[-120.15732,39.32509],[-120.15728,39.32559],[-120.15718,39.32592],[-120.15713,39.32601],[-120.15699,39.32627],[-120.15675,39.32657],[-120.15642,39.32688],[-120.15632,39.32694],[-120.15622,39.32699],[-120.15602,39.32711],[-120.15577,39.32722],[-120.1555,39.32734],[-120.14966,39.3248],[-120.14873,39.3261],[-120.14198,39.32311],[-120.142,39.32645],[-120.12557,39.3267]]]}},{"type":"Feature","properties":{"c":"general-aviation"},"geometry":{"type":"Polygon","coordinates":[[[-117.46926,33.78114],[-117.47054,33.7803],[-117.47044,33.78019],[-117.47012,33.78039],[-117.46997,33.78031],[-117.46987,33.78021],[-117.46917,33.7807],[-117.46937,33.78088],[-117.46915,33.78102],[-117.46921,33.78108],[-117.46926,33.78114]]]}},{"type":"Feature","properties":{"c":"commercial","n":"McClellan Airfield"},"geometry":{"type":"Polygon","coordinates":[[[-121.40367,38.67606],[-121.40368,38.67898],[-121.40376,38.6833],[-121.40478,38.6833],[-121.40569,38.68342],[-121.406,38.68612],[-121.40599,38.69033],[-121.40598,38.69059],[-121.39692,38.69027],[-121.39647,38.69021],[-121.3954,38.69009],[-121.39536,38.68895],[-121.39538,38.6874],[-121.39538,38.68342],[-121.39538,38.68328],[-121.39538,38.68321],[-121.39536,38.68217],[-121.39562,38.68217],[-121.39565,38.6814],[-121.39447,38.68141],[-121.39448,38.68037],[-121.39448,38.68],[-121.39448,38.67957],[-121.39447,38.67905],[-121.39413,38.67904],[-121.39412,38.67867],[-121.3941,38.67866],[-121.39226,38.67864],[-121.39226,38.67835],[-121.39228,38.67835],[-121.39228,38.67769],[-121.39228,38.67753],[-121.39228,38.67724],[-121.39228,38.67693],[-121.39229,38.67689],[-121.39228,38.67613],[-121.39229,38.6761],[-121.39235,38.67605],[-121.3924,38.67603],[-121.39253,38.67602],[-121.39253,38.676],[-121.39253,38.67598],[-121.39286,38.67598],[-121.39285,38.67564],[-121.39286,38.67528],[-121.39285,38.67476],[-121.39284,38.67193],[-121.39283,38.66872],[-121.39361,38.66868],[-121.39356,38.66497],[-121.39448,38.66497],[-121.39447,38.66436],[-121.39358,38.66434],[-121.39368,38.66256],[-121.39289,38.66156],[-121.39237,38.66087],[-121.39008,38.66077],[-121.39012,38.65796],[-121.39034,38.65781],[-121.39065,38.65769],[-121.39115,38.65757],[-121.39179,38.65756],[-121.39183,38.65556],[-121.39183,38.65509],[-121.39186,38.65478],[-121.39161,38.65481],[-121.38986,38.65522],[-121.38955,38.65532],[-121.38887,38.65564],[-121.38878,38.65568],[-121.38839,38.65577],[-121.38795,38.65585],[-121.38783,38.65584],[-121.38772,38.6558],[-121.3876,38.65571],[-121.38749,38.65561],[-121.38975,38.65358],[-121.40313,38.64105],[-121.40547,38.63901],[-121.40551,38.63904],[-121.40557,38.63909],[-121.4056,38.63974],[-121.40561,38.6398],[-121.40574,38.63982],[-121.40577,38.63991],[-121.41056,38.63998],[-121.41053,38.6407],[-121.41053,38.64138],[-121.41058,38.64182],[-121.41054,38.64351],[-121.41051,38.64531],[-121.41043,38.6473],[-121.41532,38.64736],[-121.41732,38.64728],[-121.41741,38.64734],[-121.4174,38.64996],[-121.41761,38.64996],[-121.41991,38.64998],[-121.41993,38.65088],[-121.42372,38.65093],[-121.42381,38.65182],[-121.42222,38.65181],[-121.42223,38.65265],[-121.42165,38.65264],[-121.42165,38.6546],[-121.42165,38.65714],[-121.42164,38.65733],[-121.42223,38.65733],[-121.42222,38.65812],[-121.42246,38.65822],[-121.42684,38.65829],[-121.42685,38.66003],[-121.42456,38.66005],[-121.42452,38.66897],[-121.4176,38.66894],[-121.41761,38.67441],[-121.41548,38.67438],[-121.41549,38.6742],[-121.41536,38.67419],[-121.41536,38.67378],[-121.41298,38.67375],[-121.41298,38.67363],[-121.41246,38.67306],[-121.41186,38.67254],[-121.41078,38.67253],[-121.41077,38.67164],[-121.41077,38.67162],[-121.41059,38.67145],[-121.41001,38.67098],[-121.40837,38.67096],[-121.40838,38.67068],[-121.40594,38.67066],[-121.40593,38.67247],[-121.40372,38.67244],[-121.40367,38.67606]]]}},{"type":"Feature","properties":{"c":"general-aviation","n":"Harley Airport"},"geometry":{"type":"Polygon","coordinates":[[[-121.24679,37.94486],[-121.24054,37.9459],[-121.24039,37.94571],[-121.24631,37.94473],[-121.24706,37.94454],[-121.24705,37.94474],[-121.24697,37.94482],[-121.24679,37.94486]]]}},{"type":"Feature","properties":{"c":"general-aviation","n":"Rancho Murieta Airport"},"geometry":{"type":"Polygon","coordinates":[[[-121.0992,38.49061],[-121.09779,38.49075],[-121.09597,38.49127],[-121.09517,38.49036],[-121.09908,38.48795],[-121.10407,38.4848],[-121.10894,38.48224],[-121.10966,38.48189],[-121.10967,38.4825],[-121.10962,38.48444],[-121.10785,38.48547],[-121.10792,38.48905],[-121.10759,38.48904],[-121.10648,38.48902],[-121.10423,38.48898],[-121.1028,38.48895],[-121.10257,38.48888],[-121.10236,38.48879],[-121.10213,38.48878],[-121.10191,38.48883],[-121.10174,38.48893],[-121.10151,38.48921],[-121.10065,38.4897],[-121.10047,38.4898],[-121.10029,38.4899],[-121.10009,38.49012],[-121.10005,38.49014],[-121.0992,38.49061]]]}},{"type":"Feature","properties":{"c":"general-aviation","n":"Bonel Airport"},"geometry":{"type":"Polygon","coordinates":[[[-120.54883,35.67066],[-120.54888,35.67059],[-120.54836,35.67039],[-120.54825,35.67057],[-120.5478,35.67039],[-120.54991,35.66685],[-120.54889,35.66685],[-120.54537,35.67276],[-120.54536,35.67278],[-120.54537,35.6728],[-120.54537,35.67283],[-120.54539,35.67285],[-120.54541,35.67288],[-120.54545,35.6729],[-120.54549,35.67291],[-120.54552,35.67292],[-120.54556,35.67292],[-120.5456,35.67291],[-120.54563,35.6729],[-120.5457,35.67286],[-120.54582,35.67279],[-120.5459,35.67275],[-120.54602,35.6727],[-120.54608,35.67269],[-120.54614,35.67269],[-120.54619,35.67269],[-120.54623,35.6727],[-120.54629,35.67273],[-120.54635,35.67276],[-120.54637,35.67276],[-120.54657,35.67243],[-120.54667,35.67227],[-120.54715,35.67147],[-120.54787,35.67175],[-120.54811,35.67184],[-120.54868,35.67093],[-120.54883,35.67066]]]}},{"type":"Feature","properties":{"c":"commercial","n":"Long Beach Airport"},"geometry":{"type":"Polygon","coordinates":[[[-118.15021,33.82752],[-118.15017,33.82353],[-118.14243,33.82351],[-118.14239,33.82349],[-118.14227,33.8234],[-118.14202,33.82296],[-118.14155,33.82235],[-118.14117,33.82194],[-118.14074,33.82146],[-118.14051,33.82119],[-118.14023,33.82083],[-118.14,33.82047],[-118.13981,33.82011],[-118.13971,33.81987],[-118.1396,33.81958],[-118.13952,33.81935],[-118.13944,33.81901],[-118.13937,33.8186],[-118.13935,33.81829],[-118.13935,33.81782],[-118.13938,33.81771],[-118.13939,33.81741],[-118.1394,33.8172],[-118.13935,33.81715],[-118.13939,33.81565],[-118.13942,33.81548],[-118.13943,33.81494],[-118.13942,33.81488],[-118.13944,33.81401],[-118.13947,33.81376],[-118.13947,33.81308],[-118.13959,33.81291],[-118.14016,33.81301],[-118.14045,33.81305],[-118.14057,33.81307],[-118.14174,33.81307],[-118.14175,33.81302],[-118.14195,33.81297],[-118.14196,33.81304],[-118.14211,33.813],[-118.14253,33.81276],[-118.14245,33.81262],[-118.14233,33.81245],[-118.14221,33.81236],[-118.14213,33.81244],[-118.142,33.81248],[-118.14165,33.8126],[-118.14134,33.81268],[-118.14114,33.81271],[-118.14092,33.81273],[-118.14068,33.81273],[-118.14042,33.81272],[-118.14022,33.8127],[-118.14026,33.81254],[-118.14006,33.8125],[-118.14,33.81249],[-118.14008,33.81222],[-118.14002,33.81221],[-118.14006,33.81207],[-118.14002,33.81206],[-118.14004,33.81195],[-118.14007,33.81186],[-118.14021,33.81152],[-118.13981,33.8114],[-118.13973,33.81138],[-118.13997,33.8109],[-118.13994,33.81088],[-118.14,33.81079],[-118.13998,33.81078],[-118.1401,33.8106],[-118.14014,33.81054],[-118.14008,33.81048],[-118.13977,33.81034],[-118.1397,33.81031],[-118.1396,33.81039],[-118.13923,33.81008],[-118.13589,33.80731],[-118.13449,33.80616],[-118.13451,33.80394],[-118.13474,33.80395],[-118.13474,33.80367],[-118.13493,33.80367],[-118.13507,33.80363],[-118.13507,33.80357],[-118.13517,33.80358],[-118.13519,33.80353],[-118.13686,33.8039],[-118.1372,33.80397],[-118.13756,33.80401],[-118.13786,33.80403],[-118.13815,33.80403],[-118.13982,33.80519],[-118.13999,33.80534],[-118.14006,33.80547],[-118.14009,33.80588],[-118.14016,33.80613],[-118.14034,33.80632],[-118.14061,33.80647],[-118.14168,33.80676],[-118.14179,33.80685],[-118.14182,33.807],[-118.14132,33.80778],[-118.14204,33.80814],[-118.1451,33.81068],[-118.14517,33.81065],[-118.14535,33.81089],[-118.14546,33.81097],[-118.14607,33.81071],[-118.14646,33.8106],[-118.14679,33.81054],[-118.14697,33.81052],[-118.1472,33.81051],[-118.14752,33.81053],[-118.1483,33.81068],[-118.14834,33.81066],[-118.1484,33.81066],[-118.14864,33.81071],[-118.14877,33.81074],[-118.15002,33.81074],[-118.15068,33.81075],[-118.15109,33.81076],[-118.15226,33.81076],[-118.15226,33.81223],[-118.15445,33.81225],[-118.15448,33.81073],[-118.15471,33.81073],[-118.15509,33.81073],[-118.1553,33.81076],[-118.15566,33.8108],[-118.15599,33.81087],[-118.15624,33.81092],[-118.15873,33.8118],[-118.16098,33.81185],[-118.16171,33.81214],[-118.16375,33.8128],[-118.1642,33.81294],[-118.16591,33.8135],[-118.16601,33.81355],[-118.16609,33.81361],[-118.16616,33.81371],[-118.16619,33.81381],[-118.1662,33.81403],[-118.16623,33.81418],[-118.16631,33.81435],[-118.16641,33.81451],[-118.16657,33.81464],[-118.16676,33.81472],[-118.16715,33.81483],[-118.16745,33.81506],[-118.16745,33.81875],[-118.16741,33.81879],[-118.16454,33.81882],[-118.1645,33.81981],[-118.16434,33.8204],[-118.16376,33.8204],[-118.16375,33.82117],[-118.16375,33.82133],[-118.16382,33.82133],[-118.16404,33.82137],[-118.16418,33.82146],[-118.16432,33.82159],[-118.16446,33.82186],[-118.16455,33.82198],[-118.16472,33.8221],[-118.16492,33.82216],[-118.16515,33.82217],[-118.16532,33.82217],[-118.1654,33.82222],[-118.16546,33.82229],[-118.16535,33.82327],[-118.16431,33.82329],[-118.1643,33.82764],[-118.16128,33.82761],[-118.16096,33.82758],[-118.16085,33.82757],[-118.1598,33.82751],[-118.15934,33.82748],[-118.157,33.82743],[-118.15682,33.82741],[-118.15668,33.82737],[-118.15652,33.82731],[-118.15639,33.82723],[-118.15627,33.82712],[-118.15613,33.82696],[-118.15605,33.82681],[-118.15569,33.82683],[-118.1557,33.82748],[-118.15567,33.82749],[-118.1539,33.82749],[-118.15326,33.82758],[-118.1526,33.82758],[-118.15029,33.82758],[-118.15024,33.82756],[-118.15021,33.82752]]]}},{"type":"Feature","properties":{"c":"commercial","n":"Van Nuys Airport"},"geometry":{"type":"Polygon","coordinates":[[[-118.48831,34.2013],[-118.48832,34.20106],[-118.4879,34.20104],[-118.48783,34.20103],[-118.48751,34.20103],[-118.48602,34.20102],[-118.48597,34.20098],[-118.48597,34.20066],[-118.48698,34.20066],[-118.48708,34.20061],[-118.48708,34.20009],[-118.48708,34.19864],[-118.48708,34.19745],[-118.48696,34.19745],[-118.48696,34.19648],[-118.48695,34.19403],[-118.48792,34.19404],[-118.48795,34.19409],[-118.48804,34.19409],[-118.48812,34.19409],[-118.48818,34.19404],[-118.49008,34.19403],[-118.49034,34.19403],[-118.49126,34.19403],[-118.49126,34.19472],[-118.49127,34.19577],[-118.49127,34.19662],[-118.49164,34.19663],[-118.49165,34.19745],[-118.49142,34.19745],[-118.49138,34.19745],[-118.49135,34.19744],[-118.4913,34.19742],[-118.49126,34.19741],[-118.49121,34.19742],[-118.49116,34.19745],[-118.49113,34.19748],[-118.49112,34.19753],[-118.49113,34.19758],[-118.49116,34.19761],[-118.49121,34.19764],[-118.49129,34.19765],[-118.4913,34.19811],[-118.49132,34.19817],[-118.49131,34.19903],[-118.49131,34.19909],[-118.49132,34.20019],[-118.49164,34.20019],[-118.49164,34.20049],[-118.49226,34.20049],[-118.49226,34.20099],[-118.49219,34.20102],[-118.49163,34.201],[-118.49071,34.20095],[-118.49071,34.2014],[-118.49077,34.20163],[-118.49095,34.20162],[-118.49106,34.202],[-118.49193,34.20201],[-118.49193,34.20185],[-118.49237,34.20185],[-118.49248,34.20215],[-118.49263,34.20239],[-118.49277,34.20258],[-118.49292,34.20273],[-118.4936,34.20331],[-118.49376,34.20345],[-118.49391,34.20364],[-118.49401,34.20387],[-118.49411,34.20411],[-118.49416,34.20427],[-118.49417,34.20434],[-118.49419,34.20463],[-118.49419,34.20482],[-118.4942,34.2057],[-118.4942,34.2066],[-118.49419,34.20835],[-118.49276,34.20835],[-118.49267,34.20833],[-118.49257,34.20832],[-118.49256,34.20828],[-118.49254,34.20825],[-118.49251,34.20822],[-118.49249,34.2082],[-118.49247,34.20815],[-118.49247,34.2081],[-118.49247,34.20767],[-118.4924,34.20767],[-118.49233,34.20767],[-118.49233,34.20782],[-118.4923,34.20782],[-118.4923,34.20807],[-118.49226,34.20807],[-118.49226,34.20847],[-118.49228,34.20847],[-118.49228,34.20906],[-118.49229,34.21018],[-118.49233,34.21018],[-118.49233,34.21051],[-118.49234,34.21182],[-118.49234,34.21304],[-118.49238,34.21306],[-118.49241,34.21308],[-118.49243,34.21313],[-118.49243,34.21339],[-118.49242,34.21418],[-118.49242,34.21493],[-118.49242,34.21495],[-118.49242,34.21502],[-118.49242,34.21543],[-118.49415,34.21543],[-118.49464,34.21543],[-118.49599,34.21542],[-118.49764,34.21543],[-118.49797,34.21533],[-118.49783,34.21452],[-118.49805,34.21449],[-118.49848,34.21449],[-118.49886,34.21449],[-118.49885,34.21325],[-118.49979,34.21325],[-118.50094,34.21325],[-118.50098,34.21328],[-118.50099,34.21383],[-118.50099,34.21424],[-118.50099,34.21523],[-118.50099,34.21548],[-118.50098,34.21593],[-118.50099,34.21687],[-118.50101,34.21707],[-118.50103,34.21721],[-118.50109,34.2175],[-118.50111,34.21759],[-118.50117,34.21779],[-118.49996,34.21778],[-118.49996,34.21831],[-118.49996,34.21835],[-118.4985,34.21835],[-118.49824,34.21836],[-118.49844,34.21939],[-118.49871,34.2204],[-118.49871,34.2205],[-118.49721,34.22019],[-118.49679,34.22012],[-118.4962,34.22],[-118.49576,34.21998],[-118.49564,34.21998],[-118.49564,34.21999],[-118.49545,34.22001],[-118.49534,34.22003],[-118.49515,34.22006],[-118.49499,34.22012],[-118.49466,34.22027],[-118.49423,34.22052],[-118.49422,34.22052],[-118.49389,34.22046],[-118.49381,34.22044],[-118.49376,34.22041],[-118.49282,34.22023],[-118.49218,34.2201],[-118.49163,34.21999],[-118.49078,34.21982],[-118.48993,34.21966],[-118.48924,34.21952],[-118.48918,34.21896],[-118.48917,34.21887],[-118.48914,34.21851],[-118.4891,34.21808],[-118.48902,34.21736],[-118.48864,34.2173],[-118.48865,34.21724],[-118.48867,34.21717],[-118.48809,34.21709],[-118.48792,34.21707],[-118.48792,34.21706],[-118.48774,34.21703],[-118.48773,34.21704],[-118.48736,34.21699],[-118.48736,34.21698],[-118.48708,34.21694],[-118.48708,34.21696],[-118.48536,34.21673],[-118.48531,34.21672],[-118.48439,34.2166],[-118.48386,34.21654],[-118.48386,34.21575],[-118.48386,34.21508],[-118.48385,34.21506],[-118.48385,34.21474],[-118.48385,34.2144],[-118.4839,34.2144],[-118.48443,34.21451],[-118.48478,34.21458],[-118.48495,34.21461],[-118.4861,34.21484],[-118.48615,34.21484],[-118.4862,34.21484],[-118.48625,34.21484],[-118.48631,34.21482],[-118.48637,34.21482],[-118.48642,34.21482],[-118.48646,34.21482],[-118.48688,34.21491],[-118.48721,34.21497],[-118.48804,34.21514],[-118.48805,34.21511],[-118.48806,34.21507],[-118.48806,34.21493],[-118.48806,34.2149],[-118.48806,34.2149],[-118.48806,34.21207],[-118.48806,34.2119],[-118.48806,34.21151],[-118.48761,34.21151],[-118.48761,34.21137],[-118.48654,34.21138],[-118.48515,34.21139],[-118.48487,34.21139],[-118.48482,34.21146],[-118.48392,34.21147],[-118.48389,34.21146],[-118.48386,34.21146],[-118.48385,34.21046],[-118.48386,34.20862],[-118.48387,34.20859],[-118.4839,34.20858],[-118.48581,34.20857],[-118.48591,34.20854],[-118.486,34.20849],[-118.48606,34.20841],[-118.48609,34.2083],[-118.4861,34.20675],[-118.4861,34.20634],[-118.48612,34.20464],[-118.48611,34.20363],[-118.48614,34.20363],[-118.48615,34.20352],[-118.48615,34.20344],[-118.48798,34.20343],[-118.48797,34.20289],[-118.48766,34.20289],[-118.48766,34.20177],[-118.48766,34.20143],[-118.48765,34.20136],[-118.48781,34.20138],[-118.48782,34.20131],[-118.48831,34.2013]]]}},{"type":"Feature","properties":{"c":"general-aviation","n":"Happy Camp Airport"},"geometry":{"type":"Polygon","coordinates":[[[-123.38784,41.7906],[-123.3876,41.79035],[-123.38733,41.79048],[-123.38697,41.79061],[-123.38655,41.79012],[-123.38628,41.79022],[-123.38623,41.79023],[-123.38563,41.79037],[-123.38559,41.79053],[-123.38514,41.79058],[-123.38523,41.79119],[-123.38481,41.79139],[-123.38447,41.79139],[-123.3844,41.79168],[-123.38513,41.79189],[-123.38475,41.79208],[-123.38433,41.79202],[-123.38356,41.7924],[-123.383,41.79301],[-123.383,41.7933],[-123.38285,41.7935],[-123.38294,41.79357],[-123.38341,41.79346],[-123.38423,41.79304],[-123.38828,41.79113],[-123.39218,41.78927],[-123.39406,41.78829],[-123.39479,41.78801],[-123.39498,41.78788],[-123.3951,41.7876],[-123.39509,41.78739],[-123.39484,41.78698],[-123.39409,41.7874],[-123.39322,41.78806],[-123.38946,41.78983],[-123.38784,41.7906]]]}},{"type":"Feature","properties":{"c":"general-aviation","n":"Firebaugh Airport"},"geometry":{"type":"Polygon","coordinates":[[[-120.46063,36.85456],[-120.46052,36.85457],[-120.45915,36.8555],[-120.46081,36.85703],[-120.4643,36.86035],[-120.4661,36.86207],[-120.46784,36.86372],[-120.46796,36.86373],[-120.46852,36.86331],[-120.46842,36.86322],[-120.46869,36.86304],[-120.46346,36.85817],[-120.46523,36.85691],[-120.46415,36.85588],[-120.46295,36.85674],[-120.46063,36.85456]]]}},{"type":"Feature","properties":{"c":"commercial","n":"Ontario International Airport"},"geometry":{"type":"Polygon","coordinates":[[[-117.58207,34.06273],[-117.58562,34.06264],[-117.59119,34.06252],[-117.59141,34.06251],[-117.59174,34.06247],[-117.59199,34.06244],[-117.59391,34.0624],[-117.59413,34.0624],[-117.59488,34.06244],[-117.59519,34.06245],[-117.60628,34.06218],[-117.60761,34.06215],[-117.61009,34.06183],[-117.61128,34.06179],[-117.6143,34.06199],[-117.62278,34.06178],[-117.623,34.06177],[-117.62329,34.06176],[-117.6235,34.06172],[-117.6237,34.06167],[-117.62388,34.0616],[-117.62404,34.06153],[-117.62414,34.06146],[-117.62429,34.06136],[-117.62442,34.06125],[-117.62453,34.06113],[-117.62462,34.06101],[-117.62473,34.06085],[-117.62485,34.06068],[-117.62504,34.0605],[-117.62532,34.0603],[-117.62554,34.06018],[-117.62576,34.0601],[-117.62595,34.06005],[-117.62613,34.06002],[-117.62629,34.06001],[-117.6281,34.06],[-117.62815,34.06],[-117.62818,34.05998],[-117.62821,34.05996],[-117.62823,34.05988],[-117.62832,34.05957],[-117.62833,34.05952],[-117.62836,34.05938],[-117.62838,34.05925],[-117.62838,34.05917],[-117.6284,34.05895],[-117.6284,34.05883],[-117.62838,34.05617],[-117.61081,34.05033],[-117.61081,34.05124],[-117.60841,34.0504],[-117.60798,34.05026],[-117.60318,34.04938],[-117.60235,34.0493],[-117.59848,34.04933],[-117.59834,34.04933],[-117.59835,34.04898],[-117.59846,34.04887],[-117.59846,34.04845],[-117.5934,34.0484],[-117.59341,34.05185],[-117.59331,34.05199],[-117.59312,34.05199],[-117.58668,34.05196],[-117.58471,34.05195],[-117.58471,34.05211],[-117.58429,34.05211],[-117.58429,34.05195],[-117.58311,34.05192],[-117.58308,34.04849],[-117.58192,34.04849],[-117.58165,34.04847],[-117.58126,34.04844],[-117.58038,34.04843],[-117.57896,34.04843],[-117.57854,34.04846],[-117.57819,34.04847],[-117.57655,34.04847],[-117.57641,34.04849],[-117.57633,34.04853],[-117.57626,34.04859],[-117.57623,34.04868],[-117.57621,34.04908],[-117.57621,34.04957],[-117.5762,34.04977],[-117.57617,34.04992],[-117.57611,34.05014],[-117.5761,34.05033],[-117.57611,34.05191],[-117.57611,34.05502],[-117.57607,34.05695],[-117.57604,34.05944],[-117.57607,34.05948],[-117.57606,34.05968],[-117.57604,34.05969],[-117.57602,34.06101],[-117.57602,34.06121],[-117.57606,34.06122],[-117.57612,34.06126],[-117.57615,34.06132],[-117.5763,34.06131],[-117.57674,34.06133],[-117.57722,34.06138],[-117.57767,34.06147],[-117.57816,34.06165],[-117.5785,34.06181],[-117.57911,34.06208],[-117.57922,34.06216],[-117.57952,34.06229],[-117.57997,34.06251],[-117.58018,34.06259],[-117.58051,34.06267],[-117.58083,34.06273],[-117.58117,34.06275],[-117.58208,34.06274],[-117.58207,34.06273]]]}},{"type":"Feature","properties":{"c":"military","n":"Lemoore Naval Air Station (Reeves Field)"},"geometry":{"type":"Polygon","coordinates":[[[-119.94344,36.31811],[-119.94293,36.31718],[-119.93992,36.31827],[-119.94088,36.32002],[-119.93276,36.32294],[-119.93321,36.32354],[-119.93573,36.3268],[-119.93448,36.32729],[-119.93711,36.3321],[-119.93888,36.3353],[-119.93942,36.33565],[-119.94305,36.34223],[-119.9439,36.34248],[-119.94515,36.34287],[-119.94734,36.34702],[-119.95309,36.3573],[-119.95834,36.36682],[-119.96061,36.37321],[-119.96926,36.3701],[-119.96492,36.3645],[-119.9529,36.34265],[-119.96039,36.33991],[-119.96264,36.34649],[-119.97181,36.34308],[-119.96667,36.33655],[-119.95396,36.31363],[-119.94616,36.29939],[-119.94381,36.29269],[-119.93508,36.29583],[-119.93647,36.29794],[-119.9386,36.30114],[-119.9388,36.30145],[-119.93949,36.30244],[-119.94094,36.30424],[-119.94111,36.30448],[-119.94298,36.30786],[-119.9486,36.31809],[-119.94498,36.31943],[-119.94414,36.31791],[-119.94371,36.31804],[-119.94368,36.31805],[-119.9436,36.31808],[-119.94356,36.31809],[-119.94352,36.3181],[-119.94344,36.31811]]]}},{"type":"Feature","properties":{"c":"general-aviation","n":"Gravelly Valley Airport"},"geometry":{"type":"Polygon","coordinates":[[[-122.96036,39.44397],[-122.95968,39.4436],[-122.95722,39.4467],[-122.95701,39.44699],[-122.95541,39.44917],[-122.95391,39.45119],[-122.95192,39.45155],[-122.95056,39.45315],[-122.95128,39.45442],[-122.94984,39.45616],[-122.95037,39.45637],[-122.95228,39.4543],[-122.95252,39.454],[-122.95372,39.45254],[-122.95455,39.45144],[-122.9566,39.44875],[-122.96036,39.44397]]]}},{"type":"Feature","properties":{"c":"commercial","n":"Whiteman Airport"},"geometry":{"type":"Polygon","coordinates":[[[-118.40737,34.25951],[-118.40747,34.25944],[-118.40636,34.25838],[-118.40683,34.25806],[-118.40715,34.25836],[-118.4073,34.25825],[-118.40736,34.25831],[-118.4074,34.25829],[-118.40744,34.25834],[-118.40726,34.25846],[-118.40752,34.25871],[-118.40818,34.2582],[-118.40899,34.25761],[-118.40904,34.25766],[-118.40907,34.25764],[-118.40981,34.2571],[-118.40936,34.25669],[-118.40937,34.25665],[-118.40901,34.25624],[-118.40827,34.25551],[-118.40814,34.25553],[-118.40867,34.25514],[-118.40857,34.25505],[-118.4093,34.25453],[-118.41847,34.26322],[-118.41842,34.26326],[-118.4185,34.26334],[-118.41716,34.26432],[-118.41712,34.26428],[-118.41628,34.26349],[-118.41346,34.26553],[-118.41159,34.26717],[-118.41028,34.26813],[-118.40959,34.26748],[-118.40959,34.26741],[-118.41052,34.26673],[-118.4106,34.26666],[-118.41085,34.26643],[-118.41105,34.26617],[-118.4111,34.26608],[-118.41111,34.26605],[-118.41114,34.266],[-118.41138,34.2657],[-118.41168,34.26536],[-118.41174,34.26534],[-118.41235,34.2649],[-118.41236,34.2649],[-118.41247,34.26483],[-118.41239,34.26476],[-118.41231,34.26469],[-118.4122,34.26463],[-118.41217,34.26458],[-118.41213,34.26448],[-118.41214,34.26445],[-118.41217,34.26441],[-118.4122,34.26436],[-118.41224,34.26432],[-118.41229,34.26428],[-118.41265,34.26399],[-118.41271,34.26394],[-118.41275,34.26389],[-118.4128,34.26384],[-118.41283,34.26378],[-118.41286,34.26373],[-118.41288,34.26369],[-118.41291,34.26363],[-118.41293,34.26357],[-118.41294,34.2635],[-118.41295,34.26342],[-118.41298,34.2631],[-118.41298,34.26305],[-118.413,34.26299],[-118.41322,34.26257],[-118.41324,34.26252],[-118.41326,34.26243],[-118.41327,34.26237],[-118.41327,34.26231],[-118.41327,34.26225],[-118.41327,34.26219],[-118.41326,34.26213],[-118.41325,34.26206],[-118.41323,34.26201],[-118.4132,34.26194],[-118.41316,34.26188],[-118.41313,34.26182],[-118.41308,34.26176],[-118.41302,34.2617],[-118.41296,34.26164],[-118.41289,34.26158],[-118.41284,34.26155],[-118.41279,34.26152],[-118.4127,34.26148],[-118.41252,34.26141],[-118.41243,34.26138],[-118.41234,34.26135],[-118.41228,34.26133],[-118.41221,34.26132],[-118.41211,34.26131],[-118.412,34.26131],[-118.41183,34.26132],[-118.40988,34.26163],[-118.40982,34.26164],[-118.40975,34.26164],[-118.40969,34.26164],[-118.40959,34.26163],[-118.40951,34.26161],[-118.40943,34.26159],[-118.40934,34.26156],[-118.40929,34.26153],[-118.40921,34.26149],[-118.40916,34.26146],[-118.40912,34.26142],[-118.40909,34.2614],[-118.40786,34.26026],[-118.4078,34.26019],[-118.40777,34.26016],[-118.40774,34.26012],[-118.40772,34.26008],[-118.40769,34.26003],[-118.40767,34.25999],[-118.40763,34.25987],[-118.40761,34.25983],[-118.40759,34.25979],[-118.40756,34.25973],[-118.40752,34.25967],[-118.40748,34.25962],[-118.40737,34.25951]]]}},{"type":"Feature","properties":{"c":"general-aviation","n":"Chiriaco Summit Airport"},"geometry":{"type":"Polygon","coordinates":[[[-115.70074,33.66693],[-115.70058,33.66608],[-115.71742,33.66334],[-115.71713,33.66216],[-115.7171,33.66194],[-115.71965,33.66153],[-115.7201,33.66378],[-115.70074,33.66693]]]}},{"type":"Feature","properties":{"c":"general-aviation","n":"Harris River Ranch Airport"},"geometry":{"type":"Polygon","coordinates":[[[-119.45015,36.77212],[-119.45015,36.77178],[-119.44782,36.77178],[-119.4406,36.7717],[-119.44042,36.77154],[-119.43959,36.77153],[-119.43923,36.77208],[-119.43927,36.77215],[-119.43973,36.77217],[-119.43984,36.77198],[-119.44777,36.77208],[-119.45015,36.77212]]]}},{"type":"Feature","properties":{"c":"general-aviation","n":"Flying T Ranch Airport"},"geometry":{"type":"Polygon","coordinates":[[[-116.75377,33.06795],[-116.75081,33.07233],[-116.75072,33.07229],[-116.75071,33.07217],[-116.75078,33.07199],[-116.75383,33.06746],[-116.75392,33.06749],[-116.75399,33.06758],[-116.75399,33.06801],[-116.75377,33.06795]]]}},{"type":"Feature","properties":{"c":"commercial","n":"San Bernardino International Airport"},"geometry":{"type":"Polygon","coordinates":[[[-117.21249,34.10618],[-117.21657,34.10635],[-117.21763,34.1064],[-117.22148,34.10651],[-117.22149,34.10642],[-117.22206,34.10642],[-117.22207,34.1065],[-117.22288,34.10652],[-117.22289,34.10654],[-117.22403,34.10657],[-117.22449,34.10644],[-117.24473,34.10646],[-117.24758,34.10513],[-117.24768,34.10508],[-117.2477,34.10505],[-117.2477,34.10501],[-117.24791,34.10484],[-117.248,34.10486],[-117.24837,34.10466],[-117.24905,34.1044],[-117.25092,34.10437],[-117.25102,34.10427],[-117.25104,34.10107],[-117.25098,34.10101],[-117.251,34.10068],[-117.25104,34.10064],[-117.25105,34.09993],[-117.25104,34.09919],[-117.25103,34.09879],[-117.25112,34.09845],[-117.2473,34.09843],[-117.24733,34.0984],[-117.24736,34.0984],[-117.24735,34.09498],[-117.24733,34.09415],[-117.24733,34.09401],[-117.25811,34.09082],[-117.25816,34.09081],[-117.25947,34.09061],[-117.25953,34.09042],[-117.25953,34.09032],[-117.25952,34.08926],[-117.25952,34.0887],[-117.25952,34.08814],[-117.25949,34.08675],[-117.25947,34.08659],[-117.25947,34.08629],[-117.25947,34.08622],[-117.2595,34.08614],[-117.25941,34.08604],[-117.25915,34.08603],[-117.25909,34.08603],[-117.25894,34.08602],[-117.25832,34.08615],[-117.25828,34.08615],[-117.25825,34.08616],[-117.25822,34.08617],[-117.25754,34.08637],[-117.2557,34.08717],[-117.25552,34.08724],[-117.25534,34.0873],[-117.25256,34.08811],[-117.2521,34.08824],[-117.25184,34.08826],[-117.2517,34.08827],[-117.25158,34.08828],[-117.25132,34.08834],[-117.25106,34.0884],[-117.24827,34.08923],[-117.24807,34.08929],[-117.24792,34.08934],[-117.24778,34.0894],[-117.24766,34.08945],[-117.24752,34.08953],[-117.24736,34.08962],[-117.24707,34.0898],[-117.24698,34.08984],[-117.24687,34.0899],[-117.24674,34.08995],[-117.24662,34.09],[-117.24647,34.09006],[-117.24604,34.0902],[-117.24601,34.09015],[-117.24569,34.09026],[-117.24572,34.09031],[-117.24364,34.09103],[-117.24337,34.09113],[-117.24306,34.09123],[-117.24288,34.09129],[-117.24272,34.09133],[-117.24256,34.09138],[-117.24241,34.09142],[-117.24051,34.09191],[-117.24026,34.09197],[-117.2401,34.092],[-117.23994,34.09203],[-117.23978,34.09206],[-117.23962,34.09207],[-117.23945,34.09208],[-117.23857,34.09209],[-117.23642,34.09211],[-117.23484,34.09213],[-117.23468,34.09214],[-117.23451,34.09215],[-117.23435,34.09216],[-117.23419,34.09218],[-117.23402,34.0922],[-117.23386,34.09222],[-117.2337,34.09225],[-117.23351,34.09229],[-117.23332,34.09234],[-117.23314,34.0924],[-117.23292,34.09246],[-117.21857,34.09702],[-117.2178,34.0973],[-117.21755,34.09774],[-117.21752,34.09784],[-117.2175,34.09794],[-117.21749,34.09804],[-117.21747,34.09834],[-117.21581,34.09878],[-117.21565,34.09883],[-117.21559,34.09885],[-117.21553,34.09888],[-117.21548,34.09892],[-117.21542,34.09898],[-117.21536,34.09905],[-117.21534,34.09909],[-117.21533,34.09913],[-117.21529,34.09956],[-117.21528,34.09962],[-117.21526,34.09966],[-117.21522,34.09971],[-117.21519,34.09976],[-117.21515,34.0998],[-117.21511,34.09984],[-117.21508,34.09986],[-117.21505,34.09987],[-117.21503,34.09988],[-117.21499,34.0999],[-117.21494,34.09992],[-117.21487,34.09994],[-117.21477,34.09996],[-117.21468,34.09998],[-117.21455,34.1],[-117.21445,34.10001],[-117.21436,34.10002],[-117.21366,34.1001],[-117.21337,34.10013],[-117.21324,34.10015],[-117.21318,34.10016],[-117.21311,34.10018],[-117.21305,34.1002],[-117.213,34.10023],[-117.21294,34.10027],[-117.21286,34.10032],[-117.20979,34.10232],[-117.20958,34.10247],[-117.20948,34.10254],[-117.20943,34.10259],[-117.20939,34.10263],[-117.20936,34.10268],[-117.20933,34.10273],[-117.20923,34.10292],[-117.2091,34.10314],[-117.20923,34.1032],[-117.20913,34.10333],[-117.20909,34.10337],[-117.20905,34.10341],[-117.209,34.10344],[-117.20896,34.10347],[-117.20893,34.10352],[-117.20892,34.10373],[-117.20898,34.10379],[-117.20902,34.10424],[-117.20902,34.1053],[-117.20908,34.10529],[-117.20983,34.10525],[-117.21062,34.10518],[-117.21252,34.10471],[-117.21249,34.10607],[-117.21249,34.10618]]]}},{"type":"Feature","properties":{"c":"general-aviation","n":"Borrego Air Ranch Airport"},"geometry":{"type":"Polygon","coordinates":[[[-116.28552,33.1946],[-116.2858,33.19129],[-116.28502,33.19129],[-116.28509,33.19065],[-116.28267,33.1906],[-116.28269,33.18984],[-116.28124,33.18979],[-116.28113,33.19061],[-116.27751,33.19044],[-116.27749,33.19],[-116.26857,33.18968],[-116.26851,33.18745],[-116.26725,33.18747],[-116.26718,33.19134],[-116.27502,33.19186],[-116.2667,33.19879],[-116.2685,33.20003],[-116.276,33.19392],[-116.28552,33.1946]]]}},{"type":"Feature","properties":{"c":"general-aviation","n":"The Sea Ranch Airport"},"geometry":{"type":"Polygon","coordinates":[[[-123.43587,38.70678],[-123.43615,38.70652],[-123.43578,38.70626],[-123.43583,38.70623],[-123.43308,38.70433],[-123.43293,38.70411],[-123.43226,38.70347],[-123.43182,38.70308],[-123.43085,38.70241],[-123.4304,38.70203],[-123.42833,38.70059],[-123.42765,38.70184],[-123.43051,38.70387],[-123.43104,38.70343],[-123.43225,38.70431],[-123.4337,38.70527],[-123.43425,38.7058],[-123.43587,38.70678]]]}},{"type":"Feature","properties":{"c":"general-aviation","n":"Chemehuevi Valley Airport"},"geometry":{"type":"Polygon","coordinates":[[[-114.42933,34.52159],[-114.43343,34.52159],[-114.43326,34.53909],[-114.42931,34.53906],[-114.42933,34.53545],[-114.42777,34.53542],[-114.42775,34.53335],[-114.42882,34.53333],[-114.42882,34.5325],[-114.42931,34.53252],[-114.42931,34.53034],[-114.4285,34.53034],[-114.42852,34.52955],[-114.42938,34.52955],[-114.42933,34.52159]]]}},{"type":"Feature","properties":{"c":"commercial","n":"Catalina Airport"},"geometry":{"type":"Polygon","coordinates":[[[-118.42071,33.40288],[-118.41906,33.40377],[-118.41853,33.40458],[-118.41735,33.40479],[-118.41667,33.4052],[-118.41655,33.40513],[-118.4164,33.40519],[-118.4163,33.4053],[-118.41631,33.40547],[-118.41526,33.40612],[-118.41527,33.40655],[-118.41518,33.40682],[-118.41491,33.40701],[-118.41472,33.407],[-118.41449,33.40687],[-118.41424,33.40674],[-118.41414,33.40674],[-118.41233,33.4078],[-118.41171,33.40762],[-118.41147,33.4077],[-118.41111,33.40773],[-118.41086,33.40769],[-118.41066,33.40767],[-118.41037,33.40758],[-118.4104,33.40706],[-118.4109,33.40717],[-118.41123,33.40697],[-118.41275,33.40614],[-118.41277,33.40604],[-118.41451,33.40505],[-118.41465,33.40457],[-118.41388,33.40387],[-118.414,33.40379],[-118.41472,33.40367],[-118.41468,33.40332],[-118.41467,33.40281],[-118.41439,33.40234],[-118.41427,33.40208],[-118.41484,33.40169],[-118.41524,33.40171],[-118.41544,33.40191],[-118.41537,33.40226],[-118.41699,33.40324],[-118.4179,33.40288],[-118.41878,33.40178],[-118.41926,33.40183],[-118.41928,33.40221],[-118.41983,33.40187],[-118.42071,33.40288]]]}},{"type":"Feature","properties":{"c":"general-aviation","n":"Baker Airport"},"geometry":{"type":"Polygon","coordinates":[[[-116.08336,35.29119],[-116.08212,35.29144],[-116.08015,35.28752],[-116.08002,35.2872],[-116.07944,35.2859],[-116.07921,35.28153],[-116.0804,35.28132],[-116.08336,35.29119]]]}},{"type":"Feature","properties":{"c":"commercial","n":"Furnace Creek Airport"},"geometry":{"type":"Polygon","coordinates":[[[-116.87865,36.45566],[-116.87611,36.45576],[-116.87815,36.46098],[-116.87782,36.46209],[-116.87806,36.46287],[-116.87908,36.4654],[-116.87921,36.46561],[-116.87937,36.46574],[-116.88028,36.46629],[-116.88154,36.46951],[-116.88216,36.47021],[-116.88326,36.47201],[-116.88493,36.47163],[-116.87865,36.45566]]]}},{"type":"Feature","properties":{"c":"general-aviation","n":"Panoche Airstrip"},"geometry":{"type":"Polygon","coordinates":[[[-120.8854,36.61031],[-120.87708,36.61026],[-120.87708,36.61009],[-120.88463,36.6101],[-120.88466,36.60991],[-120.88482,36.60967],[-120.8851,36.6094],[-120.88532,36.60929],[-120.88537,36.60938],[-120.8854,36.61031]]]}},{"type":"Feature","properties":{"c":"general-aviation","n":"Limberlost Ranch Airport"},"geometry":{"type":"Polygon","coordinates":[[[-121.21709,39.22152],[-121.21722,39.22105],[-121.21115,39.21953],[-121.21097,39.21966],[-121.21046,39.21966],[-121.21054,39.22003],[-121.21365,39.22068],[-121.21709,39.22152]]]}},{"type":"Feature","properties":{"c":"military","n":"Naval Air Facility El Centro"},"geometry":{"type":"Polygon","coordinates":[[[-115.65516,32.8112],[-115.65572,32.82998],[-115.66833,32.82995],[-115.6684,32.83276],[-115.67051,32.83394],[-115.67991,32.83394],[-115.67991,32.83238],[-115.69124,32.83228],[-115.6918,32.83177],[-115.69178,32.82639],[-115.69133,32.82592],[-115.67303,32.82571],[-115.67208,32.82498],[-115.67282,32.82307],[-115.67303,32.82229],[-115.67305,32.81848],[-115.67175,32.81589],[-115.67173,32.81388],[-115.66707,32.81381],[-115.66693,32.81129],[-115.65516,32.8112]]]}},{"type":"Feature","properties":{"c":"general-aviation","n":"Christensen Ranch Airport"},"geometry":{"type":"Polygon","coordinates":[[[-121.33663,36.8708],[-121.3366,36.87148],[-121.3322,36.87149],[-121.33223,36.87202],[-121.34247,36.87194],[-121.34258,36.87194],[-121.34257,36.87158],[-121.34256,36.87152],[-121.34229,36.87152],[-121.34228,36.87164],[-121.33783,36.87166],[-121.33784,36.87156],[-121.3386,36.87156],[-121.33857,36.87098],[-121.33788,36.87098],[-121.33786,36.8708],[-121.33775,36.87081],[-121.33726,36.87084],[-121.33683,36.87082],[-121.33663,36.8708]]]}},{"type":"Feature","properties":{"c":"general-aviation","n":"Kern Valley Airport"},"geometry":{"type":"Polygon","coordinates":[[[-118.42011,35.72294],[-118.42001,35.72286],[-118.41995,35.72278],[-118.41987,35.7226],[-118.41981,35.72224],[-118.41985,35.72181],[-118.42,35.72118],[-118.42014,35.72061],[-118.42013,35.7205],[-118.42005,35.71998],[-118.41988,35.71932],[-118.41958,35.71891],[-118.41947,35.71883],[-118.41913,35.71882],[-118.41836,35.71866],[-118.41783,35.71834],[-118.41766,35.7187],[-118.41748,35.71892],[-118.417,35.71992],[-118.41687,35.72034],[-118.41678,35.72075],[-118.41674,35.72154],[-118.41684,35.72251],[-118.41689,35.72352],[-118.41693,35.72398],[-118.41684,35.72493],[-118.41676,35.72615],[-118.4167,35.7273],[-118.41783,35.72701],[-118.41869,35.72711],[-118.41887,35.72744],[-118.41895,35.72788],[-118.41893,35.72807],[-118.41872,35.72807],[-118.41868,35.72879],[-118.41867,35.72906],[-118.41876,35.72914],[-118.41875,35.72919],[-118.419,35.72921],[-118.419,35.72966],[-118.41874,35.73028],[-118.41862,35.73199],[-118.41851,35.73309],[-118.41855,35.73326],[-118.4194,35.7333],[-118.41967,35.7305],[-118.4199,35.7304],[-118.42003,35.72988],[-118.42092,35.72994],[-118.42099,35.72916],[-118.42076,35.72872],[-118.42072,35.7284],[-118.42076,35.7278],[-118.42075,35.7277],[-118.42072,35.72759],[-118.42053,35.72713],[-118.42052,35.72703],[-118.42119,35.72353],[-118.42116,35.72341],[-118.42109,35.7233],[-118.42084,35.72314],[-118.42028,35.72298],[-118.42011,35.72294]]]}},{"type":"Feature","properties":{"c":"general-aviation","n":"Torrey Pines Gliderport"},"geometry":{"type":"Polygon","coordinates":[[[-117.24483,32.89008],[-117.24489,32.88978],[-117.24547,32.88847],[-117.24577,32.88832],[-117.24673,32.88847],[-117.24776,32.8887],[-117.24829,32.88889],[-117.24899,32.88966],[-117.24911,32.88979],[-117.24921,32.88983],[-117.24931,32.88991],[-117.24931,32.89035],[-117.24952,32.89038],[-117.25014,32.89026],[-117.25016,32.8903],[-117.25028,32.89036],[-117.25063,32.88992],[-117.25068,32.88988],[-117.25074,32.88986],[-117.25087,32.88986],[-117.25099,32.88995],[-117.25114,32.88998],[-117.25117,32.89001],[-117.25127,32.89012],[-117.25128,32.89011],[-117.2513,32.8901],[-117.25136,32.88996],[-117.25142,32.88997],[-117.25146,32.8899],[-117.25149,32.88984],[-117.2515,32.88983],[-117.25151,32.88958],[-117.25162,32.88955],[-117.25173,32.88955],[-117.25187,32.88978],[-117.252,32.89003],[-117.252,32.89037],[-117.25172,32.89105],[-117.25102,32.8913],[-117.25086,32.89155],[-117.2498,32.89135],[-117.2498,32.89147],[-117.24851,32.8908],[-117.24579,32.89009],[-117.24483,32.89008]]]}},{"type":"Feature","properties":{"c":"general-aviation","n":"Gunnersfield Ranch Airport"},"geometry":{"type":"Polygon","coordinates":[[[-122.09433,39.34864],[-122.09374,39.34902],[-122.09403,39.3563],[-122.09433,39.3563],[-122.09415,39.35269],[-122.09445,39.35267],[-122.09434,39.34912],[-122.09433,39.34864]]]}},{"type":"Feature","properties":{"c":"commercial","n":"Auburn Municipal Airport"},"geometry":{"type":"Polygon","coordinates":[[[-121.09361,38.95666],[-121.09355,38.95485],[-121.09439,38.95486],[-121.09442,38.95312],[-121.09342,38.95312],[-121.0889,38.95307],[-121.08737,38.95306],[-121.08643,38.95306],[-121.08277,38.95308],[-121.08267,38.953],[-121.0812,38.95301],[-121.0812,38.95293],[-121.08054,38.95294],[-121.08052,38.95277],[-121.08009,38.95277],[-121.08008,38.95266],[-121.07951,38.95266],[-121.07954,38.95219],[-121.07882,38.95219],[-121.07868,38.95229],[-121.07747,38.9523],[-121.07468,38.95237],[-121.07487,38.95273],[-121.075,38.95296],[-121.07494,38.95314],[-121.07498,38.95339],[-121.06987,38.9534],[-121.06983,38.95666],[-121.09361,38.95666]]]}},{"type":"Feature","properties":{"c":"commercial","n":"Mather Airport"},"geometry":{"type":"Polygon","coordinates":[[[-121.31587,38.55742],[-121.31665,38.55751],[-121.31625,38.55056],[-121.31756,38.54984],[-121.32143,38.54761],[-121.32115,38.5442],[-121.31662,38.53937],[-121.30655,38.54508],[-121.30535,38.54498],[-121.30226,38.54637],[-121.30247,38.54735],[-121.29368,38.55241],[-121.28903,38.55407],[-121.28731,38.55144],[-121.2857,38.55199],[-121.28739,38.55463],[-121.28094,38.55724],[-121.27879,38.55684],[-121.27776,38.55941],[-121.27707,38.55934],[-121.27323,38.55502],[-121.26818,38.55792],[-121.26692,38.55897],[-121.26689,38.56146],[-121.26742,38.56281],[-121.26855,38.56423],[-121.27343,38.56692],[-121.27522,38.56737],[-121.27736,38.56766],[-121.285,38.56727],[-121.29082,38.56697],[-121.29075,38.56616],[-121.29067,38.56556],[-121.29175,38.56551],[-121.29345,38.56543],[-121.29455,38.56536],[-121.30184,38.56497],[-121.30232,38.56485],[-121.30334,38.56428],[-121.3062,38.56408],[-121.30785,38.56397],[-121.30925,38.56389],[-121.30991,38.56341],[-121.30981,38.56264],[-121.30963,38.55989],[-121.30978,38.55973],[-121.3085,38.55845],[-121.30979,38.55776],[-121.31133,38.55689],[-121.31145,38.55682],[-121.31343,38.55887],[-121.31587,38.55742]]]}},{"type":"Feature","properties":{"c":"general-aviation","n":"Cyr Aviation Airport"},"geometry":{"type":"Polygon","coordinates":[[[-114.60536,33.59564],[-114.60525,33.58858],[-114.60581,33.58856],[-114.60587,33.59214],[-114.60615,33.59214],[-114.60623,33.59562],[-114.60536,33.59564]]]}},{"type":"Feature","properties":{"c":"general-aviation","n":"Eagle's Nest Airport"},"geometry":{"type":"Polygon","coordinates":[[[-121.012,38.44141],[-121.01107,38.44113],[-121.0141,38.43605],[-121.01236,38.43607],[-121.01243,38.43572],[-121.01243,38.43572],[-121.01255,38.43518],[-121.01303,38.43507],[-121.01346,38.43512],[-121.01369,38.4347],[-121.01317,38.43451],[-121.01364,38.43363],[-121.01409,38.43383],[-121.01501,38.43237],[-121.01348,38.43206],[-121.01396,38.43144],[-121.01511,38.43077],[-121.01509,38.42924],[-121.0172,38.42922],[-121.01721,38.43011],[-121.01767,38.43014],[-121.01898,38.42824],[-121.01841,38.42812],[-121.01864,38.4274],[-121.01992,38.42738],[-121.0201,38.42777],[-121.01401,38.43788],[-121.01376,38.43839],[-121.012,38.44141]]]}},{"type":"Feature","properties":{"c":"general-aviation","n":"Alpine County Airport"},"geometry":{"type":"Polygon","coordinates":[[[-119.76791,38.72802],[-119.76732,38.72784],[-119.76622,38.74155],[-119.76644,38.74159],[-119.76682,38.74119],[-119.76701,38.74094],[-119.76705,38.74065],[-119.7668,38.74039],[-119.76756,38.73235],[-119.76854,38.73135],[-119.76862,38.73098],[-119.76889,38.73046],[-119.76865,38.72947],[-119.76811,38.72869],[-119.76784,38.72852],[-119.76791,38.72802]]]}},{"type":"Feature","properties":{"c":"general-aviation","n":"Howard Airport"},"geometry":{"type":"Polygon","coordinates":[[[-120.93315,38.2574],[-120.9336,38.25719],[-120.9336,38.25704],[-120.93385,38.25699],[-120.93386,38.25693],[-120.93376,38.25655],[-120.935,38.25654],[-120.9351,38.25624],[-120.92852,38.25654],[-120.92846,38.25664],[-120.92848,38.25679],[-120.92862,38.25689],[-120.93127,38.25677],[-120.93221,38.25715],[-120.93277,38.25741],[-120.93315,38.2574]]]}},{"type":"Feature","properties":{"c":"general-aviation","n":"Kelso Valley Airport"},"geometry":{"type":"Polygon","coordinates":[[[-118.22025,35.38877],[-118.21897,35.38869],[-118.21831,35.38439],[-118.2173,35.38436],[-118.21733,35.38364],[-118.21817,35.38366],[-118.21732,35.37787],[-118.2195,35.37786],[-118.2196,35.38006],[-118.21887,35.38025],[-118.2193,35.38375],[-118.22771,35.38402],[-118.22767,35.38473],[-118.21945,35.38446],[-118.22025,35.38877]]]}},{"type":"Feature","properties":{"c":"general-aviation","n":"Mc Conville Airstrip"},"geometry":{"type":"Polygon","coordinates":[[[-117.43046,33.64211],[-117.42866,33.64607],[-117.42856,33.64604],[-117.42849,33.64601],[-117.42949,33.64383],[-117.42913,33.64389],[-117.42902,33.64396],[-117.42897,33.64391],[-117.42938,33.64367],[-117.42952,33.64363],[-117.4296,33.64363],[-117.43032,33.64207],[-117.4304,33.64209],[-117.43046,33.64211]]]}},{"type":"Feature","properties":{"c":"general-aviation","n":"Virgil O Parrett Field"},"geometry":{"type":"Polygon","coordinates":[[[-122.4352,38.57564],[-122.43587,38.58102],[-122.43617,38.581],[-122.43648,38.58357],[-122.43645,38.58438],[-122.43651,38.58503],[-122.43669,38.5855],[-122.4368,38.58605],[-122.43678,38.58628],[-122.43592,38.58623],[-122.4349,38.57847],[-122.43431,38.57404],[-122.43381,38.57407],[-122.4337,38.57304],[-122.43359,38.57272],[-122.43358,38.57266],[-122.43356,38.57253],[-122.43356,38.5725],[-122.43351,38.57214],[-122.43349,38.572],[-122.43349,38.57198],[-122.43346,38.57184],[-122.43345,38.57173],[-122.43342,38.57154],[-122.4334,38.57139],[-122.43338,38.57121],[-122.43337,38.57113],[-122.43349,38.57112],[-122.43343,38.57065],[-122.43414,38.57059],[-122.43431,38.57062],[-122.43466,38.57087],[-122.43533,38.57254],[-122.43549,38.57562],[-122.43544,38.57562],[-122.4352,38.57564]]]}},{"type":"Feature","properties":{"c":"military","n":"Naval Outlying Field San Nicolas Island"},"geometry":{"type":"Polygon","coordinates":[[[-119.44472,33.2307],[-119.4471,33.22869],[-119.45298,33.23302],[-119.46557,33.23746],[-119.46874,33.24017],[-119.46617,33.24248],[-119.47356,33.2484],[-119.47071,33.25082],[-119.44472,33.2307]]]}},{"type":"Feature","properties":{"c":"military","n":"Naval Auxiliary Landing Field San Clemente Island"},"geometry":{"type":"Polygon","coordinates":[[[-118.60534,33.01755],[-118.6056,33.01706],[-118.60508,33.01619],[-118.60397,33.01651],[-118.60236,33.01707],[-118.60215,33.01702],[-118.60183,33.01641],[-118.60177,33.01633],[-118.60163,33.01626],[-118.60146,33.01621],[-118.60131,33.01622],[-118.60037,33.01652],[-118.6,33.01694],[-118.59104,33.02007],[-118.59077,33.02025],[-118.59035,33.01894],[-118.59013,33.01865],[-118.58848,33.01793],[-118.58797,33.01796],[-118.58606,33.01876],[-118.58548,33.01866],[-118.58516,33.01838],[-118.58472,33.01833],[-118.58291,33.01882],[-118.58256,33.01936],[-118.58114,33.01984],[-118.58147,33.0205],[-118.58193,33.02037],[-118.58208,33.02064],[-118.58242,33.02078],[-118.58227,33.02132],[-118.58222,33.02207],[-118.58165,33.02278],[-118.58096,33.02314],[-118.56977,33.02709],[-118.57007,33.02738],[-118.57188,33.02932],[-118.57217,33.02928],[-118.60534,33.01755]]]}},{"type":"Feature","properties":{"c":"commercial","n":"Blue Canyon-Nyack Airport"},"geometry":{"type":"Polygon","coordinates":[[[-120.71049,39.27353],[-120.71136,39.27605],[-120.71258,39.27844],[-120.71153,39.27926],[-120.71138,39.27959],[-120.71091,39.27971],[-120.71003,39.27977],[-120.70949,39.27951],[-120.70921,39.27893],[-120.70938,39.27731],[-120.70917,39.27638],[-120.70866,39.2764],[-120.70832,39.27633],[-120.70819,39.27628],[-120.7082,39.27599],[-120.70833,39.2757],[-120.70833,39.27553],[-120.7083,39.27519],[-120.70835,39.27488],[-120.70803,39.27351],[-120.70748,39.27121],[-120.70736,39.27138],[-120.70731,39.27158],[-120.70724,39.27178],[-120.70715,39.27203],[-120.70684,39.27271],[-120.70758,39.27293],[-120.70729,39.27351],[-120.70717,39.27373],[-120.70626,39.27373],[-120.70615,39.27372],[-120.70627,39.2735],[-120.70679,39.27266],[-120.70708,39.272],[-120.70717,39.27176],[-120.70722,39.27156],[-120.70727,39.2714],[-120.70733,39.27127],[-120.7077,39.27072],[-120.70797,39.27041],[-120.70821,39.27031],[-120.70869,39.27018],[-120.70902,39.27013],[-120.70934,39.27015],[-120.7095,39.2702],[-120.71049,39.27353]]]}},{"type":"Feature","properties":{"c":"commercial","n":"San Francisco International Airport"},"geometry":{"type":"Polygon","coordinates":[[[-122.38616,37.60723],[-122.38555,37.60697],[-122.38554,37.60666],[-122.38451,37.60597],[-122.38442,37.60586],[-122.38343,37.6052],[-122.38305,37.60497],[-122.38299,37.60491],[-122.3827,37.60472],[-122.38239,37.60454],[-122.38204,37.60436],[-122.38193,37.60444],[-122.38189,37.60446],[-122.38168,37.60456],[-122.37945,37.60485],[-122.37868,37.60495],[-122.37847,37.60506],[-122.37819,37.6053],[-122.37858,37.60572],[-122.37198,37.61432],[-122.37138,37.61459],[-122.37082,37.61453],[-122.36878,37.61339],[-122.36763,37.61288],[-122.36697,37.61247],[-122.3588,37.60917],[-122.35579,37.61374],[-122.35558,37.61404],[-122.35518,37.61465],[-122.35514,37.61472],[-122.35514,37.6148],[-122.35517,37.61487],[-122.35526,37.61493],[-122.36457,37.61885],[-122.36466,37.61891],[-122.36474,37.61903],[-122.36506,37.61987],[-122.36517,37.61998],[-122.36562,37.62026],[-122.36633,37.6205],[-122.36654,37.62054],[-122.36693,37.62052],[-122.36731,37.62044],[-122.36766,37.62026],[-122.36855,37.62127],[-122.36502,37.62689],[-122.36555,37.62814],[-122.36732,37.62883],[-122.36845,37.62726],[-122.36865,37.62721],[-122.37164,37.62845],[-122.37181,37.62844],[-122.37197,37.62834],[-122.37239,37.62767],[-122.37257,37.62758],[-122.3741,37.62798],[-122.37896,37.63013],[-122.37928,37.63023],[-122.37962,37.63028],[-122.38017,37.63022],[-122.38067,37.63012],[-122.38177,37.62972],[-122.38218,37.62959],[-122.38229,37.62954],[-122.38232,37.62951],[-122.38234,37.62949],[-122.38243,37.62935],[-122.38541,37.62836],[-122.38549,37.62824],[-122.38655,37.62871],[-122.38675,37.62877],[-122.38751,37.62909],[-122.38768,37.62914],[-122.38763,37.62921],[-122.38837,37.62951],[-122.38921,37.62991],[-122.3899,37.6303],[-122.39069,37.63177],[-122.3912,37.63271],[-122.39131,37.6329],[-122.39128,37.63311],[-122.39105,37.6335],[-122.38978,37.63392],[-122.38874,37.63412],[-122.38816,37.63456],[-122.38727,37.63506],[-122.38707,37.63512],[-122.38659,37.63523],[-122.38634,37.63526],[-122.38613,37.63535],[-122.38594,37.63546],[-122.3858,37.63564],[-122.38576,37.63579],[-122.38576,37.63593],[-122.38588,37.6362],[-122.38607,37.63645],[-122.3874,37.63829],[-122.38756,37.63882],[-122.38766,37.63899],[-122.38788,37.63916],[-122.38803,37.63919],[-122.38832,37.63917],[-122.38894,37.63911],[-122.38924,37.63905],[-122.39108,37.63869],[-122.39252,37.63869],[-122.39408,37.63867],[-122.39416,37.63868],[-122.39487,37.63878],[-122.3955,37.63879],[-122.39584,37.63876],[-122.39606,37.63871],[-122.39713,37.63837],[-122.39802,37.63837],[-122.39951,37.63836],[-122.39986,37.63831],[-122.40024,37.6382],[-122.40054,37.63805],[-122.40083,37.63778],[-122.40264,37.63628],[-122.40267,37.63592],[-122.40278,37.63532],[-122.40234,37.63359],[-122.4023,37.63343],[-122.40218,37.63325],[-122.402,37.63311],[-122.40065,37.63247],[-122.40039,37.63202],[-122.40169,37.63008],[-122.40184,37.62981],[-122.40191,37.62954],[-122.40193,37.62929],[-122.40161,37.6273],[-122.4014,37.62611],[-122.40049,37.62341],[-122.39984,37.62149],[-122.39922,37.61968],[-122.39856,37.61788],[-122.3982,37.61693],[-122.39777,37.61584],[-122.39742,37.61532],[-122.39724,37.6151],[-122.39703,37.61494],[-122.39614,37.61454],[-122.3949,37.61344],[-122.39474,37.61304],[-122.39413,37.61317],[-122.39406,37.61321],[-122.39383,37.61327],[-122.39353,37.61332],[-122.39314,37.61337],[-122.39297,37.61295],[-122.39328,37.61284],[-122.39351,37.61258],[-122.39356,37.61213],[-122.39331,37.61178],[-122.39179,37.61076],[-122.39056,37.60995],[-122.39024,37.60976],[-122.39006,37.60963],[-122.38988,37.60952],[-122.38932,37.60919],[-122.38835,37.60859],[-122.38784,37.60827],[-122.38746,37.60806],[-122.38741,37.60808],[-122.38738,37.6081],[-122.38732,37.60821],[-122.38728,37.60827],[-122.3861,37.60777],[-122.38612,37.60773],[-122.38619,37.6076],[-122.38601,37.60751],[-122.38616,37.60723]]]}},{"type":"Feature","properties":{"c":"general-aviation","n":"Bates Field"},"geometry":{"type":"Polygon","coordinates":[[[-120.56894,41.42532],[-120.5689,41.41795],[-120.56638,41.41796],[-120.56639,41.41967],[-120.56382,41.41968],[-120.56385,41.42533],[-120.56894,41.42532]]]}},{"type":"Feature","properties":{"c":"general-aviation","n":"Benton Field"},"geometry":{"type":"Polygon","coordinates":[[[-122.40529,40.57043],[-122.40529,40.57065],[-122.40526,40.57079],[-122.4052,40.571],[-122.40506,40.57148],[-122.40499,40.57173],[-122.40498,40.57174],[-122.40488,40.5718],[-122.40509,40.57203],[-122.40513,40.57208],[-122.40515,40.57213],[-122.4052,40.57221],[-122.40521,40.57223],[-122.40525,40.57232],[-122.40526,40.57234],[-122.40527,40.57237],[-122.40527,40.5724],[-122.40528,40.57244],[-122.4053,40.57252],[-122.4053,40.57263],[-122.40529,40.57284],[-122.40526,40.57297],[-122.40522,40.57359],[-122.40522,40.5736],[-122.4052,40.57366],[-122.40513,40.57393],[-122.4051,40.57413],[-122.40508,40.5743],[-122.40504,40.57464],[-122.40512,40.57466],[-122.40527,40.57472],[-122.40528,40.57472],[-122.40533,40.57471],[-122.40549,40.57467],[-122.40549,40.57469],[-122.40549,40.5747],[-122.40549,40.57471],[-122.4055,40.57476],[-122.40552,40.57491],[-122.40555,40.57511],[-122.40556,40.57511],[-122.40561,40.57511],[-122.40561,40.5751],[-122.40577,40.57509],[-122.40578,40.57509],[-122.40578,40.57509],[-122.40586,40.57559],[-122.40584,40.5756],[-122.40568,40.57561],[-122.40564,40.57562],[-122.40562,40.57562],[-122.40563,40.57572],[-122.40567,40.57595],[-122.40567,40.57596],[-122.40566,40.57597],[-122.40563,40.57601],[-122.40544,40.57607],[-122.40549,40.57615],[-122.40501,40.57631],[-122.40497,40.57638],[-122.40514,40.57676],[-122.40514,40.57677],[-122.40529,40.57709],[-122.40541,40.57736],[-122.40553,40.57735],[-122.4058,40.57731],[-122.40581,40.57731],[-122.40636,40.57727],[-122.40664,40.57724],[-122.40665,40.57724],[-122.40674,40.5777],[-122.40675,40.57771],[-122.40727,40.57763],[-122.40737,40.57797],[-122.40738,40.57797],[-122.40753,40.57794],[-122.40766,40.57792],[-122.40769,40.57791],[-122.40785,40.57789],[-122.40787,40.57788],[-122.40805,40.57785],[-122.40814,40.57784],[-122.40829,40.57781],[-122.40935,40.57762],[-122.40931,40.5775],[-122.40925,40.57733],[-122.40917,40.57707],[-122.4091,40.57685],[-122.40881,40.57596],[-122.40932,40.57583],[-122.40937,40.57581],[-122.40945,40.57579],[-122.40975,40.57571],[-122.41002,40.57564],[-122.40994,40.57541],[-122.40997,40.5754],[-122.41,40.57539],[-122.41004,40.57538],[-122.41006,40.57542],[-122.41007,40.57544],[-122.41011,40.57554],[-122.41014,40.57558],[-122.41015,40.57559],[-122.41017,40.57562],[-122.4107,40.57555],[-122.41072,40.5755],[-122.41073,40.57551],[-122.41084,40.57536],[-122.41087,40.57533],[-122.41094,40.57537],[-122.41098,40.57532],[-122.41103,40.57526],[-122.41101,40.57525],[-122.411,40.57524],[-122.41091,40.57518],[-122.41078,40.5751],[-122.41059,40.57502],[-122.41052,40.57499],[-122.41047,40.57496],[-122.41044,40.57494],[-122.41041,40.57492],[-122.41037,40.57489],[-122.41033,40.57486],[-122.41029,40.57482],[-122.41025,40.57477],[-122.41024,40.57474],[-122.41023,40.5747],[-122.41023,40.57467],[-122.41023,40.57463],[-122.41024,40.57457],[-122.41032,40.57431],[-122.41033,40.57428],[-122.41034,40.57424],[-122.41034,40.5742],[-122.41034,40.57417],[-122.41032,40.57409],[-122.41029,40.57402],[-122.41029,40.574],[-122.41028,40.57396],[-122.41019,40.57362],[-122.41007,40.57321],[-122.40999,40.57286],[-122.40999,40.57282],[-122.40999,40.57276],[-122.41,40.57271],[-122.41001,40.57266],[-122.40993,40.57244],[-122.40938,40.57204],[-122.40884,40.57164],[-122.40818,40.57115],[-122.40816,40.57114],[-122.40774,40.57082],[-122.40784,40.57073],[-122.40783,40.57072],[-122.40786,40.57067],[-122.40789,40.57062],[-122.40794,40.57058],[-122.40788,40.57015],[-122.40729,40.5698],[-122.40724,40.56943],[-122.40607,40.56953],[-122.40616,40.5701],[-122.40627,40.57015],[-122.40624,40.5702],[-122.40621,40.57023],[-122.40594,40.57015],[-122.40596,40.57029],[-122.4057,40.57025],[-122.40569,40.57027],[-122.40543,40.57027],[-122.40538,40.5703],[-122.40533,40.57034],[-122.4053,40.5704],[-122.40529,40.57043]]]}},{"type":"Feature","properties":{"c":"general-aviation","n":"Petaluma Municipal Airport"},"geometry":{"type":"Polygon","coordinates":[[[-122.61337,38.26314],[-122.6157,38.26055],[-122.61548,38.26011],[-122.61058,38.25728],[-122.60944,38.25709],[-122.60884,38.25726],[-122.60766,38.25672],[-122.60717,38.25677],[-122.6067,38.25651],[-122.60274,38.25428],[-122.60227,38.25442],[-122.60143,38.25384],[-122.59727,38.2517],[-122.59578,38.25331],[-122.60134,38.25639],[-122.60555,38.2587],[-122.60642,38.25923],[-122.60662,38.26016],[-122.60673,38.26022],[-122.60789,38.26007],[-122.61337,38.26314]]]}},{"type":"Feature","properties":{"c":"general-aviation","n":"Vineyard Oaks Farm Airstrip"},"geometry":{"type":"Polygon","coordinates":[[[-119.78351,36.37175],[-119.78347,36.36951],[-119.7836,36.36937],[-119.78355,36.36468],[-119.78728,36.36467],[-119.78723,36.36775],[-119.7867,36.36776],[-119.7867,36.36806],[-119.78658,36.36806],[-119.78664,36.37176],[-119.78351,36.37175]]]}},{"type":"Feature","properties":{"c":"commercial","n":"Livermore Municipal Airport"},"geometry":{"type":"Polygon","coordinates":[[[-121.80959,37.68953],[-121.82581,37.68973],[-121.82581,37.69169],[-121.82855,37.69169],[-121.82998,37.69284],[-121.83192,37.69287],[-121.83144,37.69382],[-121.83147,37.69444],[-121.8313,37.69454],[-121.83052,37.69452],[-121.82989,37.69511],[-121.82895,37.69511],[-121.82832,37.69486],[-121.82558,37.69486],[-121.82508,37.69513],[-121.82413,37.6952],[-121.82402,37.6964],[-121.82366,37.69645],[-121.82253,37.69644],[-121.82251,37.69715],[-121.82122,37.69702],[-121.82021,37.69719],[-121.8178,37.69721],[-121.81747,37.69661],[-121.8164,37.69601],[-121.8066,37.69596],[-121.80589,37.69604],[-121.80568,37.69594],[-121.80568,37.69484],[-121.80568,37.69469],[-121.80568,37.69307],[-121.80946,37.69315],[-121.80954,37.69308],[-121.80954,37.6917],[-121.81001,37.69171],[-121.81002,37.69148],[-121.80979,37.69148],[-121.80982,37.69036],[-121.80963,37.69036],[-121.80959,37.68953]]]}},{"type":"Feature","properties":{"c":"commercial","n":"Needles Airport"},"geometry":{"type":"Polygon","coordinates":[[[-114.62452,34.76454],[-114.61527,34.77722],[-114.61263,34.77618],[-114.61384,34.77286],[-114.61455,34.76965],[-114.61598,34.76928],[-114.61675,34.76889],[-114.61732,34.7685],[-114.61806,34.76766],[-114.61979,34.76429],[-114.6203,34.76416],[-114.62008,34.7635],[-114.62013,34.76349],[-114.61989,34.7627],[-114.61963,34.76192],[-114.61677,34.76058],[-114.61821,34.75907],[-114.6192,34.75892],[-114.63822,34.76791],[-114.63663,34.77009],[-114.62452,34.76454]]]}},{"type":"Feature","properties":{"c":"general-aviation","n":"B & E Ranch Airport"},"geometry":{"type":"Polygon","coordinates":[[[-116.61288,34.42735],[-116.60846,34.42738],[-116.60862,34.42019],[-116.60424,34.4202],[-116.60433,34.41658],[-116.61292,34.41657],[-116.61288,34.42735]]]}},{"type":"Feature","properties":{"c":"general-aviation","n":"Kelly Airport"},"geometry":{"type":"Polygon","coordinates":[[[-116.62169,34.42745],[-116.62178,34.42026],[-116.61318,34.42018],[-116.61317,34.42026],[-116.61304,34.42026],[-116.61297,34.42741],[-116.62169,34.42745]]]}},{"type":"Feature","properties":{"c":"general-aviation","n":"Abraham Ranch Airport"},"geometry":{"type":"Polygon","coordinates":[[[-116.63059,34.4149],[-116.6306,34.41316],[-116.62958,34.41315],[-116.62703,34.41314],[-116.627,34.41317],[-116.62694,34.41317],[-116.62692,34.41314],[-116.62352,34.41311],[-116.62346,34.41385],[-116.61588,34.41402],[-116.61591,34.41502],[-116.62623,34.41488],[-116.63059,34.4149]]]}},{"type":"Feature","properties":{"c":"general-aviation","n":"Depue Airport"},"geometry":{"type":"Polygon","coordinates":[[[-117.13936,34.85398],[-117.13939,34.85484],[-117.13857,34.85485],[-117.13856,34.8547],[-117.13823,34.85471],[-117.13826,34.8566],[-117.13836,34.85669],[-117.13869,34.85674],[-117.13873,34.85679],[-117.13618,34.85874],[-117.13612,34.85862],[-117.13611,34.85827],[-117.13613,34.85673],[-117.13684,34.85673],[-117.13711,34.85611],[-117.13753,34.85516],[-117.13803,34.854],[-117.13936,34.85398]]]}},{"type":"Feature","properties":{"c":"general-aviation","n":"Roy Williams Airport"},"geometry":{"type":"Polygon","coordinates":[[[-116.25798,34.15701],[-116.25785,34.14977],[-116.24725,34.14973],[-116.24729,34.15691],[-116.25798,34.15701]]]}},{"type":"Feature","properties":{"c":"general-aviation","n":"Hesperia Airport"},"geometry":{"type":"Polygon","coordinates":[[[-117.32034,34.37263],[-117.31949,34.37262],[-117.31867,34.37351],[-117.3186,34.37358],[-117.31696,34.37531],[-117.31683,34.37526],[-117.31686,34.37542],[-117.31656,34.37571],[-117.31624,34.37564],[-117.31624,34.37575],[-117.31619,34.3758],[-117.31609,34.37582],[-117.31603,34.37582],[-117.31597,34.37596],[-117.31624,34.37608],[-117.31596,34.37636],[-117.31548,34.37603],[-117.31537,34.37613],[-117.31527,34.37619],[-117.31566,34.37668],[-117.31503,34.37734],[-117.31402,34.37841],[-117.31383,34.37861],[-117.31341,34.37907],[-117.31328,34.37898],[-117.31301,34.37924],[-117.31269,34.37927],[-117.31265,34.37929],[-117.31258,34.37935],[-117.31235,34.37936],[-117.31227,34.37944],[-117.31211,34.37956],[-117.31197,34.3795],[-117.31189,34.37963],[-117.31186,34.37974],[-117.31185,34.37992],[-117.31191,34.3818],[-117.31207,34.38181],[-117.31217,34.38174],[-117.31232,34.38149],[-117.31234,34.38142],[-117.3125,34.38111],[-117.31266,34.38086],[-117.31271,34.38078],[-117.32028,34.37278],[-117.3203,34.37275],[-117.32034,34.37263]]]}},{"type":"Feature","properties":{"c":"general-aviation","n":"Palisades Ranch Airport"},"geometry":{"type":"Polygon","coordinates":[[[-117.34921,34.71759],[-117.34796,34.71723],[-117.3527,34.70622],[-117.35395,34.70658],[-117.34921,34.71759]]]}},{"type":"Feature","properties":{"c":"general-aviation","n":"Camino Airstrip"},"geometry":{"type":"Polygon","coordinates":[[[-114.96031,34.83841],[-114.95951,34.83888],[-114.95352,34.83211],[-114.95432,34.83163],[-114.96031,34.83841]]]}},{"type":"Feature","properties":{"c":"military","n":"El Mirage Field Adelanto Airport"},"geometry":{"type":"Polygon","coordinates":[[[-117.60939,34.63084],[-117.60924,34.61668],[-117.5874,34.6167],[-117.58754,34.63095],[-117.59194,34.63097],[-117.60939,34.63084]]]}},{"type":"Feature","properties":{"c":"commercial","n":"Barstow-Daggett Airport"},"geometry":{"type":"Polygon","coordinates":[[[-116.80332,34.8507],[-116.79862,34.84999],[-116.77256,34.85016],[-116.77256,34.85258],[-116.77256,34.85447],[-116.77695,34.85447],[-116.77694,34.86156],[-116.77694,34.86533],[-116.80353,34.86511],[-116.80351,34.85513],[-116.80334,34.85513],[-116.80332,34.8507]]]}},{"type":"Feature","properties":{"c":"commercial","n":"Chino Airport"},"geometry":{"type":"Polygon","coordinates":[[[-117.65026,33.96868],[-117.65032,33.98291],[-117.64761,33.98293],[-117.64757,33.97879],[-117.64768,33.97879],[-117.64768,33.97854],[-117.64757,33.97854],[-117.64757,33.97846],[-117.64748,33.97846],[-117.64741,33.97846],[-117.64742,33.97922],[-117.64742,33.9794],[-117.64742,33.97986],[-117.64736,33.97992],[-117.64736,33.97994],[-117.64735,33.97994],[-117.64735,33.97999],[-117.64735,33.98003],[-117.64742,33.9801],[-117.64743,33.98043],[-117.6474,33.98044],[-117.64741,33.98049],[-117.64738,33.98049],[-117.64738,33.98055],[-117.64739,33.98077],[-117.64739,33.98106],[-117.64739,33.98125],[-117.6474,33.98168],[-117.64535,33.98169],[-117.64432,33.9817],[-117.64335,33.98172],[-117.64319,33.98172],[-117.6432,33.98179],[-117.64255,33.98179],[-117.64202,33.9818],[-117.64201,33.9818],[-117.64201,33.98176],[-117.6419,33.98176],[-117.64162,33.98176],[-117.64154,33.98176],[-117.64153,33.98182],[-117.64171,33.98183],[-117.64171,33.98215],[-117.64135,33.98215],[-117.64073,33.98216],[-117.64045,33.98217],[-117.64045,33.98231],[-117.64015,33.98231],[-117.64016,33.983],[-117.63986,33.98299],[-117.63928,33.98298],[-117.63918,33.98298],[-117.63902,33.983],[-117.63884,33.983],[-117.63643,33.98301],[-117.63634,33.98304],[-117.6361,33.98304],[-117.63507,33.98306],[-117.62798,33.98304],[-117.62471,33.98306],[-117.62372,33.98306],[-117.62375,33.97594],[-117.62036,33.97598],[-117.62005,33.97591],[-117.61944,33.97591],[-117.61933,33.97588],[-117.61924,33.96891],[-117.62051,33.9689],[-117.62058,33.96889],[-117.62065,33.96891],[-117.62181,33.96889],[-117.62769,33.96889],[-117.62775,33.96895],[-117.62777,33.97162],[-117.62768,33.97173],[-117.62766,33.9718],[-117.62765,33.97188],[-117.62774,33.972],[-117.62789,33.97205],[-117.63233,33.97203],[-117.63229,33.96889],[-117.63313,33.96881],[-117.6334,33.96881],[-117.6334,33.96876],[-117.63348,33.96872],[-117.63382,33.96873],[-117.63386,33.96878],[-117.63387,33.97028],[-117.63535,33.97029],[-117.63533,33.96872],[-117.63658,33.96872],[-117.64024,33.96869],[-117.64024,33.96916],[-117.64055,33.96916],[-117.64092,33.96915],[-117.64092,33.96858],[-117.64132,33.96857],[-117.64126,33.96827],[-117.64241,33.96796],[-117.64284,33.96786],[-117.64341,33.96777],[-117.6439,33.96772],[-117.64412,33.96771],[-117.64431,33.96771],[-117.64468,33.96772],[-117.64517,33.96776],[-117.64559,33.96782],[-117.64605,33.96791],[-117.64662,33.96806],[-117.6467,33.9681],[-117.6467,33.96812],[-117.64678,33.96815],[-117.6468,33.96813],[-117.64747,33.96837],[-117.64763,33.96839],[-117.64787,33.96858],[-117.64797,33.96864],[-117.65026,33.96868]]]}},{"type":"Feature","properties":{"c":"general-aviation","n":"Ludlow Airport"},"geometry":{"type":"Polygon","coordinates":[[[-116.16321,34.72858],[-116.15402,34.72844],[-116.15399,34.72893],[-116.16321,34.72906],[-116.16321,34.72858]]]}},{"type":"Feature","properties":{"c":"general-aviation","n":"Holiday Ranch Airport"},"geometry":{"type":"Polygon","coordinates":[[[-117.08299,34.56243],[-117.08296,34.56195],[-117.08,34.56197],[-117.07996,34.56058],[-117.07891,34.56057],[-117.07879,34.55993],[-117.07848,34.55994],[-117.07856,34.56203],[-117.07385,34.56199],[-117.07386,34.56254],[-117.07851,34.56255],[-117.0787,34.56427],[-117.07877,34.56608],[-117.07946,34.56608],[-117.07963,34.56791],[-117.08013,34.56792],[-117.08,34.56609],[-117.07981,34.56608],[-117.07978,34.56508],[-117.07968,34.56241],[-117.08299,34.56243]]]}},{"type":"Feature","properties":{"c":"general-aviation","n":"Adelanto Airport"},"geometry":{"type":"Polygon","coordinates":[[[-117.47731,34.53603],[-117.4774,34.53608],[-117.47744,34.53616],[-117.4774,34.53943],[-117.47735,34.53949],[-117.47721,34.53952],[-117.47089,34.53947],[-117.47086,34.54143],[-117.46938,34.54143],[-117.46939,34.543],[-117.46939,34.54316],[-117.46941,34.54638],[-117.46887,34.54639],[-117.46887,34.54679],[-117.46854,34.54679],[-117.46653,34.54677],[-117.46654,34.54115],[-117.46653,34.53958],[-117.46639,34.53954],[-117.46009,34.53942],[-117.46008,34.53614],[-117.46009,34.53604],[-117.46016,34.53591],[-117.46029,34.5358],[-117.46046,34.53577],[-117.46329,34.53583],[-117.46342,34.53593],[-117.46442,34.53595],[-117.4645,34.53589],[-117.47092,34.53599],[-117.47731,34.53603]]]}},{"type":"Feature","properties":{"c":"general-aviation","n":"Hansen Airport"},"geometry":{"type":"Polygon","coordinates":[[[-117.66671,34.62974],[-117.64593,34.6298],[-117.64595,34.6305],[-117.64705,34.63048],[-117.65433,34.6305],[-117.65436,34.63109],[-117.65608,34.63107],[-117.65609,34.63045],[-117.66672,34.63039],[-117.66671,34.62974]]]}},{"type":"Feature","properties":{"c":"general-aviation","n":"Krey Field"},"geometry":{"type":"Polygon","coordinates":[[[-117.55708,34.56892],[-117.55648,34.56891],[-117.55591,34.56867],[-117.55591,34.56863],[-117.55596,34.56828],[-117.55592,34.56792],[-117.55596,34.56767],[-117.55595,34.56757],[-117.55586,34.56732],[-117.55589,34.56708],[-117.55552,34.56702],[-117.55475,34.56703],[-117.55343,34.56702],[-117.55346,34.56434],[-117.55189,34.56434],[-117.55181,34.56899],[-117.54701,34.56897],[-117.54694,34.56899],[-117.54688,34.56904],[-117.54686,34.56913],[-117.54689,34.57066],[-117.54693,34.57071],[-117.54699,34.57074],[-117.55177,34.57077],[-117.5519,34.57269],[-117.55344,34.57269],[-117.55342,34.57063],[-117.55572,34.5706],[-117.55588,34.57121],[-117.5586,34.57123],[-117.55982,34.57128],[-117.56018,34.57128],[-117.56016,34.57097],[-117.56022,34.5709],[-117.56035,34.57087],[-117.56467,34.5709],[-117.56466,34.57083],[-117.56465,34.56933],[-117.56458,34.56921],[-117.56447,34.5691],[-117.56432,34.56906],[-117.55853,34.56898],[-117.55708,34.56892]]]}},{"type":"Feature","properties":{"c":"general-aviation","n":"Tenaja Valley Airport"},"geometry":{"type":"Polygon","coordinates":[[[-117.331,33.51369],[-117.32996,33.51447],[-117.32985,33.51481],[-117.32962,33.51486],[-117.32977,33.51447],[-117.32984,33.51425],[-117.32992,33.51389],[-117.32988,33.51345],[-117.32875,33.51252],[-117.32918,33.51217],[-117.32915,33.51214],[-117.33071,33.51112],[-117.33098,33.51085],[-117.3311,33.51066],[-117.3312,33.51061],[-117.33136,33.51066],[-117.33228,33.51199],[-117.33081,33.51321],[-117.331,33.51369]]]}},{"type":"Feature","properties":{"c":"general-aviation","n":"Pines Airpark"},"geometry":{"type":"Polygon","coordinates":[[[-117.109,33.64894],[-117.11021,33.64184],[-117.1097,33.64184],[-117.10846,33.64894],[-117.109,33.64894]]]}},{"type":"Feature","properties":{"c":"general-aviation","n":"Perris Valley Airport"},"geometry":{"type":"Polygon","coordinates":[[[-117.21972,33.77199],[-117.21654,33.76999],[-117.21313,33.76795],[-117.20841,33.76516],[-117.2167,33.75752],[-117.21938,33.75749],[-117.21929,33.76122],[-117.222,33.76121],[-117.22202,33.76301],[-117.22344,33.76301],[-117.22343,33.76394],[-117.22342,33.76483],[-117.22342,33.76529],[-117.22349,33.76542],[-117.22344,33.77199],[-117.21972,33.77199]]]}},{"type":"Feature","properties":{"c":"general-aviation","n":"Desert Air Sky Ranch"},"geometry":{"type":"Polygon","coordinates":[[[-115.87831,33.48302],[-115.87831,33.4834],[-115.87708,33.48276],[-115.87703,33.48278],[-115.87672,33.48321],[-115.87637,33.48303],[-115.8763,33.48314],[-115.87575,33.48298],[-115.87544,33.48275],[-115.87541,33.48254],[-115.87541,33.48241],[-115.87546,33.48234],[-115.87557,33.48228],[-115.87554,33.48225],[-115.86944,33.47908],[-115.86944,33.4785],[-115.87831,33.48302]]]}},{"type":"Feature","properties":{"c":"general-aviation","n":"Ernst Field"},"geometry":{"type":"Polygon","coordinates":[[[-116.88584,33.5936],[-116.87992,33.60126],[-116.88065,33.60165],[-116.88656,33.59399],[-116.88584,33.5936]]]}},{"type":"Feature","properties":{"c":"general-aviation","n":"Lake Riverside Estates Airport"},"geometry":{"type":"Polygon","coordinates":[[[-116.80313,33.52392],[-116.80199,33.52417],[-116.80171,33.52421],[-116.80177,33.52375],[-116.8007,33.52366],[-116.80076,33.52341],[-116.80071,33.52331],[-116.8001,33.52309],[-116.79455,33.52139],[-116.79034,33.52008],[-116.79034,33.51953],[-116.80209,33.52313],[-116.80255,33.52288],[-116.80313,33.52364],[-116.80313,33.52392]]]}},{"type":"Feature","properties":{"c":"general-aviation","n":"Walter's Camp Airport"},"geometry":{"type":"Polygon","coordinates":[[[-114.71537,33.24567],[-114.71399,33.24593],[-114.71388,33.2457],[-114.71179,33.24607],[-114.70815,33.24679],[-114.70738,33.24693],[-114.70678,33.24702],[-114.70673,33.24685],[-114.70725,33.24677],[-114.70757,33.24663],[-114.70806,33.24657],[-114.71516,33.24504],[-114.71537,33.24567]]]}},{"type":"Feature","properties":{"c":"commercial","n":"Salton Sea Airport"},"geometry":{"type":"Polygon","coordinates":[[[-115.95521,33.24137],[-115.96154,33.24093],[-115.96149,33.23999],[-115.95824,33.24032],[-115.943,33.24151],[-115.94301,33.2423],[-115.94873,33.24191],[-115.94898,33.24247],[-115.94727,33.24303],[-115.94764,33.24393],[-115.95065,33.24302],[-115.95056,33.24285],[-115.95521,33.24137]]]}},{"type":"Feature","properties":{"c":"general-aviation","n":"Emory Ranch Airport"},"geometry":{"type":"Polygon","coordinates":[[[-116.01299,32.75052],[-116.01256,32.75057],[-116.01187,32.75103],[-116.01092,32.75164],[-116.01046,32.75188],[-116.01081,32.75241],[-116.02103,32.74725],[-116.02005,32.74724],[-116.01955,32.74749],[-116.01704,32.74873],[-116.01336,32.75051],[-116.01299,32.75052]]]}},{"type":"Feature","properties":{"c":"general-aviation","n":"Douthitt Strip"},"geometry":{"type":"Polygon","coordinates":[[[-115.53044,32.78872],[-115.52614,32.78876],[-115.52604,32.78942],[-115.52597,32.78964],[-115.5259,32.78983],[-115.52579,32.78998],[-115.52566,32.79012],[-115.52475,32.79086],[-115.53046,32.79079],[-115.53044,32.78872]]]}},{"type":"Feature","properties":{"c":"commercial","n":"Calipatria Municipal Airport"},"geometry":{"type":"Polygon","coordinates":[[[-115.52757,33.13275],[-115.52757,33.12589],[-115.51928,33.12589],[-115.51922,33.1302],[-115.51549,33.13026],[-115.51549,33.13037],[-115.51552,33.13037],[-115.51553,33.13088],[-115.51438,33.13089],[-115.51438,33.13207],[-115.51476,33.13206],[-115.51551,33.13192],[-115.51551,33.13276],[-115.52757,33.13275]]]}},{"type":"Feature","properties":{"c":"military","n":"MCOLF Camp Pendleton (Red Beach) Airport"},"geometry":{"type":"Polygon","coordinates":[[[-117.45721,33.28917],[-117.45612,33.28853],[-117.45543,33.28773],[-117.45446,33.28651],[-117.45431,33.28641],[-117.45401,33.28631],[-117.45353,33.2858],[-117.45311,33.2853],[-117.4532,33.28506],[-117.45356,33.28462],[-117.45976,33.28536],[-117.45951,33.28636],[-117.45919,33.28661],[-117.45891,33.28744],[-117.45856,33.28742],[-117.45747,33.28781],[-117.45721,33.28917]]]}},{"type":"Feature","properties":{"c":"general-aviation","n":"Blackinton Airport"},"geometry":{"type":"Polygon","coordinates":[[[-117.09258,33.26131],[-117.09235,33.26128],[-117.09224,33.26125],[-117.09211,33.26125],[-117.092,33.26125],[-117.09221,33.26033],[-117.0922,33.2591],[-117.09223,33.25859],[-117.09205,33.25823],[-117.09197,33.25808],[-117.09206,33.25775],[-117.09221,33.25768],[-117.09231,33.25759],[-117.09286,33.25489],[-117.09292,33.25443],[-117.09326,33.25442],[-117.09317,33.25548],[-117.09307,33.25626],[-117.09301,33.25734],[-117.09299,33.25747],[-117.09285,33.2582],[-117.09267,33.25963],[-117.0926,33.26087],[-117.09262,33.26104],[-117.09258,33.26131]]]}},{"type":"Feature","properties":{"c":"general-aviation","n":"Loma Madera Ranch Airport"},"geometry":{"type":"Polygon","coordinates":[[[-116.79635,33.17818],[-116.79614,33.17842],[-116.78913,33.18052],[-116.78895,33.18018],[-116.79602,33.17805],[-116.79628,33.17808],[-116.79635,33.17818]]]}},{"type":"Feature","properties":{"c":"general-aviation","n":"Reider Ranch Airport"},"geometry":{"type":"Polygon","coordinates":[[[-116.64088,32.63767],[-116.64018,32.63792],[-116.6407,32.6381],[-116.6409,32.64097],[-116.64121,32.64096],[-116.64088,32.63767]]]}},{"type":"Feature","properties":{"c":"general-aviation","n":"Pauma Valley Air Park"},"geometry":{"type":"Polygon","coordinates":[[[-116.99247,33.30694],[-116.9918,33.30767],[-116.99821,33.31141],[-116.99789,33.31175],[-116.99853,33.31266],[-117.00019,33.31372],[-117.00117,33.31443],[-117.0035,33.31323],[-116.9989,33.3106],[-116.99247,33.30694]]]}},{"type":"Feature","properties":{"c":"general-aviation","n":"Hunts Sky Ranch"},"geometry":{"type":"Polygon","coordinates":[[[-116.44342,33.08213],[-116.44188,33.08198],[-116.44187,33.08209],[-116.4412,33.08205],[-116.4412,33.08189],[-116.4393,33.08169],[-116.43702,33.08146],[-116.43703,33.08108],[-116.44346,33.08172],[-116.44342,33.08213]]]}},{"type":"Feature","properties":{"c":"general-aviation","n":"Lyall-Roberts Airport"},"geometry":{"type":"Polygon","coordinates":[[[-116.99332,33.32315],[-116.99315,33.32292],[-116.99017,33.32441],[-116.99005,33.32425],[-116.98958,33.32448],[-116.9897,33.32463],[-116.98774,33.32563],[-116.98792,33.32589],[-116.99332,33.32315]]]}},{"type":"Feature","properties":{"c":"general-aviation","n":"John Nichols Field"},"geometry":{"type":"Polygon","coordinates":[[[-116.88904,32.63523],[-116.89024,32.63572],[-116.89065,32.6358],[-116.892,32.63582],[-116.89198,32.6352],[-116.89249,32.63493],[-116.89449,32.63425],[-116.89437,32.63415],[-116.89435,32.63405],[-116.89237,32.63362],[-116.89091,32.63334],[-116.89043,32.63302],[-116.88688,32.63216],[-116.88645,32.63237],[-116.88633,32.63264],[-116.88739,32.63286],[-116.88904,32.63523]]]}},{"type":"Feature","properties":{"c":"general-aviation","n":"Hoffman Private Airport"},"geometry":{"type":"Polygon","coordinates":[[[-116.74894,33.14498],[-116.74861,33.14508],[-116.74547,33.14239],[-116.74579,33.14218],[-116.74645,33.14278],[-116.74887,33.14478],[-116.74894,33.14498]]]}},{"type":"Feature","properties":{"c":"general-aviation","n":"Ocotillo Airport"},"geometry":{"type":"Polygon","coordinates":[[[-116.12892,33.14378],[-116.12841,33.14353],[-116.12821,33.14348],[-116.12784,33.14345],[-116.1274,33.14345],[-116.12712,33.1435],[-116.12685,33.14363],[-116.1263,33.14393],[-116.1259,33.14421],[-116.12565,33.14445],[-116.12561,33.14465],[-116.12568,33.1449],[-116.12583,33.14519],[-116.12612,33.14558],[-116.12639,33.14581],[-116.1267,33.146],[-116.12715,33.14622],[-116.12753,33.1463],[-116.12814,33.14641],[-116.1292,33.14662],[-116.12965,33.14679],[-116.12991,33.14699],[-116.13012,33.14712],[-116.13032,33.1473],[-116.13051,33.14769],[-116.1306,33.14804],[-116.13064,33.14843],[-116.13071,33.14865],[-116.13105,33.14916],[-116.13359,33.15235],[-116.1344,33.1531],[-116.13562,33.15391],[-116.13618,33.15445],[-116.13651,33.15485],[-116.13692,33.15557],[-116.13704,33.15564],[-116.13727,33.15567],[-116.13748,33.15567],[-116.13771,33.15559],[-116.13791,33.15548],[-116.13803,33.15533],[-116.13838,33.15454],[-116.13838,33.15175],[-116.13833,33.15163],[-116.1365,33.14873],[-116.13537,33.1477],[-116.13481,33.14719],[-116.13292,33.1449],[-116.13281,33.14483],[-116.1317,33.14457],[-116.13051,33.14441],[-116.13027,33.1443],[-116.12998,33.14402],[-116.12912,33.14386],[-116.12892,33.14378]]]}},{"type":"Feature","properties":{"c":"general-aviation","n":"On the Rocks Airport"},"geometry":{"type":"Polygon","coordinates":[[[-116.72415,32.76415],[-116.72154,32.75749],[-116.72106,32.75755],[-116.72358,32.76406],[-116.72415,32.76415]]]}},{"type":"Feature","properties":{"c":"general-aviation","n":"Crystal Airport"},"geometry":{"type":"Polygon","coordinates":[[[-117.83374,34.486],[-117.83373,34.48563],[-117.83522,34.4856],[-117.83524,34.48436],[-117.81787,34.48428],[-117.81787,34.48601],[-117.82665,34.48601],[-117.82831,34.48603],[-117.83374,34.486]]]}},{"type":"Feature","properties":{"c":"commercial","n":"Brackett Field"},"geometry":{"type":"Polygon","coordinates":[[[-117.79466,34.09098],[-117.79466,34.09211],[-117.79324,34.09211],[-117.79314,34.09323],[-117.79266,34.09387],[-117.7916,34.09395],[-117.79009,34.09484],[-117.78945,34.09498],[-117.78753,34.09488],[-117.78688,34.09484],[-117.78506,34.09471],[-117.78489,34.09469],[-117.78393,34.09437],[-117.78311,34.09404],[-117.78242,34.09377],[-117.78216,34.09365],[-117.78185,34.09356],[-117.78146,34.09347],[-117.7812,34.09344],[-117.78083,34.09339],[-117.78036,34.09336],[-117.77912,34.09331],[-117.77904,34.0933],[-117.77795,34.09325],[-117.77479,34.09311],[-117.77424,34.09307],[-117.77391,34.09304],[-117.77364,34.09299],[-117.77344,34.09295],[-117.77319,34.09288],[-117.77294,34.0928],[-117.77237,34.0926],[-117.77234,34.09257],[-117.77234,34.09253],[-117.77438,34.08977],[-117.77519,34.08864],[-117.77541,34.08836],[-117.77573,34.08792],[-117.77688,34.08637],[-117.77698,34.08635],[-117.77826,34.087],[-117.77914,34.08748],[-117.77994,34.08794],[-117.78034,34.08813],[-117.78053,34.08821],[-117.78093,34.08831],[-117.78375,34.08902],[-117.78449,34.08932],[-117.78452,34.08933],[-117.7858,34.09047],[-117.78603,34.09053],[-117.79082,34.09076],[-117.79108,34.09076],[-117.79466,34.09098]]]}},{"type":"Feature","properties":{"c":"commercial","n":"General William J. Fox Airfield"},"geometry":{"type":"Polygon","coordinates":[[[-118.2197,34.73318],[-118.2197,34.73391],[-118.21969,34.73419],[-118.21957,34.73476],[-118.21935,34.73532],[-118.21901,34.73585],[-118.21863,34.73625],[-118.21832,34.73651],[-118.21786,34.73682],[-118.21751,34.73699],[-118.21707,34.73716],[-118.21439,34.73787],[-118.20927,34.73927],[-118.20883,34.73939],[-118.20477,34.74047],[-118.20424,34.74061],[-118.20425,34.74299],[-118.20356,34.74343],[-118.20174,34.74389],[-118.20059,34.74409],[-118.19752,34.7445],[-118.19761,34.74756],[-118.22837,34.74745],[-118.22837,34.74406],[-118.23276,34.74406],[-118.23277,34.74393],[-118.23708,34.74393],[-118.23709,34.73313],[-118.22172,34.73323],[-118.2197,34.73318]]]}},{"type":"Feature","properties":{"c":"general-aviation","n":"Little Buttes Antique Airfield"},"geometry":{"type":"Polygon","coordinates":[[[-118.28421,34.79239],[-118.27452,34.79476],[-118.27445,34.79476],[-118.27328,34.79451],[-118.27292,34.79449],[-118.27293,34.79639],[-118.27702,34.79635],[-118.27701,34.79441],[-118.28426,34.79264],[-118.28432,34.79257],[-118.2843,34.79248],[-118.28421,34.79239]]]}},{"type":"Feature","properties":{"c":"general-aviation","n":"Brian Ranch Airport"},"geometry":{"type":"Polygon","coordinates":[[[-117.76519,34.51292],[-117.76379,34.51252],[-117.76377,34.51324],[-117.76085,34.51319],[-117.76082,34.51411],[-117.75662,34.514],[-117.7566,34.51481],[-117.75927,34.51873],[-117.76102,34.51878],[-117.76519,34.51753],[-117.7652,34.51651],[-117.76478,34.51647],[-117.7648,34.51626],[-117.76506,34.51624],[-117.76508,34.51352],[-117.76519,34.51343],[-117.76519,34.51292]]]}},{"type":"Feature","properties":{"c":"general-aviation","n":"Conover Air Lodge Airport"},"geometry":{"type":"Polygon","coordinates":[[[-119.06541,34.76072],[-119.06159,34.7607],[-119.06121,34.76063],[-119.06093,34.76055],[-119.06074,34.76033],[-119.06075,34.75542],[-119.06586,34.7547],[-119.06668,34.75457],[-119.06737,34.75441],[-119.06728,34.75813],[-119.06578,34.75795],[-119.06541,34.76072]]]}},{"type":"Feature","properties":{"c":"general-aviation","n":"Shepherd Ranch Airport"},"geometry":{"type":"Polygon","coordinates":[[[-120.06727,34.62133],[-120.06738,34.62139],[-120.06744,34.62149],[-120.06745,34.62159],[-120.06741,34.62168],[-120.06728,34.62176],[-120.06593,34.62213],[-120.06512,34.62241],[-120.06487,34.62246],[-120.06435,34.62252],[-120.06384,34.6226],[-120.06323,34.62279],[-120.06286,34.62285],[-120.0627,34.62279],[-120.06256,34.62277],[-120.06239,34.62282],[-120.06232,34.62285],[-120.06194,34.62299],[-120.05856,34.6238],[-120.05852,34.6245],[-120.05847,34.62454],[-120.05419,34.62457],[-120.0542,34.62434],[-120.05852,34.62342],[-120.05867,34.62353],[-120.06057,34.6231],[-120.06258,34.6226],[-120.06727,34.62133]]]}},{"type":"Feature","properties":{"c":"general-aviation","n":"Crawford Airport"},"geometry":{"type":"Polygon","coordinates":[[[-120.01914,34.59059],[-120.01941,34.5902],[-120.0122,34.58731],[-120.01188,34.58794],[-120.01271,34.58825],[-120.01288,34.58798],[-120.01914,34.59059]]]}},{"type":"Feature","properties":{"c":"general-aviation","n":"Christy Airstrip"},"geometry":{"type":"Polygon","coordinates":[[[-119.85597,34.01881],[-119.85593,34.01816],[-119.85268,34.01833],[-119.85264,34.018],[-119.85202,34.01805],[-119.85206,34.01838],[-119.84751,34.01877],[-119.84758,34.01917],[-119.84809,34.01941],[-119.84884,34.01952],[-119.8512,34.01924],[-119.8518,34.01935],[-119.85269,34.0193],[-119.8529,34.01905],[-119.85325,34.01893],[-119.85377,34.01888],[-119.8547,34.01884],[-119.85597,34.01881]]]}},{"type":"Feature","properties":{"c":"general-aviation","n":"New Cuyama Airport"},"geometry":{"type":"Polygon","coordinates":[[[-119.69231,34.94215],[-119.69224,34.94447],[-119.68844,34.94313],[-119.68916,34.94176],[-119.67918,34.93792],[-119.67976,34.93706],[-119.69231,34.94215]]]}},{"type":"Feature","properties":{"c":"general-aviation","n":"Skydive San Joaquin Valley Airport"},"geometry":{"type":"Polygon","coordinates":[[[-119.07656,35.09809],[-119.07649,35.09484],[-119.06983,35.0949],[-119.0698,35.09492],[-119.06972,35.09492],[-119.06971,35.09503],[-119.06938,35.09503],[-119.06937,35.09489],[-119.06587,35.09491],[-119.0657,35.09493],[-119.06566,35.09497],[-119.0656,35.09817],[-119.06562,35.0982],[-119.06568,35.09823],[-119.07656,35.09809]]]}},{"type":"Feature","properties":{"c":"general-aviation","n":"Paradise Lakes Airport"},"geometry":{"type":"Polygon","coordinates":[[[-118.92739,35.17935],[-118.92365,35.17936],[-118.92359,35.1793],[-118.92359,35.17148],[-118.92364,35.17142],[-118.92469,35.17132],[-118.92632,35.1713],[-118.92721,35.17133],[-118.9273,35.17139],[-118.9273,35.17322],[-118.92739,35.17324],[-118.92739,35.17935]]]}},{"type":"Feature","properties":{"c":"general-aviation","n":"Creekside Airport"},"geometry":{"type":"Polygon","coordinates":[[[-118.92324,35.17906],[-118.9232,35.17916],[-118.92297,35.17932],[-118.91999,35.17931],[-118.91996,35.1731],[-118.91996,35.17296],[-118.92097,35.1728],[-118.92146,35.17273],[-118.92315,35.17273],[-118.92321,35.17276],[-118.92323,35.17283],[-118.92324,35.17906]]]}},{"type":"Feature","properties":{"c":"general-aviation","n":"Belridge Strip"},"geometry":{"type":"Polygon","coordinates":[[[-119.73085,35.47407],[-119.73082,35.47399],[-119.72871,35.47304],[-119.72513,35.47055],[-119.72513,35.47045],[-119.72136,35.46791],[-119.72127,35.46799],[-119.71484,35.46356],[-119.71473,35.46336],[-119.71467,35.46319],[-119.71468,35.46307],[-119.71481,35.46295],[-119.71484,35.46203],[-119.72022,35.46207],[-119.72933,35.47196],[-119.73104,35.4739],[-119.73103,35.47403],[-119.73085,35.47407]]]}},{"type":"Feature","properties":{"c":"general-aviation","n":"Skyotee Ranch Airport"},"geometry":{"type":"Polygon","coordinates":[[[-118.40537,34.83176],[-118.40538,34.83147],[-118.39675,34.83158],[-118.39675,34.83187],[-118.40537,34.83176]]]}},{"type":"Feature","properties":{"c":"general-aviation","n":"Pontious Airport"},"geometry":{"type":"Polygon","coordinates":[[[-118.17632,34.94417],[-118.17631,34.94338],[-118.1763,34.94338],[-118.17629,34.94262],[-118.17635,34.94255],[-118.17634,34.94237],[-118.17631,34.94234],[-118.1763,34.94074],[-118.16772,34.94089],[-118.16772,34.94146],[-118.16769,34.94173],[-118.16757,34.9419],[-118.16756,34.94255],[-118.16753,34.94256],[-118.16752,34.94274],[-118.16756,34.9444],[-118.1676,34.94443],[-118.16975,34.94439],[-118.17192,34.94434],[-118.17191,34.94409],[-118.17241,34.94407],[-118.17241,34.94428],[-118.1728,34.94426],[-118.17281,34.94413],[-118.17386,34.94409],[-118.17386,34.94402],[-118.17435,34.94402],[-118.17434,34.9442],[-118.17438,34.94422],[-118.17632,34.94417]]]}},{"type":"Feature","properties":{"c":"general-aviation","n":"Tejon Ag Airport"},"geometry":{"type":"Polygon","coordinates":[[[-118.91169,34.98595],[-118.91123,34.98616],[-118.9173,34.99307],[-118.9178,34.99307],[-118.91169,34.98595]]]}},{"type":"Feature","properties":{"c":"general-aviation","n":"Poso-Kern County Airport"},"geometry":{"type":"Polygon","coordinates":[[[-119.129,35.59099],[-119.12772,35.59092],[-119.12763,35.59098],[-119.12754,35.60074],[-119.12899,35.60074],[-119.129,35.60038],[-119.12912,35.60011],[-119.12903,35.59253],[-119.12906,35.59105],[-119.129,35.59099]]]}},{"type":"Feature","properties":{"c":"general-aviation","n":"7R Ranch Airport"},"geometry":{"type":"Polygon","coordinates":[[[-119.44809,34.93342],[-119.4504,34.93414],[-119.45012,34.93461],[-119.45526,34.93722],[-119.45526,34.93741],[-119.45005,34.93475],[-119.44996,34.9349],[-119.44902,34.93454],[-119.4487,34.93436],[-119.44798,34.93388],[-119.44766,34.93377],[-119.44772,34.93357],[-119.44777,34.93354],[-119.44797,34.93359],[-119.448,34.93357],[-119.44806,34.93344],[-119.44809,34.93342]]]}},{"type":"Feature","properties":{"c":"general-aviation","n":"Flying S Ranch Airport"},"geometry":{"type":"Polygon","coordinates":[[[-118.50983,35.40773],[-118.50984,35.40718],[-118.49226,35.40662],[-118.49224,35.40717],[-118.50983,35.40773]]]}},{"type":"Feature","properties":{"c":"general-aviation","n":"Bakersfield Municipal Airport"},"geometry":{"type":"Polygon","coordinates":[[[-118.99682,35.31784],[-118.99387,35.31785],[-118.99387,35.31862],[-118.99389,35.31883],[-118.99392,35.31908],[-118.99398,35.31934],[-118.99426,35.32023],[-118.9943,35.32039],[-118.99434,35.32056],[-118.99439,35.32096],[-118.9944,35.33055],[-118.99569,35.33055],[-118.99569,35.33125],[-118.99443,35.33125],[-118.99443,35.332],[-118.99446,35.33204],[-118.99451,35.33207],[-118.99807,35.33207],[-118.99807,35.3321],[-118.99824,35.3321],[-118.99824,35.33195],[-118.99866,35.33195],[-118.99866,35.33209],[-119.002,35.33209],[-119.002,35.33181],[-119.00172,35.33181],[-119.00172,35.33156],[-119.00189,35.3315],[-119.00191,35.33152],[-119.00198,35.33152],[-119.00226,35.33127],[-119.0023,35.33127],[-119.00229,35.33039],[-119.00189,35.33039],[-119.0019,35.3292],[-118.99961,35.3292],[-118.99904,35.32858],[-118.99866,35.32858],[-118.99865,35.32576],[-118.9983,35.32576],[-118.99831,35.3252],[-118.99765,35.32521],[-118.99765,35.32466],[-118.99866,35.32466],[-118.99866,35.32132],[-118.99684,35.32132],[-118.99682,35.31784]]]}},{"type":"Feature","properties":{"c":"military","n":"Armitage Field"},"geometry":{"type":"Polygon","coordinates":[[[-117.72205,35.68151],[-117.72194,35.68841],[-117.72163,35.70968],[-117.69209,35.70985],[-117.68708,35.70585],[-117.6805,35.70034],[-117.67818,35.69842],[-117.68154,35.69594],[-117.68159,35.69575],[-117.68178,35.6956],[-117.68264,35.69533],[-117.68293,35.69519],[-117.68314,35.69499],[-117.68321,35.69473],[-117.68286,35.69419],[-117.68214,35.69259],[-117.68166,35.69265],[-117.68154,35.69271],[-117.68114,35.69275],[-117.68091,35.6916],[-117.6813,35.69145],[-117.68123,35.69132],[-117.68148,35.69122],[-117.68138,35.69096],[-117.68087,35.6901],[-117.68041,35.6894],[-117.68,35.68874],[-117.68005,35.68872],[-117.67952,35.68783],[-117.6795,35.68779],[-117.67914,35.68794],[-117.67866,35.68721],[-117.67875,35.68716],[-117.67863,35.68694],[-117.67861,35.68692],[-117.67853,35.68695],[-117.67839,35.68671],[-117.67888,35.68652],[-117.67883,35.68612],[-117.67901,35.68606],[-117.67927,35.68625],[-117.67964,35.6869],[-117.68168,35.6861],[-117.68105,35.68508],[-117.68116,35.68472],[-117.67869,35.68464],[-117.67834,35.68452],[-117.67815,35.68435],[-117.67797,35.68414],[-117.67793,35.68379],[-117.67754,35.68378],[-117.67753,35.6833],[-117.67611,35.68324],[-117.67607,35.68269],[-117.67619,35.6777],[-117.67606,35.677],[-117.67207,35.67009],[-117.67558,35.66877],[-117.67686,35.66871],[-117.6781,35.66898],[-117.68261,35.67155],[-117.68321,35.67187],[-117.6841,35.67201],[-117.68527,35.67209],[-117.68701,35.67218],[-117.69229,35.67239],[-117.69932,35.67275],[-117.70145,35.67214],[-117.72215,35.67116],[-117.72205,35.68151]]]}},{"type":"Feature","properties":{"c":"military","n":"Edwards Air Force Auxiliary North Base"},"geometry":{"type":"Polygon","coordinates":[[[-117.87318,34.98923],[-117.85016,34.99453],[-117.84992,34.99447],[-117.84967,34.99359],[-117.84976,34.99349],[-117.85275,34.9927],[-117.85278,34.99266],[-117.85273,34.99249],[-117.85272,34.99234],[-117.85278,34.99224],[-117.85361,34.99193],[-117.85484,34.99167],[-117.85577,34.99074],[-117.85595,34.99045],[-117.85637,34.99002],[-117.85597,34.98962],[-117.85708,34.98843],[-117.85976,34.98619],[-117.86026,34.98576],[-117.85988,34.98484],[-117.86114,34.98449],[-117.86204,34.98287],[-117.86363,34.98276],[-117.86421,34.98367],[-117.86423,34.98379],[-117.86461,34.98414],[-117.86394,34.98484],[-117.86465,34.98536],[-117.86375,34.9861],[-117.86361,34.98599],[-117.86243,34.98688],[-117.86311,34.98732],[-117.86269,34.98765],[-117.86341,34.98949],[-117.8638,34.98966],[-117.86431,34.98977],[-117.88051,34.98575],[-117.88054,34.98747],[-117.87318,34.98923]]]}},{"type":"Feature","properties":{"c":"general-aviation","n":"Dinsmore Airport"},"geometry":{"type":"Polygon","coordinates":[[[-123.59458,40.49054],[-123.59315,40.49054],[-123.59375,40.49108],[-123.59427,40.49151],[-123.59448,40.49165],[-123.59454,40.4916],[-123.5948,40.49168],[-123.59478,40.49137],[-123.59636,40.49178],[-123.59857,40.49237],[-123.59947,40.4926],[-123.59938,40.49281],[-123.60001,40.49298],[-123.59996,40.49309],[-123.60079,40.4933],[-123.60094,40.49299],[-123.60226,40.49334],[-123.60227,40.49362],[-123.60248,40.49359],[-123.60287,40.49359],[-123.60336,40.49363],[-123.60382,40.49338],[-123.60402,40.49326],[-123.60413,40.49322],[-123.60419,40.49319],[-123.60424,40.49314],[-123.60428,40.49307],[-123.60344,40.49247],[-123.60099,40.49182],[-123.60072,40.49249],[-123.60036,40.49241],[-123.59929,40.49213],[-123.59721,40.49123],[-123.59665,40.491],[-123.59583,40.49092],[-123.59511,40.49078],[-123.59458,40.49054]]]}},{"type":"Feature","properties":{"c":"general-aviation","n":"Oak Country Ranch Airport"},"geometry":{"type":"Polygon","coordinates":[[[-120.79653,35.56421],[-120.79618,35.56423],[-120.79629,35.56537],[-120.79559,35.56509],[-120.79534,35.5655],[-120.79636,35.5659],[-120.79676,35.57008],[-120.79721,35.57005],[-120.79653,35.56421]]]}},{"type":"Feature","properties":{"c":"general-aviation","n":"Rancho San Simeon Airport"},"geometry":{"type":"Polygon","coordinates":[[[-121.11047,35.60563],[-121.11052,35.60943],[-121.11111,35.60945],[-121.11112,35.60992],[-121.11056,35.60996],[-121.11054,35.61069],[-121.11019,35.61102],[-121.11,35.61106],[-121.10998,35.6104],[-121.10993,35.60562],[-121.11047,35.60563]]]}},{"type":"Feature","properties":{"c":"general-aviation","n":"Shoshone Airport"},"geometry":{"type":"Polygon","coordinates":[[[-116.26841,35.96442],[-116.26805,35.96448],[-116.26975,35.97137],[-116.26915,35.97149],[-116.26931,35.97202],[-116.26955,35.97202],[-116.26965,35.97209],[-116.26973,35.97223],[-116.26982,35.97226],[-116.26987,35.9724],[-116.26999,35.97247],[-116.27021,35.97251],[-116.27031,35.97247],[-116.27037,35.97238],[-116.2704,35.9721],[-116.27035,35.97191],[-116.26967,35.9692],[-116.27029,35.96915],[-116.27021,35.96856],[-116.2695,35.96859],[-116.2688,35.96579],[-116.26887,35.96565],[-116.26891,35.96551],[-116.26886,35.96539],[-116.26875,35.96529],[-116.26859,35.9652],[-116.26841,35.96442]]]}},{"type":"Feature","properties":{"c":"general-aviation","n":"Stovepipe Wells Airport"},"geometry":{"type":"Polygon","coordinates":[[[-117.16446,36.60112],[-117.16409,36.60052],[-117.16326,36.60102],[-117.16129,36.60221],[-117.16031,36.60279],[-117.1571,36.60485],[-117.15654,36.60522],[-117.15621,36.6054],[-117.15586,36.60562],[-117.15571,36.60575],[-117.15504,36.60617],[-117.15448,36.6065],[-117.1543,36.60667],[-117.1541,36.60711],[-117.15427,36.60727],[-117.15453,36.60716],[-117.15472,36.60699],[-117.15489,36.60691],[-117.15497,36.60682],[-117.15507,36.60687],[-117.15511,36.60682],[-117.15572,36.60642],[-117.15967,36.60404],[-117.15972,36.60393],[-117.15966,36.6038],[-117.15974,36.60375],[-117.16065,36.60341],[-117.16446,36.60112]]]}},{"type":"Feature","properties":{"c":"general-aviation","n":"Stratford Grain and Seed Airport"},"geometry":{"type":"Polygon","coordinates":[[[-119.81227,36.16058],[-119.81229,36.161],[-119.81245,36.161],[-119.81245,36.16166],[-119.81235,36.16181],[-119.81235,36.16191],[-119.8141,36.16538],[-119.81385,36.1654],[-119.81377,36.16539],[-119.8137,36.16532],[-119.81057,36.15889],[-119.81056,36.1588],[-119.81078,36.15866],[-119.81096,36.15883],[-119.81166,36.16042],[-119.81181,36.16048],[-119.81197,36.1605],[-119.81215,36.16051],[-119.81227,36.16058]]]}},{"type":"Feature","properties":{"c":"general-aviation","n":"Westlake Farms Airport"},"geometry":{"type":"Polygon","coordinates":[[[-119.89282,36.12158],[-119.89253,36.12155],[-119.89219,36.12153],[-119.89154,36.1215],[-119.89149,36.11965],[-119.89164,36.11964],[-119.88579,36.1092],[-119.88635,36.10908],[-119.89298,36.12112],[-119.89291,36.12136],[-119.89282,36.12158]]]}},{"type":"Feature","properties":{"c":"general-aviation","n":"Jones Farms Airport"},"geometry":{"type":"Polygon","coordinates":[[[-119.8414,36.2005],[-119.84106,36.20057],[-119.84217,36.20412],[-119.84053,36.20413],[-119.84062,36.20562],[-119.84299,36.20564],[-119.8414,36.2005]]]}},{"type":"Feature","properties":{"c":"general-aviation","n":"Stone Land Company Airport"},"geometry":{"type":"Polygon","coordinates":[[[-119.98604,36.13759],[-119.98377,36.1376],[-119.98372,36.13364],[-119.9857,36.13364],[-119.98561,36.12325],[-119.98598,36.12326],[-119.98604,36.13759]]]}},{"type":"Feature","properties":{"c":"general-aviation","n":"Newton Field"},"geometry":{"type":"Polygon","coordinates":[[[-119.85167,36.15972],[-119.85107,36.15972],[-119.84682,36.15247],[-119.84684,36.15241],[-119.84689,36.15237],[-119.84694,36.15235],[-119.84705,36.15235],[-119.84715,36.15238],[-119.8472,36.15241],[-119.84871,36.155],[-119.84886,36.15501],[-119.84916,36.15498],[-119.84976,36.15586],[-119.84936,36.15601],[-119.84933,36.15606],[-119.85096,36.1588],[-119.85168,36.15879],[-119.85169,36.15971],[-119.85167,36.15972]]]}},{"type":"Feature","properties":{"c":"general-aviation","n":"Stone Airstrip"},"geometry":{"type":"Polygon","coordinates":[[[-119.82537,36.33054],[-119.82612,36.33054],[-119.82612,36.33092],[-119.82579,36.33117],[-119.8258,36.33156],[-119.82531,36.33156],[-119.82531,36.3349],[-119.82535,36.33506],[-119.82534,36.33514],[-119.82507,36.33514],[-119.82505,36.33506],[-119.82508,36.33496],[-119.82511,36.33487],[-119.82512,36.32863],[-119.82533,36.32863],[-119.82532,36.33052],[-119.82537,36.33054]]]}},{"type":"Feature","properties":{"c":"general-aviation","n":"Sky Ranch Estates Airport"},"geometry":{"type":"Polygon","coordinates":[[[-115.61929,35.80174],[-115.62085,35.80172],[-115.62084,35.80086],[-115.62687,35.79584],[-115.62833,35.79578],[-115.63553,35.80162],[-115.63702,35.80046],[-115.62144,35.7881],[-115.62033,35.78929],[-115.62688,35.79455],[-115.62716,35.79478],[-115.62194,35.79895],[-115.61928,35.80104],[-115.61929,35.80174]]]}},{"type":"Feature","properties":{"c":"general-aviation","n":"San Ardo Field"},"geometry":{"type":"Polygon","coordinates":[[[-120.90999,36.02868],[-120.90677,36.02379],[-120.90739,36.02368],[-120.9076,36.02399],[-120.90734,36.02408],[-120.90731,36.02414],[-120.90756,36.02453],[-120.9079,36.02439],[-120.91054,36.02838],[-120.90999,36.02868]]]}},{"type":"Feature","properties":{"c":"commercial","n":"Hollister Municipal Airport"},"geometry":{"type":"Polygon","coordinates":[[[-121.4023,36.88184],[-121.40119,36.8818],[-121.40088,36.88197],[-121.40057,36.88213],[-121.40038,36.88436],[-121.40072,36.88443],[-121.40102,36.88451],[-121.40099,36.88609],[-121.40038,36.88615],[-121.40039,36.88653],[-121.40085,36.88913],[-121.40106,36.8907],[-121.40148,36.89314],[-121.40152,36.89342],[-121.40179,36.89335],[-121.40672,36.89205],[-121.41704,36.90262],[-121.41996,36.90672],[-121.42398,36.90418],[-121.41973,36.90093],[-121.41017,36.89114],[-121.41602,36.8896],[-121.41619,36.89002],[-121.41765,36.88963],[-121.41692,36.88787],[-121.41626,36.88803],[-121.41456,36.88848],[-121.40854,36.88673],[-121.40855,36.88657],[-121.40836,36.88656],[-121.40836,36.88667],[-121.40833,36.88667],[-121.40632,36.88608],[-121.40263,36.88231],[-121.4023,36.88184]]]}},{"type":"Feature","properties":{"c":"general-aviation","n":"Del Rey Juice Airstrip"},"geometry":{"type":"Polygon","coordinates":[[[-119.59143,36.65574],[-119.59119,36.65592],[-119.58929,36.65591],[-119.58895,36.65565],[-119.58787,36.65472],[-119.58829,36.65435],[-119.58498,36.65169],[-119.58138,36.6488],[-119.58284,36.6488],[-119.58723,36.65234],[-119.59143,36.65574]]]}},{"type":"Feature","properties":{"c":"general-aviation","n":"Mercey Hot Springs Airport"},"geometry":{"type":"Polygon","coordinates":[[[-120.86197,36.70935],[-120.8617,36.70943],[-120.8614,36.70888],[-120.86017,36.70675],[-120.85983,36.70607],[-120.85949,36.70557],[-120.85927,36.70525],[-120.85905,36.70507],[-120.85855,36.7038],[-120.85874,36.70371],[-120.86008,36.70612],[-120.86197,36.70935]]]}},{"type":"Feature","properties":{"c":"commercial","n":"New Coalinga Municipal Airport"},"geometry":{"type":"Polygon","coordinates":[[[-120.29103,36.15916],[-120.28626,36.15581],[-120.28491,36.15712],[-120.2849,36.15856],[-120.29001,36.16219],[-120.29015,36.16328],[-120.29131,36.16406],[-120.29265,36.16401],[-120.29519,36.16575],[-120.2946,36.1686],[-120.30026,36.16934],[-120.30134,36.17012],[-120.30337,36.16815],[-120.30191,36.16704],[-120.30077,36.16571],[-120.30046,36.1658],[-120.30034,36.15383],[-120.29599,36.15351],[-120.29321,36.1571],[-120.29103,36.15916]]]}},{"type":"Feature","properties":{"c":"general-aviation","n":"Table Mountain Field"},"geometry":{"type":"Polygon","coordinates":[[[-119.50904,37.14531],[-119.50856,37.14537],[-119.50857,37.14546],[-119.50833,37.14549],[-119.50831,37.14539],[-119.50817,37.14541],[-119.50814,37.14527],[-119.50803,37.14521],[-119.50808,37.14494],[-119.50823,37.14492],[-119.50822,37.14484],[-119.50817,37.14483],[-119.50794,37.14355],[-119.50788,37.14344],[-119.50792,37.14337],[-119.50782,37.14324],[-119.50774,37.14204],[-119.50775,37.1419],[-119.50769,37.1418],[-119.50766,37.14172],[-119.50771,37.14165],[-119.50773,37.1416],[-119.50772,37.14158],[-119.50771,37.14156],[-119.50769,37.14152],[-119.50763,37.14127],[-119.50745,37.14122],[-119.50743,37.14104],[-119.50701,37.13909],[-119.50718,37.13898],[-119.50722,37.13881],[-119.50735,37.13868],[-119.50749,37.13866],[-119.50756,37.13938],[-119.50777,37.14018],[-119.50769,37.14031],[-119.50781,37.14042],[-119.50788,37.14079],[-119.50782,37.14089],[-119.50784,37.14092],[-119.50788,37.14093],[-119.50786,37.14097],[-119.50786,37.14101],[-119.50787,37.14103],[-119.50783,37.14106],[-119.50782,37.14114],[-119.50843,37.14507],[-119.50899,37.14501],[-119.50904,37.14531]]]}},{"type":"Feature","properties":{"c":"general-aviation","n":"Quinn Airport"},"geometry":{"type":"Polygon","coordinates":[[[-119.63443,36.58304],[-119.63437,36.58298],[-119.6343,36.58294],[-119.63418,36.58292],[-119.63401,36.58291],[-119.63383,36.58294],[-119.63369,36.583],[-119.63357,36.58309],[-119.63349,36.58319],[-119.63343,36.58336],[-119.6363,36.58601],[-119.63611,36.58614],[-119.63643,36.58643],[-119.63662,36.5863],[-119.63759,36.58719],[-119.63761,36.58723],[-119.63761,36.58728],[-119.63762,36.5873],[-119.63764,36.58731],[-119.63774,36.58733],[-119.63779,36.58737],[-119.63941,36.58886],[-119.63952,36.58891],[-119.63958,36.58892],[-119.63983,36.58893],[-119.63989,36.58898],[-119.64021,36.58876],[-119.63762,36.58638],[-119.638,36.5861],[-119.63766,36.5858],[-119.63727,36.58606],[-119.63582,36.58475],[-119.63594,36.58467],[-119.63586,36.5846],[-119.63575,36.58467],[-119.63526,36.58422],[-119.63552,36.58403],[-119.63443,36.58304]]]}},{"type":"Feature","properties":{"c":"general-aviation","n":"Central Valley Aviation Incorporated Airport"},"geometry":{"type":"Polygon","coordinates":[[[-119.67059,36.51829],[-119.66914,36.51828],[-119.66912,36.51885],[-119.66843,36.51886],[-119.66842,36.51945],[-119.67003,36.51949],[-119.67003,36.52191],[-119.66991,36.52191],[-119.66992,36.52375],[-119.67057,36.52375],[-119.67058,36.52173],[-119.67059,36.51951],[-119.67059,36.51829]]]}},{"type":"Feature","properties":{"c":"general-aviation","n":"San Joaquin Airport"},"geometry":{"type":"Polygon","coordinates":[[[-120.21731,36.60268],[-120.21974,36.60979],[-120.22188,36.60967],[-120.21932,36.60261],[-120.21731,36.60268]]]}},{"type":"Feature","properties":{"c":"general-aviation","n":"Kings River Community College Airport"},"geometry":{"type":"Polygon","coordinates":[[[-119.46208,36.60983],[-119.46295,36.60699],[-119.46364,36.60704],[-119.46236,36.60976],[-119.46208,36.60983]]]}},{"type":"Feature","properties":{"c":"general-aviation","n":"Harris-Agro West Airport"},"geometry":{"type":"Polygon","coordinates":[[[-120.24742,36.34167],[-120.24683,36.34159],[-120.24677,36.34155],[-120.24673,36.3415],[-120.24618,36.33994],[-120.24716,36.33983],[-120.24718,36.3398],[-120.24719,36.33977],[-120.24708,36.3395],[-120.24661,36.33918],[-120.24624,36.33919],[-120.24621,36.33868],[-120.24674,36.3387],[-120.24682,36.33868],[-120.24686,36.33863],[-120.24686,36.33839],[-120.2469,36.3383],[-120.24694,36.33827],[-120.24702,36.33823],[-120.24717,36.3381],[-120.24722,36.338],[-120.24728,36.33017],[-120.24734,36.33009],[-120.24761,36.33008],[-120.24742,36.34167]]]}},{"type":"Feature","properties":{"c":"general-aviation","n":"Baker and Hall Airport"},"geometry":{"type":"Polygon","coordinates":[[[-119.14738,36.71829],[-119.14568,36.71803],[-119.13848,36.71666],[-119.13839,36.71688],[-119.14634,36.71842],[-119.14687,36.71865],[-119.14738,36.71829]]]}},{"type":"Feature","properties":{"c":"general-aviation","n":"Harris Ranch Airport"},"geometry":{"type":"Polygon","coordinates":[[[-120.24113,36.25394],[-120.24026,36.25242],[-120.23953,36.25243],[-120.23802,36.25248],[-120.23804,36.25198],[-120.23872,36.25111],[-120.23882,36.25092],[-120.23885,36.25073],[-120.23876,36.25047],[-120.23831,36.24999],[-120.2381,36.24995],[-120.23795,36.24989],[-120.2379,36.24982],[-120.23789,36.24977],[-120.23791,36.24962],[-120.23785,36.24947],[-120.23748,36.24809],[-120.23575,36.24522],[-120.2349,36.24371],[-120.23456,36.2427],[-120.2359,36.2422],[-120.2402,36.24901],[-120.24189,36.2524],[-120.24196,36.25268],[-120.24197,36.25291],[-120.24191,36.25313],[-120.24186,36.25329],[-120.24171,36.2535],[-120.24161,36.25362],[-120.2414,36.2538],[-120.24113,36.25394]]]}},{"type":"Feature","properties":{"c":"general-aviation","n":"Al Divine Airport"},"geometry":{"type":"Polygon","coordinates":[[[-119.76459,36.51807],[-119.76459,36.51775],[-119.76474,36.51775],[-119.76474,36.51749],[-119.7647,36.51749],[-119.7647,36.51745],[-119.7646,36.51744],[-119.7646,36.51734],[-119.76456,36.51733],[-119.76421,36.51732],[-119.76423,36.51116],[-119.76383,36.51116],[-119.76383,36.51759],[-119.76404,36.51759],[-119.76404,36.51807],[-119.76459,36.51807]]]}},{"type":"Feature","properties":{"c":"general-aviation","n":"Yosemite Hidden Lake Ranch Airport"},"geometry":{"type":"Polygon","coordinates":[[[-119.91388,37.11261],[-119.91381,37.11255],[-119.91365,37.11252],[-119.91343,37.11254],[-119.9134,37.11258],[-119.91327,37.11407],[-119.91285,37.11921],[-119.9125,37.1234],[-119.91281,37.12339],[-119.91285,37.12331],[-119.91286,37.12322],[-119.91388,37.11261]]]}},{"type":"Feature","properties":{"c":"general-aviation","n":"El Peco Ranch Airport"},"geometry":{"type":"Polygon","coordinates":[[[-120.17525,36.90204],[-120.17421,36.90202],[-120.17429,36.9039],[-120.17549,36.90391],[-120.17657,36.90491],[-120.18073,36.90876],[-120.18074,36.90931],[-120.183,36.90935],[-120.18118,36.9087],[-120.17579,36.90364],[-120.17528,36.90316],[-120.17525,36.90204]]]}},{"type":"Feature","properties":{"c":"general-aviation","n":"Chapman Farms Airport"},"geometry":{"type":"Polygon","coordinates":[[[-120.38146,37.07259],[-120.38146,37.07229],[-120.37055,37.07234],[-120.37055,37.07256],[-120.37858,37.0725],[-120.37858,37.07258],[-120.38146,37.07259]]]}},{"type":"Feature","properties":{"c":"general-aviation","n":"Fiorini Ranch Airport"},"geometry":{"type":"Polygon","coordinates":[[[-120.76483,37.45569],[-120.76463,37.45569],[-120.76463,37.45559],[-120.76468,37.45555],[-120.76471,37.44888],[-120.7647,37.44884],[-120.76465,37.44879],[-120.76465,37.44868],[-120.76487,37.44868],[-120.76487,37.44882],[-120.76483,37.44885],[-120.76481,37.44889],[-120.76479,37.45321],[-120.76482,37.45323],[-120.76486,37.45324],[-120.76499,37.45324],[-120.76514,37.45324],[-120.76514,37.45349],[-120.76499,37.45349],[-120.76486,37.45349],[-120.76482,37.45351],[-120.76478,37.45353],[-120.76478,37.45556],[-120.76483,37.45559],[-120.76483,37.45569]]]}},{"type":"Feature","properties":{"c":"commercial","n":"Castle Airport"},"geometry":{"type":"Polygon","coordinates":[[[-120.55657,37.36084],[-120.55636,37.36062],[-120.5555,37.36112],[-120.55058,37.36112],[-120.55058,37.36123],[-120.54964,37.36122],[-120.54961,37.36315],[-120.54947,37.36326],[-120.5495,37.36611],[-120.55075,37.36676],[-120.55861,37.37448],[-120.55861,37.37506],[-120.55863,37.3754],[-120.55888,37.37732],[-120.55897,37.37732],[-120.56007,37.37734],[-120.56045,37.37749],[-120.56488,37.3819],[-120.56505,37.38182],[-120.56723,37.38397],[-120.57303,37.38971],[-120.57351,37.39018],[-120.5759,37.39254],[-120.57603,37.39304],[-120.57654,37.39304],[-120.57646,37.39664],[-120.58015,37.39662],[-120.58014,37.39851],[-120.58127,37.39849],[-120.58127,37.40031],[-120.58346,37.40028],[-120.58347,37.39845],[-120.58584,37.39845],[-120.58624,37.39845],[-120.58742,37.39962],[-120.58763,37.39948],[-120.58736,37.39922],[-120.58736,37.39893],[-120.5869,37.3985],[-120.5869,37.39675],[-120.58629,37.39675],[-120.58629,37.39436],[-120.58577,37.39435],[-120.58575,37.39196],[-120.58561,37.39194],[-120.58557,37.39023],[-120.58548,37.38973],[-120.58541,37.38956],[-120.58536,37.3895],[-120.58531,37.38947],[-120.58508,37.38877],[-120.58525,37.38864],[-120.58527,37.38779],[-120.58027,37.38277],[-120.5802,37.38269],[-120.58011,37.38262],[-120.57635,37.37886],[-120.57628,37.37876],[-120.57497,37.37747],[-120.57484,37.37755],[-120.57429,37.37702],[-120.57425,37.37705],[-120.57399,37.37679],[-120.57401,37.37677],[-120.57398,37.37674],[-120.57413,37.37664],[-120.57008,37.37256],[-120.56981,37.37226],[-120.57029,37.37193],[-120.56922,37.37086],[-120.56938,37.37074],[-120.56929,37.37066],[-120.5693,37.37052],[-120.56918,37.37032],[-120.56847,37.36963],[-120.5692,37.36917],[-120.56787,37.36785],[-120.56732,37.36729],[-120.5678,37.36696],[-120.56777,37.36693],[-120.56765,37.36697],[-120.56761,37.36692],[-120.56755,37.36695],[-120.56535,37.3647],[-120.56511,37.36486],[-120.56491,37.36467],[-120.56478,37.36476],[-120.56441,37.36439],[-120.56391,37.36468],[-120.56377,37.36455],[-120.5637,37.3646],[-120.56319,37.36491],[-120.56312,37.36483],[-120.5629,37.36499],[-120.56296,37.36533],[-120.5621,37.36589],[-120.56112,37.36485],[-120.56121,37.36478],[-120.56075,37.36433],[-120.56092,37.36422],[-120.56004,37.36332],[-120.55959,37.36362],[-120.55899,37.36313],[-120.55937,37.36156],[-120.55827,37.3603],[-120.55758,37.36028],[-120.55657,37.36084]]]}},{"type":"Feature","properties":{"c":"general-aviation","n":"Bonanza Hills Airport"},"geometry":{"type":"Polygon","coordinates":[[[-120.40847,37.52316],[-120.40899,37.52318],[-120.40899,37.52411],[-120.40681,37.52394],[-120.4036,37.52387],[-120.39448,37.52378],[-120.39303,37.52373],[-120.38611,37.52363],[-120.38611,37.52329],[-120.39162,37.52339],[-120.39442,37.52346],[-120.3976,37.52351],[-120.4039,37.52355],[-120.40388,37.52304],[-120.40516,37.52302],[-120.40625,37.52311],[-120.40665,37.5231],[-120.40695,37.52306],[-120.40757,37.52307],[-120.40757,37.52301],[-120.40785,37.52301],[-120.40784,37.52307],[-120.40831,37.52309],[-120.40847,37.52316]]]}},{"type":"Feature","properties":{"c":"general-aviation","n":"John Myers Airport"},"geometry":{"type":"Polygon","coordinates":[[[-120.28823,37.35775],[-120.28792,37.35814],[-120.28774,37.35837],[-120.28722,37.35854],[-120.28616,37.35992],[-120.28176,37.36562],[-120.28136,37.36543],[-120.28569,37.35992],[-120.28821,37.3567],[-120.28869,37.35693],[-120.28809,37.35768],[-120.28823,37.35775]]]}},{"type":"Feature","properties":{"c":"general-aviation","n":"Ahlem Farms Airport"},"geometry":{"type":"Polygon","coordinates":[[[-120.93196,37.3885],[-120.93195,37.3887],[-120.92885,37.38864],[-120.92885,37.389],[-120.92887,37.38903],[-120.92888,37.38934],[-120.92846,37.38934],[-120.92845,37.38898],[-120.92834,37.38865],[-120.92299,37.38861],[-120.92299,37.38842],[-120.92749,37.38846],[-120.93196,37.3885]]]}},{"type":"Feature","properties":{"c":"commercial","n":"Moffett Federal Airfield"},"geometry":{"type":"Polygon","coordinates":[[[-122.05734,37.41712],[-122.05721,37.41716],[-122.05707,37.41721],[-122.05675,37.41731],[-122.05631,37.41745],[-122.05628,37.4174],[-122.05563,37.41761],[-122.05565,37.41763],[-122.05552,37.41768],[-122.05556,37.41776],[-122.05479,37.41784],[-122.05464,37.41785],[-122.05461,37.41785],[-122.05457,37.41784],[-122.05454,37.41783],[-122.05453,37.41781],[-122.05446,37.41718],[-122.05438,37.41718],[-122.05433,37.41719],[-122.05441,37.41791],[-122.05447,37.41846],[-122.05449,37.41856],[-122.05452,37.41867],[-122.05458,37.41883],[-122.05485,37.41936],[-122.05518,37.42001],[-122.05547,37.42057],[-122.05585,37.42131],[-122.05628,37.42215],[-122.05659,37.42276],[-122.0569,37.42334],[-122.05709,37.42372],[-122.05741,37.42434],[-122.05769,37.42489],[-122.05775,37.42501],[-122.0578,37.42515],[-122.05784,37.42532],[-122.05785,37.42545],[-122.05785,37.42557],[-122.05783,37.42573],[-122.05779,37.42587],[-122.05775,37.426],[-122.05764,37.42621],[-122.0575,37.4264],[-122.05744,37.42646],[-122.05749,37.42648],[-122.05754,37.42651],[-122.05746,37.4266],[-122.0574,37.42665],[-122.05731,37.42673],[-122.0572,37.4268],[-122.05713,37.42685],[-122.057,37.42693],[-122.05685,37.42699],[-122.05664,37.42707],[-122.0561,37.42726],[-122.05539,37.4275],[-122.05534,37.42753],[-122.05527,37.42758],[-122.05523,37.42763],[-122.0552,37.42767],[-122.05519,37.42772],[-122.05518,37.42778],[-122.05518,37.42782],[-122.05518,37.42786],[-122.05519,37.4279],[-122.05541,37.42835],[-122.05568,37.42891],[-122.0556,37.42906],[-122.05582,37.4295],[-122.05603,37.4299],[-122.05624,37.4303],[-122.05644,37.43069],[-122.05671,37.43121],[-122.05589,37.43147],[-122.05513,37.43171],[-122.05491,37.43127],[-122.05481,37.43108],[-122.05466,37.43079],[-122.05453,37.43054],[-122.05434,37.43017],[-122.05411,37.42971],[-122.05387,37.42957],[-122.05336,37.42973],[-122.05304,37.42984],[-122.05292,37.42987],[-122.05276,37.4299],[-122.05257,37.42991],[-122.0524,37.4299],[-122.05223,37.42986],[-122.05204,37.4298],[-122.05189,37.42972],[-122.05159,37.42954],[-122.0513,37.42937],[-122.051,37.42892],[-122.05093,37.42883],[-122.05071,37.4286],[-122.05019,37.42808],[-122.04966,37.42754],[-122.05033,37.42733],[-122.05041,37.4273],[-122.0505,37.42727],[-122.04977,37.42581],[-122.04926,37.4248],[-122.04918,37.42482],[-122.04914,37.42483],[-122.04898,37.42474],[-122.04886,37.42468],[-122.04872,37.42462],[-122.04784,37.42433],[-122.04779,37.42424],[-122.04775,37.42418],[-122.04756,37.42425],[-122.04776,37.42369],[-122.0473,37.42275],[-122.04727,37.4227],[-122.04651,37.42116],[-122.04639,37.42111],[-122.0459,37.42106],[-122.04549,37.42102],[-122.04509,37.42104],[-122.04499,37.42082],[-122.04473,37.42091],[-122.04443,37.4208],[-122.04431,37.42072],[-122.04423,37.4207],[-122.04391,37.42066],[-122.04355,37.42064],[-122.04334,37.42062],[-122.0428,37.41956],[-122.04277,37.41949],[-122.04243,37.4196],[-122.04164,37.41985],[-122.04156,37.41971],[-122.04161,37.41969],[-122.0414,37.41927],[-122.04164,37.41919],[-122.0422,37.419],[-122.04189,37.41839],[-122.0418,37.41821],[-122.04176,37.41814],[-122.04167,37.41796],[-122.04158,37.41778],[-122.04077,37.41805],[-122.0407,37.41791],[-122.04066,37.41783],[-122.04014,37.41681],[-122.04012,37.41682],[-122.03992,37.41643],[-122.03994,37.41642],[-122.03964,37.41583],[-122.03962,37.41584],[-122.03961,37.41579],[-122.0396,37.41569],[-122.03953,37.41563],[-122.03938,37.41534],[-122.03948,37.41531],[-122.0393,37.41495],[-122.03924,37.41485],[-122.03865,37.41504],[-122.03875,37.41481],[-122.03856,37.41477],[-122.03843,37.41483],[-122.03829,37.41489],[-122.03817,37.41495],[-122.03784,37.41471],[-122.03777,37.41449],[-122.03774,37.41437],[-122.03773,37.41429],[-122.03773,37.41317],[-122.03772,37.41205],[-122.03768,37.41205],[-122.03767,37.41201],[-122.03767,37.41058],[-122.0377,37.41058],[-122.0377,37.40914],[-122.0377,37.40842],[-122.03771,37.40645],[-122.03771,37.40555],[-122.03771,37.40529],[-122.03771,37.40474],[-122.0377,37.40386],[-122.03769,37.40307],[-122.03772,37.40303],[-122.03772,37.40296],[-122.03774,37.40286],[-122.03777,37.40275],[-122.03782,37.40264],[-122.03788,37.40255],[-122.03796,37.40245],[-122.03806,37.40236],[-122.0382,37.40226],[-122.03832,37.40219],[-122.03843,37.40214],[-122.03851,37.40212],[-122.03867,37.40209],[-122.03872,37.40208],[-122.0388,37.40207],[-122.0389,37.40207],[-122.03903,37.40207],[-122.03912,37.40209],[-122.03995,37.40226],[-122.04083,37.40245],[-122.04104,37.40246],[-122.04124,37.40254],[-122.04217,37.40274],[-122.04528,37.40342],[-122.04542,37.40347],[-122.04564,37.40355],[-122.04613,37.40377],[-122.04649,37.40395],[-122.04693,37.4042],[-122.04839,37.40522],[-122.04847,37.40531],[-122.04852,37.40536],[-122.04877,37.40553],[-122.04906,37.40573],[-122.04907,37.40572],[-122.0505,37.40677],[-122.05022,37.40687],[-122.05052,37.40739],[-122.05027,37.40747],[-122.05061,37.4083],[-122.05027,37.40837],[-122.05047,37.40876],[-122.0505,37.40875],[-122.0505,37.40874],[-122.05065,37.40869],[-122.05073,37.40885],[-122.05077,37.40892],[-122.05087,37.40889],[-122.05093,37.40902],[-122.05084,37.40905],[-122.05101,37.40937],[-122.05096,37.40939],[-122.05097,37.40941],[-122.05086,37.40945],[-122.05096,37.40963],[-122.05117,37.40956],[-122.05171,37.4106],[-122.05196,37.41052],[-122.05203,37.4105],[-122.05231,37.4104],[-122.05295,37.41055],[-122.05301,37.41067],[-122.0532,37.41102],[-122.05319,37.41112],[-122.05327,37.41117],[-122.05351,37.41128],[-122.05374,37.41146],[-122.05383,37.41153],[-122.05389,37.41157],[-122.05396,37.41167],[-122.05401,37.41173],[-122.05403,37.41179],[-122.05406,37.41182],[-122.05465,37.41297],[-122.05459,37.41298],[-122.05462,37.41304],[-122.05468,37.41302],[-122.05518,37.41399],[-122.05534,37.41429],[-122.0554,37.41442],[-122.05537,37.41446],[-122.05522,37.4145],[-122.05497,37.41459],[-122.05456,37.41471],[-122.05446,37.41473],[-122.05436,37.41471],[-122.05369,37.41495],[-122.05376,37.41506],[-122.05438,37.41486],[-122.05428,37.41499],[-122.05424,37.41539],[-122.05426,37.41543],[-122.05423,37.41544],[-122.05418,37.41545],[-122.05422,37.41554],[-122.0542,37.41555],[-122.05416,37.41556],[-122.05411,37.41557],[-122.05407,37.41549],[-122.05405,37.4155],[-122.05394,37.41553],[-122.05383,37.41557],[-122.05396,37.41582],[-122.05394,37.41582],[-122.05399,37.41593],[-122.054,37.41593],[-122.05413,37.41617],[-122.05422,37.41619],[-122.05425,37.41654],[-122.05431,37.41652],[-122.05438,37.41651],[-122.05434,37.41592],[-122.05439,37.41539],[-122.05451,37.41535],[-122.05446,37.41523],[-122.05471,37.41515],[-122.05491,37.41553],[-122.05493,37.41556],[-122.05496,37.41557],[-122.05554,37.41577],[-122.0556,37.41587],[-122.05653,37.41557],[-122.05659,37.41568],[-122.05687,37.41559],[-122.05785,37.41528],[-122.0582,37.416],[-122.05823,37.41605],[-122.05836,37.41634],[-122.05741,37.41665],[-122.05714,37.41673],[-122.05715,37.41674],[-122.05734,37.41712]]]}},{"type":"Feature","properties":{"c":"commercial","n":"San Jos\u00e9 Mineta International Airport"},"geometry":{"type":"Polygon","coordinates":[[[-121.94239,37.37452],[-121.9423,37.37458],[-121.94215,37.37467],[-121.94197,37.37477],[-121.94186,37.37483],[-121.9417,37.37492],[-121.94152,37.37502],[-121.94126,37.37516],[-121.94111,37.37524],[-121.94095,37.37533],[-121.9407,37.37547],[-121.94049,37.37559],[-121.94036,37.37566],[-121.94023,37.37573],[-121.94012,37.37577],[-121.94002,37.3758],[-121.93992,37.37583],[-121.9398,37.37585],[-121.93969,37.37586],[-121.9396,37.37587],[-121.93948,37.37587],[-121.93937,37.37586],[-121.93922,37.37584],[-121.93915,37.37582],[-121.93884,37.37576],[-121.9387,37.37572],[-121.93861,37.37569],[-121.93852,37.37565],[-121.93844,37.3756],[-121.93836,37.37555],[-121.9383,37.37551],[-121.93753,37.37481],[-121.93737,37.37466],[-121.93737,37.37467],[-121.93722,37.37453],[-121.93637,37.37514],[-121.93605,37.37484],[-121.93597,37.37489],[-121.93588,37.37496],[-121.9355,37.37462],[-121.93539,37.3747],[-121.93492,37.37459],[-121.9349,37.3746],[-121.93384,37.37364],[-121.93383,37.37365],[-121.93379,37.37361],[-121.9337,37.37354],[-121.93362,37.3734],[-121.93356,37.3732],[-121.9335,37.37314],[-121.93348,37.37305],[-121.9335,37.37299],[-121.93366,37.37287],[-121.93292,37.37221],[-121.93248,37.37218],[-121.9319,37.37213],[-121.93183,37.37211],[-121.93176,37.37209],[-121.93162,37.37201],[-121.93151,37.37192],[-121.93107,37.37151],[-121.93098,37.37112],[-121.93019,37.3704],[-121.93021,37.37024],[-121.93028,37.3702],[-121.93023,37.37015],[-121.93022,37.37014],[-121.93014,37.36993],[-121.92838,37.36838],[-121.92841,37.36836],[-121.92365,37.36401],[-121.92372,37.36396],[-121.92229,37.36266],[-121.92223,37.3627],[-121.92215,37.36263],[-121.92204,37.36253],[-121.92211,37.36248],[-121.92196,37.36234],[-121.92189,37.36239],[-121.92183,37.36234],[-121.92187,37.36231],[-121.9218,37.36225],[-121.92184,37.36223],[-121.92109,37.36155],[-121.92107,37.36156],[-121.92046,37.361],[-121.92107,37.36057],[-121.92026,37.35985],[-121.9202,37.35989],[-121.9196,37.35934],[-121.91926,37.35957],[-121.91898,37.35954],[-121.91804,37.35874],[-121.91811,37.35869],[-121.91804,37.35864],[-121.91765,37.35832],[-121.9177,37.35829],[-121.91764,37.35824],[-121.9173,37.35849],[-121.91708,37.3583],[-121.9167,37.35856],[-121.91658,37.35844],[-121.91649,37.3585],[-121.91645,37.35849],[-121.91622,37.35829],[-121.91682,37.35786],[-121.91673,37.35779],[-121.91684,37.35772],[-121.91661,37.3575],[-121.91677,37.35739],[-121.91682,37.35735],[-121.9168,37.35733],[-121.91682,37.35731],[-121.91669,37.35719],[-121.91671,37.35718],[-121.91626,37.35678],[-121.91613,37.35688],[-121.91584,37.35661],[-121.91586,37.35659],[-121.91561,37.35638],[-121.9151,37.35595],[-121.91504,37.35598],[-121.91501,37.35595],[-121.91472,37.35614],[-121.91439,37.35587],[-121.91441,37.35586],[-121.91436,37.3558],[-121.91438,37.35579],[-121.91418,37.35556],[-121.91404,37.35542],[-121.91414,37.35535],[-121.91402,37.35524],[-121.91401,37.35525],[-121.91394,37.35519],[-121.91459,37.35473],[-121.91379,37.354],[-121.91357,37.3538],[-121.91326,37.35352],[-121.91324,37.3535],[-121.91309,37.35342],[-121.91312,37.35334],[-121.91323,37.35319],[-121.91336,37.35304],[-121.91343,37.35298],[-121.91367,37.35278],[-121.91413,37.35241],[-121.91444,37.35217],[-121.91479,37.35192],[-121.9151,37.35171],[-121.91546,37.35145],[-121.91564,37.35133],[-121.9159,37.35115],[-121.91603,37.35108],[-121.91623,37.35096],[-121.9162,37.35094],[-121.91629,37.35088],[-121.91648,37.35076],[-121.91657,37.35072],[-121.91668,37.35067],[-121.91677,37.35064],[-121.91687,37.35061],[-121.917,37.35059],[-121.91715,37.35057],[-121.91726,37.35056],[-121.91744,37.35056],[-121.91758,37.35058],[-121.91772,37.3506],[-121.91783,37.35063],[-121.91797,37.35067],[-121.91809,37.35072],[-121.91822,37.35078],[-121.91849,37.35097],[-121.9187,37.35114],[-121.91875,37.35118],[-121.91887,37.35128],[-121.91897,37.35136],[-121.91908,37.35142],[-121.91921,37.35147],[-121.91929,37.3515],[-121.91945,37.35153],[-121.91959,37.35154],[-121.91975,37.35154],[-121.91992,37.35152],[-121.92008,37.35149],[-121.9202,37.35144],[-121.92036,37.35137],[-121.92048,37.35129],[-121.92056,37.35123],[-121.92115,37.35177],[-121.92188,37.35243],[-121.92192,37.35247],[-121.92218,37.35229],[-121.92245,37.35246],[-121.92251,37.35239],[-121.92255,37.35241],[-121.92301,37.35265],[-121.92311,37.35253],[-121.92323,37.35259],[-121.9234,37.35248],[-121.92351,37.3524],[-121.9236,37.35244],[-121.92358,37.35246],[-121.92365,37.3525],[-121.92385,37.35269],[-121.92391,37.35261],[-121.92393,37.35259],[-121.92425,37.35273],[-121.92493,37.35308],[-121.92467,37.35327],[-121.92495,37.35342],[-121.92622,37.35406],[-121.92604,37.35435],[-121.92614,37.3544],[-121.92621,37.35443],[-121.92746,37.35505],[-121.92737,37.35511],[-121.92754,37.35527],[-121.92765,37.35537],[-121.92787,37.35558],[-121.92799,37.35558],[-121.92799,37.35561],[-121.92815,37.35562],[-121.92913,37.3565],[-121.92972,37.35704],[-121.93002,37.35701],[-121.93027,37.35725],[-121.93079,37.35691],[-121.93106,37.35714],[-121.93103,37.35717],[-121.93146,37.35758],[-121.93183,37.35794],[-121.93183,37.35796],[-121.93174,37.35803],[-121.93176,37.35804],[-121.93178,37.35806],[-121.9315,37.35825],[-121.9324,37.35906],[-121.93246,37.35912],[-121.93237,37.35919],[-121.93232,37.35923],[-121.93214,37.35906],[-121.93144,37.35955],[-121.93183,37.35991],[-121.932,37.36002],[-121.93319,37.3611],[-121.94096,37.36818],[-121.941,37.36822],[-121.94114,37.36839],[-121.94111,37.37008],[-121.94111,37.37016],[-121.94113,37.37026],[-121.94117,37.37039],[-121.94124,37.37053],[-121.94133,37.37066],[-121.94141,37.37076],[-121.94144,37.3708],[-121.94263,37.37187],[-121.94273,37.37198],[-121.94284,37.3721],[-121.94294,37.37223],[-121.94302,37.37236],[-121.94309,37.37251],[-121.94313,37.37264],[-121.94317,37.37279],[-121.94319,37.37289],[-121.9432,37.373],[-121.94321,37.3731],[-121.94321,37.37317],[-121.94319,37.37328],[-121.94318,37.37337],[-121.94316,37.37346],[-121.94313,37.37357],[-121.9431,37.37366],[-121.94305,37.37378],[-121.943,37.37387],[-121.94295,37.37396],[-121.94289,37.37405],[-121.94281,37.37415],[-121.94274,37.37423],[-121.94268,37.37429],[-121.94261,37.37435],[-121.94251,37.37444],[-121.94239,37.37452]]]}},{"type":"Feature","properties":{"c":"general-aviation","n":"Monterey Bay Academy Airport"},"geometry":{"type":"Polygon","coordinates":[[[-121.84609,36.90775],[-121.84614,36.90787],[-121.84631,36.90807],[-121.84625,36.90814],[-121.84591,36.90801],[-121.84582,36.90795],[-121.84575,36.90783],[-121.84454,36.90717],[-121.84437,36.90713],[-121.84407,36.90696],[-121.84281,36.90634],[-121.84197,36.90588],[-121.84098,36.90535],[-121.8405,36.90506],[-121.83913,36.90437],[-121.83913,36.90432],[-121.83938,36.90421],[-121.8395,36.90428],[-121.8398,36.90446],[-121.83984,36.90445],[-121.84162,36.90537],[-121.84237,36.90579],[-121.84474,36.90702],[-121.84504,36.90719],[-121.84593,36.90761],[-121.84608,36.90765],[-121.84609,36.90775]]]}},{"type":"Feature","properties":{"c":"general-aviation","n":"Las Trancas Airport"},"geometry":{"type":"Polygon","coordinates":[[[-122.27258,37.08715],[-122.27225,37.08732],[-122.27265,37.08769],[-122.27266,37.08775],[-122.27272,37.08782],[-122.27315,37.08831],[-122.27335,37.08867],[-122.27352,37.08885],[-122.27355,37.08911],[-122.2737,37.08928],[-122.27396,37.08916],[-122.27439,37.08986],[-122.27455,37.08977],[-122.27458,37.08966],[-122.27458,37.08956],[-122.27337,37.0879],[-122.27279,37.08735],[-122.27258,37.08715]]]}},{"type":"Feature","properties":{"c":"general-aviation","n":"Grupe Ranch Airport"},"geometry":{"type":"Polygon","coordinates":[[[-119.86259,37.34111],[-119.86204,37.34103],[-119.86207,37.34092],[-119.86076,37.34059],[-119.86068,37.34063],[-119.86067,37.34074],[-119.86054,37.34094],[-119.86002,37.34072],[-119.85993,37.34057],[-119.85244,37.33896],[-119.85266,37.33837],[-119.86266,37.34063],[-119.86263,37.3409],[-119.86259,37.34111]]]}},{"type":"Feature","properties":{"c":"commercial","n":"Los Angeles International Airport"},"geometry":{"type":"Polygon","coordinates":[[[-118.43604,33.94526],[-118.43605,33.94532],[-118.43605,33.94541],[-118.43604,33.94601],[-118.43605,33.94627],[-118.43608,33.94653],[-118.43613,33.94683],[-118.43617,33.94703],[-118.43626,33.94734],[-118.4363,33.94748],[-118.43642,33.94779],[-118.43651,33.94802],[-118.4366,33.94821],[-118.43672,33.94845],[-118.43691,33.94875],[-118.43713,33.94909],[-118.43755,33.9497],[-118.43771,33.94992],[-118.43802,33.95035],[-118.43821,33.95062],[-118.43808,33.95066],[-118.43809,33.95085],[-118.43841,33.95086],[-118.43887,33.95154],[-118.43885,33.9516],[-118.43847,33.95176],[-118.4381,33.95186],[-118.43762,33.95194],[-118.43729,33.95197],[-118.43678,33.95196],[-118.43569,33.95189],[-118.43553,33.95181],[-118.43523,33.95178],[-118.43483,33.95172],[-118.43472,33.95171],[-118.43458,33.9517],[-118.43441,33.9517],[-118.43282,33.9517],[-118.43257,33.95171],[-118.43235,33.95171],[-118.43212,33.95173],[-118.4318,33.95176],[-118.43052,33.95189],[-118.42926,33.95202],[-118.42897,33.95203],[-118.42794,33.95209],[-118.4271,33.95217],[-118.42696,33.95224],[-118.42688,33.95225],[-118.4268,33.95234],[-118.4266,33.95235],[-118.42624,33.95237],[-118.42584,33.95239],[-118.42555,33.9524],[-118.42534,33.9524],[-118.42505,33.95239],[-118.42471,33.95236],[-118.42438,33.95233],[-118.42427,33.95233],[-118.42397,33.95234],[-118.42376,33.95235],[-118.42342,33.95237],[-118.42317,33.95238],[-118.42263,33.9524],[-118.42226,33.95242],[-118.42197,33.95243],[-118.42129,33.9525],[-118.42101,33.95254],[-118.42065,33.9526],[-118.42,33.95271],[-118.41969,33.95276],[-118.41929,33.95282],[-118.41903,33.95286],[-118.41849,33.95289],[-118.41842,33.9529],[-118.41831,33.95291],[-118.41742,33.95307],[-118.41738,33.95305],[-118.41734,33.95291],[-118.41731,33.95285],[-118.41725,33.95275],[-118.41719,33.95267],[-118.41713,33.95261],[-118.41712,33.95257],[-118.41698,33.95246],[-118.41693,33.9525],[-118.41681,33.95243],[-118.41671,33.95238],[-118.41658,33.95234],[-118.41645,33.95231],[-118.41632,33.95229],[-118.41616,33.95229],[-118.41596,33.95231],[-118.40918,33.95302],[-118.40907,33.95303],[-118.40893,33.95304],[-118.40515,33.95305],[-118.40514,33.95306],[-118.40002,33.95307],[-118.39862,33.95307],[-118.3983,33.95303],[-118.39797,33.95293],[-118.39768,33.95282],[-118.39739,33.95266],[-118.39722,33.95251],[-118.3971,33.95241],[-118.39683,33.95208],[-118.39669,33.95184],[-118.39657,33.9515],[-118.39653,33.95121],[-118.39653,33.95085],[-118.39653,33.95079],[-118.39656,33.95054],[-118.39657,33.95036],[-118.39666,33.95004],[-118.39676,33.94981],[-118.39688,33.94965],[-118.39702,33.94952],[-118.3971,33.94959],[-118.39718,33.94966],[-118.39739,33.94949],[-118.39748,33.94945],[-118.39861,33.94932],[-118.39869,33.94926],[-118.39867,33.94919],[-118.39867,33.94915],[-118.3987,33.94909],[-118.39875,33.94906],[-118.39893,33.94902],[-118.39904,33.94899],[-118.39918,33.94893],[-118.39934,33.94884],[-118.39943,33.94877],[-118.39951,33.9487],[-118.39951,33.94868],[-118.39958,33.9486],[-118.39964,33.9485],[-118.39969,33.9484],[-118.39973,33.94831],[-118.39974,33.94824],[-118.39984,33.94738],[-118.39985,33.94727],[-118.39985,33.94719],[-118.39985,33.9465],[-118.39985,33.9459],[-118.40189,33.94569],[-118.40192,33.94584],[-118.40197,33.94583],[-118.40226,33.94597],[-118.40228,33.94596],[-118.40253,33.94576],[-118.40318,33.94569],[-118.40317,33.9456],[-118.40316,33.94553],[-118.40742,33.94508],[-118.40741,33.94503],[-118.4074,33.94494],[-118.40799,33.94488],[-118.4081,33.94485],[-118.40822,33.94479],[-118.40832,33.94468],[-118.40837,33.94461],[-118.40841,33.94454],[-118.40844,33.94444],[-118.40844,33.94441],[-118.40844,33.94435],[-118.40843,33.94426],[-118.40823,33.94282],[-118.40819,33.94267],[-118.40815,33.94259],[-118.40807,33.94247],[-118.40803,33.94245],[-118.40799,33.94241],[-118.40795,33.94236],[-118.40792,33.94229],[-118.4079,33.94214],[-118.39803,33.94316],[-118.39802,33.94309],[-118.39724,33.94316],[-118.39718,33.94279],[-118.39717,33.94272],[-118.39715,33.9426],[-118.39718,33.94259],[-118.39721,33.94258],[-118.39723,33.94256],[-118.39724,33.94253],[-118.39724,33.94251],[-118.39726,33.9425],[-118.39712,33.94159],[-118.3971,33.94147],[-118.39713,33.94147],[-118.39709,33.94123],[-118.39706,33.94124],[-118.39701,33.94091],[-118.39736,33.94091],[-118.39736,33.94068],[-118.3973,33.94068],[-118.3973,33.94065],[-118.39693,33.94065],[-118.39693,33.9407],[-118.39672,33.9407],[-118.39671,33.94078],[-118.39665,33.94113],[-118.39646,33.9411],[-118.39656,33.94062],[-118.39651,33.94062],[-118.39651,33.94056],[-118.39646,33.94056],[-118.39645,33.94031],[-118.39644,33.94027],[-118.39599,33.94032],[-118.39592,33.94047],[-118.39598,33.94114],[-118.39595,33.94115],[-118.39598,33.94126],[-118.39591,33.94186],[-118.39594,33.94196],[-118.39593,33.94219],[-118.3959,33.94222],[-118.39591,33.94235],[-118.39592,33.94239],[-118.39593,33.94302],[-118.39594,33.94314],[-118.39589,33.94326],[-118.39586,33.94331],[-118.3958,33.94339],[-118.39576,33.94343],[-118.3957,33.94347],[-118.39561,33.94352],[-118.39555,33.94354],[-118.39532,33.94362],[-118.39523,33.94366],[-118.39514,33.94371],[-118.39506,33.94377],[-118.395,33.94382],[-118.39472,33.94418],[-118.39446,33.94452],[-118.3943,33.94459],[-118.39423,33.94463],[-118.39405,33.94473],[-118.394,33.94471],[-118.39117,33.94471],[-118.39099,33.94322],[-118.39103,33.94322],[-118.39107,33.94324],[-118.39122,33.94314],[-118.39161,33.94318],[-118.392,33.94318],[-118.39263,33.94318],[-118.39263,33.94265],[-118.39262,33.94265],[-118.39223,33.9427],[-118.39219,33.9427],[-118.39197,33.94272],[-118.39153,33.94272],[-118.3915,33.94267],[-118.39105,33.94289],[-118.39088,33.94298],[-118.39088,33.94299],[-118.39085,33.94304],[-118.39076,33.94307],[-118.39023,33.94333],[-118.39015,33.94335],[-118.39006,33.94336],[-118.39004,33.94336],[-118.38708,33.94341],[-118.38699,33.94341],[-118.38693,33.94344],[-118.38682,33.94346],[-118.38673,33.94345],[-118.38661,33.94346],[-118.38662,33.9434],[-118.38571,33.9434],[-118.38572,33.94235],[-118.38534,33.94236],[-118.38534,33.94167],[-118.38471,33.94167],[-118.38471,33.94326],[-118.3847,33.94333],[-118.38459,33.94334],[-118.38459,33.94373],[-118.38448,33.94374],[-118.38448,33.94379],[-118.38352,33.9438],[-118.38353,33.94359],[-118.38353,33.94332],[-118.38334,33.94332],[-118.38334,33.94357],[-118.38336,33.94395],[-118.38329,33.94395],[-118.38167,33.94395],[-118.38167,33.94377],[-118.38219,33.94364],[-118.38218,33.94145],[-118.38167,33.9415],[-118.38168,33.9418],[-118.38168,33.94333],[-118.38174,33.94333],[-118.38173,33.94356],[-118.38163,33.94356],[-118.3815,33.9438],[-118.38135,33.94379],[-118.38135,33.94381],[-118.38102,33.94381],[-118.38102,33.94385],[-118.38062,33.94385],[-118.38063,33.94459],[-118.3803,33.9446],[-118.3803,33.94478],[-118.37991,33.94478],[-118.37989,33.94343],[-118.37919,33.94343],[-118.37919,33.94316],[-118.37923,33.94316],[-118.37921,33.94146],[-118.37899,33.94145],[-118.37898,33.9413],[-118.37881,33.9413],[-118.3788,33.93593],[-118.37887,33.93593],[-118.37888,33.93641],[-118.37903,33.93641],[-118.37905,33.93643],[-118.37913,33.93643],[-118.37961,33.93619],[-118.37956,33.93586],[-118.37966,33.93585],[-118.37965,33.93572],[-118.37943,33.93572],[-118.37941,33.93494],[-118.37986,33.93494],[-118.37986,33.9336],[-118.37937,33.9336],[-118.37937,33.93245],[-118.3792,33.93245],[-118.3792,33.93215],[-118.37966,33.93216],[-118.38315,33.93216],[-118.38315,33.93373],[-118.38267,33.93373],[-118.38267,33.93385],[-118.38268,33.93472],[-118.38277,33.93472],[-118.38278,33.93481],[-118.38277,33.93539],[-118.38261,33.93539],[-118.38262,33.93548],[-118.38258,33.93548],[-118.38259,33.93554],[-118.38429,33.93536],[-118.38431,33.93535],[-118.38432,33.93534],[-118.38429,33.93518],[-118.38427,33.93518],[-118.38427,33.93515],[-118.38424,33.93515],[-118.38403,33.93515],[-118.384,33.93387],[-118.38404,33.93386],[-118.38404,33.93381],[-118.38427,33.93381],[-118.38427,33.93378],[-118.38432,33.93378],[-118.38431,33.93342],[-118.38427,33.93342],[-118.38427,33.93329],[-118.38423,33.93329],[-118.38423,33.93325],[-118.38386,33.93325],[-118.38384,33.93211],[-118.38384,33.93194],[-118.38367,33.93194],[-118.3836,33.93189],[-118.38361,33.93147],[-118.38378,33.93142],[-118.38551,33.93136],[-118.38552,33.93133],[-118.38669,33.93133],[-118.38669,33.93156],[-118.38696,33.93156],[-118.38697,33.93164],[-118.38721,33.93164],[-118.38727,33.9324],[-118.38726,33.93241],[-118.38697,33.9325],[-118.3869,33.9325],[-118.38691,33.9327],[-118.38694,33.93296],[-118.38697,33.93297],[-118.387,33.93313],[-118.38709,33.93366],[-118.38913,33.93344],[-118.38917,33.93363],[-118.38947,33.93363],[-118.38947,33.9335],[-118.38979,33.9335],[-118.38979,33.93339],[-118.39071,33.93339],[-118.3907,33.93168],[-118.39072,33.93168],[-118.39072,33.93163],[-118.39123,33.93169],[-118.39123,33.93239],[-118.39136,33.93239],[-118.39136,33.93271],[-118.39298,33.93271],[-118.39298,33.93243],[-118.3938,33.93244],[-118.3938,33.93187],[-118.39437,33.93187],[-118.39438,33.93199],[-118.39487,33.93199],[-118.39511,33.93236],[-118.39552,33.93225],[-118.39559,33.93231],[-118.39569,33.9324],[-118.39585,33.93261],[-118.39593,33.93275],[-118.39591,33.93277],[-118.39592,33.93337],[-118.39588,33.93376],[-118.39587,33.93385],[-118.39587,33.93407],[-118.39591,33.93418],[-118.3959,33.93422],[-118.39595,33.93421],[-118.39596,33.93429],[-118.39652,33.93423],[-118.39664,33.93424],[-118.39666,33.93396],[-118.39666,33.93392],[-118.39664,33.93371],[-118.39655,33.93371],[-118.39654,33.93361],[-118.39652,33.93361],[-118.3965,33.93348],[-118.39652,33.93346],[-118.39654,33.93346],[-118.39653,33.9334],[-118.39667,33.93337],[-118.39675,33.93329],[-118.39669,33.93309],[-118.39674,33.93303],[-118.3971,33.93277],[-118.39734,33.93262],[-118.39764,33.93243],[-118.39779,33.93234],[-118.39791,33.93238],[-118.39804,33.93241],[-118.39818,33.93243],[-118.39826,33.93245],[-118.39837,33.93246],[-118.39844,33.93247],[-118.39875,33.93244],[-118.39876,33.9325],[-118.39914,33.93245],[-118.39936,33.93241],[-118.39936,33.93239],[-118.39946,33.93237],[-118.39962,33.93232],[-118.39979,33.93226],[-118.39999,33.93217],[-118.39998,33.93219],[-118.4,33.9323],[-118.40009,33.93292],[-118.40009,33.93297],[-118.40034,33.93294],[-118.40054,33.93293],[-118.40061,33.93292],[-118.4006,33.93286],[-118.40056,33.93263],[-118.40083,33.9326],[-118.40229,33.93244],[-118.4023,33.93249],[-118.40231,33.93249],[-118.40238,33.93248],[-118.40239,33.93258],[-118.40272,33.93255],[-118.40274,33.93255],[-118.4037,33.93244],[-118.40367,33.93215],[-118.40369,33.93215],[-118.40402,33.93212],[-118.40398,33.93184],[-118.40406,33.93183],[-118.40414,33.93182],[-118.40424,33.93177],[-118.40431,33.93182],[-118.40433,33.93193],[-118.40479,33.93193],[-118.40492,33.93193],[-118.40508,33.93193],[-118.40508,33.93192],[-118.40508,33.93184],[-118.40508,33.93178],[-118.40515,33.93177],[-118.40539,33.93175],[-118.40545,33.93213],[-118.4057,33.9321],[-118.4059,33.93208],[-118.40592,33.93223],[-118.40593,33.93225],[-118.40612,33.93223],[-118.40612,33.93222],[-118.4062,33.93221],[-118.40621,33.93229],[-118.40624,33.93251],[-118.40607,33.93262],[-118.40618,33.93328],[-118.40825,33.93307],[-118.40833,33.93302],[-118.40833,33.933],[-118.40863,33.93298],[-118.40871,33.93302],[-118.40937,33.93295],[-118.40933,33.93263],[-118.40937,33.93262],[-118.40937,33.93203],[-118.41044,33.93201],[-118.41104,33.93201],[-118.41105,33.93278],[-118.41153,33.93273],[-118.41158,33.93267],[-118.4117,33.93265],[-118.41178,33.93271],[-118.41286,33.9326],[-118.41292,33.93253],[-118.41305,33.93252],[-118.41313,33.93257],[-118.41351,33.93253],[-118.41358,33.93247],[-118.41371,33.93245],[-118.41378,33.9325],[-118.41433,33.93245],[-118.41438,33.93239],[-118.41448,33.93237],[-118.41458,33.93242],[-118.41524,33.93236],[-118.4153,33.9323],[-118.41559,33.93226],[-118.41568,33.93231],[-118.41617,33.93226],[-118.41622,33.93219],[-118.41621,33.93217],[-118.41636,33.93216],[-118.41644,33.93223],[-118.41781,33.93209],[-118.41785,33.93209],[-118.41793,33.93209],[-118.41804,33.9321],[-118.41819,33.93214],[-118.41821,33.93212],[-118.41885,33.93212],[-118.41884,33.93158],[-118.42483,33.93159],[-118.42566,33.93158],[-118.42566,33.93177],[-118.42622,33.93176],[-118.42622,33.93152],[-118.42707,33.93141],[-118.42847,33.93123],[-118.42861,33.93123],[-118.42874,33.93127],[-118.42886,33.93135],[-118.42893,33.93143],[-118.42897,33.93151],[-118.42936,33.9326],[-118.42942,33.93258],[-118.43028,33.93404],[-118.43026,33.9341],[-118.43029,33.93415],[-118.43037,33.93418],[-118.42971,33.93445],[-118.43008,33.93513],[-118.4303,33.93546],[-118.43091,33.93606],[-118.43138,33.93601],[-118.43176,33.93671],[-118.43306,33.93899],[-118.43323,33.9393],[-118.43332,33.93993],[-118.43331,33.94004],[-118.43329,33.94012],[-118.43323,33.94024],[-118.43311,33.94037],[-118.433,33.94044],[-118.43287,33.94049],[-118.43277,33.94051],[-118.43286,33.94102],[-118.4331,33.941],[-118.43327,33.941],[-118.43341,33.94101],[-118.43355,33.94104],[-118.43372,33.94108],[-118.43385,33.94113],[-118.43397,33.94119],[-118.43406,33.94124],[-118.43417,33.94132],[-118.43426,33.9414],[-118.43432,33.94146],[-118.43438,33.94154],[-118.43557,33.94325],[-118.43566,33.94339],[-118.43571,33.9435],[-118.43579,33.94369],[-118.43584,33.94387],[-118.43587,33.94398],[-118.4359,33.94419],[-118.43592,33.94434],[-118.43594,33.94459],[-118.43599,33.94492],[-118.43604,33.94526]]]}},{"type":"Feature","properties":{"c":"general-aviation","n":"Menifee Flyers Club"},"geometry":{"type":"Polygon","coordinates":[[[-117.1554,33.71025],[-117.15554,33.71029],[-117.1558,33.7103],[-117.15589,33.71023],[-117.1559,33.71004],[-117.15585,33.70953],[-117.15576,33.7093],[-117.15548,33.70928],[-117.15528,33.70939],[-117.15519,33.70949],[-117.15517,33.70967],[-117.15517,33.70983],[-117.15515,33.71018],[-117.15519,33.71025],[-117.1554,33.71025]]]}},{"type":"Feature","properties":{"c":"general-aviation","n":"Oceano County Airport"},"geometry":{"type":"Polygon","coordinates":[[[-120.62731,35.10429],[-120.62655,35.10455],[-120.62582,35.10408],[-120.62569,35.104],[-120.62515,35.10463],[-120.62432,35.10423],[-120.62438,35.10415],[-120.62457,35.10391],[-120.62452,35.10389],[-120.62435,35.10379],[-120.62425,35.10374],[-120.62374,35.10374],[-120.62357,35.10321],[-120.62353,35.1032],[-120.62356,35.10316],[-120.62324,35.10299],[-120.62189,35.10227],[-120.62186,35.10225],[-120.62209,35.10193],[-120.62142,35.10158],[-120.62053,35.10112],[-120.62021,35.10094],[-120.61996,35.10079],[-120.61967,35.10059],[-120.61934,35.10037],[-120.61907,35.10016],[-120.61901,35.10012],[-120.6178,35.10011],[-120.61774,35.10011],[-120.61774,35.09979],[-120.61773,35.09937],[-120.61774,35.09927],[-120.61777,35.09918],[-120.6178,35.0991],[-120.61783,35.09905],[-120.61786,35.099],[-120.61796,35.0989],[-120.61799,35.09888],[-120.61808,35.09882],[-120.61821,35.09876],[-120.61834,35.09874],[-120.61847,35.09877],[-120.61864,35.09882],[-120.61895,35.09893],[-120.61944,35.0991],[-120.61952,35.09909],[-120.61986,35.09917],[-120.61997,35.09922],[-120.62042,35.09924],[-120.6209,35.09942],[-120.62172,35.09987],[-120.62246,35.10027],[-120.62474,35.10146],[-120.62507,35.10163],[-120.62526,35.10173],[-120.62494,35.10211],[-120.62584,35.10261],[-120.62619,35.1028],[-120.62712,35.10388],[-120.62718,35.10396],[-120.62722,35.10407],[-120.62731,35.10429]]]}},{"type":"Feature","properties":{"c":"general-aviation","n":"Jacumba Airport"},"geometry":{"type":"Polygon","coordinates":[[[-116.1653,32.61776],[-116.16524,32.61757],[-116.16522,32.61751],[-116.16304,32.61749],[-116.15739,32.61744],[-116.15739,32.61735],[-116.15739,32.61656],[-116.1574,32.61453],[-116.15937,32.61436],[-116.16681,32.61376],[-116.17028,32.61345],[-116.1732,32.61327],[-116.17315,32.61565],[-116.17018,32.616],[-116.17012,32.61675],[-116.17008,32.61751],[-116.16807,32.61751],[-116.16686,32.61751],[-116.16606,32.6176],[-116.1653,32.61776]]]}},{"type":"Feature","properties":{"c":"general-aviation","n":"Round Valley Airport"},"geometry":{"type":"Polygon","coordinates":[[[-123.27277,39.79307],[-123.27278,39.79183],[-123.27263,39.79171],[-123.27168,39.79167],[-123.27145,39.79158],[-123.27143,39.79145],[-123.27147,39.79124],[-123.27148,39.78771],[-123.26941,39.78773],[-123.26942,39.78966],[-123.26589,39.78972],[-123.26448,39.78923],[-123.26443,39.78782],[-123.26009,39.78791],[-123.26001,39.78802],[-123.25998,39.78938],[-123.25992,39.78965],[-123.26217,39.78974],[-123.26217,39.79056],[-123.26244,39.79063],[-123.26317,39.79112],[-123.26381,39.79131],[-123.26433,39.79143],[-123.26504,39.79178],[-123.26552,39.79186],[-123.26608,39.7919],[-123.26656,39.79185],[-123.26726,39.792],[-123.26807,39.79194],[-123.26872,39.79192],[-123.26928,39.79217],[-123.2697,39.79242],[-123.27084,39.79265],[-123.27168,39.793],[-123.27209,39.79306],[-123.27277,39.79307]]]}},{"type":"Feature","properties":{"c":"general-aviation","n":"Willits Municipal Airport - Ells Field"},"geometry":{"type":"Polygon","coordinates":[[[-123.37286,39.44674],[-123.37108,39.44686],[-123.3719,39.45388],[-123.37183,39.45419],[-123.37186,39.45444],[-123.37167,39.45464],[-123.37183,39.4549],[-123.37203,39.45499],[-123.37214,39.45593],[-123.37362,39.45586],[-123.37345,39.45449],[-123.37433,39.45422],[-123.374,39.45104],[-123.37317,39.45114],[-123.37286,39.44674]]]}},{"type":"Feature","properties":{"c":"general-aviation","n":"Alta Sierra Airport"},"geometry":{"type":"Polygon","coordinates":[[[-121.05815,39.10817],[-121.05539,39.11291],[-121.05522,39.11354],[-121.05422,39.11416],[-121.05311,39.1162],[-121.05265,39.11605],[-121.05273,39.11552],[-121.05415,39.11306],[-121.05744,39.10789],[-121.05815,39.10817]]]}},{"type":"Feature","properties":{"c":"military","n":"Amedee Army Airfield"},"geometry":{"type":"Polygon","coordinates":[[[-120.18883,40.2629],[-120.12601,40.25841],[-120.12586,40.26777],[-120.11504,40.26999],[-120.11551,40.2702],[-120.11576,40.27021],[-120.11576,40.2703],[-120.1163,40.27096],[-120.11726,40.27137],[-120.11739,40.27128],[-120.11772,40.27138],[-120.11787,40.27146],[-120.11801,40.27157],[-120.11845,40.27187],[-120.11922,40.27236],[-120.11943,40.27246],[-120.12025,40.27282],[-120.12092,40.27315],[-120.12266,40.27389],[-120.12404,40.2745],[-120.12416,40.27454],[-120.12426,40.27456],[-120.12441,40.27458],[-120.12456,40.27458],[-120.12497,40.27459],[-120.12604,40.27461],[-120.13547,40.27474],[-120.1445,40.27489],[-120.15097,40.27499],[-120.15617,40.27509],[-120.16102,40.27515],[-120.16451,40.27519],[-120.1679,40.27526],[-120.17067,40.2753],[-120.17266,40.27535],[-120.17724,40.27542],[-120.18394,40.27559],[-120.18752,40.27568],[-120.19149,40.27569],[-120.19163,40.27567],[-120.19159,40.27555],[-120.19153,40.27541],[-120.19145,40.27513],[-120.18908,40.26412],[-120.18907,40.26403],[-120.18883,40.2629]]]}},{"type":"Feature","properties":{"c":"general-aviation","n":"Southard Field"},"geometry":{"type":"Polygon","coordinates":[[[-121.12203,41.14279],[-121.11945,41.14281],[-121.11945,41.14158],[-121.12686,41.13595],[-121.12728,41.13563],[-121.1277,41.13563],[-121.12809,41.13563],[-121.12856,41.13563],[-121.13001,41.13672],[-121.12203,41.14279]]]}},{"type":"Feature","properties":{"c":"commercial","n":"Napa County Airport"},"geometry":{"type":"Polygon","coordinates":[[[-122.26531,38.20831],[-122.27411,38.20668],[-122.28059,38.20548],[-122.28486,38.20534],[-122.28519,38.20544],[-122.28565,38.20609],[-122.28581,38.20619],[-122.28613,38.20627],[-122.28741,38.20675],[-122.28787,38.20694],[-122.28875,38.20723],[-122.28921,38.20876],[-122.28888,38.20898],[-122.28814,38.20912],[-122.28786,38.20952],[-122.28694,38.20969],[-122.28667,38.20964],[-122.28571,38.20983],[-122.28518,38.21077],[-122.28466,38.21159],[-122.28426,38.21228],[-122.28418,38.21265],[-122.2808,38.22032],[-122.28074,38.22051],[-122.27829,38.22521],[-122.27743,38.22528],[-122.27618,38.22496],[-122.26533,38.20834],[-122.26531,38.20831]]]}},{"type":"Feature","properties":{"c":"general-aviation","n":"Rancho Tehama Airport"},"geometry":{"type":"Polygon","coordinates":[[[-122.3851,40.01273],[-122.38553,40.0128],[-122.38551,40.01299],[-122.38546,40.01313],[-122.3854,40.01328],[-122.38526,40.01368],[-122.38526,40.0137],[-122.3861,40.01385],[-122.38623,40.01341],[-122.38672,40.0135],[-122.38688,40.01307],[-122.38763,40.01322],[-122.38738,40.01408],[-122.38781,40.01416],[-122.38822,40.01423],[-122.39034,40.01466],[-122.39283,40.01505],[-122.39452,40.01535],[-122.39705,40.01581],[-122.39746,40.01588],[-122.39757,40.01593],[-122.39845,40.0161],[-122.39835,40.01616],[-122.39811,40.0163],[-122.3978,40.01647],[-122.39743,40.01668],[-122.3972,40.01684],[-122.39706,40.01692],[-122.39588,40.01671],[-122.39589,40.01666],[-122.39464,40.01644],[-122.39454,40.01682],[-122.39336,40.0166],[-122.39333,40.01654],[-122.39327,40.01652],[-122.39322,40.01651],[-122.39316,40.01651],[-122.39335,40.01626],[-122.3924,40.01609],[-122.39084,40.01582],[-122.39078,40.016],[-122.39076,40.01607],[-122.39073,40.01607],[-122.39068,40.01607],[-122.39065,40.0161],[-122.3906,40.01611],[-122.38991,40.01598],[-122.38948,40.0159],[-122.38938,40.01623],[-122.38877,40.01612],[-122.38817,40.01602],[-122.38818,40.01594],[-122.3882,40.01589],[-122.38823,40.01585],[-122.3883,40.01577],[-122.38832,40.01572],[-122.38832,40.01568],[-122.38831,40.01563],[-122.38826,40.0156],[-122.38813,40.01558],[-122.38811,40.01564],[-122.38809,40.01565],[-122.38693,40.01545],[-122.38604,40.01529],[-122.38599,40.01529],[-122.38586,40.0153],[-122.38573,40.01528],[-122.38571,40.01526],[-122.38571,40.01522],[-122.38574,40.01518],[-122.38578,40.01515],[-122.38582,40.01512],[-122.38584,40.01509],[-122.38585,40.01505],[-122.38584,40.01501],[-122.38582,40.01499],[-122.38572,40.01495],[-122.38561,40.01492],[-122.38559,40.01488],[-122.38525,40.0148],[-122.38475,40.01472],[-122.38473,40.0148],[-122.38466,40.01509],[-122.38441,40.01506],[-122.38446,40.01489],[-122.38466,40.01423],[-122.38469,40.01414],[-122.38446,40.01412],[-122.38446,40.01406],[-122.3835,40.01397],[-122.38351,40.01389],[-122.38353,40.01382],[-122.38358,40.01363],[-122.38366,40.01357],[-122.3837,40.01357],[-122.38456,40.01386],[-122.38459,40.01386],[-122.38472,40.01386],[-122.38477,40.01387],[-122.38494,40.01333],[-122.38507,40.01304],[-122.3851,40.01273]]]}},{"type":"Feature","properties":{"c":"general-aviation","n":"Albert Seeno Jr Airstrip"},"geometry":{"type":"Polygon","coordinates":[[[-123.18695,39.63305],[-123.18692,39.63255],[-123.18675,39.63255],[-123.18674,39.63236],[-123.18594,39.63239],[-123.18551,39.62197],[-123.18479,39.62199],[-123.18542,39.63715],[-123.18561,39.63721],[-123.18614,39.63721],[-123.18596,39.63304],[-123.18695,39.63305]]]}},{"type":"Feature","properties":{"c":"general-aviation","n":"Weaverville Airport"},"geometry":{"type":"Polygon","coordinates":[[[-122.92149,40.75199],[-122.92154,40.75178],[-122.92165,40.75148],[-122.92179,40.7512],[-122.92189,40.75107],[-122.92196,40.75104],[-122.92211,40.75062],[-122.92227,40.75018],[-122.92244,40.74973],[-122.92269,40.74907],[-122.92261,40.74905],[-122.92272,40.74871],[-122.92272,40.74868],[-122.92272,40.7486],[-122.92273,40.74854],[-122.92274,40.74848],[-122.92276,40.74842],[-122.92291,40.74816],[-122.92315,40.74779],[-122.92318,40.74771],[-122.92324,40.74755],[-122.92328,40.7474],[-122.92328,40.74733],[-122.92327,40.7472],[-122.92324,40.74705],[-122.92322,40.74696],[-122.9232,40.74681],[-122.92319,40.74671],[-122.92319,40.74665],[-122.92321,40.74656],[-122.92325,40.74646],[-122.92328,40.74637],[-122.92334,40.74627],[-122.92341,40.74618],[-122.92361,40.74592],[-122.92377,40.74571],[-122.92381,40.74565],[-122.92388,40.74553],[-122.92393,40.7454],[-122.92401,40.7451],[-122.92413,40.74471],[-122.92424,40.74433],[-122.92444,40.74371],[-122.92449,40.74353],[-122.92443,40.74332],[-122.92453,40.74289],[-122.9246,40.74266],[-122.92401,40.74237],[-122.92367,40.74274],[-122.9234,40.74308],[-122.92322,40.74336],[-122.92306,40.74363],[-122.92299,40.74376],[-122.92291,40.74399],[-122.92287,40.74415],[-122.92279,40.74455],[-122.92271,40.74482],[-122.92262,40.74505],[-122.92256,40.74522],[-122.92241,40.74552],[-122.92229,40.74577],[-122.92214,40.74616],[-122.92196,40.74664],[-122.92176,40.74715],[-122.92174,40.74719],[-122.9216,40.74759],[-122.92149,40.74756],[-122.9213,40.74788],[-122.92121,40.74806],[-122.92124,40.74824],[-122.92123,40.74832],[-122.92113,40.74854],[-122.92107,40.7486],[-122.92101,40.74868],[-122.92095,40.74879],[-122.92085,40.74901],[-122.92079,40.74928],[-122.92075,40.74941],[-122.92082,40.74943],[-122.92079,40.74966],[-122.92074,40.75005],[-122.92073,40.75029],[-122.9207,40.75071],[-122.9207,40.75092],[-122.92069,40.75111],[-122.92067,40.75123],[-122.92062,40.75145],[-122.92055,40.75163],[-122.92048,40.75181],[-122.92045,40.75191],[-122.92044,40.75197],[-122.92047,40.75203],[-122.92047,40.75205],[-122.92047,40.75208],[-122.92045,40.75211],[-122.92044,40.75216],[-122.92046,40.75235],[-122.92049,40.75248],[-122.92057,40.75279],[-122.92082,40.75276],[-122.92098,40.75261],[-122.92121,40.75239],[-122.92138,40.75221],[-122.92138,40.75219],[-122.92138,40.75217],[-122.92141,40.75216],[-122.92144,40.75215],[-122.92147,40.75212],[-122.92148,40.7521],[-122.92149,40.75199]]]}},{"type":"Feature","properties":{"c":"general-aviation","n":"Armstrong Flight Research Center"},"geometry":{"type":"Polygon","coordinates":[[[-117.88744,34.94671],[-117.88627,34.94668],[-117.88601,34.94669],[-117.88595,34.9467],[-117.88578,34.94691],[-117.88525,34.94691],[-117.8852,34.94854],[-117.88453,34.94856],[-117.88451,34.949],[-117.88459,34.94929],[-117.88414,34.94975],[-117.88385,34.95014],[-117.88367,34.95047],[-117.88181,34.9547],[-117.88171,34.95596],[-117.88167,34.95617],[-117.88151,34.9568],[-117.88084,34.95919],[-117.88105,34.95969],[-117.88066,34.95982],[-117.88027,34.96124],[-117.88596,34.95951],[-117.88616,34.9595],[-117.88623,34.95938],[-117.88604,34.95921],[-117.88505,34.95773],[-117.88579,34.9574],[-117.88519,34.95648],[-117.88528,34.9549],[-117.88434,34.95456],[-117.88429,34.95437],[-117.8847,34.95358],[-117.88564,34.95392],[-117.88599,34.95437],[-117.8862,34.95427],[-117.88603,34.95403],[-117.8864,34.95383],[-117.88666,34.95417],[-117.88697,34.95403],[-117.88698,34.95394],[-117.88695,34.95391],[-117.88714,34.95383],[-117.88696,34.95359],[-117.88662,34.95314],[-117.88668,34.9531],[-117.88659,34.95296],[-117.88649,34.95294],[-117.88617,34.95253],[-117.88621,34.95244],[-117.88829,34.95151],[-117.88843,34.95169],[-117.88862,34.95161],[-117.88884,34.95187],[-117.88906,34.95174],[-117.88934,34.95209],[-117.8895,34.95222],[-117.88966,34.9523],[-117.88986,34.95234],[-117.89005,34.95234],[-117.89022,34.95231],[-117.89036,34.95226],[-117.89409,34.95038],[-117.89175,34.94722],[-117.88909,34.94726],[-117.88901,34.94705],[-117.88893,34.94707],[-117.88881,34.94709],[-117.8884,34.947],[-117.88848,34.94675],[-117.88744,34.94671]]]}},{"type":"Feature","properties":{"c":"commercial","n":"Southern California Logistics Airport"},"geometry":{"type":"Polygon","coordinates":[[[-117.37883,34.57983],[-117.37974,34.57983],[-117.37974,34.57977],[-117.37974,34.57968],[-117.37976,34.57967],[-117.37976,34.57966],[-117.38008,34.57965],[-117.38007,34.57907],[-117.38009,34.57904],[-117.38029,34.57904],[-117.3803,34.57876],[-117.38017,34.57876],[-117.38017,34.57868],[-117.38017,34.57866],[-117.38015,34.57866],[-117.38016,34.57863],[-117.38017,34.57863],[-117.38017,34.5786],[-117.38017,34.57858],[-117.3801,34.57855],[-117.38021,34.5784],[-117.38023,34.57838],[-117.38024,34.57835],[-117.38024,34.57832],[-117.38024,34.57805],[-117.3802,34.57805],[-117.38015,34.57805],[-117.38016,34.57792],[-117.38016,34.57678],[-117.38016,34.57667],[-117.38127,34.57668],[-117.38281,34.57669],[-117.38285,34.57668],[-117.38287,34.5758],[-117.38312,34.5757],[-117.38317,34.57566],[-117.38373,34.57544],[-117.38394,34.57537],[-117.3842,34.57529],[-117.38447,34.57523],[-117.38478,34.57516],[-117.38501,34.57513],[-117.38542,34.5751],[-117.38562,34.57509],[-117.38909,34.57507],[-117.38931,34.57507],[-117.38952,34.57509],[-117.38979,34.57511],[-117.39008,34.57514],[-117.39033,34.57518],[-117.39063,34.57524],[-117.39092,34.5753],[-117.3912,34.57538],[-117.39151,34.57548],[-117.39189,34.57562],[-117.39217,34.57575],[-117.39241,34.57586],[-117.39267,34.576],[-117.39302,34.57621],[-117.39359,34.57664],[-117.39508,34.57777],[-117.39505,34.57784],[-117.39512,34.57791],[-117.39519,34.57806],[-117.39472,34.57845],[-117.39459,34.57862],[-117.39448,34.57878],[-117.39435,34.57901],[-117.39423,34.57925],[-117.39414,34.5795],[-117.39408,34.5797],[-117.39403,34.57992],[-117.394,34.58014],[-117.39399,34.58033],[-117.394,34.58284],[-117.39398,34.58285],[-117.3935,34.58286],[-117.3935,34.58288],[-117.39349,34.58291],[-117.3937,34.58291],[-117.3937,34.58377],[-117.3937,34.5838],[-117.39401,34.5838],[-117.39402,34.58695],[-117.39404,34.58909],[-117.39409,34.60116],[-117.38992,34.6012],[-117.3899,34.61583],[-117.38944,34.61584],[-117.38942,34.6186],[-117.38946,34.62356],[-117.38947,34.62445],[-117.38475,34.6245],[-117.38515,34.62219],[-117.38359,34.6222],[-117.38355,34.61883],[-117.3829,34.61883],[-117.38284,34.61589],[-117.374,34.6157],[-117.374,34.61479],[-117.37401,34.61388],[-117.37407,34.60855],[-117.37407,34.60839],[-117.37406,34.60839],[-117.37395,34.60839],[-117.37273,34.60838],[-117.37225,34.60837],[-117.36518,34.60829],[-117.36473,34.6083],[-117.3564,34.6084],[-117.35639,34.60826],[-117.35643,34.60328],[-117.35787,34.6033],[-117.35894,34.60263],[-117.35895,34.6026],[-117.359,34.60256],[-117.35904,34.60256],[-117.35972,34.60214],[-117.36177,34.60128],[-117.36222,34.6011],[-117.36217,34.60084],[-117.36228,34.60082],[-117.36271,34.60077],[-117.36293,34.60058],[-117.36266,34.60035],[-117.36266,34.59994],[-117.36363,34.59911],[-117.3639,34.59908],[-117.36421,34.59935],[-117.36422,34.59934],[-117.36426,34.59937],[-117.36427,34.59936],[-117.36432,34.5994],[-117.3643,34.59941],[-117.36434,34.59944],[-117.36433,34.59945],[-117.36444,34.59953],[-117.3649,34.59914],[-117.36522,34.59905],[-117.36533,34.59902],[-117.36554,34.59895],[-117.36569,34.59886],[-117.36584,34.59876],[-117.36598,34.59864],[-117.36614,34.59843],[-117.36625,34.59822],[-117.36637,34.59794],[-117.36644,34.59771],[-117.36717,34.59443],[-117.36693,34.59443],[-117.3668,34.59449],[-117.36625,34.59447],[-117.36581,34.59447],[-117.36581,34.59411],[-117.36603,34.59388],[-117.36696,34.59388],[-117.36699,34.59405],[-117.36724,34.59385],[-117.367,34.59264],[-117.36681,34.59257],[-117.36652,34.59242],[-117.36623,34.59228],[-117.36601,34.5922],[-117.36551,34.59195],[-117.36545,34.59191],[-117.36539,34.59186],[-117.36535,34.59181],[-117.36533,34.59175],[-117.36526,34.59123],[-117.36528,34.59064],[-117.36585,34.58972],[-117.36749,34.58973],[-117.36848,34.58964],[-117.36971,34.58938],[-117.37125,34.58886],[-117.37243,34.58811],[-117.37424,34.58665],[-117.37536,34.58571],[-117.37628,34.5845],[-117.37673,34.58358],[-117.37697,34.58264],[-117.37707,34.58196],[-117.37704,34.57947],[-117.37879,34.57946],[-117.37883,34.57983]]]}},{"type":"Feature","properties":{"c":"general-aviation","n":"Sonoma Skypark"},"geometry":{"type":"Polygon","coordinates":[[[-122.44056,38.2577],[-122.43929,38.25755],[-122.43535,38.25711],[-122.42942,38.25644],[-122.4292,38.25642],[-122.42929,38.25676],[-122.42963,38.25696],[-122.42974,38.25719],[-122.4297,38.25727],[-122.42951,38.25734],[-122.42948,38.2575],[-122.43438,38.25799],[-122.43428,38.25864],[-122.4347,38.25868],[-122.43909,38.25909],[-122.4391,38.259],[-122.44032,38.25912],[-122.44056,38.2577]]]}},{"type":"Feature","properties":{"c":"general-aviation"},"geometry":{"type":"Polygon","coordinates":[[[-123.29451,40.20758],[-123.29532,40.20892],[-123.29559,40.20933],[-123.29583,40.20971],[-123.29631,40.21043],[-123.29699,40.21147],[-123.29757,40.21235],[-123.29802,40.21304],[-123.29846,40.21361],[-123.29944,40.21465],[-123.2998,40.21504],[-123.30048,40.21576],[-123.30124,40.21657],[-123.30158,40.21694],[-123.30201,40.21697],[-123.30183,40.21653],[-123.30166,40.21571],[-123.30109,40.21494],[-123.30029,40.21388],[-123.29963,40.21298],[-123.30174,40.21297],[-123.30181,40.21258],[-123.30186,40.21215],[-123.30147,40.21191],[-123.3009,40.21164],[-123.30062,40.21127],[-123.30056,40.21119],[-123.3002,40.21064],[-123.29968,40.20958],[-123.29933,40.20885],[-123.29914,40.20853],[-123.29883,40.20808],[-123.29727,40.20578],[-123.29699,40.2059],[-123.29684,40.20599],[-123.29672,40.20599],[-123.29604,40.20635],[-123.29596,40.20637],[-123.29584,40.20634],[-123.29527,40.2067],[-123.29515,40.2067],[-123.29499,40.2067],[-123.29492,40.206],[-123.29463,40.20604],[-123.29439,40.20602],[-123.29443,40.20584],[-123.29438,40.20585],[-123.29352,40.2063],[-123.29426,40.20725],[-123.29451,40.20758]]]}},{"type":"Feature","properties":{"c":"general-aviation","n":"Osborne Airport"},"geometry":{"type":"Polygon","coordinates":[[[-117.26941,34.58129],[-117.26888,34.58095],[-117.26285,34.58789],[-117.26342,34.58816],[-117.26507,34.58626],[-117.26658,34.58628],[-117.26654,34.58446],[-117.26875,34.58447],[-117.26876,34.58201],[-117.26941,34.58129]]]}},{"type":"Feature","properties":{"c":"general-aviation","n":"Williams Gliderport"},"geometry":{"type":"Polygon","coordinates":[[[-122.13033,39.15966],[-122.13036,39.15983],[-122.13138,39.1602],[-122.13139,39.16099],[-122.13141,39.16682],[-122.13243,39.1668],[-122.1326,39.15962],[-122.13033,39.15966]]]}},{"type":"Feature","properties":{"c":"military","n":"Marine Corps Mountain War Training Center Heliport"},"geometry":{"type":"Polygon","coordinates":[[[-119.52355,38.35344],[-119.52503,38.35433],[-119.52552,38.35486],[-119.5254,38.35602],[-119.52383,38.3565],[-119.52365,38.3562],[-119.52232,38.35648],[-119.5221,38.35631],[-119.51927,38.35758],[-119.51653,38.35826],[-119.516,38.35597],[-119.51796,38.3554],[-119.5191,38.35501],[-119.51995,38.35471],[-119.52038,38.35456],[-119.5215,38.35416],[-119.52355,38.35344]]]}},{"type":"Feature","properties":{"c":"military","n":"Q Area Heliport"},"geometry":{"type":"Polygon","coordinates":[[[-122.00594,38.04556],[-122.00665,38.0439],[-122.00679,38.04396],[-122.00797,38.04429],[-122.00797,38.04467],[-122.00742,38.04599],[-122.00668,38.04579],[-122.00615,38.04563],[-122.00594,38.04556]]]}},{"type":"Feature","properties":{"c":"commercial","n":"Susanville Municipal Airport"},"geometry":{"type":"Polygon","coordinates":[[[-120.57298,40.37751],[-120.57417,40.37862],[-120.57783,40.3809],[-120.57839,40.38013],[-120.57842,40.37739],[-120.57989,40.37625],[-120.58004,40.37554],[-120.5781,40.37356],[-120.57705,40.37422],[-120.57003,40.37424],[-120.56658,40.37232],[-120.5663,40.37171],[-120.56604,40.37177],[-120.56528,40.37255],[-120.56528,40.37268],[-120.57298,40.37751]]]}},{"type":"Feature","properties":{"c":"general-aviation","n":"Montague-Yreka Rohrer Field"},"geometry":{"type":"Polygon","coordinates":[[[-122.54838,41.73536],[-122.5438,41.73523],[-122.54313,41.73281],[-122.54125,41.73325],[-122.54092,41.73247],[-122.54278,41.73221],[-122.54273,41.73202],[-122.54291,41.73197],[-122.54238,41.73024],[-122.54228,41.72864],[-122.54241,41.72832],[-122.54325,41.72831],[-122.54292,41.72757],[-122.54255,41.72757],[-122.54194,41.72646],[-122.54193,41.72635],[-122.5415,41.72495],[-122.54372,41.72492],[-122.54426,41.72578],[-122.54501,41.72575],[-122.54621,41.72571],[-122.54613,41.72742],[-122.54727,41.72744],[-122.55033,41.72749],[-122.55025,41.72833],[-122.55025,41.72946],[-122.55025,41.72996],[-122.55144,41.72996],[-122.55222,41.72996],[-122.5522,41.73094],[-122.55017,41.73169],[-122.54838,41.73536]]]}},{"type":"Feature","properties":{"c":"general-aviation","n":"Kneeland Airport"},"geometry":{"type":"Polygon","coordinates":[[[-123.92609,40.71579],[-123.92633,40.71622],[-123.92646,40.71647],[-123.92654,40.71686],[-123.92661,40.7172],[-123.92673,40.71777],[-123.92693,40.71858],[-123.92706,40.7191],[-123.92716,40.71957],[-123.92734,40.72038],[-123.92748,40.72097],[-123.9276,40.72152],[-123.92762,40.72183],[-123.9277,40.7221],[-123.92779,40.72213],[-123.92815,40.7221],[-123.92821,40.72209],[-123.92822,40.72202],[-123.92822,40.722],[-123.92813,40.72195],[-123.92803,40.72153],[-123.92794,40.72129],[-123.92779,40.72059],[-123.9277,40.72018],[-123.9276,40.71969],[-123.92747,40.7191],[-123.92747,40.71906],[-123.9279,40.71901],[-123.9279,40.71886],[-123.92791,40.71874],[-123.9277,40.71862],[-123.92757,40.71848],[-123.92751,40.71836],[-123.92737,40.71801],[-123.92727,40.71786],[-123.92718,40.71739],[-123.92703,40.71668],[-123.92698,40.71646],[-123.92684,40.71601],[-123.92676,40.71586],[-123.92666,40.7157],[-123.92661,40.71566],[-123.92653,40.71562],[-123.92636,40.71564],[-123.92625,40.71567],[-123.92614,40.71573],[-123.9261,40.71575],[-123.92609,40.71579]]]}},{"type":"Feature","properties":{"c":"commercial","n":"Murray Field"},"geometry":{"type":"Polygon","coordinates":[[[-124.10794,40.80027],[-124.10824,40.80052],[-124.10836,40.80061],[-124.10854,40.80073],[-124.10889,40.80101],[-124.10932,40.8014],[-124.10959,40.80167],[-124.10986,40.80198],[-124.10988,40.802],[-124.11002,40.802],[-124.11021,40.80217],[-124.11023,40.80221],[-124.11026,40.80225],[-124.11055,40.80247],[-124.1114,40.80311],[-124.1114,40.80314],[-124.1112,40.80329],[-124.11121,40.80332],[-124.11203,40.80395],[-124.11284,40.80455],[-124.11364,40.80515],[-124.11402,40.80525],[-124.11427,40.80507],[-124.11511,40.80571],[-124.11473,40.80599],[-124.11419,40.80608],[-124.11426,40.80644],[-124.11459,40.80668],[-124.11569,40.80673],[-124.11687,40.80704],[-124.11728,40.80715],[-124.11742,40.80727],[-124.11863,40.80665],[-124.11804,40.80587],[-124.1192,40.80569],[-124.12166,40.80531],[-124.12174,40.80528],[-124.1217,40.80503],[-124.1211,40.8048],[-124.12055,40.80458],[-124.12005,40.80438],[-124.11961,40.8042],[-124.11955,40.80419],[-124.11927,40.80408],[-124.11935,40.80397],[-124.11822,40.80351],[-124.11827,40.80343],[-124.11791,40.80329],[-124.11708,40.80294],[-124.11652,40.80271],[-124.1159,40.80245],[-124.11547,40.80228],[-124.11538,40.80225],[-124.11526,40.80223],[-124.11519,40.80224],[-124.11509,40.80224],[-124.11501,40.80224],[-124.11494,40.80221],[-124.11484,40.80216],[-124.11461,40.80192],[-124.11455,40.80189],[-124.11423,40.80176],[-124.11363,40.80152],[-124.11312,40.80131],[-124.11254,40.80107],[-124.1121,40.80086],[-124.11149,40.80063],[-124.11094,40.80041],[-124.11041,40.80029],[-124.10995,40.80015],[-124.10992,40.80018],[-124.10959,40.8001],[-124.10888,40.79984],[-124.10863,40.79976],[-124.10847,40.79972],[-124.10833,40.79972],[-124.10802,40.79983],[-124.10788,40.79993],[-124.10788,40.8001],[-124.10794,40.80027]]]}},{"type":"Feature","properties":{"c":"general-aviation","n":"Heaps Peak USFS Heliport"},"geometry":{"type":"Polygon","coordinates":[[[-117.15505,34.23559],[-117.15478,34.23563],[-117.15448,34.23526],[-117.15442,34.2348],[-117.15447,34.23469],[-117.15461,34.23465],[-117.15453,34.23475],[-117.1546,34.23485],[-117.15494,34.23484],[-117.15501,34.23504],[-117.15504,34.2352],[-117.15505,34.23559]]]}},{"type":"Feature","properties":{"c":"general-aviation","n":"Chester USFS Heliport"},"geometry":{"type":"Polygon","coordinates":[[[-121.24416,40.28786],[-121.24427,40.28801],[-121.24433,40.28826],[-121.24557,40.28845],[-121.24609,40.28758],[-121.246,40.28726],[-121.24576,40.28711],[-121.24503,40.2871],[-121.24445,40.2873],[-121.24413,40.28753],[-121.24416,40.28786]]]}},{"type":"Feature","properties":{"c":"general-aviation","n":"Pine Valley Border Patrol Station Heliport"},"geometry":{"type":"Polygon","coordinates":[[[-116.45245,32.71531],[-116.45061,32.718],[-116.4496,32.71866],[-116.44889,32.71791],[-116.44895,32.717],[-116.44925,32.71696],[-116.44927,32.71684],[-116.44949,32.71684],[-116.44949,32.71669],[-116.44947,32.71638],[-116.44947,32.71635],[-116.44964,32.71534],[-116.45245,32.71531]]]}},{"type":"Feature","properties":{"c":"general-aviation","n":"LA County Sheriff Lancaster Station Heliport"},"geometry":{"type":"Polygon","coordinates":[[[-118.13826,34.70041],[-118.13784,34.70046],[-118.13782,34.70033],[-118.1378,34.70019],[-118.13821,34.70014],[-118.13826,34.70041]]]}},{"type":"Feature","properties":{"c":"general-aviation","n":"Sheriff's Wayside Heliport"},"geometry":{"type":"Polygon","coordinates":[[[-118.61006,34.46331],[-118.60925,34.4635],[-118.60934,34.46376],[-118.61005,34.46361],[-118.61006,34.46331]]]}},{"type":"Feature","properties":{"c":"general-aviation","n":"Gene Wash Reservoir Airport"},"geometry":{"type":"Polygon","coordinates":[[[-114.19616,34.31141],[-114.17911,34.30632],[-114.17948,34.30508],[-114.18039,34.3053],[-114.18039,34.30563],[-114.19624,34.31037],[-114.19655,34.31072],[-114.19616,34.31141]]]}},{"type":"Feature","properties":{"c":"general-aviation","n":"Johnson Brothers Airport"},"geometry":{"type":"Polygon","coordinates":[[[-115.56829,32.67197],[-115.55524,32.67197],[-115.55523,32.67215],[-115.5554,32.67219],[-115.55539,32.67266],[-115.56414,32.67269],[-115.56414,32.6726],[-115.56827,32.67258],[-115.56829,32.67197]]]}},{"type":"Feature","properties":{"c":"general-aviation","n":"Camatta Ranch Airstrip"},"geometry":{"type":"Polygon","coordinates":[[[-120.31247,35.47839],[-120.31254,35.47806],[-120.30611,35.47409],[-120.30572,35.47361],[-120.30553,35.47375],[-120.30557,35.474],[-120.30568,35.47417],[-120.31247,35.47839]]]}},{"type":"Feature","properties":{"c":"general-aviation"},"geometry":{"type":"Polygon","coordinates":[[[-121.4958,38.91416],[-121.49585,38.91423],[-121.49573,38.91469],[-121.49546,38.91473],[-121.49429,38.91451],[-121.49413,38.91443],[-121.49401,38.91426],[-121.49398,38.91409],[-121.49405,38.91387],[-121.49432,38.91383],[-121.4947,38.91386],[-121.49473,38.91369],[-121.49417,38.91361],[-121.49472,38.91328],[-121.49467,38.9076],[-121.49488,38.9076],[-121.49489,38.90795],[-121.49495,38.91117],[-121.49489,38.91375],[-121.49486,38.91389],[-121.49525,38.91402],[-121.49538,38.91409],[-121.4956,38.91416],[-121.4958,38.91416]]]}},{"type":"Feature","properties":{"c":"general-aviation","n":"Santa Cruz Ranch Airport"},"geometry":{"type":"Polygon","coordinates":[[[-119.68366,33.99057],[-119.68379,33.99007],[-119.68305,33.98991],[-119.68289,33.99009],[-119.68211,33.98982],[-119.68118,33.98958],[-119.67954,33.98916],[-119.67681,33.98851],[-119.67666,33.98856],[-119.67655,33.9886],[-119.67652,33.98869],[-119.6766,33.98883],[-119.6766,33.98907],[-119.67715,33.98913],[-119.67749,33.98906],[-119.67853,33.98923],[-119.68003,33.98957],[-119.68089,33.98979],[-119.68203,33.9901],[-119.68366,33.99057]]]}},{"type":"Feature","properties":{"c":"general-aviation","n":"Antelope Valley Ranch Airport"},"geometry":{"type":"Polygon","coordinates":[[[-122.35413,39.1428],[-122.35492,39.14255],[-122.35506,39.14296],[-122.35557,39.14339],[-122.35676,39.14351],[-122.3568,39.14351],[-122.35677,39.14437],[-122.35672,39.14509],[-122.35726,39.14549],[-122.35744,39.14566],[-122.35757,39.14616],[-122.35772,39.14633],[-122.35783,39.14639],[-122.3582,39.14645],[-122.35936,39.14808],[-122.35987,39.14876],[-122.35954,39.14927],[-122.35956,39.14939],[-122.35971,39.15032],[-122.35971,39.15036],[-122.35976,39.15062],[-122.35963,39.15065],[-122.35955,39.1507],[-122.35956,39.15088],[-122.35952,39.15108],[-122.36017,39.15106],[-122.36018,39.15109],[-122.36023,39.1518],[-122.35719,39.1519],[-122.35621,39.15192],[-122.35618,39.15192],[-122.35599,39.15166],[-122.35559,39.15113],[-122.35537,39.15087],[-122.35437,39.14971],[-122.35447,39.14962],[-122.35444,39.1496],[-122.35441,39.14955],[-122.35427,39.14958],[-122.3542,39.14952],[-122.35419,39.14845],[-122.35413,39.1428]]]}},{"type":"Feature","properties":{"c":"general-aviation"},"geometry":{"type":"Polygon","coordinates":[[[-122.09551,39.04814],[-122.09591,39.04814],[-122.0959,39.04923],[-122.09586,39.05143],[-122.09584,39.05298],[-122.09634,39.05298],[-122.09634,39.05307],[-122.0965,39.05307],[-122.09656,39.05307],[-122.09655,39.05335],[-122.09584,39.05335],[-122.09583,39.05371],[-122.09582,39.05386],[-122.09582,39.05448],[-122.09581,39.05505],[-122.09579,39.05688],[-122.0954,39.05688],[-122.09541,39.05681],[-122.09549,39.04963],[-122.09551,39.04814]]]}},{"type":"Feature","properties":{"c":"commercial","n":"Garberville Airport"},"geometry":{"type":"Polygon","coordinates":[[[-123.81278,40.08982],[-123.81207,40.08968],[-123.81184,40.0895],[-123.81171,40.08923],[-123.81177,40.08892],[-123.81188,40.08846],[-123.81188,40.08814],[-123.8118,40.08789],[-123.81149,40.08755],[-123.81135,40.08742],[-123.8119,40.087],[-123.81197,40.08689],[-123.81222,40.08645],[-123.8127,40.08569],[-123.81353,40.08437],[-123.81429,40.08313],[-123.81534,40.08146],[-123.81562,40.08098],[-123.81573,40.08086],[-123.81584,40.0808],[-123.81598,40.08077],[-123.81611,40.08077],[-123.81632,40.0808],[-123.81643,40.08086],[-123.81647,40.0809],[-123.81698,40.08108],[-123.81603,40.08365],[-123.81542,40.08535],[-123.81466,40.08518],[-123.81278,40.08982]]]}},{"type":"Feature","properties":{"c":"military"},"geometry":{"type":"Polygon","coordinates":[[[-117.47058,33.30037],[-117.47063,33.30001],[-117.46794,33.29979],[-117.4679,33.30015],[-117.46817,33.30017],[-117.47058,33.30037]]]}},{"type":"Feature","properties":{"c":"general-aviation","n":"Little River Airport"},"geometry":{"type":"Polygon","coordinates":[[[-123.75438,39.2673],[-123.74944,39.26567],[-123.74942,39.26311],[-123.74384,39.26306],[-123.74388,39.25878],[-123.74482,39.25783],[-123.74531,39.25732],[-123.74573,39.25676],[-123.74586,39.25646],[-123.74593,39.25618],[-123.74592,39.25586],[-123.7459,39.25568],[-123.74633,39.25536],[-123.75445,39.25575],[-123.7611,39.25609],[-123.76102,39.26416],[-123.76324,39.26573],[-123.76327,39.26694],[-123.76414,39.26694],[-123.76394,39.26858],[-123.76243,39.26848],[-123.7608,39.26886],[-123.75773,39.26822],[-123.7562,39.26783],[-123.75438,39.2673]]]}},{"type":"Feature","properties":{"c":"general-aviation","n":"Stamoules Airport"},"geometry":{"type":"Polygon","coordinates":[[[-120.46494,36.72306],[-120.46514,36.72353],[-120.47559,36.7343],[-120.47635,36.73429],[-120.46652,36.72412],[-120.46655,36.72361],[-120.46605,36.72361],[-120.46527,36.72281],[-120.46494,36.72306]]]}},{"type":"Feature","properties":{"c":"commercial","n":"Willows-Glenn County Airport"},"geometry":{"type":"Polygon","coordinates":[[[-122.20891,39.51125],[-122.20851,39.51078],[-122.20933,39.50968],[-122.21715,39.50968],[-122.22136,39.50963],[-122.22137,39.50989],[-122.22138,39.51017],[-122.22143,39.52416],[-122.21713,39.52412],[-122.21706,39.52404],[-122.21683,39.524],[-122.21665,39.52395],[-122.21649,39.5239],[-122.21629,39.52381],[-122.2161,39.52372],[-122.216,39.52365],[-122.21584,39.52353],[-122.21568,39.52339],[-122.21556,39.52326],[-122.21549,39.52317],[-122.21541,39.52305],[-122.21531,39.52284],[-122.21524,39.52265],[-122.21518,39.52218],[-122.21513,39.52187],[-122.21507,39.52177],[-122.215,39.52117],[-122.21491,39.52062],[-122.21481,39.52018],[-122.21471,39.51982],[-122.21461,39.51947],[-122.21443,39.51893],[-122.21423,39.51843],[-122.21406,39.51805],[-122.2138,39.51751],[-122.21351,39.517],[-122.21315,39.5164],[-122.21271,39.51578],[-122.2117,39.51454],[-122.21078,39.51345],[-122.2101,39.51265],[-122.20949,39.51194],[-122.20891,39.51125]]]}},{"type":"Feature","properties":{"c":"general-aviation","n":"Hayfork Airport"},"geometry":{"type":"Polygon","coordinates":[[[-123.17077,40.54635],[-123.17089,40.54622],[-123.17246,40.54622],[-123.17359,40.54622],[-123.17437,40.54622],[-123.17517,40.54623],[-123.17643,40.54625],[-123.17721,40.54627],[-123.1778,40.54628],[-123.17849,40.54631],[-123.17881,40.54634],[-123.17893,40.54644],[-123.17952,40.54646],[-123.17969,40.54646],[-123.18004,40.54645],[-123.18028,40.54643],[-123.18044,40.54642],[-123.18068,40.5464],[-123.18092,40.54639],[-123.18099,40.54637],[-123.18128,40.54627],[-123.18173,40.54622],[-123.18182,40.54609],[-123.18199,40.54609],[-123.1821,40.54618],[-123.18303,40.54616],[-123.18326,40.54616],[-123.18393,40.54617],[-123.18493,40.54618],[-123.18602,40.54618],[-123.18698,40.54619],[-123.18762,40.54618],[-123.18864,40.54617],[-123.18947,40.54614],[-123.19041,40.54612],[-123.19041,40.5478],[-123.18843,40.54785],[-123.18711,40.54789],[-123.18601,40.54792],[-123.18502,40.54794],[-123.18414,40.54786],[-123.18374,40.54782],[-123.1835,40.54791],[-123.18242,40.54793],[-123.18154,40.54794],[-123.18152,40.54857],[-123.18145,40.54857],[-123.18144,40.54869],[-123.1808,40.54856],[-123.17985,40.54838],[-123.17951,40.54827],[-123.17907,40.54828],[-123.17906,40.54836],[-123.17903,40.54865],[-123.17868,40.54874],[-123.1784,40.54879],[-123.17785,40.54885],[-123.17749,40.54888],[-123.1772,40.5489],[-123.17691,40.54891],[-123.17671,40.5489],[-123.1757,40.54879],[-123.17505,40.54855],[-123.17471,40.5484],[-123.17447,40.54821],[-123.17436,40.54812],[-123.17429,40.54807],[-123.174,40.54791],[-123.17378,40.54778],[-123.17371,40.54774],[-123.17357,40.5477],[-123.17339,40.54765],[-123.17317,40.54762],[-123.17298,40.54761],[-123.17272,40.54761],[-123.17231,40.54763],[-123.17215,40.54764],[-123.17193,40.54761],[-123.17177,40.5476],[-123.17167,40.54759],[-123.17156,40.54759],[-123.17147,40.5476],[-123.17121,40.5477],[-123.171,40.54778],[-123.17074,40.54762],[-123.17077,40.54635]]]}},{"type":"Feature","properties":{"c":"military","n":"Fresno Air National Guard Base"},"geometry":{"type":"Polygon","coordinates":[[[-119.70229,36.76532],[-119.70228,36.76615],[-119.7036,36.7669],[-119.70365,36.76692],[-119.70371,36.76694],[-119.70375,36.76696],[-119.70381,36.76698],[-119.70385,36.76699],[-119.7039,36.767],[-119.70396,36.76701],[-119.70401,36.76701],[-119.70405,36.76701],[-119.70409,36.76702],[-119.70528,36.76703],[-119.70716,36.76704],[-119.70784,36.76704],[-119.70845,36.76704],[-119.70841,36.76723],[-119.70865,36.76737],[-119.71094,36.76868],[-119.71178,36.76916],[-119.71191,36.76911],[-119.71198,36.76915],[-119.71207,36.7692],[-119.71336,36.76774],[-119.7158,36.76775],[-119.71579,36.76764],[-119.71574,36.76765],[-119.71571,36.76764],[-119.71572,36.76722],[-119.71599,36.7669],[-119.71599,36.76531],[-119.71581,36.76531],[-119.71581,36.76548],[-119.7157,36.76548],[-119.7157,36.76531],[-119.71484,36.76531],[-119.71484,36.76555],[-119.71469,36.76555],[-119.71466,36.76552],[-119.71457,36.76544],[-119.71452,36.7654],[-119.71406,36.7654],[-119.714,36.76542],[-119.71395,36.76544],[-119.71376,36.76543],[-119.71376,36.76529],[-119.71116,36.76528],[-119.71108,36.76536],[-119.71106,36.7654],[-119.71105,36.76544],[-119.71106,36.76568],[-119.71077,36.76568],[-119.7107,36.76562],[-119.7107,36.76549],[-119.71072,36.76547],[-119.71076,36.76546],[-119.71077,36.76532],[-119.7107,36.76527],[-119.71014,36.76525],[-119.71011,36.76522],[-119.70934,36.76522],[-119.70918,36.76523],[-119.70499,36.76521],[-119.70461,36.76521],[-119.70299,36.76528],[-119.70257,36.76529],[-119.70229,36.76532]]]}},{"type":"Feature","properties":{"c":"general-aviation","n":"Clark Ranch Airport"},"geometry":{"type":"Polygon","coordinates":[[[-123.48016,39.67206],[-123.4793,39.672],[-123.47894,39.66598],[-123.4795,39.66598],[-123.48016,39.67206]]]}},{"type":"Feature","properties":{"c":"general-aviation","n":"Capell Valley Airport"},"geometry":{"type":"Polygon","coordinates":[[[-122.19728,38.4603],[-122.19708,38.46011],[-122.19124,38.46392],[-122.19067,38.46369],[-122.19067,38.46392],[-122.19128,38.46416],[-122.19157,38.46406],[-122.19728,38.4603]]]}},{"type":"Feature","properties":{"c":"general-aviation","n":"Swansboro Country Airport"},"geometry":{"type":"Polygon","coordinates":[[[-120.7344,38.79805],[-120.73451,38.7981],[-120.7347,38.79826],[-120.73416,38.79864],[-120.74062,38.79998],[-120.74068,38.79992],[-120.7407,38.79987],[-120.7413,38.80004],[-120.74136,38.80008],[-120.74139,38.80012],[-120.74139,38.80017],[-120.74137,38.80024],[-120.74133,38.80029],[-120.74127,38.80032],[-120.7412,38.80034],[-120.73021,38.79809],[-120.72998,38.79805],[-120.72978,38.79805],[-120.72969,38.79802],[-120.7296,38.79776],[-120.72957,38.79761],[-120.72955,38.79747],[-120.72954,38.79738],[-120.72959,38.79735],[-120.72963,38.79734],[-120.73057,38.79752],[-120.73102,38.79761],[-120.73139,38.79768],[-120.73165,38.79772],[-120.73184,38.79774],[-120.73225,38.79777],[-120.73299,38.79783],[-120.73302,38.79789],[-120.7331,38.7979],[-120.73315,38.79785],[-120.73411,38.79803],[-120.73426,38.79805],[-120.7344,38.79805]]]}},{"type":"Feature","properties":{"c":"general-aviation","n":"Secret Valley Intermediate Field (historical)"},"geometry":{"type":"Polygon","coordinates":[[[-120.2567,40.54129],[-120.24742,40.54128],[-120.24736,40.53403],[-120.2425,40.53404],[-120.23847,40.53406],[-120.23791,40.52722],[-120.25671,40.52712],[-120.2567,40.54129]]]}},{"type":"Feature","properties":{"c":"general-aviation","n":"Winema Airstrip"},"geometry":{"type":"Polygon","coordinates":[[[-120.53374,41.33788],[-120.5334,41.33787],[-120.53332,41.32651],[-120.53302,41.32641],[-120.53297,41.32629],[-120.53296,41.32618],[-120.53318,41.3259],[-120.53327,41.32587],[-120.53367,41.32603],[-120.5336,41.32614],[-120.53374,41.33788]]]}},{"type":"Feature","properties":{"c":"general-aviation","n":"Kokopelli's Hideaway"},"geometry":{"type":"Polygon","coordinates":[[[-116.46487,33.08637],[-116.46486,33.08614],[-116.45795,33.08642],[-116.45762,33.08598],[-116.45726,33.08661],[-116.46487,33.08637]]]}},{"type":"Feature","properties":{"c":"commercial","n":"Twentynine Palms Airport"},"geometry":{"type":"Polygon","coordinates":[[[-115.94377,34.13641],[-115.93146,34.13648],[-115.93146,34.13305],[-115.9467,34.13296],[-115.94672,34.1234],[-115.94713,34.12323],[-115.94716,34.12276],[-115.9467,34.12206],[-115.94598,34.12206],[-115.94597,34.11854],[-115.94924,34.11854],[-115.94924,34.12205],[-115.94851,34.12217],[-115.94838,34.12307],[-115.94889,34.12377],[-115.94885,34.13294],[-115.95758,34.13288],[-115.95756,34.13633],[-115.94422,34.1364],[-115.94377,34.13641]]]}},{"type":"Feature","properties":{"c":"general-aviation"},"geometry":{"type":"Polygon","coordinates":[[[-115.45442,33.83997],[-115.4541,33.84014],[-115.46077,33.8484],[-115.46084,33.84835],[-115.46094,33.84829],[-115.46111,33.84822],[-115.46132,33.84814],[-115.46142,33.8481],[-115.46081,33.84736],[-115.46059,33.84747],[-115.45442,33.83997]]]}},{"type":"Feature","properties":{"c":"general-aviation","n":"Antelope Valley Soaring Club"},"geometry":{"type":"Polygon","coordinates":[[[-117.59613,34.56189],[-117.59615,34.55838],[-117.60073,34.55838],[-117.6049,34.55841],[-117.60931,34.55842],[-117.60933,34.56192],[-117.59613,34.56189]]]}},{"type":"Feature","properties":{"c":"military"},"geometry":{"type":"Polygon","coordinates":[[[-116.22547,34.46474],[-116.22533,34.46501],[-116.22212,34.46399],[-116.2221,34.46361],[-116.22547,34.46474]]]}},{"type":"Feature","properties":{"c":"general-aviation"},"geometry":{"type":"Polygon","coordinates":[[[-118.91113,35.19584],[-118.90877,35.19534],[-118.90883,35.19512],[-118.90938,35.19524],[-118.90946,35.19494],[-118.91062,35.19519],[-118.91053,35.19548],[-118.9112,35.19562],[-118.91113,35.19584]]]}},{"type":"Feature","properties":{"c":"commercial","n":"Nut Tree Airport"},"geometry":{"type":"Polygon","coordinates":[[[-121.96007,38.37279],[-121.96121,38.37307],[-121.96167,38.37306],[-121.96343,38.37304],[-121.96419,38.37289],[-121.96446,38.37257],[-121.96475,38.37223],[-121.96503,38.37191],[-121.96523,38.37167],[-121.96546,38.3718],[-121.96617,38.37096],[-121.9662,38.37092],[-121.96627,38.37093],[-121.96748,38.36958],[-121.96717,38.37111],[-121.96732,38.3711],[-121.96712,38.37209],[-121.96712,38.37218],[-121.96714,38.37274],[-121.96199,38.37892],[-121.96271,38.37894],[-121.96078,38.38124],[-121.95922,38.38319],[-121.95601,38.387],[-121.95593,38.38698],[-121.95537,38.38861],[-121.95458,38.39081],[-121.95415,38.39071],[-121.95385,38.39067],[-121.95364,38.39068],[-121.95357,38.39063],[-121.95356,38.39028],[-121.95354,38.38989],[-121.9535,38.38982],[-121.9521,38.39022],[-121.95173,38.38942],[-121.95168,38.38913],[-121.95171,38.38874],[-121.95446,38.38933],[-121.95475,38.38844],[-121.95196,38.38786],[-121.95242,38.38552],[-121.95278,38.3857],[-121.95445,38.38376],[-121.95537,38.38376],[-121.95576,38.38328],[-121.95557,38.38318],[-121.95649,38.38211],[-121.95662,38.38213],[-121.95841,38.38016],[-121.95841,38.37956],[-121.95841,38.37891],[-121.95602,38.37889],[-121.95601,38.37879],[-121.95601,38.37816],[-121.95714,38.37687],[-121.95717,38.3768],[-121.95539,38.37627],[-121.9544,38.37617],[-121.95457,38.3754],[-121.95464,38.3752],[-121.95471,38.37506],[-121.95477,38.37494],[-121.95497,38.37472],[-121.95523,38.37455],[-121.95586,38.37395],[-121.95652,38.37313],[-121.95695,38.37349],[-121.9579,38.37396],[-121.95812,38.37406],[-121.9588,38.37352],[-121.95969,38.37292],[-121.96007,38.37279]]]}},{"type":"Feature","properties":{"c":"general-aviation","n":"32615 Panoche Rd Strip"},"geometry":{"type":"Polygon","coordinates":[[[-120.84062,36.6052],[-120.84063,36.60549],[-120.84049,36.60549],[-120.84042,36.60549],[-120.83674,36.60548],[-120.8336,36.60544],[-120.8336,36.60536],[-120.8336,36.60526],[-120.83359,36.60507],[-120.83367,36.60507],[-120.83379,36.60509],[-120.83389,36.60512],[-120.83394,36.60526],[-120.83904,36.6053],[-120.83985,36.6053],[-120.83986,36.60516],[-120.84007,36.60516],[-120.84007,36.60513],[-120.83999,36.60513],[-120.83999,36.60506],[-120.84034,36.60506],[-120.84034,36.60517],[-120.84034,36.60531],[-120.84042,36.60529],[-120.8405,36.60526],[-120.84056,36.60519],[-120.84056,36.6051],[-120.84056,36.60505],[-120.84065,36.60505],[-120.84064,36.60518],[-120.84062,36.6052]]]}},{"type":"Feature","properties":{"c":"general-aviation","n":"Sonoma Valley Airport"},"geometry":{"type":"Polygon","coordinates":[[[-122.45621,38.22213],[-122.45334,38.22274],[-122.45332,38.22103],[-122.45295,38.22111],[-122.45279,38.22109],[-122.45266,38.22299],[-122.45261,38.22314],[-122.44144,38.22315],[-122.44111,38.22325],[-122.44104,38.2234],[-122.44103,38.22352],[-122.44137,38.22367],[-122.44235,38.22372],[-122.44239,38.22362],[-122.45274,38.22402],[-122.4526,38.22719],[-122.45279,38.22741],[-122.45294,38.22761],[-122.45298,38.22797],[-122.45301,38.22815],[-122.45311,38.22817],[-122.45318,38.22813],[-122.45319,38.22726],[-122.45322,38.22539],[-122.45502,38.22496],[-122.45711,38.22448],[-122.45621,38.22213]]]}},{"type":"Feature","properties":{"c":"general-aviation","n":"Colusa County Airport"},"geometry":{"type":"Polygon","coordinates":[[[-121.98926,39.17551],[-121.98752,39.17365],[-121.98746,39.17369],[-121.98688,39.17302],[-121.98692,39.17288],[-121.98693,39.17284],[-121.98726,39.17267],[-121.98753,39.17269],[-121.98771,39.17273],[-121.98924,39.1737],[-121.98954,39.17381],[-121.99014,39.17398],[-121.99036,39.17408],[-121.99109,39.17451],[-121.99114,39.1746],[-121.99342,39.1778],[-121.99335,39.17794],[-121.9969,39.1829],[-121.99728,39.18343],[-121.99736,39.18356],[-121.99606,39.18419],[-121.99534,39.18317],[-121.99503,39.18316],[-121.99504,39.18306],[-121.99389,39.1828],[-121.99341,39.18295],[-121.99331,39.18299],[-121.99328,39.18293],[-121.99006,39.17713],[-121.99014,39.1771],[-121.98926,39.17551]]]}},{"type":"Feature","properties":{"c":"general-aviation"},"geometry":{"type":"Polygon","coordinates":[[[-117.73429,34.50823],[-117.73449,34.5078],[-117.73055,34.50756],[-117.73052,34.50646],[-117.72972,34.50651],[-117.72974,34.50745],[-117.72658,34.5071],[-117.72638,34.50829],[-117.72866,34.50858],[-117.72829,34.51018],[-117.72589,34.51018],[-117.72589,34.51083],[-117.72272,34.51061],[-117.72262,34.51119],[-117.72787,34.51142],[-117.72762,34.51226],[-117.73077,34.51247],[-117.73077,34.50801],[-117.73429,34.50823]]]}},{"type":"Feature","properties":{"c":"general-aviation","n":"Rogers Field"},"geometry":{"type":"Polygon","coordinates":[[[-121.24784,40.28578],[-121.24738,40.28549],[-121.24274,40.28674],[-121.24039,40.27396],[-121.23849,40.27409],[-121.24054,40.28733],[-121.22731,40.29114],[-121.22724,40.29214],[-121.22789,40.29213],[-121.23644,40.28976],[-121.23765,40.29036],[-121.23818,40.2907],[-121.23884,40.29102],[-121.23948,40.29118],[-121.23989,40.29063],[-121.24081,40.29041],[-121.24159,40.29088],[-121.24088,40.29184],[-121.24221,40.29246],[-121.2427,40.29238],[-121.24784,40.28578]]]}},{"type":"Feature","properties":{"c":"general-aviation","n":"Lee Vining Airport"},"geometry":{"type":"Polygon","coordinates":[[[-119.10317,37.95188],[-119.10319,37.95316],[-119.10414,37.95536],[-119.10506,37.95764],[-119.1069,37.96215],[-119.10877,37.96671],[-119.11009,37.96641],[-119.1085,37.9625],[-119.10826,37.96255],[-119.10713,37.95964],[-119.10838,37.95932],[-119.10806,37.95849],[-119.10683,37.95877],[-119.10577,37.95582],[-119.10617,37.95574],[-119.10549,37.95396],[-119.10583,37.9539],[-119.1055,37.95298],[-119.10542,37.95185],[-119.10317,37.95188]]]}},{"type":"Feature","properties":{"c":"general-aviation","n":"Yucca Valley Airport"},"geometry":{"type":"Polygon","coordinates":[[[-116.41401,34.12751],[-116.41258,34.12752],[-116.41257,34.12773],[-116.41083,34.12827],[-116.41082,34.12787],[-116.40999,34.12788],[-116.41,34.12852],[-116.40934,34.12871],[-116.40925,34.12887],[-116.40526,34.12885],[-116.40514,34.12889],[-116.40492,34.12904],[-116.40495,34.12977],[-116.40451,34.12977],[-116.40448,34.12983],[-116.40443,34.12988],[-116.40439,34.1299],[-116.40435,34.12992],[-116.40449,34.13022],[-116.40218,34.13094],[-116.40173,34.13108],[-116.40143,34.1311],[-116.40076,34.13089],[-116.40057,34.1311],[-116.39995,34.13211],[-116.40009,34.13246],[-116.40422,34.13119],[-116.40437,34.13118],[-116.40457,34.13119],[-116.40476,34.13123],[-116.40497,34.13129],[-116.40517,34.13137],[-116.40528,34.1312],[-116.40489,34.13107],[-116.4049,34.13097],[-116.40946,34.12958],[-116.40952,34.12977],[-116.40982,34.12968],[-116.40977,34.12947],[-116.41374,34.12824],[-116.41372,34.12797],[-116.41378,34.12791],[-116.41388,34.12787],[-116.41393,34.12786],[-116.41401,34.12751]]]}},{"type":"Feature","properties":{"c":"general-aviation","n":"White Oak Lodge Landing Field"},"geometry":{"type":"Polygon","coordinates":[[[-118.48885,34.9668],[-118.489,34.96623],[-118.48903,34.96561],[-118.48852,34.96162],[-118.48837,34.96008],[-118.48814,34.95861],[-118.48755,34.95805],[-118.48656,34.95826],[-118.48802,34.96666],[-118.48885,34.9668]]]}},{"type":"Feature","properties":{"c":"general-aviation","n":"Lloyds Landing Airport"},"geometry":{"type":"Polygon","coordinates":[[[-118.30906,34.90729],[-118.29801,34.90716],[-118.29795,34.90706],[-118.29796,34.90619],[-118.29823,34.90453],[-118.29944,34.90451],[-118.2999,34.90476],[-118.30197,34.90478],[-118.3023,34.9045],[-118.30508,34.90445],[-118.30584,34.90465],[-118.30653,34.90478],[-118.30691,34.90479],[-118.30756,34.90447],[-118.3091,34.90449],[-118.30906,34.90729]]]}},{"type":"Feature","properties":{"c":"commercial","n":"Yuba County Airport"},"geometry":{"type":"Polygon","coordinates":[[[-121.56086,39.10166],[-121.56106,39.10166],[-121.56172,39.10171],[-121.56246,39.10177],[-121.56254,39.10178],[-121.56298,39.10191],[-121.5637,39.10214],[-121.56442,39.10236],[-121.56528,39.10263],[-121.56528,39.10273],[-121.5707,39.10442],[-121.57272,39.10809],[-121.5728,39.10821],[-121.57295,39.1084],[-121.57359,39.10906],[-121.57539,39.11244],[-121.57546,39.11257],[-121.57846,39.11257],[-121.57862,39.11244],[-121.57866,39.1124],[-121.57947,39.1076],[-121.57961,39.10691],[-121.57951,39.10681],[-121.57837,39.10679],[-121.57853,39.10559],[-121.57979,39.10561],[-121.5799,39.10444],[-121.57746,39.09838],[-121.57613,39.09562],[-121.57572,39.09555],[-121.57534,39.09544],[-121.57477,39.09516],[-121.5743,39.09482],[-121.57405,39.09431],[-121.57269,39.09468],[-121.57264,39.0947],[-121.56694,39.08436],[-121.5669,39.08428],[-121.56159,39.08434],[-121.56139,39.08439],[-121.56126,39.08448],[-121.56119,39.08529],[-121.56086,39.09639],[-121.56085,39.0968],[-121.56077,39.09844],[-121.56085,39.10109],[-121.56086,39.10166]]]}},{"type":"Feature","properties":{"c":"general-aviation","n":"Bohunks Airpark"},"geometry":{"type":"Polygon","coordinates":[[[-118.28278,34.69479],[-118.28274,34.69287],[-118.27836,34.69294],[-118.27837,34.69374],[-118.27704,34.6945],[-118.27192,34.69457],[-118.27189,34.69568],[-118.27428,34.69567],[-118.27423,34.6964],[-118.2804,34.69643],[-118.28043,34.69479],[-118.28278,34.69479]]]}},{"type":"Feature","properties":{"c":"general-aviation","n":"Sutter County Airport"},"geometry":{"type":"Polygon","coordinates":[[[-121.60541,39.11617],[-121.60594,39.11522],[-121.6064,39.11509],[-121.60634,39.11626],[-121.60748,39.11637],[-121.60524,39.12987],[-121.60555,39.12979],[-121.60586,39.13053],[-121.60482,39.13199],[-121.60446,39.13185],[-121.60414,39.13196],[-121.60361,39.13103],[-121.60298,39.13001],[-121.60237,39.12901],[-121.60108,39.12688],[-121.60096,39.12649],[-121.60094,39.12625],[-121.60234,39.12173],[-121.60268,39.12093],[-121.60321,39.11974],[-121.6039,39.11857],[-121.60541,39.11617]]]}},{"type":"Feature","properties":{"c":"commercial","n":"March Inland Port Airport"},"geometry":{"type":"Polygon","coordinates":[[[-117.24401,33.86655],[-117.24586,33.86652],[-117.25069,33.8744],[-117.25142,33.87561],[-117.2497,33.87817],[-117.24399,33.88064],[-117.24401,33.86655]]]}},{"type":"Feature","properties":{"c":"general-aviation","n":"Darwin Airstrip, CA"},"geometry":{"type":"Polygon","coordinates":[[[-117.59693,36.26743],[-117.59689,36.26656],[-117.59768,36.26654],[-117.59734,36.25891],[-117.59808,36.25889],[-117.59846,36.26739],[-117.59693,36.26743]]]}},{"type":"Feature","properties":{"c":"general-aviation","n":"Hawes Auxiliary Airport"},"geometry":{"type":"Polygon","coordinates":[[[-117.38339,34.93014],[-117.36633,34.93001],[-117.36608,34.91567],[-117.38337,34.91584],[-117.38339,34.93014]]]}},{"type":"Feature","properties":{"c":"general-aviation","n":"Hemet Model Masters Airpark - Simpson Field"},"geometry":{"type":"Polygon","coordinates":[[[-117.04256,33.70253],[-117.04199,33.7016],[-117.04305,33.70149],[-117.04379,33.70137],[-117.0447,33.7012],[-117.04487,33.70122],[-117.0449,33.70189],[-117.04345,33.70252],[-117.04326,33.70221],[-117.04256,33.70253]]]}},{"type":"Feature","properties":{"c":"military","n":"Roberts Army Heliport"},"geometry":{"type":"Polygon","coordinates":[[[-120.7404,35.80907],[-120.74072,35.80905],[-120.7411,35.80913],[-120.74277,35.8105],[-120.74457,35.81196],[-120.74476,35.81242],[-120.74481,35.81308],[-120.7449,35.81411],[-120.74501,35.81518],[-120.74504,35.81537],[-120.74606,35.81762],[-120.7467,35.81872],[-120.74433,35.81929],[-120.74312,35.81969],[-120.74309,35.81962],[-120.74299,35.8194],[-120.74282,35.81901],[-120.74265,35.81866],[-120.74225,35.81778],[-120.74214,35.81754],[-120.74183,35.81687],[-120.74153,35.8159],[-120.74126,35.81475],[-120.74114,35.8142],[-120.74112,35.81341],[-120.74103,35.81146],[-120.74101,35.8112],[-120.74093,35.81091],[-120.7404,35.80907]]]}},{"type":"Feature","properties":{"c":"commercial","n":"Imperial County Airport"},"geometry":{"type":"Polygon","coordinates":[[[-115.57013,32.83693],[-115.57007,32.83309],[-115.57006,32.82694],[-115.57017,32.82694],[-115.5716,32.82695],[-115.57287,32.82903],[-115.57431,32.82903],[-115.57431,32.83138],[-115.57836,32.83136],[-115.58632,32.83138],[-115.59445,32.83133],[-115.59438,32.83293],[-115.5865,32.83289],[-115.57839,32.8328],[-115.57864,32.84014],[-115.58093,32.84374],[-115.57872,32.84372],[-115.57869,32.84358],[-115.5786,32.84347],[-115.57848,32.84338],[-115.57839,32.84333],[-115.57823,32.84329],[-115.57742,32.84328],[-115.57747,32.84219],[-115.57673,32.84218],[-115.57674,32.84114],[-115.5762,32.84115],[-115.57619,32.84014],[-115.57012,32.84014],[-115.57013,32.83693]]]}},{"type":"Feature","properties":{"c":"general-aviation","n":"Billy Joe Airport"},"geometry":{"type":"Polygon","coordinates":[[[-117.07317,33.50502],[-117.07411,33.50428],[-117.07439,33.50453],[-117.07324,33.50544],[-117.07321,33.50546],[-117.07313,33.50552],[-117.07235,33.50614],[-117.07153,33.50678],[-117.07149,33.50675],[-117.0708,33.50738],[-117.07057,33.50751],[-117.07041,33.50764],[-117.07032,33.50771],[-117.06976,33.50817],[-117.06895,33.5089],[-117.06883,33.50901],[-117.06881,33.50902],[-117.06837,33.50933],[-117.06816,33.50913],[-117.0687,33.50868],[-117.06864,33.50857],[-117.06873,33.50852],[-117.0696,33.50779],[-117.06963,33.50776],[-117.06999,33.50746],[-117.07051,33.50706],[-117.07054,33.50703],[-117.07098,33.50669],[-117.07283,33.50521],[-117.07317,33.50502]]]}},{"type":"Feature","properties":{"c":"general-aviation","n":"Rough Acres Ranch Airport"},"geometry":{"type":"Polygon","coordinates":[[[-116.263,32.69855],[-116.26313,32.69817],[-116.26317,32.69805],[-116.26321,32.69707],[-116.26318,32.697],[-116.26304,32.69663],[-116.26726,32.69519],[-116.27062,32.69406],[-116.27135,32.69385],[-116.27216,32.69385],[-116.27289,32.69404],[-116.27346,32.69482],[-116.27359,32.69545],[-116.27344,32.69611],[-116.27309,32.69661],[-116.26877,32.69826],[-116.26461,32.69985],[-116.2645,32.69998],[-116.26419,32.70035],[-116.26408,32.70048],[-116.2639,32.70007],[-116.26342,32.699],[-116.2633,32.69887],[-116.26324,32.69881],[-116.263,32.69855]]]}},{"type":"Feature","properties":{"c":"general-aviation","n":"Franklin Field"},"geometry":{"type":"Polygon","coordinates":[[[-121.42656,38.31032],[-121.42728,38.30901],[-121.42769,38.30887],[-121.42867,38.30494],[-121.42579,38.30438],[-121.42562,38.30397],[-121.42008,38.30403],[-121.42006,38.30048],[-121.42313,38.30047],[-121.42306,38.30003],[-121.42347,38.29979],[-121.42381,38.29971],[-121.42424,38.29972],[-121.42458,38.29978],[-121.43028,38.301],[-121.43233,38.30141],[-121.43252,38.30145],[-121.43319,38.30159],[-121.43762,38.30248],[-121.43784,38.30253],[-121.43813,38.30259],[-121.4381,38.30319],[-121.43766,38.30404],[-121.4337,38.30748],[-121.43359,38.30757],[-121.42824,38.31221],[-121.42809,38.31234],[-121.42688,38.31221],[-121.42656,38.31032]]]}},{"type":"Feature","properties":{"c":"military","n":"Naval Air Station Point Mugu"},"geometry":{"type":"Polygon","coordinates":[[[-119.08206,34.11231],[-119.08129,34.1113],[-119.08041,34.11024],[-119.08012,34.10977],[-119.07998,34.10941],[-119.07977,34.10868],[-119.07951,34.10783],[-119.07942,34.10733],[-119.07942,34.10697],[-119.07953,34.10646],[-119.08105,34.10259],[-119.08117,34.10231],[-119.08126,34.1018],[-119.08124,34.10141],[-119.08116,34.10083],[-119.08107,34.10044],[-119.08096,34.10022],[-119.08049,34.0997],[-119.07938,34.09903],[-119.07353,34.09583],[-119.06777,34.09278],[-119.06729,34.0924],[-119.06684,34.09204],[-119.06657,34.09178],[-119.06509,34.09003],[-119.06641,34.0887],[-119.06888,34.08986],[-119.07483,34.09271],[-119.08497,34.09787],[-119.08695,34.09851],[-119.08914,34.09821],[-119.09211,34.09827],[-119.09447,34.09878],[-119.09669,34.09899],[-119.09787,34.09933],[-119.09941,34.09908],[-119.10059,34.09861],[-119.10212,34.09773],[-119.10514,34.09578],[-119.1067,34.09519],[-119.11019,34.09486],[-119.11306,34.0952],[-119.11665,34.09604],[-119.11949,34.09675],[-119.12235,34.09759],[-119.12511,34.09845],[-119.12817,34.09955],[-119.13073,34.10072],[-119.13355,34.10225],[-119.13803,34.10484],[-119.14307,34.10743],[-119.14483,34.10872],[-119.14655,34.11004],[-119.14826,34.1113],[-119.15028,34.11271],[-119.15203,34.11386],[-119.15403,34.11506],[-119.15568,34.11604],[-119.15719,34.11701],[-119.15854,34.11789],[-119.16021,34.11898],[-119.1579,34.12135],[-119.15491,34.12415],[-119.15208,34.12239],[-119.14085,34.11542],[-119.13905,34.1143],[-119.13127,34.11437],[-119.12669,34.11834],[-119.12679,34.12511],[-119.11916,34.12505],[-119.11916,34.12514],[-119.11899,34.12515],[-119.11658,34.12735],[-119.11403,34.12949],[-119.11392,34.13315],[-119.10987,34.13321],[-119.10731,34.13588],[-119.10533,34.13794],[-119.10531,34.1394],[-119.10369,34.13941],[-119.10324,34.13888],[-119.09995,34.1346],[-119.09986,34.13447],[-119.0998,34.13428],[-119.09978,34.1341],[-119.09982,34.1339],[-119.09991,34.13373],[-119.10001,34.13361],[-119.10014,34.13351],[-119.10095,34.13307],[-119.10043,34.13244],[-119.10037,34.13241],[-119.1003,34.13241],[-119.09878,34.13325],[-119.09265,34.1256],[-119.09062,34.12303],[-119.09028,34.12253],[-119.08982,34.12196],[-119.08941,34.12153],[-119.08922,34.12127],[-119.08841,34.12032],[-119.08669,34.11767],[-119.08656,34.11706],[-119.08665,34.11665],[-119.08688,34.11629],[-119.0872,34.116],[-119.08765,34.11574],[-119.08744,34.1155],[-119.08719,34.11563],[-119.08692,34.11574],[-119.08656,34.11583],[-119.08619,34.11585],[-119.0858,34.11583],[-119.08538,34.11572],[-119.08502,34.11556],[-119.08474,34.11537],[-119.08424,34.11488],[-119.08344,34.11401],[-119.08253,34.11291],[-119.08206,34.11231]]]}},{"type":"Feature","properties":{"c":"military","n":"Edwards Air Force Base"},"geometry":{"type":"MultiPolygon","coordinates":[[[[-118.10256,34.85382],[-118.09972,34.8565],[-118.07835,34.84198],[-118.06597,34.85665],[-118.06312,34.85523],[-118.07547,34.84035],[-118.04269,34.81749],[-118.04503,34.81544],[-118.07788,34.83748],[-118.10426,34.80659],[-118.10651,34.80769],[-118.08076,34.83911],[-118.10256,34.85382]]],[[[-117.87454,34.93458],[-117.86946,34.93308],[-117.86463,34.94503],[-117.85741,34.91964],[-117.85658,34.91867],[-117.85663,34.91831],[-117.85686,34.91799],[-117.85236,34.90077],[-117.852,34.90062],[-117.85181,34.90001],[-117.85197,34.8997],[-117.85123,34.8967],[-117.85046,34.89328],[-117.85041,34.88913],[-117.86056,34.84563],[-117.89871,34.84148],[-117.89842,34.83958],[-117.89752,34.83939],[-117.89169,34.83971],[-117.86255,34.82975],[-117.8635,34.82563],[-117.86248,34.8249],[-117.85904,34.82443],[-117.85552,34.82554],[-117.85353,34.82738],[-117.85233,34.83004],[-117.85475,34.83095],[-117.85229,34.84306],[-117.82037,34.84595],[-117.8207,34.84904],[-117.85181,34.84634],[-117.84105,34.90052],[-117.81828,34.90496],[-117.81914,34.90788],[-117.84041,34.90402],[-117.83494,34.92785],[-117.8273,34.93182],[-117.83197,34.93722],[-117.84002,34.93816],[-117.84101,34.93353],[-117.84436,34.93487],[-117.86073,34.94751],[-117.81498,34.96538],[-117.81715,34.9693],[-117.86179,34.95194],[-117.84397,34.99428],[-117.84858,34.99553],[-117.85626,34.97903],[-117.87042,34.97695],[-117.87237,34.97641],[-117.86667,34.95437],[-117.87315,34.94646],[-117.88487,34.94164],[-117.88415,34.94052],[-117.88376,34.94057],[-117.88356,34.94049],[-117.88341,34.94031],[-117.88342,34.94009],[-117.87078,34.94489],[-117.87313,34.93899],[-117.87888,34.93556],[-117.87813,34.93571],[-117.87768,34.93528],[-117.87796,34.93494],[-117.87704,34.93539],[-117.87454,34.93458]]],[[[-117.88648,34.92488],[-117.88666,34.92479],[-117.88676,34.92493],[-117.88736,34.92463],[-117.88746,34.92477],[-117.88822,34.92465],[-117.88836,34.92469],[-117.88896,34.9241],[-117.88896,34.92397],[-117.88854,34.92344],[-117.88913,34.92316],[-117.88914,34.92314],[-117.88875,34.9226],[-117.88847,34.92254],[-117.88722,34.92084],[-117.88763,34.92064],[-117.88781,34.92088],[-117.889,34.92026],[-117.8895,34.92],[-117.8899,34.91999],[-117.89021,34.91984],[-117.89044,34.92015],[-117.89054,34.9201],[-117.89057,34.92009],[-117.8915,34.92127],[-117.89195,34.92136],[-117.89277,34.92094],[-117.89282,34.92095],[-117.89331,34.92069],[-117.89334,34.92062],[-117.89405,34.92029],[-117.89401,34.92022],[-117.89421,34.92012],[-117.8953,34.91954],[-117.89512,34.91931],[-117.89724,34.91822],[-117.89681,34.91766],[-117.89691,34.9176],[-117.8969,34.91757],[-117.89701,34.91751],[-117.89687,34.9173],[-117.89689,34.9172],[-117.89726,34.91702],[-117.89762,34.91712],[-117.89778,34.9171],[-117.89807,34.91749],[-117.8985,34.91728],[-117.89845,34.91721],[-117.90135,34.91574],[-117.90148,34.91567],[-117.90082,34.91477],[-117.90089,34.91473],[-117.90035,34.91401],[-117.90048,34.91394],[-117.90052,34.914],[-117.90128,34.91375],[-117.9015,34.91365],[-117.90149,34.91362],[-117.90163,34.91356],[-117.90152,34.91342],[-117.90193,34.91322],[-117.90203,34.91335],[-117.90256,34.91332],[-117.90272,34.91326],[-117.90264,34.91313],[-117.90277,34.91307],[-117.90263,34.91287],[-117.90636,34.91093],[-117.90673,34.91094],[-117.91001,34.9093],[-117.91119,34.90952],[-117.91216,34.90904],[-117.91172,34.90848],[-117.91183,34.90811],[-117.91177,34.90809],[-117.91183,34.90789],[-117.91198,34.90781],[-117.91184,34.9077],[-117.91165,34.90753],[-117.91167,34.90746],[-117.91171,34.90741],[-117.91176,34.90725],[-117.91127,34.90715],[-117.91163,34.90584],[-117.91227,34.90596],[-117.91617,34.90308],[-117.91627,34.88123],[-117.89707,34.8815],[-117.89586,34.88221],[-117.88262,34.8897],[-117.88209,34.89011],[-117.88151,34.88958],[-117.88156,34.88945],[-117.88315,34.88826],[-117.87206,34.87838],[-117.86802,34.88142],[-117.86503,34.88374],[-117.86509,34.8848],[-117.87401,34.8924],[-117.87504,34.89449],[-117.86344,34.89654],[-117.86157,34.8965],[-117.85766,34.89836],[-117.85553,34.89881],[-117.855,34.89911],[-117.85197,34.8997],[-117.85181,34.9],[-117.852,34.90062],[-117.85236,34.90076],[-117.85533,34.90023],[-117.85564,34.90125],[-117.85589,34.90132],[-117.85618,34.90134],[-117.86021,34.90105],[-117.86043,34.90253],[-117.86113,34.90236],[-117.86194,34.90288],[-117.86186,34.90316],[-117.86256,34.90549],[-117.86225,34.90593],[-117.86317,34.90662],[-117.86323,34.90788],[-117.86318,34.908],[-117.86273,34.90856],[-117.86198,34.90967],[-117.86203,34.91534],[-117.85686,34.918],[-117.85663,34.91831],[-117.85658,34.91867],[-117.85741,34.91964],[-117.85776,34.91967],[-117.85822,34.9196],[-117.86266,34.9173],[-117.8639,34.91878],[-117.86712,34.91957],[-117.86825,34.92039],[-117.8673,34.92088],[-117.86719,34.92099],[-117.86714,34.9211],[-117.86773,34.92201],[-117.86843,34.9223],[-117.87223,34.92035],[-117.88089,34.92225],[-117.88085,34.92498],[-117.88152,34.92554],[-117.87949,34.92677],[-117.87986,34.9273],[-117.88096,34.92764],[-117.88216,34.92913],[-117.884,34.92881],[-117.88459,34.93157],[-117.88151,34.93315],[-117.87797,34.93495],[-117.87769,34.93528],[-117.87813,34.9357],[-117.87888,34.93556],[-117.8809,34.93454],[-117.8811,34.93486],[-117.881,34.93524],[-117.88114,34.93544],[-117.88169,34.93558],[-117.88205,34.93559],[-117.88267,34.93535],[-117.88433,34.93455],[-117.8851,34.93765],[-117.8853,34.93888],[-117.88513,34.93897],[-117.88482,34.93922],[-117.88471,34.93937],[-117.88342,34.94009],[-117.88341,34.94031],[-117.88356,34.94049],[-117.88376,34.94057],[-117.88415,34.94052],[-117.88493,34.94019],[-117.88512,34.94087],[-117.88511,34.94274],[-117.88505,34.94274],[-117.88507,34.94317],[-117.88514,34.94317],[-117.88515,34.94323],[-117.88572,34.94323],[-117.88628,34.94325],[-117.88627,34.94668],[-117.88744,34.94671],[-117.88746,34.94611],[-117.8878,34.94611],[-117.88862,34.94615],[-117.8887,34.94594],[-117.88898,34.9455],[-117.889,34.94547],[-117.889,34.9452],[-117.88924,34.94519],[-117.88996,34.94448],[-117.88993,34.94426],[-117.88981,34.94418],[-117.89032,34.94366],[-117.88981,34.94293],[-117.89142,34.94213],[-117.89138,34.94207],[-117.89154,34.94199],[-117.89155,34.94201],[-117.89165,34.94195],[-117.89169,34.94201],[-117.89171,34.942],[-117.89175,34.94206],[-117.89256,34.94138],[-117.89312,34.94056],[-117.89291,34.94037],[-117.89269,34.94016],[-117.89245,34.93983],[-117.89234,34.93964],[-117.89222,34.93936],[-117.89216,34.93909],[-117.89195,34.93807],[-117.89169,34.93811],[-117.89124,34.9383],[-117.88944,34.9357],[-117.89012,34.93535],[-117.88976,34.93487],[-117.88981,34.93479],[-117.89117,34.93406],[-117.89086,34.9325],[-117.89084,34.93249],[-117.89041,34.93271],[-117.88909,34.93338],[-117.88827,34.93229],[-117.89034,34.93124],[-117.89007,34.92992],[-117.89004,34.9299],[-117.89,34.9299],[-117.8871,34.93134],[-117.88687,34.93103],[-117.88672,34.9311],[-117.88629,34.93042],[-117.88842,34.92936],[-117.88861,34.92961],[-117.88936,34.92921],[-117.88957,34.92915],[-117.88949,34.92878],[-117.88929,34.92787],[-117.8889,34.92796],[-117.88873,34.92791],[-117.88833,34.92737],[-117.88828,34.92737],[-117.88809,34.92711],[-117.88824,34.92703],[-117.8882,34.92686],[-117.8889,34.92672],[-117.88826,34.92587],[-117.88865,34.92567],[-117.88855,34.92538],[-117.88729,34.92535],[-117.88702,34.92548],[-117.88694,34.92551],[-117.88648,34.92488]]]]}},{"type":"Feature","properties":{"c":"commercial","n":"Santa Barbara Municipal Airport"},"geometry":{"type":"Polygon","coordinates":[[[-119.82998,34.4266],[-119.83003,34.42661],[-119.83009,34.42665],[-119.8302,34.42678],[-119.83044,34.4272],[-119.83048,34.42726],[-119.8305,34.42733],[-119.83054,34.42745],[-119.83056,34.42758],[-119.83057,34.4277],[-119.83058,34.42781],[-119.83059,34.42932],[-119.82932,34.42932],[-119.8293,34.42683],[-119.82964,34.42681],[-119.82963,34.42661],[-119.82998,34.4266]]]}}]}