{"type":"FeatureCollection","features":[{"type":"Feature","properties":{"c":"zone"},"geometry":{"type":"Polygon","coordinates":[[[-116.37255,32.96597],[-116.36815,32.95969],[-116.3565,32.95007],[-116.35819,32.94851],[-116.37586,32.9619],[-116.37586,32.96839],[-116.37255,32.96597]]]}},{"type":"Feature","properties":{"c":"zone"},"geometry":{"type":"Polygon","coordinates":[[[-116.30143,32.95923],[-116.30213,32.95607],[-116.30006,32.95087],[-116.30241,32.95024],[-116.3045,32.95595],[-116.30371,32.95955],[-116.30143,32.95923]]]}},{"type":"Feature","properties":{"c":"zone"},"geometry":{"type":"Polygon","coordinates":[[[-116.29535,32.9498],[-116.27855,32.94569],[-116.26269,32.93596],[-116.26415,32.9343],[-116.26943,32.93489],[-116.25086,32.91991],[-116.25086,32.91395],[-116.27242,32.93272],[-116.2738,32.93941],[-116.29539,32.94721],[-116.29535,32.9498]]]}},{"type":"Feature","properties":{"c":"zone"},"geometry":{"type":"Polygon","coordinates":[[[-115.48398,32.94963],[-115.48146,32.94887],[-115.48265,32.94507],[-115.4818,32.92664],[-115.4786,32.92381],[-115.47715,32.91569],[-115.48193,32.90198],[-115.47969,32.9005],[-115.47783,32.88278],[-115.47383,32.89977],[-115.47092,32.90478],[-115.47058,32.91285],[-115.46748,32.91283],[-115.46765,32.90393],[-115.4706,32.89888],[-115.47006,32.89614],[-115.47634,32.87507],[-115.47958,32.87506],[-115.48382,32.8891],[-115.48527,32.90489],[-115.48037,32.91575],[-115.48146,32.92063],[-115.48489,32.92382],[-115.48589,32.94185],[-115.48398,32.94963]]]}},{"type":"Feature","properties":{"c":"zone"},"geometry":{"type":"Polygon","coordinates":[[[-117.48394,33.75003],[-117.47106,33.74151],[-117.47211,33.73953],[-117.47821,33.74121],[-117.49158,33.75002],[-117.48394,33.75003]]]}},{"type":"Feature","properties":{"c":"zone"},"geometry":{"type":"Polygon","coordinates":[[[-117.47378,33.75003],[-117.46868,33.75003],[-117.46235,33.74232],[-117.45102,33.73334],[-117.43692,33.72564],[-117.43186,33.72103],[-117.4054,33.7078],[-117.40228,33.70319],[-117.39572,33.69851],[-117.39756,33.69657],[-117.40737,33.70243],[-117.41383,33.70865],[-117.43086,33.71635],[-117.43921,33.72308],[-117.45562,33.73277],[-117.46749,33.7423],[-117.47378,33.75003]]]}},{"type":"Feature","properties":{"c":"zone"},"geometry":{"type":"Polygon","coordinates":[[[-120.45171,36.24167],[-120.44938,36.24123],[-120.45134,36.23293],[-120.45067,36.22245],[-120.45377,36.21648],[-120.45081,36.21283],[-120.45392,36.2135],[-120.44987,36.20267],[-120.44992,36.1969],[-120.45194,36.19675],[-120.45236,36.2012],[-120.45585,36.21214],[-120.45679,36.22914],[-120.45429,36.23245],[-120.45171,36.24167]]]}},{"type":"Feature","properties":{"c":"zone"},"geometry":{"type":"Polygon","coordinates":[[[-121.73169,37.74994],[-121.72241,37.74995],[-121.71391,37.73767],[-121.69672,37.72202],[-121.69105,37.71963],[-121.6745,37.70276],[-121.6693,37.6935],[-121.6617,37.68621],[-121.64745,37.66745],[-121.64788,37.66211],[-121.63431,37.64294],[-121.62607,37.63339],[-121.62606,37.6282],[-121.63956,37.64138],[-121.66736,37.68699],[-121.67523,37.69449],[-121.6842,37.69798],[-121.69909,37.71033],[-121.70247,37.71589],[-121.71054,37.72098],[-121.71797,37.72805],[-121.72173,37.73009],[-121.7241,37.73324],[-121.72381,37.73954],[-121.73169,37.74994]]]}},{"type":"Feature","properties":{"c":"zone"},"geometry":{"type":"Polygon","coordinates":[[[-121.69515,37.68099],[-121.69376,37.67916],[-121.69548,37.67816],[-121.69725,37.67531],[-121.70993,37.66972],[-121.71299,37.66607],[-121.73305,37.65981],[-121.73787,37.66162],[-121.7288,37.66695],[-121.71466,37.67078],[-121.70671,37.67379],[-121.69893,37.67802],[-121.69748,37.67978],[-121.69515,37.68099]]]}},{"type":"Feature","properties":{"c":"zone"},"geometry":{"type":"Polygon","coordinates":[[[-121.6967,37.67133],[-121.68672,37.67182],[-121.68641,37.66966],[-121.70291,37.66774],[-121.70971,37.66508],[-121.71744,37.66011],[-121.7188,37.66165],[-121.71299,37.66607],[-121.70576,37.66962],[-121.6967,37.67133]]]}},{"type":"Feature","properties":{"c":"zone"},"geometry":{"type":"Polygon","coordinates":[[[-123.37613,38.66205],[-123.3553,38.63871],[-123.34064,38.62493],[-123.34642,38.62493],[-123.37613,38.65064],[-123.37613,38.66205]]]}},{"type":"Feature","properties":{"c":"zone"},"geometry":{"type":"Polygon","coordinates":[[[-116.74038,33.62504],[-116.71974,33.62505],[-116.71152,33.62389],[-116.67993,33.59933],[-116.65226,33.59139],[-116.65228,33.58983],[-116.66484,33.58983],[-116.65338,33.58229],[-116.62584,33.5721],[-116.62585,33.55673],[-116.66479,33.58434],[-116.68408,33.59569],[-116.69165,33.59322],[-116.73307,33.60567],[-116.73108,33.6097],[-116.69202,33.59699],[-116.74038,33.62504]]]}},{"type":"Feature","properties":{"c":"zone"},"geometry":{"type":"Polygon","coordinates":[[[-116.64661,33.62504],[-116.64198,33.62504],[-116.62586,33.60274],[-116.62586,33.59381],[-116.64661,33.62504]]]}},{"type":"Feature","properties":{"c":"zone"},"geometry":{"type":"Polygon","coordinates":[[[-119.25096,34.87498],[-119.25096,34.8672],[-119.2628,34.871],[-119.26859,34.87499],[-119.25096,34.87498]]]}},{"type":"Feature","properties":{"c":"zone"},"geometry":{"type":"Polygon","coordinates":[[[-117.12589,34.61635],[-117.12589,34.61185],[-117.12733,34.61311],[-117.12851,34.61474],[-117.13287,34.61803],[-117.14352,34.6239],[-117.14357,34.62499],[-117.1388,34.625],[-117.1354,34.62254],[-117.13207,34.62092],[-117.12753,34.61785],[-117.12589,34.61635]]]}},{"type":"Feature","properties":{"c":"zone"},"geometry":{"type":"Polygon","coordinates":[[[-117.19136,34.42474],[-117.18786,34.42442],[-117.18859,34.4199],[-117.1819,34.42078],[-117.18126,34.4183],[-117.18653,34.4174],[-117.19048,34.41371],[-117.18986,34.4114],[-117.19348,34.40782],[-117.19673,34.40632],[-117.20022,34.40606],[-117.20506,34.39838],[-117.20325,34.39648],[-117.20308,34.39296],[-117.20202,34.38958],[-117.20216,34.38683],[-117.20611,34.38545],[-117.20644,34.37502],[-117.21019,34.37502],[-117.21024,34.38795],[-117.20818,34.39115],[-117.20861,34.39949],[-117.2028,34.40799],[-117.19629,34.40955],[-117.19635,34.4128],[-117.19207,34.41799],[-117.19136,34.42474]]]}},{"type":"Feature","properties":{"c":"zone"},"geometry":{"type":"Polygon","coordinates":[[[-124.09292,40.87857],[-124.09026,40.87937],[-124.08753,40.87487],[-124.09128,40.87487],[-124.09292,40.87857]]]}},{"type":"Feature","properties":{"c":"zone"},"geometry":{"type":"Polygon","coordinates":[[[-124.12589,40.97075],[-124.12547,40.97287],[-124.11438,40.97191],[-124.12332,40.97922],[-124.1224,40.98299],[-124.10553,40.96866],[-124.09268,40.9634],[-124.0739,40.94148],[-124.06431,40.92429],[-124.06022,40.92105],[-124.05262,40.90831],[-124.05503,40.90737],[-124.06804,40.92331],[-124.08508,40.94937],[-124.09498,40.96066],[-124.10389,40.96385],[-124.10938,40.96756],[-124.11871,40.97016],[-124.12589,40.97075]]]}},{"type":"Feature","properties":{"c":"zone"},"geometry":{"type":"Polygon","coordinates":[[[-124.12169,40.96331],[-124.11865,40.95091],[-124.11466,40.94176],[-124.10986,40.9364],[-124.10454,40.93425],[-124.10459,40.93019],[-124.1017,40.92707],[-124.09311,40.92185],[-124.06897,40.9131],[-124.07076,40.9107],[-124.09382,40.91922],[-124.10254,40.92422],[-124.11491,40.93432],[-124.12037,40.94612],[-124.12293,40.96049],[-124.12169,40.96331]]]}},{"type":"Feature","properties":{"c":"zone"},"geometry":{"type":"Polygon","coordinates":[[[-124.02354,40.88373],[-124.0208,40.88467],[-124.01314,40.87486],[-124.01657,40.87486],[-124.02065,40.87864],[-124.02354,40.88373]]]}},{"type":"Feature","properties":{"c":"zone"},"geometry":{"type":"Polygon","coordinates":[[[-124.08753,40.87487],[-124.07985,40.86928],[-124.06675,40.86511],[-124.0672,40.86354],[-124.07327,40.86292],[-124.07994,40.86598],[-124.089,40.87212],[-124.09128,40.87487],[-124.08753,40.87487]]]}},{"type":"Feature","properties":{"c":"zone"},"geometry":{"type":"Polygon","coordinates":[[[-124.01657,40.87486],[-124.01314,40.87486],[-124.00781,40.86795],[-124.00118,40.86074],[-124.00118,40.85764],[-124.01113,40.86675],[-124.01657,40.87486]]]}},{"type":"Feature","properties":{"c":"zone"},"geometry":{"type":"Polygon","coordinates":[[[-123.21417,38.49993],[-123.2085,38.49518],[-123.21213,38.49248],[-123.22129,38.49993],[-123.21417,38.49993]]]}},{"type":"Feature","properties":{"c":"zone"},"geometry":{"type":"Polygon","coordinates":[[[-116.24811,32.91507],[-116.25086,32.91395],[-116.25086,32.91991],[-116.24811,32.91507]]]}},{"type":"Feature","properties":{"c":"zone"},"geometry":{"type":"Polygon","coordinates":[[[-116.24365,32.90212],[-116.22819,32.88918],[-116.22007,32.87507],[-116.22399,32.87507],[-116.23333,32.88874],[-116.24635,32.89979],[-116.2498,32.90154],[-116.24945,32.90286],[-116.24365,32.90212]]]}},{"type":"Feature","properties":{"c":"zone"},"geometry":{"type":"Polygon","coordinates":[[[-118.75094,35.20788],[-118.75094,35.19837],[-118.77796,35.17821],[-118.78825,35.16567],[-118.81309,35.14398],[-118.81884,35.13994],[-118.83389,35.13287],[-118.83998,35.12496],[-118.8462,35.12495],[-118.83684,35.13616],[-118.81461,35.14869],[-118.79825,35.16365],[-118.76681,35.19604],[-118.76008,35.20205],[-118.75094,35.20788]]]}},{"type":"Feature","properties":{"c":"zone"},"geometry":{"type":"Polygon","coordinates":[[[-118.78651,35.13796],[-118.79483,35.13308],[-118.79872,35.13582],[-118.79246,35.14047],[-118.78651,35.13796]]]}},{"type":"Feature","properties":{"c":"zone"},"geometry":{"type":"Polygon","coordinates":[[[-118.80123,35.14359],[-118.79976,35.14133],[-118.8139,35.13423],[-118.81489,35.13821],[-118.80123,35.14359]]]}},{"type":"Feature","properties":{"c":"zone"},"geometry":{"type":"Polygon","coordinates":[[[-122.95029,38.80848],[-122.94638,38.81094],[-122.94044,38.80459],[-122.93834,38.80104],[-122.92247,38.78577],[-122.90439,38.76752],[-122.88892,38.754],[-122.88615,38.75373],[-122.88102,38.74992],[-122.88885,38.74992],[-122.89838,38.75728],[-122.91773,38.77431],[-122.93456,38.79096],[-122.95029,38.80848]]]}},{"type":"Feature","properties":{"c":"zone"},"geometry":{"type":"Polygon","coordinates":[[[-122.88832,38.76673],[-122.88157,38.76085],[-122.87728,38.7549],[-122.87612,38.75164],[-122.87612,38.74991],[-122.87854,38.74991],[-122.88298,38.75871],[-122.89055,38.76529],[-122.88832,38.76673]]]}},{"type":"Feature","properties":{"c":"zone"},"geometry":{"type":"Polygon","coordinates":[[[-116.41457,35.59012],[-116.40478,35.58911],[-116.39724,35.58887],[-116.39708,35.58485],[-116.42111,35.58458],[-116.44296,35.58292],[-116.45365,35.58069],[-116.45558,35.5776],[-116.47072,35.57632],[-116.50087,35.58012],[-116.50088,35.59078],[-116.48646,35.58584],[-116.46967,35.58527],[-116.44709,35.58611],[-116.43483,35.58885],[-116.41457,35.59012]]]}},{"type":"Feature","properties":{"c":"zone"},"geometry":{"type":"Polygon","coordinates":[[[-116.43759,35.58119],[-116.43631,35.57851],[-116.44355,35.5763],[-116.44458,35.57898],[-116.43759,35.58119]]]}},{"type":"Feature","properties":{"c":"zone"},"geometry":{"type":"Polygon","coordinates":[[[-118.00091,34.18118],[-117.9993,34.1802],[-117.9982,34.18042],[-117.99761,34.18143],[-117.98849,34.18679],[-117.98155,34.18778],[-117.97777,34.18756],[-117.97446,34.18807],[-117.97354,34.1898],[-117.96963,34.19046],[-117.96516,34.19469],[-117.9552,34.20083],[-117.94889,34.20208],[-117.94524,34.20654],[-117.94145,34.21429],[-117.93849,34.21351],[-117.94163,34.20651],[-117.94615,34.20002],[-117.95388,34.19832],[-117.96299,34.19254],[-117.96767,34.18806],[-117.97079,34.18698],[-117.97326,34.18432],[-117.98737,34.18353],[-117.99017,34.18093],[-117.99394,34.17952],[-117.99542,34.17708],[-117.99986,34.17689],[-118.00088,34.17722],[-118.00091,34.18118]]]}},{"type":"Feature","properties":{"c":"zone"},"geometry":{"type":"Polygon","coordinates":[[[-117.94237,34.14781],[-117.94039,34.14752],[-117.93278,34.14439],[-117.92967,34.14243],[-117.9221,34.14055],[-117.92276,34.13803],[-117.94368,34.14068],[-117.94373,34.14351],[-117.93471,34.14233],[-117.93566,34.14309],[-117.94119,34.14541],[-117.94288,34.14577],[-117.94237,34.14781]]]}},{"type":"Feature","properties":{"c":"zone"},"geometry":{"type":"Polygon","coordinates":[[[-117.88054,34.13986],[-117.87945,34.139],[-117.88044,34.13719],[-117.88297,34.13761],[-117.88741,34.13393],[-117.89432,34.13101],[-117.90049,34.12903],[-117.90627,34.12851],[-117.90625,34.13165],[-117.90245,34.13195],[-117.89618,34.13374],[-117.8901,34.13626],[-117.8871,34.13822],[-117.88934,34.13868],[-117.89972,34.13812],[-117.89985,34.14097],[-117.89652,34.14113],[-117.89386,34.14173],[-117.88875,34.14152],[-117.88502,34.14053],[-117.88054,34.13986]]]}},{"type":"Feature","properties":{"c":"zone"},"geometry":{"type":"Polygon","coordinates":[[[-118.00091,34.16508],[-117.99697,34.16559],[-117.99297,34.16501],[-117.98853,34.16349],[-117.98294,34.1627],[-117.98126,34.16105],[-117.97474,34.15812],[-117.97259,34.15773],[-117.95955,34.1532],[-117.95258,34.15185],[-117.94241,34.15253],[-117.93364,34.15607],[-117.93036,34.15532],[-117.92598,34.15814],[-117.92252,34.15863],[-117.91775,34.15787],[-117.90748,34.15355],[-117.90379,34.15297],[-117.90145,34.15205],[-117.89844,34.15157],[-117.89642,34.15213],[-117.89001,34.14982],[-117.87786,34.15061],[-117.8759,34.15003],[-117.8759,34.14638],[-117.88133,34.14632],[-117.8835,34.1469],[-117.88792,34.14688],[-117.88881,34.14645],[-117.8933,34.14646],[-117.89664,34.14757],[-117.90317,34.14868],[-117.91008,34.1509],[-117.91649,34.15357],[-117.9226,34.15496],[-117.92516,34.15436],[-117.92911,34.15185],[-117.93378,34.1521],[-117.94128,34.14892],[-117.94787,34.14899],[-117.95622,34.14438],[-117.96175,34.14335],[-117.97095,34.14446],[-117.98367,34.14847],[-117.98468,34.1495],[-117.9855,34.15143],[-117.99235,34.15562],[-117.99567,34.15588],[-117.999,34.1585],[-117.99762,34.16056],[-117.99132,34.15935],[-117.98951,34.15833],[-117.98902,34.15923],[-117.99266,34.16214],[-117.99511,34.161],[-118.00088,34.1608],[-118.00091,34.16508]],[[-117.98272,34.15802],[-117.98135,34.15656],[-117.9794,34.15598],[-117.97752,34.15433],[-117.97012,34.15153],[-117.96824,34.1499],[-117.96181,34.14975],[-117.95553,34.14824],[-117.95405,34.14935],[-117.95906,34.15022],[-117.96807,34.15287],[-117.97477,34.15425],[-117.97853,34.15675],[-117.98272,34.15802]]]}},{"type":"Feature","properties":{"c":"zone"},"geometry":{"type":"Polygon","coordinates":[[[-116.86061,36.15737],[-116.85861,36.15773],[-116.85666,36.15171],[-116.85651,36.14837],[-116.85713,36.14461],[-116.85688,36.14104],[-116.85881,36.14069],[-116.86053,36.1462],[-116.8611,36.15132],[-116.85908,36.15131],[-116.86061,36.15737]]]}},{"type":"Feature","properties":{"c":"zone"},"geometry":{"type":"Polygon","coordinates":[[[-116.77491,36.24997],[-116.77032,36.24997],[-116.76442,36.24483],[-116.76198,36.23293],[-116.7645,36.22968],[-116.76948,36.22536],[-116.77082,36.22181],[-116.76948,36.21349],[-116.76693,36.21136],[-116.76571,36.19762],[-116.75959,36.18839],[-116.75934,36.18262],[-116.76177,36.17728],[-116.76113,36.1683],[-116.76472,36.16148],[-116.76486,36.15247],[-116.76079,36.14064],[-116.75539,36.13258],[-116.75089,36.12885],[-116.75089,36.12496],[-116.75848,36.13109],[-116.76367,36.13882],[-116.76851,36.15225],[-116.76903,36.16126],[-116.76495,36.16868],[-116.76554,36.17828],[-116.76264,36.18352],[-116.76346,36.18736],[-116.76619,36.19061],[-116.76773,36.19557],[-116.76864,36.1948],[-116.77061,36.196],[-116.76918,36.19754],[-116.77049,36.2102],[-116.77276,36.21206],[-116.77461,36.22103],[-116.77327,36.22687],[-116.76748,36.23136],[-116.76597,36.23395],[-116.76659,36.2407],[-116.76923,36.24323],[-116.77139,36.24335],[-116.77094,36.24595],[-116.77491,36.24997]]]}},{"type":"Feature","properties":{"c":"zone"},"geometry":{"type":"Polygon","coordinates":[[[-117.24479,36.12496],[-117.24162,36.12496],[-117.24008,36.12272],[-117.23968,36.12496],[-117.23698,36.12496],[-117.23651,36.12005],[-117.23246,36.11447],[-117.22715,36.11054],[-117.22439,36.10713],[-117.22694,36.10587],[-117.22964,36.10919],[-117.23501,36.11319],[-117.23958,36.11952],[-117.24206,36.12083],[-117.24479,36.12496]]]}},{"type":"Feature","properties":{"c":"zone"},"geometry":{"type":"Polygon","coordinates":[[[-117.2203,36.06664],[-117.2188,36.06633],[-117.22117,36.05974],[-117.22447,36.06319],[-117.2203,36.06664]]]}},{"type":"Feature","properties":{"c":"zone"},"geometry":{"type":"Polygon","coordinates":[[[-117.22682,36.04824],[-117.22497,36.0477],[-117.22819,36.04086],[-117.23002,36.04142],[-117.22682,36.04824]]]}},{"type":"Feature","properties":{"c":"zone"},"geometry":{"type":"Polygon","coordinates":[[[-117.20267,36.06435],[-117.19899,36.0614],[-117.20881,36.05276],[-117.21028,36.05393],[-117.20911,36.05879],[-117.20267,36.06435]]]}},{"type":"Feature","properties":{"c":"zone"},"geometry":{"type":"Polygon","coordinates":[[[-117.21554,36.12497],[-117.21176,36.12497],[-117.21028,36.11737],[-117.19979,36.10241],[-117.19837,36.09837],[-117.19847,36.08659],[-117.20013,36.08352],[-117.198,36.07064],[-117.18928,36.06392],[-117.20022,36.05337],[-117.20569,36.04589],[-117.21434,36.04432],[-117.22335,36.03824],[-117.21399,36.02655],[-117.21626,36.01561],[-117.216,36.00443],[-117.2138,35.99997],[-117.21978,35.99997],[-117.22085,36.01534],[-117.21797,36.02557],[-117.22864,36.03924],[-117.21933,36.04536],[-117.22153,36.04759],[-117.21562,36.05138],[-117.21022,36.04811],[-117.20795,36.04854],[-117.20424,36.05416],[-117.19414,36.06366],[-117.20122,36.06905],[-117.20732,36.06265],[-117.21222,36.0589],[-117.21658,36.05264],[-117.2227,36.0486],[-117.2245,36.05037],[-117.21868,36.0543],[-117.21619,36.05801],[-117.2194,36.0593],[-117.21813,36.06358],[-117.21571,36.06314],[-117.211,36.06798],[-117.20901,36.06677],[-117.20277,36.07333],[-117.20409,36.08135],[-117.20239,36.08794],[-117.20239,36.09893],[-117.20558,36.10004],[-117.20683,36.10231],[-117.20578,36.10489],[-117.20898,36.10891],[-117.20952,36.10346],[-117.21484,36.10379],[-117.21377,36.11474],[-117.21554,36.12497]]]}},{"type":"Feature","properties":{"c":"zone"},"geometry":{"type":"Polygon","coordinates":[[[-119.50097,34.99998],[-119.48351,34.99998],[-119.45555,34.98228],[-119.44521,34.97122],[-119.44081,34.96326],[-119.41715,34.94865],[-119.41058,34.95175],[-119.40693,34.94317],[-119.38944,34.93988],[-119.37596,34.92476],[-119.37596,34.9137],[-119.38207,34.91095],[-119.40905,34.92787],[-119.42024,34.91838],[-119.42557,34.92333],[-119.42462,34.93235],[-119.43769,34.9372],[-119.44473,34.94333],[-119.46567,34.94753],[-119.487,34.95494],[-119.50097,34.9621],[-119.50097,34.96568],[-119.47882,34.95833],[-119.47843,34.9623],[-119.50097,34.97358],[-119.50097,34.99239],[-119.48774,34.99042],[-119.50097,34.99998]]]}},{"type":"Feature","properties":{"c":"zone"},"geometry":{"type":"Polygon","coordinates":[[[-121.45845,39.49192],[-121.45526,39.49229],[-121.45572,39.46806],[-121.4554,39.4564],[-121.45832,39.44798],[-121.45464,39.44042],[-121.45461,39.43514],[-121.45052,39.43007],[-121.45242,39.42918],[-121.46036,39.43953],[-121.46435,39.44698],[-121.46443,39.45361],[-121.46293,39.46344],[-121.45921,39.46761],[-121.45845,39.49192]]]}},{"type":"Feature","properties":{"c":"zone"},"geometry":{"type":"Polygon","coordinates":[[[-117.12177,34.94175],[-117.10997,34.93188],[-117.10383,34.92816],[-117.08372,34.91339],[-117.06698,34.90733],[-117.06827,34.90497],[-117.08527,34.91093],[-117.114,34.93135],[-117.12448,34.94002],[-117.12177,34.94175]]]}},{"type":"Feature","properties":{"c":"zone"},"geometry":{"type":"Polygon","coordinates":[[[-117.07914,34.87131],[-117.07569,34.86699],[-117.07349,34.86276],[-117.06133,34.85275],[-117.05492,34.84613],[-117.05112,34.84139],[-117.02059,34.82073],[-117.01803,34.82098],[-117.01035,34.81964],[-117.00569,34.81822],[-117.00089,34.81554],[-117.00088,34.81243],[-117.00974,34.81679],[-117.01812,34.81818],[-117.02173,34.81797],[-117.05334,34.83933],[-117.05605,34.84203],[-117.05793,34.84484],[-117.06411,34.85122],[-117.07606,34.86093],[-117.07865,34.86571],[-117.08183,34.86983],[-117.07914,34.87131]]]}},{"type":"Feature","properties":{"c":"zone"},"geometry":{"type":"Polygon","coordinates":[[[-118.0555,36.49995],[-118.05145,36.49996],[-118.05279,36.49436],[-118.05553,36.49482],[-118.05472,36.49806],[-118.0555,36.49995]]]}},{"type":"Feature","properties":{"c":"zone"},"geometry":{"type":"Polygon","coordinates":[[[-118.04648,36.49995],[-118.03913,36.49995],[-118.03888,36.49681],[-118.04059,36.49333],[-118.04043,36.49074],[-118.04388,36.49071],[-118.04398,36.49346],[-118.04314,36.4962],[-118.04497,36.49632],[-118.04708,36.49845],[-118.04648,36.49995]]]}},{"type":"Feature","properties":{"c":"zone"},"geometry":{"type":"Polygon","coordinates":[[[-118.01038,36.45053],[-118.00774,36.45048],[-118.00727,36.43603],[-118.01003,36.43592],[-118.01038,36.45053]]]}},{"type":"Feature","properties":{"c":"zone"},"geometry":{"type":"Polygon","coordinates":[[[-118.0429,36.46872],[-118.03861,36.46959],[-118.03319,36.45018],[-118.03524,36.44726],[-118.03151,36.43685],[-118.03223,36.43267],[-118.03568,36.42763],[-118.03715,36.4222],[-118.04151,36.41584],[-118.04346,36.4163],[-118.04469,36.42391],[-118.04016,36.43345],[-118.03786,36.44323],[-118.04116,36.45384],[-118.04028,36.46083],[-118.0429,36.46872]]]}},{"type":"Feature","properties":{"c":"zone"},"geometry":{"type":"Polygon","coordinates":[[[-118.02701,36.49995],[-118.02309,36.49995],[-118.02254,36.49697],[-118.01221,36.48817],[-118.01188,36.47886],[-118.01954,36.47868],[-118.02266,36.48377],[-118.01864,36.48853],[-118.02573,36.49602],[-118.02701,36.49995]]]}},{"type":"Feature","properties":{"c":"zone"},"geometry":{"type":"Polygon","coordinates":[[[-118.029,36.44306],[-118.01852,36.44301],[-118.01886,36.44044],[-118.0166,36.43494],[-118.01081,36.43154],[-118.01127,36.42513],[-118.01436,36.42463],[-118.0125,36.41982],[-118.01286,36.4146],[-118.01389,36.41237],[-118.01926,36.41385],[-118.02221,36.41972],[-118.02051,36.42332],[-118.0226,36.43132],[-118.02556,36.43428],[-118.02616,36.43046],[-118.02927,36.43052],[-118.0301,36.43875],[-118.029,36.44306]]]}},{"type":"Feature","properties":{"c":"zone"},"geometry":{"type":"Polygon","coordinates":[[[-118.00785,36.42865],[-118.0056,36.42994],[-118.00093,36.42308],[-118.00093,36.41768],[-118.00785,36.42865]]]}},{"type":"Feature","properties":{"c":"zone"},"geometry":{"type":"Polygon","coordinates":[[[-118.02512,36.39879],[-118.02073,36.40259],[-118.01615,36.39504],[-118.01548,36.39127],[-118.01241,36.38439],[-118.01646,36.38183],[-118.01997,36.38315],[-118.02069,36.39128],[-118.02512,36.39879]]]}},{"type":"Feature","properties":{"c":"zone"},"geometry":{"type":"Polygon","coordinates":[[[-118.01839,36.37885],[-118.01643,36.3806],[-118.01302,36.38059],[-118.01231,36.37495],[-118.01896,36.37495],[-118.01839,36.37885]]]}},{"type":"Feature","properties":{"c":"zone"},"geometry":{"type":"Polygon","coordinates":[[[-118.00823,36.37593],[-118.00547,36.37597],[-118.00549,36.37494],[-118.00826,36.37495],[-118.00823,36.37593]]]}},{"type":"Feature","properties":{"c":"zone"},"geometry":{"type":"Polygon","coordinates":[[[-118.64331,35.24997],[-118.6273,35.24572],[-118.62906,35.24124],[-118.64948,35.24662],[-118.6636,35.23973],[-118.66774,35.22753],[-118.67106,35.22659],[-118.674,35.23142],[-118.68104,35.22813],[-118.67978,35.21967],[-118.68777,35.20949],[-118.69656,35.21426],[-118.70902,35.20977],[-118.70835,35.2051],[-118.71872,35.20062],[-118.73331,35.20844],[-118.73966,35.20658],[-118.75094,35.19837],[-118.75094,35.20788],[-118.73482,35.21406],[-118.72599,35.21065],[-118.7172,35.21308],[-118.7041,35.22151],[-118.69767,35.22931],[-118.69014,35.23604],[-118.67402,35.24022],[-118.67071,35.24055],[-118.67134,35.24824],[-118.66711,35.24998],[-118.64331,35.24997]]]}},{"type":"Feature","properties":{"c":"zone"},"geometry":{"type":"Polygon","coordinates":[[[-117.0009,36.62236],[-117.0009,36.62495],[-116.99876,36.62495],[-116.95046,36.59019],[-116.93331,36.57736],[-116.92894,36.57522],[-116.90229,36.55717],[-116.90439,36.55494],[-116.93187,36.57331],[-116.93595,36.57537],[-116.95626,36.59063],[-116.96475,36.5962],[-117.0009,36.62236]]]}},{"type":"Feature","properties":{"c":"zone"},"geometry":{"type":"Polygon","coordinates":[[[-116.89239,36.54975],[-116.89059,36.55064],[-116.88491,36.54562],[-116.88639,36.5446],[-116.89006,36.5473],[-116.89239,36.54975]]]}},{"type":"Feature","properties":{"c":"zone"},"geometry":{"type":"Polygon","coordinates":[[[-116.88295,36.54278],[-116.88008,36.54312],[-116.87875,36.53708],[-116.88563,36.53095],[-116.8861,36.52742],[-116.89114,36.51837],[-116.89001,36.51406],[-116.88952,36.51959],[-116.88704,36.51954],[-116.88659,36.51151],[-116.88875,36.51112],[-116.89298,36.51407],[-116.89395,36.51753],[-116.89367,36.51943],[-116.88869,36.53241],[-116.88195,36.53784],[-116.88295,36.54278]]]}},{"type":"Feature","properties":{"c":"zone"},"geometry":{"type":"Polygon","coordinates":[[[-116.8769,36.52131],[-116.8831,36.51955],[-116.88395,36.52263],[-116.88341,36.52694],[-116.88143,36.52758],[-116.87858,36.52596],[-116.8769,36.52131]]]}},{"type":"Feature","properties":{"c":"zone"},"geometry":{"type":"Polygon","coordinates":[[[-116.87963,36.51826],[-116.8777,36.51856],[-116.87697,36.51487],[-116.8759,36.51299],[-116.8759,36.51122],[-116.87697,36.51083],[-116.87877,36.51419],[-116.87963,36.51826]]]}},{"type":"Feature","properties":{"c":"zone"},"geometry":{"type":"Polygon","coordinates":[[[-116.93528,33.96879],[-116.9292,33.9661],[-116.93034,33.96387],[-116.93625,33.96619],[-116.94353,33.96705],[-116.94321,33.96966],[-116.93528,33.96879]]]}},{"type":"Feature","properties":{"c":"zone"},"geometry":{"type":"Polygon","coordinates":[[[-116.8883,33.94089],[-116.88255,33.94052],[-116.87586,33.9442],[-116.87586,33.94004],[-116.88155,33.93776],[-116.89435,33.93802],[-116.89719,33.93685],[-116.89831,33.93371],[-116.91018,33.93311],[-116.91384,33.93472],[-116.9125,33.9372],[-116.90935,33.93582],[-116.90087,33.93621],[-116.90002,33.93877],[-116.89519,33.9407],[-116.8883,33.94089]]]}},{"type":"Feature","properties":{"c":"zone"},"geometry":{"type":"Polygon","coordinates":[[[-118.12344,36.75669],[-118.12097,36.75634],[-118.12149,36.75316],[-118.12261,36.74994],[-118.12514,36.74994],[-118.12404,36.75333],[-118.12344,36.75669]]]}},{"type":"Feature","properties":{"c":"zone"},"geometry":{"type":"Polygon","coordinates":[[[-118.12594,36.77711],[-118.12016,36.76535],[-118.11706,36.75787],[-118.11245,36.74994],[-118.11635,36.74994],[-118.11846,36.75405],[-118.12056,36.75724],[-118.12594,36.76921],[-118.12594,36.77711]]]}},{"type":"Feature","properties":{"c":"zone"},"geometry":{"type":"Polygon","coordinates":[[[-118.63102,35.28],[-118.62662,35.2794],[-118.62908,35.26676],[-118.62593,35.26828],[-118.62593,35.26328],[-118.63333,35.25367],[-118.64331,35.24997],[-118.66711,35.24998],[-118.66544,35.26428],[-118.67198,35.27047],[-118.66888,35.27269],[-118.66436,35.26964],[-118.66165,35.27739],[-118.65681,35.27675],[-118.6584,35.27124],[-118.65578,35.25316],[-118.63928,35.26201],[-118.63329,35.26918],[-118.63102,35.28]]]}},{"type":"Feature","properties":{"c":"zone"},"geometry":{"type":"Polygon","coordinates":[[[-118.4765,37.87495],[-118.47211,37.87495],[-118.46208,37.86662],[-118.46404,37.86504],[-118.4765,37.87495]]]}},{"type":"Feature","properties":{"c":"zone"},"geometry":{"type":"Polygon","coordinates":[[[-118.41143,37.87495],[-118.40687,37.87495],[-118.4112,37.8706],[-118.41642,37.86782],[-118.41814,37.86125],[-118.42256,37.85758],[-118.42595,37.84882],[-118.42635,37.84499],[-118.42351,37.83648],[-118.42653,37.83187],[-118.42713,37.8294],[-118.42641,37.823],[-118.42126,37.8227],[-118.42171,37.80949],[-118.42502,37.80714],[-118.41901,37.79655],[-118.41442,37.79657],[-118.41144,37.79155],[-118.40831,37.78006],[-118.39864,37.76646],[-118.39468,37.75599],[-118.38582,37.75206],[-118.38414,37.74994],[-118.38833,37.74994],[-118.39655,37.75341],[-118.39934,37.75608],[-118.40271,37.76481],[-118.40529,37.76712],[-118.40919,37.77181],[-118.41173,37.77685],[-118.41315,37.78529],[-118.41932,37.78966],[-118.42,37.79247],[-118.42857,37.80474],[-118.42861,37.81534],[-118.43056,37.82797],[-118.42837,37.83887],[-118.42953,37.84495],[-118.42909,37.85005],[-118.42643,37.85877],[-118.42204,37.86275],[-118.42003,37.86879],[-118.4146,37.87181],[-118.41143,37.87495]]]}},{"type":"Feature","properties":{"c":"zone"},"geometry":{"type":"Polygon","coordinates":[[[-118.42344,37.77017],[-118.42418,37.7785],[-118.42589,37.78308],[-118.42311,37.78368],[-118.42017,37.77449],[-118.42173,37.77021],[-118.42344,37.77017]]]}},{"type":"Feature","properties":{"c":"zone"},"geometry":{"type":"Polygon","coordinates":[[[-118.37786,34.01586],[-118.37642,34.01573],[-118.37677,34.01248],[-118.37821,34.01257],[-118.37786,34.01586]]]}},{"type":"Feature","properties":{"c":"zone"},"geometry":{"type":"Polygon","coordinates":[[[-121.21947,36.62498],[-121.19514,36.60454],[-121.19261,36.6004],[-121.15537,36.56934],[-121.12604,36.54014],[-121.12605,36.52255],[-121.1352,36.52794],[-121.15647,36.5515],[-121.17155,36.56263],[-121.19313,36.58311],[-121.19599,36.59645],[-121.21792,36.61412],[-121.22854,36.62498],[-121.21947,36.62498]],[[-121.18201,36.58465],[-121.17626,36.57341],[-121.16827,36.56537],[-121.15379,36.55466],[-121.13049,36.53169],[-121.12791,36.53369],[-121.16161,36.56455],[-121.18201,36.58465]]]}},{"type":"Feature","properties":{"c":"zone"},"geometry":{"type":"Polygon","coordinates":[[[-119.24207,38.20471],[-119.2402,38.20517],[-119.2387,38.20133],[-119.24033,38.18942],[-119.24237,38.18951],[-119.24084,38.20167],[-119.24207,38.20471]]]}},{"type":"Feature","properties":{"c":"zone"},"geometry":{"type":"Polygon","coordinates":[[[-119.24445,38.24993],[-119.24216,38.24993],[-119.2425,38.24745],[-119.24061,38.23814],[-119.24064,38.23335],[-119.24245,38.22978],[-119.24454,38.23048],[-119.24312,38.23329],[-119.24312,38.23693],[-119.2473,38.23417],[-119.24788,38.23002],[-119.251,38.22594],[-119.251,38.22946],[-119.24975,38.2345],[-119.24568,38.24022],[-119.24411,38.24141],[-119.24511,38.24732],[-119.24445,38.24993]]]}},{"type":"Feature","properties":{"c":"zone"},"geometry":{"type":"Polygon","coordinates":[[[-116.86033,34.37502],[-116.85336,34.36873],[-116.85851,34.36592],[-116.86207,34.37183],[-116.86978,34.37501],[-116.86033,34.37502]]]}},{"type":"Feature","properties":{"c":"zone"},"geometry":{"type":"Polygon","coordinates":[[[-116.83166,34.36858],[-116.84291,34.36465],[-116.84619,34.36298],[-116.85517,34.35954],[-116.86295,34.35929],[-116.86685,34.364],[-116.86002,34.36435],[-116.85438,34.36331],[-116.84198,34.36821],[-116.83285,34.37114],[-116.83166,34.36858]]]}},{"type":"Feature","properties":{"c":"zone"},"geometry":{"type":"Polygon","coordinates":[[[-116.87588,34.3704],[-116.86656,34.37019],[-116.86359,34.36788],[-116.86621,34.36582],[-116.86787,34.36733],[-116.87588,34.36755],[-116.87588,34.3704]]]}},{"type":"Feature","properties":{"c":"zone"},"geometry":{"type":"Polygon","coordinates":[[[-116.87059,34.36181],[-116.86723,34.35987],[-116.85909,34.35727],[-116.85345,34.35317],[-116.85117,34.35463],[-116.84689,34.35523],[-116.84642,34.35231],[-116.85227,34.35034],[-116.85867,34.34976],[-116.85915,34.35319],[-116.86212,34.355],[-116.87588,34.35028],[-116.87588,34.36155],[-116.87059,34.36181]]]}},{"type":"Feature","properties":{"c":"zone"},"geometry":{"type":"Polygon","coordinates":[[[-116.76107,34.34975],[-116.75627,34.34475],[-116.75744,34.34356],[-116.75892,34.33832],[-116.76185,34.33891],[-116.7605,34.34554],[-116.76302,34.34841],[-116.76107,34.34975]]]}},{"type":"Feature","properties":{"c":"zone"},"geometry":{"type":"Polygon","coordinates":[[[-116.78134,34.346],[-116.77792,34.33943],[-116.78077,34.33841],[-116.78417,34.34496],[-116.78134,34.346]]]}},{"type":"Feature","properties":{"c":"zone"},"geometry":{"type":"Polygon","coordinates":[[[-116.77325,34.34476],[-116.76699,34.34027],[-116.76852,34.33873],[-116.77485,34.34313],[-116.77325,34.34476]]]}},{"type":"Feature","properties":{"c":"zone"},"geometry":{"type":"Polygon","coordinates":[[[-118.37595,37.24993],[-118.37265,37.24994],[-118.37376,37.24352],[-118.37409,37.23548],[-118.37078,37.2309],[-118.36915,37.2237],[-118.36524,37.21906],[-118.36556,37.22767],[-118.36724,37.22616],[-118.36897,37.22735],[-118.36652,37.22995],[-118.36518,37.23328],[-118.36478,37.23659],[-118.36251,37.23651],[-118.36259,37.2335],[-118.36383,37.22941],[-118.36295,37.22566],[-118.35852,37.22748],[-118.35916,37.22361],[-118.36029,37.22185],[-118.36085,37.21701],[-118.3571,37.21204],[-118.35937,37.21111],[-118.3612,37.21373],[-118.364,37.21495],[-118.37233,37.2218],[-118.37341,37.2256],[-118.3748,37.22304],[-118.37263,37.21514],[-118.37336,37.20831],[-118.37581,37.20822],[-118.37588,37.21012],[-118.37519,37.21468],[-118.3773,37.22316],[-118.37414,37.22827],[-118.37479,37.23076],[-118.37798,37.23413],[-118.37768,37.24331],[-118.37595,37.24993]]]}},{"type":"Feature","properties":{"c":"zone"},"geometry":{"type":"Polygon","coordinates":[[[-118.33175,37.23394],[-118.32961,37.23288],[-118.33153,37.23045],[-118.33323,37.22293],[-118.33098,37.22527],[-118.32855,37.22956],[-118.32587,37.23216],[-118.32404,37.23076],[-118.32643,37.22854],[-118.32865,37.22441],[-118.33269,37.21961],[-118.33499,37.21339],[-118.33569,37.20811],[-118.33313,37.20253],[-118.33183,37.19714],[-118.32875,37.19736],[-118.32909,37.20238],[-118.32661,37.20248],[-118.32615,37.19887],[-118.32497,37.19586],[-118.32724,37.19504],[-118.3261,37.19241],[-118.32867,37.19134],[-118.33095,37.19416],[-118.33427,37.19554],[-118.3368,37.20478],[-118.33862,37.20972],[-118.33661,37.21633],[-118.33745,37.21905],[-118.33538,37.22432],[-118.33409,37.23093],[-118.33175,37.23394]]]}},{"type":"Feature","properties":{"c":"zone"},"geometry":{"type":"Polygon","coordinates":[[[-118.32505,37.19422],[-118.32323,37.19425],[-118.32279,37.19027],[-118.32459,37.19015],[-118.32505,37.19422]]]}},{"type":"Feature","properties":{"c":"zone"},"geometry":{"type":"Polygon","coordinates":[[[-118.29284,37.22468],[-118.29061,37.22411],[-118.29204,37.22081],[-118.29683,37.2137],[-118.3,37.20534],[-118.30871,37.19879],[-118.31049,37.20018],[-118.30227,37.20651],[-118.29947,37.21395],[-118.29417,37.22179],[-118.29284,37.22468]]]}},{"type":"Feature","properties":{"c":"zone"},"geometry":{"type":"Polygon","coordinates":[[[-118.2686,37.23227],[-118.26516,37.23289],[-118.26232,37.22224],[-118.26111,37.2263],[-118.25661,37.22623],[-118.25678,37.21943],[-118.2544,37.2136],[-118.25449,37.21058],[-118.25561,37.20687],[-118.25911,37.2077],[-118.2584,37.20975],[-118.26777,37.22314],[-118.2674,37.22786],[-118.2686,37.23227]]]}},{"type":"Feature","properties":{"c":"zone"},"geometry":{"type":"Polygon","coordinates":[[[-118.26526,37.24994],[-118.26106,37.24994],[-118.2626,37.24717],[-118.25947,37.23787],[-118.26302,37.23718],[-118.26632,37.24684],[-118.26526,37.24994]]]}},{"type":"Feature","properties":{"c":"zone"},"geometry":{"type":"Polygon","coordinates":[[[-118.31948,37.21815],[-118.31743,37.21786],[-118.31807,37.21366],[-118.31622,37.20583],[-118.31401,37.20088],[-118.31009,37.19656],[-118.30675,37.19636],[-118.30708,37.19383],[-118.30337,37.18344],[-118.30047,37.17319],[-118.30058,37.16454],[-118.29828,37.16146],[-118.29854,37.15851],[-118.2948,37.15384],[-118.291,37.1461],[-118.27977,37.12707],[-118.27775,37.12495],[-118.28344,37.12495],[-118.2865,37.13046],[-118.28805,37.13488],[-118.29608,37.14538],[-118.29893,37.15199],[-118.3011,37.15488],[-118.30398,37.16336],[-118.30953,37.16511],[-118.31031,37.16245],[-118.30996,37.15778],[-118.31137,37.15624],[-118.31094,37.15434],[-118.31315,37.15399],[-118.31366,37.15624],[-118.31345,37.15928],[-118.31523,37.15928],[-118.31576,37.15264],[-118.31683,37.14935],[-118.31629,37.14509],[-118.31707,37.14299],[-118.31607,37.13835],[-118.31833,37.13796],[-118.31965,37.14315],[-118.31874,37.14533],[-118.31918,37.14838],[-118.32082,37.15032],[-118.32198,37.15917],[-118.32073,37.16871],[-118.31846,37.16853],[-118.31867,37.16548],[-118.30631,37.16967],[-118.30768,37.17487],[-118.30768,37.18506],[-118.31138,37.19424],[-118.31654,37.20054],[-118.31827,37.20456],[-118.32055,37.21394],[-118.31948,37.21815]]]}},{"type":"Feature","properties":{"c":"zone"},"geometry":{"type":"Polygon","coordinates":[[[-116.50417,34.37501],[-116.50226,34.37285],[-116.50086,34.37037],[-116.50086,34.36638],[-116.50509,34.37147],[-116.5086,34.37501],[-116.50417,34.37501]]]}},{"type":"Feature","properties":{"c":"zone"},"geometry":{"type":"Polygon","coordinates":[[[-116.61364,34.33873],[-116.60516,34.33374],[-116.60737,34.33118],[-116.61471,34.33559],[-116.62406,34.33545],[-116.62587,34.33705],[-116.62587,34.3405],[-116.62237,34.33835],[-116.61364,34.33873]]]}},{"type":"Feature","properties":{"c":"zone"},"geometry":{"type":"Polygon","coordinates":[[[-116.62037,34.33293],[-116.61369,34.32937],[-116.60574,34.32612],[-116.60722,34.32348],[-116.61626,34.32683],[-116.62094,34.32936],[-116.62586,34.33093],[-116.62587,34.33421],[-116.62037,34.33293]]]}},{"type":"Feature","properties":{"c":"zone"},"geometry":{"type":"Polygon","coordinates":[[[-117.32198,35.14612],[-117.3194,35.14787],[-117.31362,35.14197],[-117.30706,35.13808],[-117.30366,35.13523],[-117.29841,35.13205],[-117.30228,35.13757],[-117.30667,35.14301],[-117.30396,35.14457],[-117.29389,35.13083],[-117.29038,35.12499],[-117.29421,35.12499],[-117.29552,35.12702],[-117.30555,35.13272],[-117.30806,35.13506],[-117.31349,35.1379],[-117.32198,35.14612]]]}},{"type":"Feature","properties":{"c":"zone"},"geometry":{"type":"Polygon","coordinates":[[[-117.26056,35.13894],[-117.2581,35.14071],[-117.2509,35.134],[-117.25089,35.12819],[-117.25575,35.1298],[-117.25187,35.12498],[-117.25772,35.12498],[-117.26434,35.13261],[-117.2758,35.13597],[-117.28643,35.13734],[-117.28588,35.14002],[-117.27309,35.13841],[-117.25312,35.13204],[-117.26056,35.13894]]]}},{"type":"Feature","properties":{"c":"zone"},"geometry":{"type":"Polygon","coordinates":[[[-118.37931,37.37494],[-118.37734,37.37493],[-118.37773,37.37325],[-118.37953,37.37328],[-118.37931,37.37494]]]}},{"type":"Feature","properties":{"c":"zone"},"geometry":{"type":"Polygon","coordinates":[[[-118.37595,37.37206],[-118.37595,37.3686],[-118.37912,37.3639],[-118.38169,37.35939],[-118.38363,37.36019],[-118.3818,37.36363],[-118.37595,37.37206]]]}},{"type":"Feature","properties":{"c":"zone"},"geometry":{"type":"Polygon","coordinates":[[[-118.38804,37.29687],[-118.38569,37.29735],[-118.38335,37.28955],[-118.38104,37.28586],[-118.37888,37.28026],[-118.38111,37.2797],[-118.38329,37.28491],[-118.38569,37.28848],[-118.38804,37.29687]]]}},{"type":"Feature","properties":{"c":"zone"},"geometry":{"type":"Polygon","coordinates":[[[-118.37595,37.36549],[-118.37595,37.36259],[-118.37753,37.36015],[-118.37926,37.35473],[-118.37977,37.34984],[-118.38229,37.34682],[-118.38859,37.34164],[-118.393,37.33608],[-118.39741,37.32835],[-118.39905,37.32355],[-118.40134,37.32392],[-118.4,37.32851],[-118.39512,37.33726],[-118.39066,37.34326],[-118.38289,37.35119],[-118.38021,37.36011],[-118.37801,37.36366],[-118.37595,37.36549]]]}},{"type":"Feature","properties":{"c":"zone"},"geometry":{"type":"Polygon","coordinates":[[[-118.37875,37.34402],[-118.37757,37.34277],[-118.38469,37.33835],[-118.38583,37.33957],[-118.37875,37.34402]]]}},{"type":"Feature","properties":{"c":"zone"},"geometry":{"type":"Polygon","coordinates":[[[-118.4108,37.33507],[-118.40786,37.33385],[-118.41017,37.32965],[-118.41036,37.32489],[-118.41164,37.32039],[-118.40737,37.31577],[-118.40633,37.31242],[-118.40621,37.3077],[-118.40303,37.30236],[-118.39988,37.30178],[-118.39515,37.29717],[-118.39441,37.29107],[-118.39208,37.28302],[-118.38564,37.2764],[-118.379,37.26261],[-118.37595,37.2596],[-118.37595,37.24993],[-118.37741,37.24993],[-118.37843,37.25364],[-118.38359,37.25815],[-118.38564,37.26569],[-118.39025,37.27306],[-118.39548,37.28002],[-118.39548,37.28225],[-118.39959,37.29542],[-118.40555,37.29977],[-118.41039,37.30891],[-118.40974,37.31142],[-118.41549,37.31941],[-118.41408,37.32489],[-118.41381,37.33016],[-118.4108,37.33507]]]}},{"type":"Feature","properties":{"c":"zone"},"geometry":{"type":"Polygon","coordinates":[[[-118.37595,37.33163],[-118.37595,37.32914],[-118.37833,37.32784],[-118.38157,37.32531],[-118.38276,37.32314],[-118.38194,37.31661],[-118.37595,37.32067],[-118.37595,37.31553],[-118.3773,37.3139],[-118.378,37.31108],[-118.37595,37.30973],[-118.37595,37.30423],[-118.37964,37.29885],[-118.3807,37.29921],[-118.38206,37.30399],[-118.37971,37.30954],[-118.3806,37.3129],[-118.38284,37.31356],[-118.38326,37.31144],[-118.38571,37.31142],[-118.38686,37.31785],[-118.39126,37.32765],[-118.38902,37.32823],[-118.38675,37.32357],[-118.38473,37.32417],[-118.3831,37.32652],[-118.38084,37.32854],[-118.38202,37.32932],[-118.3791,37.33204],[-118.37716,37.33086],[-118.37595,37.33163]]]}},{"type":"Feature","properties":{"c":"zone"},"geometry":{"type":"Polygon","coordinates":[[[-118.39227,37.35455],[-118.39108,37.35391],[-118.39595,37.34681],[-118.40121,37.34543],[-118.39782,37.35113],[-118.39527,37.35114],[-118.39227,37.35455]]]}},{"type":"Feature","properties":{"c":"zone"},"geometry":{"type":"Polygon","coordinates":[[[-118.39801,37.35795],[-118.3967,37.35739],[-118.39808,37.35428],[-118.39675,37.35341],[-118.4014,37.34889],[-118.40371,37.34775],[-118.4047,37.3488],[-118.40181,37.35041],[-118.40239,37.35281],[-118.39801,37.35795]]]}},{"type":"Feature","properties":{"c":"zone"},"geometry":{"type":"Polygon","coordinates":[[[-118.45849,37.34765],[-118.45662,37.34705],[-118.45741,37.34549],[-118.45492,37.34193],[-118.4567,37.34111],[-118.4585,37.34377],[-118.45949,37.34197],[-118.46118,37.34266],[-118.45849,37.34765]]]}},{"type":"Feature","properties":{"c":"zone"},"geometry":{"type":"Polygon","coordinates":[[[-118.4563,37.34818],[-118.4546,37.34868],[-118.45226,37.34543],[-118.45165,37.34323],[-118.45355,37.34281],[-118.4563,37.34818]]]}},{"type":"Feature","properties":{"c":"zone"},"geometry":{"type":"Polygon","coordinates":[[[-118.46419,37.34215],[-118.4624,37.34265],[-118.4605,37.33899],[-118.46234,37.33843],[-118.46419,37.34215]]]}},{"type":"Feature","properties":{"c":"zone"},"geometry":{"type":"Polygon","coordinates":[[[-118.45511,37.33919],[-118.45275,37.34013],[-118.45201,37.33829],[-118.44956,37.33481],[-118.45144,37.33397],[-118.45511,37.33919]]]}},{"type":"Feature","properties":{"c":"zone"},"geometry":{"type":"Polygon","coordinates":[[[-118.46742,37.37495],[-118.46482,37.37495],[-118.46521,37.37286],[-118.46746,37.37295],[-118.46742,37.37495]]]}},{"type":"Feature","properties":{"c":"zone"},"geometry":{"type":"Polygon","coordinates":[[[-118.46107,37.37225],[-118.45931,37.37131],[-118.46326,37.36685],[-118.46587,37.36318],[-118.46643,37.36082],[-118.47163,37.35498],[-118.47335,37.35583],[-118.46807,37.3616],[-118.46739,37.36427],[-118.46509,37.36781],[-118.46107,37.37225]]]}},{"type":"Feature","properties":{"c":"zone"},"geometry":{"type":"Polygon","coordinates":[[[-118.47915,37.3573],[-118.47705,37.35763],[-118.47483,37.35039],[-118.47226,37.34746],[-118.46992,37.34562],[-118.46871,37.34405],[-118.47057,37.34307],[-118.47157,37.34444],[-118.47402,37.34612],[-118.47734,37.35065],[-118.47915,37.3573]]]}},{"type":"Feature","properties":{"c":"zone"},"geometry":{"type":"Polygon","coordinates":[[[-116.82431,33.75005],[-116.81865,33.75004],[-116.8031,33.74514],[-116.7917,33.72929],[-116.76582,33.71606],[-116.75087,33.70702],[-116.75087,33.70269],[-116.76801,33.71283],[-116.79608,33.72777],[-116.8058,33.74244],[-116.8131,33.74408],[-116.82431,33.75005]]]}},{"type":"Feature","properties":{"c":"zone"},"geometry":{"type":"Polygon","coordinates":[[[-116.87587,33.73146],[-116.84575,33.71818],[-116.84786,33.71496],[-116.87587,33.72765],[-116.87587,33.73146]]]}},{"type":"Feature","properties":{"c":"zone"},"geometry":{"type":"Polygon","coordinates":[[[-116.87587,33.70966],[-116.87587,33.71492],[-116.85075,33.70047],[-116.80693,33.68412],[-116.80707,33.67841],[-116.75086,33.64593],[-116.75086,33.63534],[-116.76339,33.64824],[-116.78024,33.64897],[-116.76278,33.63416],[-116.76543,33.6312],[-116.79007,33.64866],[-116.81178,33.6687],[-116.80721,33.67404],[-116.85357,33.69651],[-116.87587,33.70966]]]}},{"type":"Feature","properties":{"c":"zone"},"geometry":{"type":"Polygon","coordinates":[[[-118.22278,36.99995],[-118.21913,36.99995],[-118.21789,36.9893],[-118.21837,36.98612],[-118.2142,36.97445],[-118.19237,36.91508],[-118.1761,36.87858],[-118.17354,36.87495],[-118.17773,36.87495],[-118.18013,36.87798],[-118.18625,36.89272],[-118.1969,36.91627],[-118.22211,36.98568],[-118.22218,36.98821],[-118.22341,36.99291],[-118.22244,36.99473],[-118.22278,36.99995]]]}},{"type":"Feature","properties":{"c":"zone"},"geometry":{"type":"Polygon","coordinates":[[[-118.21168,36.99995],[-118.2059,36.99995],[-118.20727,36.9964],[-118.20582,36.99635],[-118.20655,36.98892],[-118.21031,36.98881],[-118.21249,36.99172],[-118.21168,36.99995]]]}},{"type":"Feature","properties":{"c":"zone"},"geometry":{"type":"Polygon","coordinates":[[[-123.07322,38.37494],[-123.06921,38.36598],[-123.07313,38.3653],[-123.07761,38.37494],[-123.07322,38.37494]]]}},{"type":"Feature","properties":{"c":"zone"},"geometry":{"type":"Polygon","coordinates":[[[-123.07026,38.35958],[-123.04952,38.33964],[-123.04003,38.32574],[-123.04758,38.34839],[-123.04277,38.34925],[-123.04033,38.34068],[-123.0264,38.32368],[-123.03411,38.31907],[-123.02461,38.30877],[-123.03787,38.31152],[-123.04045,38.31446],[-123.06045,38.33454],[-123.06791,38.34901],[-123.0703,38.3512],[-123.07026,38.35958]]]}},{"type":"Feature","properties":{"c":"zone"},"geometry":{"type":"Polygon","coordinates":[[[-123.0161,38.32116],[-123.0085,38.31156],[-123.00113,38.3048],[-123.00112,38.29435],[-123.00626,38.29804],[-123.02045,38.31854],[-123.0161,38.32116]]]}},{"type":"Feature","properties":{"c":"zone"},"geometry":{"type":"Polygon","coordinates":[[[-123.07567,38.32655],[-123.0598,38.31496],[-123.04694,38.30787],[-123.05474,38.29493],[-123.06518,38.30269],[-123.0838,38.32129],[-123.07567,38.32655]]]}},{"type":"Feature","properties":{"c":"zone"},"geometry":{"type":"Polygon","coordinates":[[[-122.75111,37.99739],[-122.73936,37.98752],[-122.69703,37.93445],[-122.66857,37.90198],[-122.68619,37.89937],[-122.7146,37.93744],[-122.71679,37.94213],[-122.74193,37.97715],[-122.75111,37.98484],[-122.75111,37.99739]]]}},{"type":"Feature","properties":{"c":"zone"},"geometry":{"type":"Polygon","coordinates":[[[-115.37583,32.69652],[-115.36706,32.68639],[-115.35616,32.67489],[-115.36027,32.67462],[-115.36935,32.68368],[-115.37583,32.69157],[-115.37583,32.69652]]]}},{"type":"Feature","properties":{"c":"zone"},"geometry":{"type":"Polygon","coordinates":[[[-116.14838,33.23957],[-116.14541,33.24205],[-116.12585,33.22532],[-116.12585,33.22073],[-116.14838,33.23957]]]}},{"type":"Feature","properties":{"c":"zone"},"geometry":{"type":"Polygon","coordinates":[[[-116.20402,33.23476],[-116.19022,33.21347],[-116.18447,33.21401],[-116.17957,33.2068],[-116.18031,33.20047],[-116.15522,33.1775],[-116.13271,33.15426],[-116.12585,33.14481],[-116.12585,33.13445],[-116.13127,33.13481],[-116.13939,33.1542],[-116.17715,33.19039],[-116.18342,33.18535],[-116.20413,33.20131],[-116.22435,33.22185],[-116.24157,33.22578],[-116.24655,33.22257],[-116.25085,33.22739],[-116.25085,33.23283],[-116.24157,33.22956],[-116.22433,33.22591],[-116.1984,33.21878],[-116.20731,33.23341],[-116.20402,33.23476]],[[-116.21562,33.21896],[-116.18801,33.19827],[-116.19473,33.2115],[-116.21562,33.21896]]]}},{"type":"Feature","properties":{"c":"zone"},"geometry":{"type":"Polygon","coordinates":[[[-116.11741,33.12506],[-116.11254,33.12506],[-116.10402,33.11817],[-116.10412,33.1099],[-116.09488,33.1059],[-116.0963,33.10299],[-116.11021,33.10763],[-116.11817,33.11766],[-116.11741,33.12506]]]}},{"type":"Feature","properties":{"c":"zone"},"geometry":{"type":"Polygon","coordinates":[[[-116.0956,33.11586],[-116.09287,33.11757],[-116.08781,33.11261],[-116.09018,33.11071],[-116.0956,33.11586]]]}},{"type":"Feature","properties":{"c":"zone"},"geometry":{"type":"Polygon","coordinates":[[[-116.08984,33.12506],[-116.08105,33.12507],[-116.05686,33.10385],[-116.04203,33.09776],[-116.02813,33.08803],[-116.03653,33.07934],[-116.03263,33.07498],[-116.02553,33.05594],[-116.01542,33.04409],[-116.00085,33.03488],[-116.00085,33.02735],[-116.02119,33.04255],[-116.03504,33.05911],[-116.04329,33.07889],[-116.05181,33.08939],[-116.06882,33.09104],[-116.07036,33.09663],[-116.06373,33.10383],[-116.08984,33.12506]]]}},{"type":"Feature","properties":{"c":"zone"},"geometry":{"type":"Polygon","coordinates":[[[-116.40731,33.37505],[-116.40231,33.37057],[-116.38089,33.35405],[-116.3814,33.36151],[-116.38568,33.36819],[-116.39539,33.37505],[-116.38922,33.37504],[-116.38148,33.36967],[-116.37676,33.35987],[-116.37586,33.35258],[-116.37586,33.34597],[-116.40232,33.36525],[-116.41233,33.37505],[-116.40731,33.37505]]]}},{"type":"Feature","properties":{"c":"zone"},"geometry":{"type":"Polygon","coordinates":[[[-116.27103,33.25005],[-116.26235,33.25005],[-116.25764,33.24046],[-116.25085,33.23283],[-116.25085,33.22739],[-116.27103,33.25005]]]}},{"type":"Feature","properties":{"c":"zone"},"geometry":{"type":"Polygon","coordinates":[[[-115.53891,32.94292],[-115.53662,32.94294],[-115.53684,32.9372],[-115.54371,32.92859],[-115.54133,32.92722],[-115.5428,32.92578],[-115.54231,32.92027],[-115.53681,32.90862],[-115.54473,32.89626],[-115.54119,32.88965],[-115.5354,32.88369],[-115.533,32.87891],[-115.52878,32.87507],[-115.53311,32.87507],[-115.54016,32.88015],[-115.54469,32.88815],[-115.54893,32.89694],[-115.55229,32.90025],[-115.55851,32.91265],[-115.55874,32.92134],[-115.55577,32.92726],[-115.55319,32.92721],[-115.55609,32.9206],[-115.55602,32.9126],[-115.5541,32.9168],[-115.55032,32.92013],[-115.54908,32.91965],[-115.55056,32.91497],[-115.54637,32.90102],[-115.54171,32.90709],[-115.54588,32.91576],[-115.54604,32.9255],[-115.54759,32.92851],[-115.53963,32.93761],[-115.53891,32.94292]]]}},{"type":"Feature","properties":{"c":"zone"},"geometry":{"type":"Polygon","coordinates":[[[-115.75084,32.908],[-115.75084,32.91098],[-115.74754,32.90995],[-115.74027,32.90609],[-115.74216,32.90365],[-115.74897,32.90747],[-115.75084,32.908]]]}},{"type":"Feature","properties":{"c":"zone"},"geometry":{"type":"Polygon","coordinates":[[[-115.75084,32.97317],[-115.73477,32.96068],[-115.72717,32.95799],[-115.7226,32.95281],[-115.7171,32.94807],[-115.71886,32.94646],[-115.69032,32.9236],[-115.6844,32.91966],[-115.68323,32.92024],[-115.66809,32.90704],[-115.6642,32.90437],[-115.66085,32.90154],[-115.65438,32.89468],[-115.65542,32.89274],[-115.6608,32.89479],[-115.66325,32.8915],[-115.65355,32.87978],[-115.64892,32.87738],[-115.647,32.87507],[-115.65071,32.87507],[-115.65568,32.87761],[-115.66967,32.89462],[-115.67549,32.89988],[-115.67795,32.90053],[-115.67744,32.9037],[-115.68309,32.90748],[-115.68129,32.91357],[-115.69276,32.92153],[-115.70082,32.92572],[-115.70235,32.92987],[-115.7195,32.94348],[-115.73211,32.95204],[-115.73381,32.95543],[-115.75084,32.9683],[-115.75084,32.97317]]]}},{"type":"Feature","properties":{"c":"zone"},"geometry":{"type":"Polygon","coordinates":[[[-121.90636,41.74989],[-121.90285,41.74989],[-121.90313,41.74109],[-121.89742,41.73637],[-121.89659,41.73167],[-121.90124,41.72311],[-121.90045,41.70833],[-121.90907,41.7017],[-121.90945,41.69826],[-121.90707,41.68993],[-121.90043,41.68307],[-121.89689,41.66797],[-121.89764,41.66382],[-121.8952,41.65301],[-121.88986,41.64293],[-121.88994,41.63455],[-121.89209,41.63049],[-121.89506,41.63135],[-121.89292,41.63531],[-121.89311,41.64298],[-121.89797,41.65112],[-121.90086,41.66451],[-121.90017,41.66783],[-121.90307,41.68087],[-121.91029,41.68963],[-121.91251,41.69813],[-121.91146,41.70646],[-121.90827,41.70588],[-121.9038,41.70945],[-121.90362,41.7118],[-121.90645,41.71378],[-121.90617,41.7201],[-121.89988,41.73192],[-121.90029,41.73529],[-121.90555,41.7394],[-121.90771,41.74462],[-121.90636,41.74989]]]}},{"type":"Feature","properties":{"c":"zone"},"geometry":{"type":"Polygon","coordinates":[[[-121.89543,41.64178],[-121.89351,41.64152],[-121.89504,41.63543],[-121.89939,41.62843],[-121.90134,41.62916],[-121.89719,41.63566],[-121.89543,41.64178]]]}},{"type":"Feature","properties":{"c":"zone"},"geometry":{"type":"Polygon","coordinates":[[[-121.87613,41.65312],[-121.87613,41.63733],[-121.88207,41.62681],[-121.8813,41.62488],[-121.88453,41.62489],[-121.88536,41.62797],[-121.88014,41.63827],[-121.87818,41.64735],[-121.87613,41.65312]]]}},{"type":"Feature","properties":{"c":"zone"},"geometry":{"type":"Polygon","coordinates":[[[-121.94621,41.74989],[-121.94301,41.7499],[-121.94136,41.74091],[-121.93771,41.73261],[-121.93689,41.72597],[-121.93886,41.7198],[-121.93148,41.69944],[-121.93563,41.68878],[-121.93501,41.68364],[-121.92954,41.67753],[-121.92825,41.6691],[-121.92934,41.66001],[-121.92726,41.65104],[-121.92939,41.64845],[-121.92484,41.63767],[-121.92375,41.62902],[-121.92473,41.6249],[-121.92786,41.6249],[-121.92681,41.62959],[-121.92868,41.63862],[-121.93255,41.64897],[-121.93048,41.65153],[-121.93276,41.66063],[-121.93171,41.67036],[-121.93281,41.67709],[-121.93806,41.68199],[-121.93886,41.68906],[-121.93496,41.69932],[-121.94224,41.71906],[-121.93997,41.72602],[-121.94069,41.73184],[-121.94481,41.74097],[-121.94621,41.74989]]]}},{"type":"Feature","properties":{"c":"zone"},"geometry":{"type":"Polygon","coordinates":[[[-121.96623,41.74989],[-121.96246,41.74989],[-121.96201,41.74726],[-121.96356,41.74555],[-121.96041,41.72776],[-121.95338,41.7224],[-121.9495,41.7131],[-121.94976,41.70874],[-121.95267,41.7088],[-121.95252,41.71291],[-121.95612,41.72124],[-121.96327,41.72678],[-121.96631,41.74383],[-121.96623,41.74989]]]}},{"type":"Feature","properties":{"c":"zone"},"geometry":{"type":"Polygon","coordinates":[[[-121.95585,41.70357],[-121.95339,41.70438],[-121.94138,41.68315],[-121.94381,41.6824],[-121.95585,41.70357]]]}},{"type":"Feature","properties":{"c":"zone"},"geometry":{"type":"Polygon","coordinates":[[[-121.97035,41.67152],[-121.96748,41.67168],[-121.96686,41.66776],[-121.96196,41.65992],[-121.9606,41.65001],[-121.95854,41.64456],[-121.96204,41.63167],[-121.96235,41.62489],[-121.96548,41.62489],[-121.96559,41.63165],[-121.96171,41.64465],[-121.96335,41.64856],[-121.96475,41.65861],[-121.96994,41.66695],[-121.97035,41.67152]]]}},{"type":"Feature","properties":{"c":"zone"},"geometry":{"type":"Polygon","coordinates":[[[-119.23846,38.30708],[-119.23627,38.30631],[-119.2397,38.30054],[-119.24859,38.29091],[-119.25027,38.29184],[-119.24259,38.30055],[-119.23846,38.30708]]]}},{"type":"Feature","properties":{"c":"zone"},"geometry":{"type":"Polygon","coordinates":[[[-119.23221,38.30906],[-119.22997,38.30806],[-119.23887,38.29608],[-119.24282,38.292],[-119.24466,38.29302],[-119.24093,38.29706],[-119.23221,38.30906]]]}},{"type":"Feature","properties":{"c":"zone"},"geometry":{"type":"Polygon","coordinates":[[[-119.23757,38.26279],[-119.23554,38.26156],[-119.24022,38.25723],[-119.24216,38.24993],[-119.24445,38.24993],[-119.24279,38.25722],[-119.23757,38.26279]]]}},{"type":"Feature","properties":{"c":"zone"},"geometry":{"type":"Polygon","coordinates":[[[-116.54431,33.50005],[-116.5334,33.50005],[-116.51822,33.48731],[-116.51054,33.48368],[-116.50086,33.48348],[-116.50086,33.47726],[-116.5116,33.47632],[-116.53548,33.4895],[-116.54431,33.50005]]]}},{"type":"Feature","properties":{"c":"zone"},"geometry":{"type":"Polygon","coordinates":[[[-116.54541,33.47277],[-116.54313,33.47445],[-116.53062,33.47067],[-116.52501,33.46662],[-116.52748,33.46454],[-116.53563,33.4687],[-116.52165,33.4561],[-116.50228,33.44368],[-116.50289,33.44904],[-116.50086,33.45028],[-116.50086,33.43875],[-116.52364,33.45246],[-116.54541,33.47277]]]}},{"type":"Feature","properties":{"c":"zone"},"geometry":{"type":"Polygon","coordinates":[[[-118.25092,34.25],[-118.25092,34.24483],[-118.26977,34.25002],[-118.25092,34.25]]]}},{"type":"Feature","properties":{"c":"zone"},"geometry":{"type":"Polygon","coordinates":[[[-123.40127,39.4999],[-123.39736,39.4999],[-123.39052,39.47815],[-123.38883,39.46916],[-123.38358,39.45829],[-123.38175,39.45007],[-123.37613,39.44047],[-123.37614,39.43391],[-123.3857,39.44965],[-123.38714,39.45732],[-123.39219,39.46775],[-123.39434,39.47824],[-123.40127,39.4999]]]}},{"type":"Feature","properties":{"c":"zone"},"geometry":{"type":"Polygon","coordinates":[[[-121.62726,40.99989],[-121.62611,40.99989],[-121.62611,40.99908],[-121.62726,40.99989]]]}},{"type":"Feature","properties":{"c":"zone"},"geometry":{"type":"Polygon","coordinates":[[[-121.63687,40.96436],[-121.6337,40.9656],[-121.62836,40.95798],[-121.62611,40.95886],[-121.62611,40.94419],[-121.62749,40.95293],[-121.63123,40.95593],[-121.63687,40.96436]]]}},{"type":"Feature","properties":{"c":"zone"},"geometry":{"type":"Polygon","coordinates":[[[-121.64361,40.98504],[-121.64145,40.98507],[-121.6407,40.97404],[-121.6415,40.97181],[-121.64086,40.96794],[-121.6388,40.96311],[-121.64104,40.95493],[-121.64111,40.9498],[-121.64299,40.94529],[-121.64496,40.94564],[-121.64334,40.94981],[-121.64338,40.95594],[-121.64134,40.96281],[-121.64322,40.96767],[-121.64391,40.97181],[-121.64298,40.97462],[-121.64361,40.98504]]]}},{"type":"Feature","properties":{"c":"zone"},"geometry":{"type":"Polygon","coordinates":[[[-121.63443,41.00724],[-121.63245,41.00787],[-121.6306,41.00487],[-121.62611,41.0018],[-121.62611,40.99989],[-121.62726,40.99989],[-121.63232,41.00408],[-121.63443,41.00724]]]}},{"type":"Feature","properties":{"c":"zone"},"geometry":{"type":"Polygon","coordinates":[[[-118.50093,34.68365],[-118.50453,34.68639],[-118.50207,34.68821],[-118.50093,34.68852],[-118.50093,34.68365]]]}},{"type":"Feature","properties":{"c":"zone"},"geometry":{"type":"Polygon","coordinates":[[[-121.32592,35.77282],[-121.32186,35.76936],[-121.31653,35.76608],[-121.30347,35.75448],[-121.30025,35.74999],[-121.30405,35.74999],[-121.30601,35.75276],[-121.32834,35.77091],[-121.32592,35.77282]]]}},{"type":"Feature","properties":{"c":"zone"},"geometry":{"type":"Polygon","coordinates":[[[-116.62586,33.60274],[-116.60731,33.58092],[-116.60273,33.57258],[-116.58178,33.55092],[-116.53395,33.53041],[-116.50848,33.51769],[-116.50086,33.51595],[-116.50086,33.51265],[-116.50885,33.51452],[-116.5526,33.53433],[-116.58226,33.5465],[-116.5974,33.55791],[-116.61835,33.56515],[-116.62004,33.56209],[-116.58219,33.54238],[-116.5737,33.53495],[-116.57309,33.52989],[-116.53924,33.50527],[-116.5334,33.50005],[-116.54431,33.50005],[-116.55544,33.51291],[-116.56869,33.51638],[-116.60835,33.55051],[-116.62586,33.55674],[-116.62586,33.57211],[-116.60729,33.56512],[-116.60573,33.5683],[-116.61499,33.58469],[-116.62586,33.59381],[-116.62586,33.60274]]]}},{"type":"Feature","properties":{"c":"zone"},"geometry":{"type":"Polygon","coordinates":[[[-121.75108,37.7738],[-121.74621,37.77022],[-121.73632,37.76087],[-121.7281,37.75498],[-121.72241,37.74995],[-121.73169,37.74994],[-121.73702,37.75702],[-121.74247,37.76252],[-121.75108,37.76905],[-121.75108,37.7738]]]}},{"type":"Feature","properties":{"c":"zone"},"geometry":{"type":"Polygon","coordinates":[[[-116.8584,34.00003],[-116.85303,33.99627],[-116.8487,33.9975],[-116.84495,34.00003],[-116.84312,34.00003],[-116.84171,33.99841],[-116.84651,33.99549],[-116.85017,33.99424],[-116.84894,33.99341],[-116.84552,33.9935],[-116.83088,33.99739],[-116.82988,33.99481],[-116.84728,33.99033],[-116.8475,33.98856],[-116.84326,33.98274],[-116.83988,33.98054],[-116.82978,33.97211],[-116.82749,33.96674],[-116.82164,33.96235],[-116.81744,33.96144],[-116.80431,33.95437],[-116.80196,33.95555],[-116.79053,33.95544],[-116.78824,33.95419],[-116.78213,33.95586],[-116.77939,33.95412],[-116.76908,33.95569],[-116.76592,33.95262],[-116.76364,33.95752],[-116.75699,33.95957],[-116.75086,33.95456],[-116.75086,33.95133],[-116.75708,33.95317],[-116.75989,33.95335],[-116.76442,33.95018],[-116.77325,33.9477],[-116.77944,33.94873],[-116.78337,33.95056],[-116.78671,33.94908],[-116.80011,33.95247],[-116.80844,33.95102],[-116.81176,33.95363],[-116.81527,33.95386],[-116.81523,33.95036],[-116.81959,33.94751],[-116.82796,33.94619],[-116.82123,33.944],[-116.82126,33.94165],[-116.81517,33.9381],[-116.81517,33.93629],[-116.8199,33.93617],[-116.82121,33.93341],[-116.8113,33.93108],[-116.79568,33.94187],[-116.79688,33.9456],[-116.78938,33.94396],[-116.78324,33.94494],[-116.77105,33.93515],[-116.76589,33.93359],[-116.76133,33.9378],[-116.75456,33.93648],[-116.75086,33.93417],[-116.75086,33.92823],[-116.75454,33.92913],[-116.75964,33.93453],[-116.76547,33.93033],[-116.77206,33.93249],[-116.78076,33.93893],[-116.79502,33.93853],[-116.79983,33.93516],[-116.80027,33.93311],[-116.81297,33.92714],[-116.82192,33.92964],[-116.82656,33.93517],[-116.82352,33.93963],[-116.83266,33.94574],[-116.83616,33.94523],[-116.84583,33.95068],[-116.85343,33.94992],[-116.86038,33.95109],[-116.86386,33.94599],[-116.86947,33.94355],[-116.87182,33.94017],[-116.87586,33.94004],[-116.87586,33.9442],[-116.86764,33.94746],[-116.8623,33.95399],[-116.84607,33.95478],[-116.83754,33.94931],[-116.82176,33.95165],[-116.82029,33.95421],[-116.82372,33.95625],[-116.82719,33.95486],[-116.83828,33.95517],[-116.84041,33.96086],[-116.83716,33.96172],[-116.83587,33.95791],[-116.82747,33.95773],[-116.82377,33.95922],[-116.83729,33.96646],[-116.84685,33.96848],[-116.85566,33.96923],[-116.86479,33.97498],[-116.87587,33.97907],[-116.87586,33.98207],[-116.86262,33.97711],[-116.85442,33.97189],[-116.84608,33.97114],[-116.83547,33.96884],[-116.83058,33.96564],[-116.8324,33.9698],[-116.83524,33.97305],[-116.84189,33.97607],[-116.84882,33.98392],[-116.85309,33.99052],[-116.8594,33.99721],[-116.86334,34.00002],[-116.8584,34.00003]]]}},{"type":"Feature","properties":{"c":"zone"},"geometry":{"type":"Polygon","coordinates":[[[-118.12592,35.1788],[-118.1366,35.17275],[-118.1483,35.1709],[-118.16206,35.15869],[-118.1837,35.15108],[-118.20621,35.13867],[-118.19964,35.13876],[-118.19706,35.13523],[-118.18364,35.13973],[-118.17009,35.14534],[-118.15827,35.15446],[-118.15666,35.1511],[-118.1611,35.14665],[-118.17031,35.14061],[-118.18999,35.13117],[-118.19143,35.12573],[-118.20285,35.12634],[-118.21137,35.13012],[-118.21386,35.13494],[-118.22284,35.12986],[-118.2273,35.12838],[-118.23271,35.12404],[-118.24257,35.12393],[-118.23518,35.13092],[-118.22092,35.13931],[-118.20081,35.1484],[-118.18046,35.16213],[-118.16937,35.16734],[-118.1603,35.16837],[-118.13861,35.18562],[-118.12592,35.18511],[-118.12592,35.1788]]]}},{"type":"Feature","properties":{"c":"zone"},"geometry":{"type":"Polygon","coordinates":[[[-117.76969,36.07832],[-117.76614,36.07847],[-117.76512,36.07435],[-117.76254,36.07081],[-117.75907,36.06777],[-117.75776,36.06498],[-117.75904,36.06022],[-117.76432,36.05398],[-117.77154,36.04119],[-117.7652,36.03556],[-117.76487,36.03096],[-117.7619,36.02721],[-117.76243,36.02402],[-117.76695,36.02003],[-117.76344,36.01893],[-117.76425,36.0146],[-117.76234,36.01145],[-117.76679,36.00209],[-117.77012,36.00317],[-117.76748,36.01087],[-117.76854,36.01669],[-117.77104,36.01779],[-117.76911,36.02295],[-117.76543,36.02538],[-117.76845,36.03384],[-117.7747,36.03932],[-117.77458,36.04321],[-117.76833,36.05526],[-117.76288,36.06074],[-117.76177,36.06553],[-117.76498,36.06847],[-117.76886,36.074],[-117.76969,36.07832]]]}},{"type":"Feature","properties":{"c":"zone"},"geometry":{"type":"Polygon","coordinates":[[[-117.7704,36.09149],[-117.76505,36.09098],[-117.76454,36.08336],[-117.76347,36.08097],[-117.76648,36.0794],[-117.76997,36.08657],[-117.7704,36.09149]]]}},{"type":"Feature","properties":{"c":"zone"},"geometry":{"type":"Polygon","coordinates":[[[-117.5009,34.29451],[-117.45894,34.27226],[-117.452,34.28089],[-117.44091,34.27474],[-117.42652,34.26243],[-117.43039,34.25721],[-117.41685,34.25003],[-117.44385,34.25003],[-117.45361,34.25481],[-117.46681,34.26368],[-117.47077,34.26789],[-117.48792,34.27564],[-117.5009,34.27889],[-117.50089,34.28306],[-117.48805,34.27965],[-117.46404,34.2698],[-117.50089,34.28845],[-117.5009,34.29451]]]}},{"type":"Feature","properties":{"c":"zone"},"geometry":{"type":"Polygon","coordinates":[[[-117.5009,34.26027],[-117.50089,34.26481],[-117.48017,34.25586],[-117.4709,34.25491],[-117.45375,34.25003],[-117.47574,34.25002],[-117.5009,34.26027]]]}},{"type":"Feature","properties":{"c":"zone"},"geometry":{"type":"Polygon","coordinates":[[[-117.5009,34.26027],[-117.48659,34.25002],[-117.49235,34.25002],[-117.5009,34.25453],[-117.5009,34.26027]]]}},{"type":"Feature","properties":{"c":"zone"},"geometry":{"type":"Polygon","coordinates":[[[-121.83362,37.49996],[-121.82982,37.49996],[-121.82194,37.48624],[-121.80434,37.45055],[-121.78788,37.42907],[-121.7854,37.42393],[-121.77897,37.41948],[-121.77578,37.41466],[-121.76359,37.40489],[-121.75821,37.39719],[-121.75107,37.39019],[-121.75107,37.38595],[-121.76345,37.39618],[-121.76953,37.40377],[-121.77998,37.41407],[-121.79337,37.42425],[-121.79612,37.428],[-121.79934,37.43456],[-121.8114,37.44523],[-121.8172,37.45237],[-121.83385,37.49705],[-121.83362,37.49996]]]}},{"type":"Feature","properties":{"c":"zone"},"geometry":{"type":"Polygon","coordinates":[[[-121.87059,37.44622],[-121.86416,37.4399],[-121.85558,37.43621],[-121.85102,37.428],[-121.82528,37.41466],[-121.81047,37.40397],[-121.80234,37.40122],[-121.79507,37.3964],[-121.79441,37.38523],[-121.79767,37.38523],[-121.80603,37.39243],[-121.81715,37.39383],[-121.82053,37.39794],[-121.8387,37.40128],[-121.84482,37.40792],[-121.84652,37.40727],[-121.85148,37.41135],[-121.85603,37.41836],[-121.86284,37.4212],[-121.86659,37.43274],[-121.87608,37.44096],[-121.87608,37.4488],[-121.87059,37.44622]],[[-121.85579,37.42751],[-121.86048,37.42698],[-121.8536,37.42134],[-121.8482,37.41241],[-121.84407,37.4112],[-121.83437,37.40413],[-121.82571,37.40268],[-121.81854,37.40094],[-121.81349,37.39613],[-121.80619,37.39705],[-121.79963,37.39159],[-121.79894,37.39473],[-121.80569,37.39949],[-121.80987,37.39994],[-121.82705,37.41121],[-121.85177,37.42462],[-121.85579,37.42751]]]}},{"type":"Feature","properties":{"c":"zone"},"geometry":{"type":"Polygon","coordinates":[[[-121.82811,37.3888],[-121.82545,37.38916],[-121.82439,37.38455],[-121.82123,37.38334],[-121.81652,37.37624],[-121.81897,37.37544],[-121.82305,37.38159],[-121.82706,37.38393],[-121.82811,37.3888]]]}},{"type":"Feature","properties":{"c":"zone"},"geometry":{"type":"Polygon","coordinates":[[[-121.80148,37.38681],[-121.79127,37.37496],[-121.79485,37.37496],[-121.80249,37.38223],[-121.80447,37.38547],[-121.80148,37.38681]]]}},{"type":"Feature","properties":{"c":"zone"},"geometry":{"type":"Polygon","coordinates":[[[-115.42664,32.75008],[-115.42226,32.75007],[-115.39418,32.71952],[-115.38964,32.7138],[-115.37866,32.70164],[-115.37818,32.69883],[-115.37583,32.69652],[-115.37583,32.69157],[-115.38451,32.70068],[-115.38446,32.70306],[-115.39087,32.71013],[-115.39889,32.72016],[-115.42664,32.75008]]]}},{"type":"Feature","properties":{"c":"zone"},"geometry":{"type":"Polygon","coordinates":[[[-120.00482,40.20775],[-120.00264,40.20831],[-119.99967,40.19973],[-119.99795,40.19983],[-119.99687,40.19255],[-119.99881,40.19196],[-119.99939,40.19465],[-120.00142,40.19485],[-120.00124,40.19795],[-120.00482,40.20775]]]}},{"type":"Feature","properties":{"c":"zone"},"geometry":{"type":"Polygon","coordinates":[[[-119.99696,40.16622],[-119.99696,40.15901],[-120.00936,40.16896],[-120.00688,40.17371],[-120.00997,40.18098],[-120.00597,40.18388],[-120.00849,40.19327],[-120.01046,40.19543],[-120.01359,40.20144],[-120.01434,40.20961],[-120.01217,40.20973],[-120.01157,40.20203],[-120.00921,40.19837],[-120.00708,40.19918],[-120.00356,40.19269],[-120.0056,40.19216],[-120.0045,40.18688],[-120.00249,40.18728],[-119.99891,40.1746],[-120.00301,40.17229],[-119.99696,40.16622]]]}},{"type":"Feature","properties":{"c":"zone"},"geometry":{"type":"Polygon","coordinates":[[[-120.03144,40.15043],[-120.02977,40.15055],[-120.02841,40.12492],[-120.03058,40.12492],[-120.03112,40.13531],[-120.03219,40.1435],[-120.03144,40.15043]]]}},{"type":"Feature","properties":{"c":"zone"},"geometry":{"type":"Polygon","coordinates":[[[-120.00212,40.14113],[-120.00023,40.14558],[-119.99692,40.15081],[-119.99698,40.14665],[-120.00019,40.13688],[-119.99703,40.13396],[-119.99704,40.1312],[-120.00282,40.13583],[-120.00212,40.14113]]]}},{"type":"Feature","properties":{"c":"zone"},"geometry":{"type":"Polygon","coordinates":[[[-120.02478,40.15052],[-120.0234,40.15706],[-120.02133,40.15685],[-120.02091,40.15287],[-120.01684,40.16073],[-120.01489,40.16006],[-120.01965,40.15093],[-120.0257,40.1414],[-120.02757,40.14209],[-120.02453,40.14704],[-120.02478,40.15052]]]}},{"type":"Feature","properties":{"c":"zone"},"geometry":{"type":"Polygon","coordinates":[[[-120.04435,40.1824],[-120.04308,40.18361],[-120.03979,40.18096],[-120.03555,40.17033],[-120.03475,40.16567],[-120.03723,40.16571],[-120.04014,40.15922],[-120.04003,40.14381],[-120.04217,40.14376],[-120.04281,40.15944],[-120.03784,40.16996],[-120.04211,40.18069],[-120.04435,40.1824]]]}},{"type":"Feature","properties":{"c":"zone"},"geometry":{"type":"Polygon","coordinates":[[[-120.05064,40.18833],[-120.04856,40.18787],[-120.04993,40.18496],[-120.04616,40.17841],[-120.04483,40.17284],[-120.04694,40.17259],[-120.04946,40.17991],[-120.0525,40.18421],[-120.05064,40.18833]]]}},{"type":"Feature","properties":{"c":"zone"},"geometry":{"type":"Polygon","coordinates":[[[-120.09912,40.17613],[-120.09561,40.1759],[-120.09661,40.16643],[-120.09073,40.1605],[-120.08631,40.15195],[-120.08279,40.15213],[-120.07893,40.14647],[-120.07852,40.1419],[-120.07416,40.14207],[-120.07316,40.13757],[-120.06534,40.13337],[-120.06104,40.12806],[-120.06062,40.12563],[-120.06321,40.12493],[-120.06926,40.12493],[-120.07493,40.13135],[-120.0759,40.1359],[-120.07902,40.13482],[-120.08237,40.1407],[-120.08207,40.14525],[-120.08617,40.1498],[-120.08593,40.14768],[-120.08945,40.14747],[-120.08961,40.15108],[-120.09387,40.15921],[-120.10029,40.16586],[-120.09912,40.17613]]]}},{"type":"Feature","properties":{"c":"zone"},"geometry":{"type":"Polygon","coordinates":[[[-120.11937,40.13597],[-120.11751,40.13677],[-120.11208,40.12903],[-120.10655,40.12492],[-120.11008,40.12492],[-120.11392,40.12787],[-120.11937,40.13597]]]}},{"type":"Feature","properties":{"c":"zone"},"geometry":{"type":"Polygon","coordinates":[[[-120.12116,40.18524],[-120.11773,40.18569],[-120.11635,40.17895],[-120.10767,40.1669],[-120.11077,40.16552],[-120.11973,40.17837],[-120.12116,40.18524]]]}},{"type":"Feature","properties":{"c":"zone"},"geometry":{"type":"Polygon","coordinates":[[[-119.1088,34.25002],[-119.10396,34.25002],[-119.09804,34.23325],[-119.10117,34.23254],[-119.10323,34.23835],[-119.10693,34.24418],[-119.1088,34.25002]]]}},{"type":"Feature","properties":{"c":"zone"},"geometry":{"type":"Polygon","coordinates":[[[-119.10309,34.22355],[-119.09524,34.22593],[-119.08693,34.22467],[-119.07536,34.22804],[-119.07329,34.23306],[-119.06876,34.23441],[-119.06686,34.23829],[-119.05143,34.24616],[-119.04529,34.24821],[-119.03436,34.24924],[-119.02885,34.24882],[-119.02336,34.25002],[-119.01543,34.25002],[-119.02013,34.24797],[-119.02813,34.24606],[-119.03352,34.24649],[-119.04406,34.24553],[-119.05059,34.24337],[-119.07185,34.22913],[-119.05428,34.23324],[-119.05332,34.23057],[-119.06984,34.22649],[-119.08603,34.22164],[-119.09495,34.22301],[-119.10198,34.22095],[-119.10309,34.22355]]]}},{"type":"Feature","properties":{"c":"zone"},"geometry":{"type":"Polygon","coordinates":[[[-119.06971,34.2148],[-119.03656,34.2144],[-119.03476,34.21614],[-119.01949,34.21642],[-119.01338,34.21811],[-119.00811,34.21701],[-119.00289,34.21927],[-119.00143,34.2168],[-119.00774,34.21413],[-119.01319,34.21532],[-119.01964,34.2136],[-119.0286,34.21351],[-119.03414,34.21138],[-119.06978,34.2119],[-119.06971,34.2148]]]}},{"type":"Feature","properties":{"c":"zone"},"geometry":{"type":"Polygon","coordinates":[[[-119.01804,34.22504],[-119.01685,34.22763],[-119.00884,34.22504],[-119.00329,34.22602],[-119.00252,34.22336],[-119.00909,34.22215],[-119.01804,34.22504]]]}},{"type":"Feature","properties":{"c":"zone"},"geometry":{"type":"Polygon","coordinates":[[[-116.75088,34.70971],[-116.7344,34.69831],[-116.72425,34.69019],[-116.716,34.68571],[-116.69799,34.67266],[-116.68806,34.6665],[-116.67315,34.65489],[-116.66852,34.6499],[-116.66238,34.64244],[-116.65452,34.63791],[-116.6479,34.63281],[-116.63476,34.625],[-116.64045,34.62501],[-116.64465,34.62704],[-116.6536,34.6331],[-116.65718,34.63627],[-116.66473,34.64044],[-116.67576,34.65306],[-116.69452,34.66736],[-116.6992,34.66981],[-116.70595,34.67519],[-116.71818,34.68366],[-116.72626,34.68792],[-116.73667,34.69628],[-116.75088,34.70616],[-116.75088,34.70971]]]}},{"type":"Feature","properties":{"c":"zone"},"geometry":{"type":"Polygon","coordinates":[[[-117.89094,35.30949],[-117.89827,35.30093],[-117.90706,35.29457],[-117.9156,35.28719],[-117.91969,35.28711],[-117.92707,35.28127],[-117.92944,35.28321],[-117.92131,35.29007],[-117.91792,35.29018],[-117.91157,35.29573],[-117.90127,35.3026],[-117.89379,35.31153],[-117.89094,35.30949]]]}},{"type":"Feature","properties":{"c":"zone"},"geometry":{"type":"Polygon","coordinates":[[[-117.887,35.30349],[-117.89722,35.29384],[-117.89973,35.28955],[-117.90219,35.29074],[-117.90657,35.28881],[-117.90796,35.29146],[-117.90135,35.29552],[-117.899,35.29616],[-117.89462,35.30016],[-117.89528,35.30117],[-117.89011,35.30641],[-117.887,35.30349]]]}},{"type":"Feature","properties":{"c":"zone"},"geometry":{"type":"Polygon","coordinates":[[[-117.87591,35.30131],[-117.87591,35.29396],[-117.88771,35.28386],[-117.89005,35.28649],[-117.8862,35.28944],[-117.88706,35.29095],[-117.87591,35.30131]]]}},{"type":"Feature","properties":{"c":"zone"},"geometry":{"type":"Polygon","coordinates":[[[-117.93462,35.29697],[-117.93043,35.29572],[-117.93563,35.28821],[-117.93235,35.29052],[-117.92917,35.2897],[-117.92677,35.29184],[-117.92363,35.29057],[-117.92624,35.28886],[-117.9317,35.28251],[-117.93323,35.28371],[-117.93241,35.28555],[-117.93918,35.28681],[-117.93908,35.28886],[-117.9484,35.28556],[-117.95029,35.2869],[-117.94733,35.29012],[-117.93826,35.29268],[-117.93462,35.29697]]]}},{"type":"Feature","properties":{"c":"zone"},"geometry":{"type":"Polygon","coordinates":[[[-117.96288,35.29479],[-117.9595,35.29538],[-117.95798,35.29088],[-117.9597,35.28675],[-117.9635,35.28452],[-117.97828,35.27105],[-117.97703,35.26964],[-117.9815,35.26715],[-117.98296,35.26814],[-117.98744,35.26523],[-117.98872,35.26637],[-118.00092,35.2589],[-118.00092,35.27554],[-117.99985,35.26658],[-117.99817,35.26645],[-117.99805,35.27519],[-117.99449,35.27503],[-117.9942,35.26694],[-117.9907,35.27307],[-117.99244,35.27647],[-117.98964,35.27742],[-117.9908,35.28127],[-117.99502,35.28709],[-117.99189,35.28855],[-117.98759,35.28312],[-117.98553,35.27661],[-117.98554,35.27235],[-117.98005,35.27654],[-117.9775,35.27673],[-117.96208,35.2904],[-117.96288,35.29479]]]}},{"type":"Feature","properties":{"c":"zone"},"geometry":{"type":"Polygon","coordinates":[[[-117.89281,35.28945],[-117.8897,35.28938],[-117.89005,35.28649],[-117.89148,35.28122],[-117.89587,35.27672],[-117.89656,35.27264],[-117.90169,35.26335],[-117.89901,35.2626],[-117.90398,35.25182],[-117.90652,35.25231],[-117.9062,35.2549],[-117.91256,35.25012],[-117.91551,35.25099],[-117.9097,35.2557],[-117.90023,35.2727],[-117.8995,35.27797],[-117.8942,35.28393],[-117.89978,35.28399],[-117.89991,35.28566],[-117.89375,35.28577],[-117.89281,35.28945]]]}},{"type":"Feature","properties":{"c":"zone"},"geometry":{"type":"Polygon","coordinates":[[[-117.90478,35.28132],[-117.90983,35.2778],[-117.9112,35.27903],[-117.90621,35.28276],[-117.90478,35.28132]]]}},{"type":"Feature","properties":{"c":"zone"},"geometry":{"type":"Polygon","coordinates":[[[-117.94053,35.28092],[-117.94212,35.27713],[-117.95787,35.27227],[-117.96561,35.26777],[-117.96714,35.26974],[-117.95737,35.27504],[-117.94648,35.27826],[-117.94204,35.2819],[-117.94053,35.28092]]]}},{"type":"Feature","properties":{"c":"zone"},"geometry":{"type":"Polygon","coordinates":[[[-117.91577,35.28146],[-117.91646,35.27709],[-117.91862,35.27743],[-117.91772,35.28183],[-117.91577,35.28146]]]}},{"type":"Feature","properties":{"c":"zone"},"geometry":{"type":"Polygon","coordinates":[[[-117.90726,35.27098],[-117.9116,35.26468],[-117.91337,35.26533],[-117.91072,35.27088],[-117.92693,35.26675],[-117.92748,35.26838],[-117.91003,35.27321],[-117.90726,35.27098]]]}},{"type":"Feature","properties":{"c":"zone"},"geometry":{"type":"Polygon","coordinates":[[[-117.87591,35.35794],[-117.89769,35.34642],[-117.90351,35.34418],[-117.91742,35.33556],[-117.92419,35.3348],[-117.9272,35.33051],[-117.93265,35.32972],[-117.95411,35.31755],[-117.97904,35.30901],[-117.98319,35.30992],[-118.00092,35.29811],[-118.00092,35.30195],[-117.99238,35.31621],[-117.98744,35.32239],[-117.98429,35.32139],[-117.98508,35.31703],[-117.99074,35.3127],[-117.98895,35.31079],[-117.98409,35.31328],[-117.98057,35.31187],[-117.9541,35.32091],[-117.93111,35.33431],[-117.9314,35.33739],[-117.92936,35.33755],[-117.92921,35.33513],[-117.9254,35.3384],[-117.91996,35.33963],[-117.90701,35.34509],[-117.90413,35.34894],[-117.89913,35.34942],[-117.87591,35.36191],[-117.87591,35.35794]]]}},{"type":"Feature","properties":{"c":"zone"},"geometry":{"type":"Polygon","coordinates":[[[-116.12586,32.82535],[-116.09363,32.81464],[-116.07163,32.80486],[-116.04211,32.78905],[-116.03726,32.78765],[-116.03279,32.78788],[-116.01848,32.7838],[-116.01368,32.78382],[-116.01162,32.78078],[-116.00699,32.77674],[-116.00086,32.77554],[-116.00086,32.77266],[-116.00891,32.77443],[-116.01899,32.77981],[-116.02008,32.7812],[-116.0331,32.78517],[-116.03728,32.78488],[-116.04502,32.78708],[-116.07577,32.80353],[-116.09715,32.81262],[-116.12586,32.82239],[-116.12586,32.82535]]]}},{"type":"Feature","properties":{"c":"zone"},"geometry":{"type":"Polygon","coordinates":[[[-121.52795,40.88102],[-121.52995,40.88027],[-121.53173,40.88248],[-121.53172,40.87828],[-121.53011,40.8749],[-121.53269,40.8749],[-121.53402,40.87733],[-121.53488,40.88001],[-121.5341,40.8847],[-121.531,40.88664],[-121.52795,40.88102]]]}},{"type":"Feature","properties":{"c":"zone"},"geometry":{"type":"Polygon","coordinates":[[[-121.54463,40.91509],[-121.5425,40.91568],[-121.54035,40.91129],[-121.54057,40.90954],[-121.53851,40.8942],[-121.54064,40.89404],[-121.54328,40.91013],[-121.54463,40.91509]]]}},{"type":"Feature","properties":{"c":"zone"},"geometry":{"type":"Polygon","coordinates":[[[-121.53287,40.9122],[-121.53067,40.91235],[-121.53031,40.90852],[-121.52866,40.90365],[-121.52801,40.89247],[-121.52999,40.88895],[-121.53182,40.88971],[-121.53036,40.89294],[-121.53124,40.90376],[-121.53263,40.90848],[-121.53287,40.9122]]]}},{"type":"Feature","properties":{"c":"zone"},"geometry":{"type":"Polygon","coordinates":[[[-121.56906,40.92245],[-121.56755,40.92368],[-121.55996,40.91803],[-121.55718,40.91421],[-121.55722,40.90788],[-121.55598,40.90433],[-121.55678,40.89642],[-121.55894,40.88995],[-121.56359,40.8819],[-121.5646,40.87867],[-121.56473,40.8749],[-121.56684,40.8749],[-121.56673,40.87904],[-121.56573,40.88267],[-121.56119,40.8904],[-121.55902,40.89654],[-121.5583,40.90395],[-121.55959,40.90794],[-121.55927,40.91322],[-121.56176,40.91692],[-121.56906,40.92245]]]}},{"type":"Feature","properties":{"c":"zone"},"geometry":{"type":"Polygon","coordinates":[[[-121.58719,40.96693],[-121.58493,40.96742],[-121.58075,40.96031],[-121.58102,40.95292],[-121.57553,40.94123],[-121.57766,40.94066],[-121.58362,40.95278],[-121.58286,40.95866],[-121.58719,40.96693]]]}},{"type":"Feature","properties":{"c":"zone"},"geometry":{"type":"Polygon","coordinates":[[[-121.60136,40.9999],[-121.59907,40.9999],[-121.59748,40.99339],[-121.59964,40.99311],[-121.60136,40.9999]]]}},{"type":"Feature","properties":{"c":"zone"},"geometry":{"type":"Polygon","coordinates":[[[-121.60331,40.96111],[-121.5992,40.95545],[-121.59728,40.9517],[-121.5992,40.95078],[-121.60474,40.95734],[-121.60758,40.95689],[-121.60935,40.96214],[-121.60664,40.96268],[-121.60588,40.96094],[-121.60331,40.96111]]]}},{"type":"Feature","properties":{"c":"zone"},"geometry":{"type":"Polygon","coordinates":[[[-121.61773,40.99108],[-121.62204,40.99599],[-121.62611,40.99908],[-121.62611,40.99989],[-121.62379,40.99989],[-121.61957,40.99645],[-121.61524,40.9913],[-121.61671,40.98869],[-121.61407,40.98587],[-121.61209,40.9817],[-121.59942,40.96921],[-121.59567,40.96465],[-121.59263,40.9621],[-121.59679,40.97202],[-121.60699,40.9856],[-121.60495,40.98626],[-121.59433,40.97217],[-121.59021,40.96205],[-121.5889,40.95058],[-121.5911,40.9382],[-121.59328,40.93853],[-121.59121,40.94987],[-121.59282,40.95999],[-121.59741,40.96384],[-121.60089,40.96774],[-121.60895,40.9755],[-121.61381,40.97914],[-121.61609,40.98496],[-121.61861,40.98702],[-121.61908,40.98901],[-121.61773,40.99108]]]}},{"type":"Feature","properties":{"c":"zone"},"geometry":{"type":"Polygon","coordinates":[[[-121.61306,40.95823],[-121.61129,40.95925],[-121.60419,40.95148],[-121.60348,40.94915],[-121.60184,40.94704],[-121.59996,40.94177],[-121.60229,40.94133],[-121.60416,40.94625],[-121.60582,40.94834],[-121.60637,40.95096],[-121.61306,40.95823]]]}},{"type":"Feature","properties":{"c":"zone"},"geometry":{"type":"Polygon","coordinates":[[[-121.62611,40.95886],[-121.62358,40.95384],[-121.62064,40.93713],[-121.61826,40.93755],[-121.61457,40.93081],[-121.61509,40.92752],[-121.61277,40.92018],[-121.61375,40.90989],[-121.61926,40.90373],[-121.62132,40.89299],[-121.62062,40.88846],[-121.62045,40.88148],[-121.6178,40.87792],[-121.62096,40.8766],[-121.624,40.88064],[-121.62406,40.88845],[-121.62514,40.89259],[-121.6232,40.9019],[-121.62465,40.91127],[-121.62114,40.91139],[-121.62009,40.90858],[-121.61735,40.9139],[-121.61649,40.92029],[-121.61944,40.92954],[-121.62461,40.93722],[-121.62611,40.94419],[-121.62611,40.95886]]]}},{"type":"Feature","properties":{"c":"zone"},"geometry":{"type":"Polygon","coordinates":[[[-122.07548,37.24996],[-122.0642,37.24304],[-122.05435,37.2328],[-122.04689,37.21774],[-122.02863,37.20488],[-122.01786,37.19584],[-122.00108,37.18894],[-122.00108,37.17902],[-122.02031,37.18881],[-122.0285,37.19887],[-122.04911,37.21346],[-122.07746,37.24268],[-122.08639,37.24996],[-122.07548,37.24996]]]}},{"type":"Feature","properties":{"c":"zone"},"geometry":{"type":"Polygon","coordinates":[[[-116.75086,34.07843],[-116.73175,34.06048],[-116.72229,34.05712],[-116.68532,34.07348],[-116.65555,34.08009],[-116.64054,34.0822],[-116.62586,34.08088],[-116.62586,34.07724],[-116.65055,34.0768],[-116.68532,34.0692],[-116.6965,34.06199],[-116.71825,34.05249],[-116.71475,34.04994],[-116.69458,34.0469],[-116.65002,34.02961],[-116.62586,34.02391],[-116.62586,34.01736],[-116.62981,34.01715],[-116.63007,34.02014],[-116.65614,34.02715],[-116.68516,34.03894],[-116.72526,34.04521],[-116.75086,34.0463],[-116.75086,34.05058],[-116.73855,34.04969],[-116.75087,34.0617],[-116.75086,34.06833],[-116.74138,34.06346],[-116.75086,34.07271],[-116.75086,34.07843]]]}},{"type":"Feature","properties":{"c":"zone"},"geometry":{"type":"Polygon","coordinates":[[[-116.4185,33.87503],[-116.3924,33.86021],[-116.37586,33.84613],[-116.37586,33.8417],[-116.406,33.86319],[-116.43292,33.87504],[-116.4185,33.87503]]]}},{"type":"Feature","properties":{"c":"zone"},"geometry":{"type":"Polygon","coordinates":[[[-121.61846,37.62493],[-121.60824,37.61295],[-121.60302,37.6049],[-121.59037,37.59081],[-121.58929,37.58772],[-121.58357,37.5829],[-121.58241,37.57645],[-121.576,37.56775],[-121.57379,37.5616],[-121.57054,37.55845],[-121.56271,37.53699],[-121.55892,37.53036],[-121.54818,37.51529],[-121.53935,37.49995],[-121.54357,37.49995],[-121.55646,37.52093],[-121.55812,37.52236],[-121.56773,37.53429],[-121.56739,37.53851],[-121.57158,37.54945],[-121.57589,37.55579],[-121.57982,37.56631],[-121.59008,37.5803],[-121.5944,37.58939],[-121.61112,37.60948],[-121.61376,37.61446],[-121.61981,37.62148],[-121.62319,37.62493],[-121.61846,37.62493]]]}},{"type":"Feature","properties":{"c":"zone"},"geometry":{"type":"Polygon","coordinates":[[[-120.152,41.51219],[-120.15432,41.51283],[-120.15188,41.51808],[-120.15165,41.52376],[-120.15264,41.52712],[-120.15531,41.53119],[-120.15324,41.53194],[-120.15002,41.52708],[-120.15035,41.53009],[-120.14812,41.53031],[-120.14724,41.52372],[-120.14512,41.52154],[-120.14372,41.51505],[-120.14652,41.50725],[-120.14529,41.50027],[-120.14831,41.49991],[-120.14952,41.5063],[-120.14621,41.51495],[-120.14731,41.52086],[-120.14867,41.52223],[-120.14829,41.51969],[-120.152,41.51219]]]}},{"type":"Feature","properties":{"c":"zone"},"geometry":{"type":"Polygon","coordinates":[[[-120.1541,41.60685],[-120.15208,41.60604],[-120.15503,41.60189],[-120.15615,41.59293],[-120.15842,41.59313],[-120.15727,41.60246],[-120.1541,41.60685]]]}},{"type":"Feature","properties":{"c":"zone"},"geometry":{"type":"Polygon","coordinates":[[[-120.15801,41.53413],[-120.15576,41.53417],[-120.15555,41.5286],[-120.15825,41.51905],[-120.15848,41.51609],[-120.16069,41.51616],[-120.16052,41.51931],[-120.15784,41.52847],[-120.15801,41.53413]]]}},{"type":"Feature","properties":{"c":"zone"},"geometry":{"type":"Polygon","coordinates":[[[-120.21716,41.62491],[-120.21235,41.62491],[-120.20855,41.61856],[-120.20134,41.59707],[-120.18526,41.58774],[-120.18244,41.58295],[-120.1809,41.59653],[-120.17948,41.6],[-120.17972,41.60658],[-120.17773,41.6117],[-120.17189,41.62137],[-120.16864,41.62039],[-120.17536,41.60814],[-120.17576,41.59912],[-120.17761,41.59546],[-120.17787,41.58895],[-120.17909,41.58575],[-120.179,41.57942],[-120.17725,41.57357],[-120.18024,41.57302],[-120.18121,41.57599],[-120.18348,41.57301],[-120.18241,41.56739],[-120.18361,41.5635],[-120.18137,41.55615],[-120.18546,41.54122],[-120.18251,41.53589],[-120.18273,41.53186],[-120.18508,41.5319],[-120.18486,41.53582],[-120.18721,41.53993],[-120.18833,41.53784],[-120.18615,41.53347],[-120.1869,41.52957],[-120.18455,41.52551],[-120.189,41.51623],[-120.19712,41.51023],[-120.19805,41.5064],[-120.19621,41.50284],[-120.19618,41.49992],[-120.20007,41.49992],[-120.20194,41.50578],[-120.20065,41.51158],[-120.19156,41.5192],[-120.18874,41.52566],[-120.19144,41.52909],[-120.19019,41.5325],[-120.19244,41.53807],[-120.1878,41.54723],[-120.18562,41.55535],[-120.18758,41.56357],[-120.18623,41.56744],[-120.18725,41.57331],[-120.18412,41.57852],[-120.1895,41.58668],[-120.20039,41.59224],[-120.20502,41.59608],[-120.21328,41.61866],[-120.21716,41.62491]]]}},{"type":"Feature","properties":{"c":"zone"},"geometry":{"type":"Polygon","coordinates":[[[-120.15597,41.5245],[-120.15379,41.52457],[-120.15334,41.51816],[-120.15542,41.51315],[-120.15726,41.51163],[-120.16391,41.50152],[-120.16635,41.49991],[-120.17054,41.49992],[-120.1711,41.50114],[-120.1735,41.49992],[-120.17492,41.50131],[-120.17244,41.50269],[-120.16958,41.50662],[-120.16171,41.50909],[-120.16066,41.51163],[-120.15723,41.51458],[-120.15577,41.51822],[-120.15597,41.5245]],[[-120.16264,41.50696],[-120.16785,41.50525],[-120.16915,41.50284],[-120.16846,41.50056],[-120.16264,41.50696]]]}},{"type":"Feature","properties":{"c":"zone"},"geometry":{"type":"Polygon","coordinates":[[[-118.35244,37.58657],[-118.34877,37.58661],[-118.34851,37.58018],[-118.34131,37.55475],[-118.33817,37.55057],[-118.33713,37.54159],[-118.33525,37.54113],[-118.33624,37.53857],[-118.33265,37.52758],[-118.33468,37.52069],[-118.33412,37.51773],[-118.3246,37.51579],[-118.32911,37.50926],[-118.33097,37.49995],[-118.3394,37.49995],[-118.33858,37.50188],[-118.34243,37.50987],[-118.33942,37.51983],[-118.33706,37.52501],[-118.33655,37.52961],[-118.34034,37.53709],[-118.34162,37.54681],[-118.34474,37.55345],[-118.35222,37.58042],[-118.35244,37.58657]]]}},{"type":"Feature","properties":{"c":"zone"},"geometry":{"type":"Polygon","coordinates":[[[-121.25105,36.68593],[-121.25105,36.69323],[-121.2462,36.68503],[-121.23907,36.67873],[-121.23255,36.675],[-121.2224,36.66662],[-121.20261,36.65134],[-121.20362,36.64979],[-121.18983,36.63451],[-121.17833,36.62498],[-121.18389,36.62498],[-121.19596,36.63631],[-121.20692,36.64872],[-121.22264,36.66307],[-121.23484,36.67074],[-121.23775,36.67402],[-121.24451,36.67876],[-121.25105,36.68593]]]}},{"type":"Feature","properties":{"c":"zone"},"geometry":{"type":"Polygon","coordinates":[[[-121.25105,36.64642],[-121.25105,36.65073],[-121.2412,36.64318],[-121.23864,36.63979],[-121.227,36.63028],[-121.22182,36.62498],[-121.2276,36.62498],[-121.23852,36.63594],[-121.24196,36.63766],[-121.2455,36.64234],[-121.25105,36.64642]]]}},{"type":"Feature","properties":{"c":"zone"},"geometry":{"type":"Polygon","coordinates":[[[-121.23257,36.64088],[-121.23141,36.64211],[-121.2201,36.63392],[-121.21734,36.63035],[-121.21541,36.62975],[-121.21222,36.62498],[-121.21608,36.62498],[-121.21711,36.62706],[-121.23007,36.6359],[-121.22855,36.63745],[-121.23257,36.64088]]]}},{"type":"Feature","properties":{"c":"zone"},"geometry":{"type":"Polygon","coordinates":[[[-121.25105,36.65457],[-121.2482,36.65252],[-121.24647,36.65474],[-121.24115,36.65121],[-121.24315,36.64905],[-121.23991,36.64715],[-121.24118,36.64576],[-121.25105,36.65219],[-121.25105,36.65457]]]}},{"type":"Feature","properties":{"c":"zone"},"geometry":{"type":"Polygon","coordinates":[[[-118.49718,37.62494],[-118.49334,37.62494],[-118.49034,37.60918],[-118.4831,37.59788],[-118.49323,37.59774],[-118.49209,37.58862],[-118.4847,37.58025],[-118.47702,37.58055],[-118.46971,37.57473],[-118.47398,37.56948],[-118.46717,37.56084],[-118.46033,37.56089],[-118.46007,37.55369],[-118.44807,37.5516],[-118.46205,37.58276],[-118.47238,37.60114],[-118.47644,37.61358],[-118.47311,37.61432],[-118.46667,37.60263],[-118.46401,37.61218],[-118.45905,37.61145],[-118.46281,37.59313],[-118.45866,37.59318],[-118.45783,37.5884],[-118.43129,37.55992],[-118.41669,37.5598],[-118.41325,37.53707],[-118.40818,37.52637],[-118.42531,37.52986],[-118.42383,37.51301],[-118.42688,37.49995],[-118.43442,37.49995],[-118.4352,37.51288],[-118.44121,37.51597],[-118.45569,37.52776],[-118.46051,37.53909],[-118.46461,37.55303],[-118.4782,37.56919],[-118.48745,37.56937],[-118.50097,37.57898],[-118.50097,37.60151],[-118.49719,37.59476],[-118.49881,37.6148],[-118.49718,37.62494]]]}},{"type":"Feature","properties":{"c":"zone"},"geometry":{"type":"Polygon","coordinates":[[[-118.45659,37.62495],[-118.45196,37.62495],[-118.44989,37.61427],[-118.44251,37.60619],[-118.43989,37.59985],[-118.44182,37.59476],[-118.44329,37.58273],[-118.44672,37.58214],[-118.45027,37.59459],[-118.4509,37.60517],[-118.45659,37.62495]]]}},{"type":"Feature","properties":{"c":"zone"},"geometry":{"type":"Polygon","coordinates":[[[-118.39268,37.49994],[-118.39579,37.49994],[-118.39599,37.5056],[-118.39324,37.50574],[-118.39268,37.49994]]]}},{"type":"Feature","properties":{"c":"zone"},"geometry":{"type":"Polygon","coordinates":[[[-118.50096,37.57022],[-118.48907,37.55423],[-118.48459,37.54347],[-118.48277,37.53328],[-118.46385,37.51268],[-118.45847,37.49995],[-118.49469,37.49994],[-118.49527,37.50978],[-118.50011,37.52541],[-118.49982,37.53846],[-118.50097,37.542],[-118.50096,37.57022]]]}},{"type":"Feature","properties":{"c":"zone"},"geometry":{"type":"Polygon","coordinates":[[[-118.39139,37.58586],[-118.38839,37.58452],[-118.39072,37.58176],[-118.3934,37.57586],[-118.39023,37.57478],[-118.39209,37.57123],[-118.38955,37.56964],[-118.39648,37.56299],[-118.40441,37.55687],[-118.40623,37.55445],[-118.40096,37.54909],[-118.39957,37.55308],[-118.3963,37.55241],[-118.39765,37.54833],[-118.3934,37.53918],[-118.39408,37.53626],[-118.38909,37.53126],[-118.39022,37.52474],[-118.39714,37.51951],[-118.39601,37.51116],[-118.39806,37.50655],[-118.39785,37.50243],[-118.39941,37.49994],[-118.40266,37.49995],[-118.40404,37.50653],[-118.40171,37.51116],[-118.4029,37.51971],[-118.40604,37.52464],[-118.40741,37.52977],[-118.41005,37.53628],[-118.40674,37.53722],[-118.40319,37.52845],[-118.39832,37.53468],[-118.39686,37.5386],[-118.39972,37.5442],[-118.40453,37.54742],[-118.41244,37.55601],[-118.41698,37.56276],[-118.41543,37.57125],[-118.41019,37.57079],[-118.40628,37.56712],[-118.40857,37.56206],[-118.4081,37.55791],[-118.39491,37.56892],[-118.39909,37.57197],[-118.39397,37.58244],[-118.39139,37.58586]],[[-118.39666,37.53158],[-118.40197,37.52452],[-118.39991,37.52121],[-118.39424,37.52507],[-118.39307,37.52771],[-118.39666,37.53158]]]}},{"type":"Feature","properties":{"c":"zone"},"geometry":{"type":"Polygon","coordinates":[[[-121.62607,36.96491],[-121.61767,36.95987],[-121.5803,36.94921],[-121.5783,36.94727],[-121.56917,36.9447],[-121.58018,36.95128],[-121.58681,36.95405],[-121.59473,36.95922],[-121.6054,36.97041],[-121.60098,36.97082],[-121.5854,36.95689],[-121.57372,36.95103],[-121.57038,36.94861],[-121.57315,36.95236],[-121.57011,36.9535],[-121.56339,36.94564],[-121.55432,36.93859],[-121.54602,36.92977],[-121.54085,36.92502],[-121.52873,36.92033],[-121.5135,36.91261],[-121.50106,36.90896],[-121.50106,36.89601],[-121.5135,36.90822],[-121.53195,36.91695],[-121.54284,36.92349],[-121.54687,36.92671],[-121.55954,36.94003],[-121.56659,36.94014],[-121.5789,36.94422],[-121.5905,36.94644],[-121.60718,36.95274],[-121.61065,36.94937],[-121.62135,36.95548],[-121.62607,36.95991],[-121.62607,36.96491]]]}},{"type":"Feature","properties":{"c":"zone"},"geometry":{"type":"Polygon","coordinates":[[[-121.62607,36.91831],[-121.61732,36.91488],[-121.61001,36.91291],[-121.60897,36.91158],[-121.6009,36.90985],[-121.60589,36.90241],[-121.60533,36.89944],[-121.5845,36.88364],[-121.57505,36.87826],[-121.57091,36.87498],[-121.57753,36.87498],[-121.58704,36.88129],[-121.59763,36.88557],[-121.60711,36.89154],[-121.61319,36.89986],[-121.62607,36.90917],[-121.62607,36.91831]]]}},{"type":"Feature","properties":{"c":"zone"},"geometry":{"type":"Polygon","coordinates":[[[-117.92513,37.48134],[-117.92283,37.48248],[-117.92148,37.48081],[-117.91007,37.4732],[-117.9051,37.46622],[-117.90164,37.46571],[-117.90249,37.46948],[-117.90447,37.47165],[-117.90596,37.47637],[-117.90297,37.47703],[-117.90141,37.47257],[-117.89962,37.47068],[-117.8958,37.45927],[-117.87813,37.44439],[-117.87594,37.44046],[-117.87594,37.43445],[-117.87907,37.43817],[-117.88106,37.4418],[-117.8889,37.44935],[-117.90813,37.46536],[-117.91018,37.46816],[-117.91392,37.46907],[-117.91568,37.47294],[-117.92249,37.47803],[-117.92513,37.48134]]]}},{"type":"Feature","properties":{"c":"zone"},"geometry":{"type":"Polygon","coordinates":[[[-117.94818,37.49995],[-117.94418,37.49995],[-117.94286,37.49814],[-117.93983,37.49602],[-117.93638,37.49033],[-117.9332,37.48865],[-117.92915,37.48455],[-117.92794,37.47889],[-117.92627,37.47655],[-117.9264,37.47323],[-117.92781,37.47023],[-117.92623,37.466],[-117.92957,37.46522],[-117.9313,37.46995],[-117.93138,37.47868],[-117.93398,37.48228],[-117.93447,37.48549],[-117.9396,37.48877],[-117.94279,37.49422],[-117.94527,37.49604],[-117.94818,37.49995]]]}},{"type":"Feature","properties":{"c":"zone"},"geometry":{"type":"Polygon","coordinates":[[[-117.96516,37.49995],[-117.96097,37.49995],[-117.95992,37.49809],[-117.95955,37.49487],[-117.95482,37.49232],[-117.95222,37.48939],[-117.95069,37.48284],[-117.94724,37.47632],[-117.95049,37.47526],[-117.95299,37.47872],[-117.95519,37.48546],[-117.95553,37.48826],[-117.95747,37.4901],[-117.96287,37.49199],[-117.9634,37.49736],[-117.96516,37.49995]]]}},{"type":"Feature","properties":{"c":"zone"},"geometry":{"type":"Polygon","coordinates":[[[-117.94916,37.4965],[-117.94718,37.4974],[-117.94418,37.49331],[-117.94611,37.49245],[-117.94916,37.4965]]]}},{"type":"Feature","properties":{"c":"zone"},"geometry":{"type":"Polygon","coordinates":[[[-117.93046,37.49995],[-117.92497,37.49995],[-117.92311,37.499],[-117.92464,37.49703],[-117.93046,37.49995]]]}},{"type":"Feature","properties":{"c":"zone"},"geometry":{"type":"Polygon","coordinates":[[[-117.97536,37.37792],[-117.97288,37.37736],[-117.97371,37.37495],[-117.97651,37.37495],[-117.97536,37.37792]]]}},{"type":"Feature","properties":{"c":"zone"},"geometry":{"type":"Polygon","coordinates":[[[-117.95901,37.42647],[-117.95666,37.42658],[-117.95639,37.42321],[-117.95431,37.41886],[-117.95235,37.41669],[-117.95264,37.41859],[-117.95122,37.42108],[-117.9523,37.4257],[-117.94968,37.42607],[-117.94755,37.41632],[-117.9459,37.41715],[-117.944,37.41468],[-117.95721,37.4085],[-117.95928,37.40579],[-117.95502,37.4016],[-117.95482,37.39569],[-117.95311,37.3933],[-117.95917,37.38705],[-117.95791,37.38276],[-117.95604,37.3817],[-117.95666,37.37909],[-117.96063,37.37495],[-117.96626,37.37495],[-117.96024,37.38047],[-117.96247,37.38405],[-117.96298,37.38764],[-117.95785,37.39362],[-117.95874,37.39538],[-117.95881,37.40025],[-117.96297,37.40078],[-117.96425,37.40466],[-117.96065,37.41034],[-117.95342,37.4139],[-117.95679,37.41845],[-117.9587,37.42267],[-117.95901,37.42647]]]}},{"type":"Feature","properties":{"c":"zone"},"geometry":{"type":"Polygon","coordinates":[[[-120.30425,35.74999],[-120.29981,35.74999],[-120.29205,35.74119],[-120.2847,35.73125],[-120.27563,35.72088],[-120.26805,35.71455],[-120.25099,35.69882],[-120.251,35.69072],[-120.26548,35.70438],[-120.26831,35.70979],[-120.27898,35.71917],[-120.28468,35.72547],[-120.29507,35.73984],[-120.30425,35.74999]]]}},{"type":"Feature","properties":{"c":"zone"},"geometry":{"type":"Polygon","coordinates":[[[-120.43178,35.87499],[-120.42985,35.87437],[-120.42336,35.86949],[-120.42159,35.86707],[-120.41592,35.86145],[-120.41399,35.86048],[-120.41062,35.85727],[-120.40705,35.85572],[-120.40193,35.8518],[-120.39803,35.84982],[-120.38167,35.83849],[-120.37636,35.83436],[-120.37776,35.83312],[-120.40502,35.85166],[-120.40828,35.85425],[-120.41229,35.8557],[-120.41534,35.85887],[-120.41732,35.85991],[-120.4228,35.86505],[-120.42564,35.86845],[-120.43459,35.87499],[-120.43178,35.87499]]]}},{"type":"Feature","properties":{"c":"zone"},"geometry":{"type":"Polygon","coordinates":[[[-120.4106,35.87498],[-120.40543,35.8714],[-120.39147,35.85971],[-120.376,35.84581],[-120.376,35.84189],[-120.40812,35.86962],[-120.41167,35.87164],[-120.41525,35.87498],[-120.4106,35.87498]]]}},{"type":"Feature","properties":{"c":"zone"},"geometry":{"type":"Polygon","coordinates":[[[-120.376,35.84581],[-120.35256,35.82585],[-120.34678,35.8197],[-120.34431,35.81183],[-120.32722,35.79426],[-120.32677,35.79248],[-120.32097,35.78506],[-120.31675,35.76897],[-120.30694,35.75687],[-120.29981,35.74999],[-120.30425,35.74999],[-120.3098,35.75514],[-120.32,35.7682],[-120.32491,35.77939],[-120.32496,35.78489],[-120.33364,35.79572],[-120.34737,35.81064],[-120.34964,35.81796],[-120.35641,35.82343],[-120.35728,35.82533],[-120.36754,35.83428],[-120.37286,35.83794],[-120.376,35.84188],[-120.376,35.84581]]]}},{"type":"Feature","properties":{"c":"zone"},"geometry":{"type":"Polygon","coordinates":[[[-120.3703,35.80905],[-120.36377,35.80193],[-120.36225,35.79841],[-120.3643,35.79785],[-120.36553,35.8009],[-120.37227,35.80809],[-120.3703,35.80905]]]}},{"type":"Feature","properties":{"c":"zone"},"geometry":{"type":"Polygon","coordinates":[[[-120.35651,35.80227],[-120.35423,35.79808],[-120.33961,35.78289],[-120.3409,35.78195],[-120.35516,35.79555],[-120.35849,35.80159],[-120.35651,35.80227]]]}},{"type":"Feature","properties":{"c":"zone"},"geometry":{"type":"Polygon","coordinates":[[[-117.25089,35.55162],[-117.25089,35.5479],[-117.26893,35.54145],[-117.28533,35.53857],[-117.32007,35.52996],[-117.33981,35.52329],[-117.34705,35.52254],[-117.35378,35.52343],[-117.36445,35.52221],[-117.3759,35.51941],[-117.3759,35.52695],[-117.36723,35.52579],[-117.33863,35.52949],[-117.31071,35.53629],[-117.30373,35.54067],[-117.25089,35.55162]]]}},{"type":"Feature","properties":{"c":"zone"},"geometry":{"type":"Polygon","coordinates":[[[-117.36982,35.51876],[-117.36922,35.51501],[-117.3759,35.5127],[-117.3759,35.51671],[-117.36982,35.51876]]]}},{"type":"Feature","properties":{"c":"zone"},"geometry":{"type":"Polygon","coordinates":[[[-117.3759,35.5127],[-117.3616,35.51073],[-117.36122,35.50697],[-117.3759,35.50904],[-117.3759,35.5127]]]}},{"type":"Feature","properties":{"c":"zone"},"geometry":{"type":"Polygon","coordinates":[[[-118.00092,35.30195],[-118.00092,35.29811],[-118.02437,35.27932],[-118.02092,35.27633],[-118.02337,35.27347],[-118.01991,35.26864],[-118.02098,35.26262],[-118.01956,35.25958],[-118.02191,35.25836],[-118.02506,35.2644],[-118.02438,35.26585],[-118.02656,35.26954],[-118.02533,35.27074],[-118.02785,35.2749],[-118.05199,35.25969],[-118.0527,35.2553],[-118.05905,35.24998],[-118.06268,35.24998],[-118.06134,35.25339],[-118.0544,35.26235],[-118.03924,35.27376],[-118.03183,35.28259],[-118.01666,35.28987],[-118.00802,35.29816],[-118.00092,35.30195]]]}},{"type":"Feature","properties":{"c":"zone"},"geometry":{"type":"Polygon","coordinates":[[[-118.0078,35.27928],[-118.00184,35.28001],[-118.00092,35.27554],[-118.00092,35.26345],[-118.00452,35.27038],[-118.0091,35.27027],[-118.00953,35.27764],[-118.0078,35.27928]]]}},{"type":"Feature","properties":{"c":"zone"},"geometry":{"type":"Polygon","coordinates":[[[-118.00092,35.2589],[-118.01515,35.24997],[-118.02613,35.24998],[-118.00092,35.26345],[-118.00092,35.2589]]]}},{"type":"Feature","properties":{"c":"zone"},"geometry":{"type":"Polygon","coordinates":[[[-116.36269,33.37505],[-116.35977,33.36893],[-116.36288,33.36795],[-116.36755,33.37504],[-116.36269,33.37505]]]}},{"type":"Feature","properties":{"c":"zone"},"geometry":{"type":"Polygon","coordinates":[[[-116.30678,33.37505],[-116.26594,33.34458],[-116.25085,33.34075],[-116.25085,33.33263],[-116.26288,33.3371],[-116.30477,33.36904],[-116.29456,33.33962],[-116.2791,33.31051],[-116.26237,33.28347],[-116.26635,33.28176],[-116.28405,33.31045],[-116.29892,33.33962],[-116.31247,33.37505],[-116.30678,33.37505]]]}},{"type":"Feature","properties":{"c":"zone"},"geometry":{"type":"Polygon","coordinates":[[[-116.27399,33.3725],[-116.25085,33.35577],[-116.25085,33.35123],[-116.27646,33.37015],[-116.27399,33.3725]]]}},{"type":"Feature","properties":{"c":"zone"},"geometry":{"type":"Polygon","coordinates":[[[-116.37392,33.34895],[-116.36756,33.3452],[-116.34222,33.32525],[-116.30851,33.29598],[-116.27977,33.26993],[-116.26235,33.25005],[-116.27103,33.25005],[-116.2759,33.25692],[-116.29729,33.27341],[-116.29295,33.2767],[-116.34776,33.32555],[-116.37586,33.34597],[-116.37586,33.35258],[-116.37392,33.34895]]]}},{"type":"Feature","properties":{"c":"zone"},"geometry":{"type":"Polygon","coordinates":[[[-116.25085,33.26328],[-116.25442,33.25803],[-116.25701,33.25925],[-116.25085,33.26824],[-116.25085,33.26328]]]}},{"type":"Feature","properties":{"c":"zone"},"geometry":{"type":"Polygon","coordinates":[[[-116.37586,33.47439],[-116.37586,33.47801],[-116.36253,33.47041],[-116.35384,33.46287],[-116.34894,33.46275],[-116.32277,33.44163],[-116.31559,33.4403],[-116.31573,33.43712],[-116.32514,33.4377],[-116.36009,33.45379],[-116.37586,33.45772],[-116.37586,33.46597],[-116.34718,33.4526],[-116.36726,33.47015],[-116.37586,33.47439]]]}},{"type":"Feature","properties":{"c":"zone"},"geometry":{"type":"Polygon","coordinates":[[[-116.31824,33.43326],[-116.31652,33.43045],[-116.33542,33.42375],[-116.3465,33.42386],[-116.34648,33.42663],[-116.33544,33.42676],[-116.31824,33.43326]]]}},{"type":"Feature","properties":{"c":"zone"},"geometry":{"type":"Polygon","coordinates":[[[-116.37586,33.40915],[-116.37586,33.41346],[-116.33734,33.39559],[-116.30678,33.37505],[-116.31247,33.37505],[-116.33972,33.39256],[-116.37586,33.40915]]]}},{"type":"Feature","properties":{"c":"zone"},"geometry":{"type":"Polygon","coordinates":[[[-116.37586,33.38739],[-116.37586,33.39214],[-116.36781,33.38351],[-116.36269,33.37505],[-116.36755,33.37504],[-116.37586,33.38739]]]}},{"type":"Feature","properties":{"c":"zone"},"geometry":{"type":"Polygon","coordinates":[[[-122.00109,37.921],[-121.99525,37.91543],[-121.98785,37.89975],[-121.99195,37.89849],[-121.99656,37.90474],[-121.9993,37.91317],[-122.00108,37.91666],[-122.00109,37.921]]]}},{"type":"Feature","properties":{"c":"zone"},"geometry":{"type":"Polygon","coordinates":[[[-122.75111,38.98915],[-122.74956,38.98937],[-122.74744,38.98299],[-122.73492,38.96286],[-122.7306,38.95288],[-122.73032,38.95054],[-122.72611,38.93904],[-122.72291,38.93336],[-122.72242,38.92971],[-122.72624,38.9293],[-122.72693,38.93427],[-122.72957,38.93904],[-122.73339,38.94925],[-122.73398,38.95242],[-122.7368,38.95878],[-122.74217,38.96762],[-122.74382,38.96322],[-122.75112,38.95259],[-122.75112,38.95678],[-122.74691,38.96322],[-122.74371,38.97023],[-122.75111,38.98209],[-122.75111,38.98915]]]}},{"type":"Feature","properties":{"c":"zone"},"geometry":{"type":"Polygon","coordinates":[[[-122.70723,38.91735],[-122.70523,38.91028],[-122.70733,38.91002],[-122.70935,38.91704],[-122.70723,38.91735]]]}},{"type":"Feature","properties":{"c":"zone"},"geometry":{"type":"Polygon","coordinates":[[[-122.69892,38.90923],[-122.69796,38.90221],[-122.69609,38.89601],[-122.69182,38.88774],[-122.69432,38.88702],[-122.69544,38.88922],[-122.69577,38.88284],[-122.6985,38.88289],[-122.69787,38.89385],[-122.69901,38.89632],[-122.70077,38.90324],[-122.70138,38.90907],[-122.69892,38.90923]]]}},{"type":"Feature","properties":{"c":"zone"},"geometry":{"type":"Polygon","coordinates":[[[-122.75112,38.92166],[-122.74789,38.91292],[-122.73494,38.89706],[-122.73749,38.89587],[-122.74197,38.90185],[-122.74189,38.89938],[-122.74459,38.89956],[-122.74491,38.90388],[-122.75111,38.91368],[-122.75112,38.92166]]]}},{"type":"Feature","properties":{"c":"zone"},"geometry":{"type":"Polygon","coordinates":[[[-122.71355,38.96967],[-122.70824,38.96459],[-122.70918,38.96858],[-122.70743,38.96842],[-122.70427,38.95933],[-122.70104,38.95492],[-122.70147,38.96098],[-122.69844,38.95823],[-122.69769,38.95379],[-122.69583,38.95078],[-122.69367,38.94888],[-122.69485,38.94513],[-122.69398,38.93976],[-122.68986,38.92809],[-122.69363,38.92734],[-122.69748,38.92076],[-122.69952,38.92119],[-122.69577,38.93322],[-122.69894,38.93539],[-122.70027,38.94333],[-122.70062,38.94893],[-122.70435,38.94419],[-122.70698,38.95124],[-122.7105,38.94758],[-122.7145,38.94529],[-122.71542,38.93992],[-122.71789,38.93995],[-122.71812,38.9479],[-122.72031,38.9551],[-122.71824,38.96013],[-122.72389,38.95552],[-122.72226,38.94792],[-122.72151,38.94077],[-122.71331,38.92528],[-122.7159,38.92444],[-122.71746,38.92718],[-122.7204,38.92908],[-122.72106,38.9336],[-122.72448,38.93873],[-122.72634,38.95154],[-122.72847,38.95802],[-122.72742,38.96607],[-122.72527,38.96615],[-122.72592,38.96069],[-122.72565,38.9577],[-122.72119,38.96116],[-122.71633,38.96594],[-122.71231,38.95491],[-122.71225,38.95128],[-122.70752,38.95869],[-122.7099,38.96274],[-122.71641,38.9693],[-122.71355,38.96967]]]}},{"type":"Feature","properties":{"c":"zone"},"geometry":{"type":"Polygon","coordinates":[[[-119.01109,35.02868],[-119.00908,35.03145],[-119.00095,35.02787],[-119.00095,35.02347],[-119.00555,35.02631],[-119.01109,35.02868]]]}},{"type":"Feature","properties":{"c":"zone"},"geometry":{"type":"Polygon","coordinates":[[[-119.01253,35.01233],[-119.00817,35.01165],[-119.00095,35.01547],[-119.00095,35.01156],[-119.01015,35.00687],[-119.02181,35.00207],[-119.02294,35.00401],[-119.01604,35.00666],[-119.01337,35.00977],[-119.01672,35.01018],[-119.01684,35.01158],[-119.01253,35.01233]]]}},{"type":"Feature","properties":{"c":"zone"},"geometry":{"type":"Polygon","coordinates":[[[-121.36862,40.9999],[-121.36473,40.9999],[-121.36081,40.99728],[-121.35597,40.98987],[-121.35446,40.98634],[-121.3541,40.98211],[-121.34565,40.96395],[-121.33986,40.95524],[-121.33619,40.94259],[-121.33471,40.92274],[-121.3383,40.92266],[-121.34005,40.94268],[-121.34304,40.95385],[-121.34834,40.96235],[-121.35751,40.98159],[-121.35805,40.986],[-121.35962,40.98932],[-121.36204,40.99298],[-121.36553,40.99237],[-121.36862,40.9999]]]}},{"type":"Feature","properties":{"c":"zone"},"geometry":{"type":"Polygon","coordinates":[[[-119.50101,38.54076],[-119.50639,38.54747],[-119.50706,38.55836],[-119.51127,38.5639],[-119.50828,38.56567],[-119.50323,38.55934],[-119.50286,38.5488],[-119.50101,38.54626],[-119.50101,38.54076]]]}},{"type":"Feature","properties":{"c":"zone"},"geometry":{"type":"Polygon","coordinates":[[[-119.52164,38.5415],[-119.51958,38.54055],[-119.52371,38.53426],[-119.52595,38.53284],[-119.52625,38.53103],[-119.52576,38.52783],[-119.52588,38.523],[-119.5283,38.52318],[-119.52822,38.52677],[-119.53,38.53184],[-119.52564,38.53599],[-119.52164,38.5415]]]}},{"type":"Feature","properties":{"c":"zone"},"geometry":{"type":"Polygon","coordinates":[[[-119.51536,38.55757],[-119.51875,38.55825],[-119.51457,38.57361],[-119.51596,38.57725],[-119.51846,38.57906],[-119.53033,38.58204],[-119.52974,38.59052],[-119.525,38.59614],[-119.53047,38.61565],[-119.53164,38.6228],[-119.53092,38.62493],[-119.52688,38.62493],[-119.52792,38.62357],[-119.52732,38.61871],[-119.52063,38.5952],[-119.52592,38.58966],[-119.52631,38.58427],[-119.51465,38.58061],[-119.51211,38.57814],[-119.51055,38.57386],[-119.51245,38.56659],[-119.51536,38.55757]]]}},{"type":"Feature","properties":{"c":"zone"},"geometry":{"type":"Polygon","coordinates":[[[-116.45155,33.50005],[-116.438,33.50005],[-116.4099,33.49038],[-116.38469,33.47617],[-116.38644,33.47424],[-116.41507,33.48917],[-116.4151,33.48644],[-116.40167,33.47827],[-116.37586,33.46597],[-116.37586,33.45772],[-116.38358,33.46057],[-116.3884,33.46766],[-116.40529,33.47454],[-116.42448,33.48874],[-116.45155,33.50005]]]}},{"type":"Feature","properties":{"c":"zone"},"geometry":{"type":"Polygon","coordinates":[[[-116.38642,33.48511],[-116.37586,33.47801],[-116.37586,33.47439],[-116.38321,33.47762],[-116.38872,33.48372],[-116.38642,33.48511]]]}},{"type":"Feature","properties":{"c":"zone"},"geometry":{"type":"Polygon","coordinates":[[[-116.50086,33.48348],[-116.48781,33.48138],[-116.4855,33.47749],[-116.4499,33.45657],[-116.4325,33.44275],[-116.41517,33.43427],[-116.39525,33.42167],[-116.37586,33.41346],[-116.37586,33.40915],[-116.40236,33.42152],[-116.4152,33.43014],[-116.4316,33.43849],[-116.4551,33.43199],[-116.45617,33.43461],[-116.43857,33.4393],[-116.44432,33.44549],[-116.45456,33.45017],[-116.46721,33.43927],[-116.48448,33.43547],[-116.47019,33.42857],[-116.46315,33.43343],[-116.46135,33.43158],[-116.46989,33.42541],[-116.45079,33.40259],[-116.41872,33.38364],[-116.40731,33.37505],[-116.41429,33.37505],[-116.42468,33.3836],[-116.41973,33.37621],[-116.42244,33.37512],[-116.43203,33.38664],[-116.463,33.40462],[-116.46101,33.40853],[-116.47167,33.42008],[-116.50086,33.43875],[-116.50086,33.45028],[-116.4845,33.45756],[-116.47637,33.46387],[-116.48453,33.46835],[-116.49346,33.45665],[-116.496,33.45786],[-116.48774,33.46999],[-116.50086,33.47726],[-116.50086,33.48348]],[[-116.45815,33.45265],[-116.46515,33.45902],[-116.46983,33.45048],[-116.48229,33.43961],[-116.46723,33.44283],[-116.45815,33.45265]],[[-116.4689,33.4596],[-116.48771,33.45078],[-116.48064,33.44522],[-116.4689,33.4596]]]}},{"type":"Feature","properties":{"c":"zone"},"geometry":{"type":"Polygon","coordinates":[[[-116.40839,33.41925],[-116.40879,33.41697],[-116.4256,33.41869],[-116.42518,33.42088],[-116.40839,33.41925]]]}},{"type":"Feature","properties":{"c":"zone"},"geometry":{"type":"Polygon","coordinates":[[[-116.44609,33.41503],[-116.44288,33.41744],[-116.41953,33.395],[-116.40109,33.38369],[-116.38922,33.37504],[-116.39539,33.37505],[-116.41967,33.3907],[-116.44609,33.41503]]]}},{"type":"Feature","properties":{"c":"zone"},"geometry":{"type":"Polygon","coordinates":[[[-116.37586,33.39214],[-116.37586,33.38739],[-116.37926,33.39178],[-116.37586,33.39214]]]}},{"type":"Feature","properties":{"c":"zone"},"geometry":{"type":"Polygon","coordinates":[[[-116.45399,33.38667],[-116.45396,33.38959],[-116.4403,33.38485],[-116.42625,33.37505],[-116.43136,33.37505],[-116.44086,33.38191],[-116.45399,33.38667]]]}},{"type":"Feature","properties":{"c":"zone"},"geometry":{"type":"Polygon","coordinates":[[[-116.55406,35.75724],[-116.55108,35.75894],[-116.54299,35.74998],[-116.5476,35.74998],[-116.55406,35.75724]]]}},{"type":"Feature","properties":{"c":"zone"},"geometry":{"type":"Polygon","coordinates":[[[-116.62588,35.8447],[-116.62084,35.83976],[-116.62322,35.83807],[-116.62588,35.84025],[-116.62588,35.8447]]]}},{"type":"Feature","properties":{"c":"zone"},"geometry":{"type":"Polygon","coordinates":[[[-116.67094,35.87498],[-116.66597,35.87498],[-116.66159,35.87425],[-116.66046,35.87205],[-116.64765,35.86125],[-116.64226,35.85909],[-116.62588,35.8447],[-116.62588,35.84025],[-116.64463,35.85693],[-116.65137,35.86003],[-116.66338,35.8711],[-116.67094,35.87498]]]}},{"type":"Feature","properties":{"c":"zone"},"geometry":{"type":"Polygon","coordinates":[[[-119.23071,35.00498],[-119.22643,35.00453],[-119.2202,35.00574],[-119.21045,35.00691],[-119.2006,35.006],[-119.18857,34.99999],[-119.19696,34.99999],[-119.20388,35.00362],[-119.2106,35.00417],[-119.2254,35.00207],[-119.23144,35.00251],[-119.23071,35.00498]]]}},{"type":"Feature","properties":{"c":"zone"},"geometry":{"type":"Polygon","coordinates":[[[-119.17088,34.99999],[-119.16607,35.00315],[-119.15437,35.00195],[-119.14856,35.00602],[-119.13484,35.01057],[-119.12595,35.00976],[-119.12595,35.00584],[-119.13426,35.00575],[-119.14256,35.00182],[-119.14341,34.99998],[-119.17088,34.99999]]]}},{"type":"Feature","properties":{"c":"zone"},"geometry":{"type":"Polygon","coordinates":[[[-120.05274,39.99993],[-120.04615,39.99993],[-120.04055,39.99668],[-120.03069,39.98887],[-120.0234,39.98441],[-120.02548,39.9823],[-120.03637,39.98806],[-120.04631,39.99616],[-120.05274,39.99993]]]}},{"type":"Feature","properties":{"c":"zone"},"geometry":{"type":"Polygon","coordinates":[[[-120.09464,39.99862],[-120.09147,39.99868],[-120.09116,39.98773],[-120.09465,39.98774],[-120.09464,39.99862]]]}},{"type":"Feature","properties":{"c":"zone"},"geometry":{"type":"Polygon","coordinates":[[[-120.096,39.98371],[-120.09355,39.98577],[-120.08671,39.98016],[-120.08155,39.97185],[-120.07813,39.96891],[-120.07666,39.96407],[-120.07313,39.95819],[-120.07629,39.95684],[-120.07373,39.95056],[-120.06584,39.94594],[-120.06765,39.94386],[-120.07673,39.94861],[-120.08171,39.9594],[-120.07842,39.96034],[-120.07995,39.96285],[-120.08154,39.96821],[-120.0843,39.96974],[-120.08988,39.9789],[-120.096,39.98371]]]}},{"type":"Feature","properties":{"c":"zone"},"geometry":{"type":"Polygon","coordinates":[[[-118.82558,37.61925],[-118.83454,37.62495],[-118.83013,37.62495],[-118.81919,37.61908],[-118.81946,37.62235],[-118.82467,37.62495],[-118.80418,37.62495],[-118.80865,37.61351],[-118.80112,37.59817],[-118.78889,37.58683],[-118.79311,37.57957],[-118.78983,37.57845],[-118.78675,37.57304],[-118.78565,37.56575],[-118.78122,37.55657],[-118.78128,37.55347],[-118.77504,37.54484],[-118.76761,37.52577],[-118.76223,37.50758],[-118.76277,37.49994],[-118.7658,37.49995],[-118.76625,37.50683],[-118.77287,37.52753],[-118.77562,37.53782],[-118.78522,37.55294],[-118.78725,37.56123],[-118.78993,37.56463],[-118.79722,37.57906],[-118.7941,37.58674],[-118.79644,37.58869],[-118.80262,37.58919],[-118.81039,37.60749],[-118.81441,37.60594],[-118.83492,37.61852],[-118.83278,37.6206],[-118.82317,37.61447],[-118.82558,37.61925]]]}},{"type":"Feature","properties":{"c":"zone"},"geometry":{"type":"Polygon","coordinates":[[[-117.16328,35.86852],[-117.15988,35.86956],[-117.15396,35.85844],[-117.15493,35.85308],[-117.1523,35.84726],[-117.14295,35.83427],[-117.14073,35.83361],[-117.13493,35.82681],[-117.13385,35.82391],[-117.12845,35.81733],[-117.12924,35.81168],[-117.13267,35.81194],[-117.13216,35.81616],[-117.14289,35.83124],[-117.14648,35.83241],[-117.1507,35.83976],[-117.15461,35.84307],[-117.15779,35.85014],[-117.16016,35.85304],[-117.15934,35.85671],[-117.16328,35.86852]]]}},{"type":"Feature","properties":{"c":"zone"},"geometry":{"type":"Polygon","coordinates":[[[-117.18054,35.87497],[-117.17631,35.87497],[-117.1716,35.86773],[-117.17043,35.87153],[-117.1673,35.87497],[-117.16279,35.87497],[-117.16701,35.87045],[-117.16827,35.8659],[-117.16382,35.85688],[-117.16515,35.85223],[-117.15878,35.84126],[-117.14881,35.81483],[-117.14797,35.81696],[-117.14761,35.82208],[-117.14533,35.82198],[-117.14571,35.81642],[-117.1475,35.81215],[-117.14552,35.80848],[-117.13329,35.77933],[-117.12589,35.76805],[-117.12589,35.75778],[-117.13002,35.76411],[-117.12959,35.76728],[-117.13683,35.77851],[-117.1491,35.80801],[-117.15191,35.81331],[-117.16191,35.83951],[-117.17011,35.85391],[-117.1733,35.86375],[-117.18054,35.87497]]]}},{"type":"Feature","properties":{"c":"zone"},"geometry":{"type":"Polygon","coordinates":[[[-122.16079,38.24993],[-122.16003,38.2461],[-122.16076,38.23606],[-122.15033,38.20772],[-122.14882,38.19933],[-122.13924,38.177],[-122.13354,38.16177],[-122.13002,38.15123],[-122.12609,38.14376],[-122.12609,38.13648],[-122.13689,38.15654],[-122.14215,38.17416],[-122.15036,38.18994],[-122.15259,38.19661],[-122.15988,38.2122],[-122.16079,38.21647],[-122.1612,38.22514],[-122.16439,38.23592],[-122.16488,38.24993],[-122.16079,38.24993]]]}},{"type":"Feature","properties":{"c":"zone"},"geometry":{"type":"Polygon","coordinates":[[[-122.13359,38.24993],[-122.13224,38.24412],[-122.13169,38.23287],[-122.13427,38.21916],[-122.13038,38.20792],[-122.12873,38.19889],[-122.12902,38.19363],[-122.13147,38.19381],[-122.13097,38.1971],[-122.13219,38.20507],[-122.13734,38.2186],[-122.13739,38.22372],[-122.13938,38.22835],[-122.1387,38.23798],[-122.13983,38.23995],[-122.14152,38.24701],[-122.13927,38.24992],[-122.13359,38.24993]]]}},{"type":"Feature","properties":{"c":"zone"},"geometry":{"type":"Polygon","coordinates":[[[-122.2511,38.16317],[-122.2511,38.16943],[-122.245,38.16001],[-122.24711,38.15884],[-122.2511,38.16317]]]}},{"type":"Feature","properties":{"c":"zone"},"geometry":{"type":"Polygon","coordinates":[[[-117.6259,33.88434],[-117.62345,33.88232],[-117.6229,33.88072],[-117.61564,33.87502],[-117.62064,33.87502],[-117.6259,33.87842],[-117.6259,33.88434]]]}},{"type":"Feature","properties":{"c":"zone"},"geometry":{"type":"Polygon","coordinates":[[[-117.58706,33.84293],[-117.58421,33.83627],[-117.57451,33.82827],[-117.56889,33.82474],[-117.56228,33.81983],[-117.55899,33.8183],[-117.55363,33.81453],[-117.5417,33.81019],[-117.53611,33.80531],[-117.51991,33.7968],[-117.5106,33.79065],[-117.50855,33.78791],[-117.50418,33.78469],[-117.50089,33.78147],[-117.50089,33.7771],[-117.50657,33.78275],[-117.51377,33.78759],[-117.52035,33.79139],[-117.52632,33.79368],[-117.5314,33.79684],[-117.53525,33.79753],[-117.54395,33.80171],[-117.5479,33.80666],[-117.55315,33.81029],[-117.55668,33.80992],[-117.56186,33.81258],[-117.56388,33.81719],[-117.58119,33.82908],[-117.59193,33.83532],[-117.59801,33.8407],[-117.61115,33.84894],[-117.60929,33.85127],[-117.59829,33.84448],[-117.606,33.86018],[-117.60859,33.86237],[-117.61318,33.8678],[-117.6152,33.87093],[-117.62064,33.87502],[-117.61564,33.87502],[-117.61127,33.8713],[-117.61018,33.86899],[-117.60687,33.86486],[-117.60272,33.86113],[-117.59544,33.84589],[-117.59355,33.84655],[-117.59147,33.84606],[-117.58706,33.84293]]]}},{"type":"Feature","properties":{"c":"zone"},"geometry":{"type":"Polygon","coordinates":[[[-117.6259,33.85421],[-117.62326,33.85201],[-117.61658,33.84914],[-117.59987,33.83682],[-117.60175,33.83513],[-117.60613,33.83859],[-117.60858,33.83844],[-117.60939,33.84028],[-117.61872,33.84711],[-117.62589,33.85037],[-117.6259,33.85421]]]}},{"type":"Feature","properties":{"c":"zone"},"geometry":{"type":"Polygon","coordinates":[[[-117.50252,33.76499],[-117.50088,33.76354],[-117.50089,33.75949],[-117.50464,33.76319],[-117.50252,33.76499]]]}},{"type":"Feature","properties":{"c":"zone"},"geometry":{"type":"Polygon","coordinates":[[[-116.86027,34.37502],[-116.87083,34.37501],[-116.8728,34.37585],[-116.87567,34.37804],[-116.8746,34.37926],[-116.87169,34.38025],[-116.87396,34.38115],[-116.87588,34.38256],[-116.87588,34.38708],[-116.87343,34.38587],[-116.86451,34.37884],[-116.86027,34.37502]]]}},{"type":"Feature","properties":{"c":"zone"},"geometry":{"type":"Polygon","coordinates":[[[-116.75088,34.38355],[-116.75087,34.37894],[-116.75666,34.38843],[-116.75862,34.39439],[-116.75543,34.39507],[-116.75332,34.38817],[-116.75088,34.38355]]]}},{"type":"Feature","properties":{"c":"zone"},"geometry":{"type":"Polygon","coordinates":[[[-115.98547,32.73237],[-115.98332,32.73478],[-115.98629,32.74829],[-115.98441,32.75007],[-115.98088,32.75006],[-115.98243,32.74686],[-115.97994,32.73484],[-115.9722,32.74929],[-115.96899,32.74841],[-115.97042,32.74565],[-115.96718,32.74566],[-115.97223,32.74223],[-115.98046,32.72703],[-115.98601,32.72038],[-115.98512,32.71262],[-115.99105,32.71006],[-115.99182,32.71305],[-116.00086,32.70391],[-116.00086,32.70823],[-115.9927,32.71643],[-115.99358,32.7198],[-115.99159,32.72025],[-115.99115,32.7186],[-115.98454,32.72698],[-115.98547,32.73237]]]}},{"type":"Feature","properties":{"c":"zone"},"geometry":{"type":"Polygon","coordinates":[[[-115.93133,32.73278],[-115.92855,32.73395],[-115.9253,32.7283],[-115.92358,32.72205],[-115.92682,32.72164],[-115.92816,32.72699],[-115.93133,32.73278]]]}},{"type":"Feature","properties":{"c":"zone"},"geometry":{"type":"Polygon","coordinates":[[[-115.92386,32.73492],[-115.9205,32.73557],[-115.91812,32.72833],[-115.9141,32.72318],[-115.91671,32.72186],[-115.92132,32.72773],[-115.92386,32.73492]]]}},{"type":"Feature","properties":{"c":"zone"},"geometry":{"type":"Polygon","coordinates":[[[-115.9076,32.73194],[-115.90605,32.73311],[-115.89981,32.73386],[-115.89446,32.7266],[-115.89576,32.72508],[-115.90372,32.72794],[-115.9076,32.73194]]]}},{"type":"Feature","properties":{"c":"zone"},"geometry":{"type":"Polygon","coordinates":[[[-115.89064,32.70648],[-115.8946,32.70248],[-115.89703,32.69404],[-115.89633,32.69114],[-115.90409,32.67933],[-115.90992,32.67251],[-115.90821,32.66932],[-115.90325,32.67442],[-115.89888,32.67567],[-115.90149,32.68178],[-115.89824,32.68257],[-115.89461,32.67379],[-115.87585,32.65347],[-115.87585,32.64034],[-115.88084,32.64748],[-115.88268,32.65183],[-115.88589,32.65541],[-115.88924,32.65621],[-115.89829,32.66657],[-115.89944,32.66457],[-115.89794,32.65747],[-115.89186,32.64316],[-115.88923,32.64072],[-115.89211,32.63981],[-115.89483,32.64207],[-115.89721,32.64774],[-115.9019,32.65192],[-115.90686,32.63957],[-115.90657,32.63393],[-115.90964,32.63368],[-115.91013,32.63991],[-115.90378,32.65625],[-115.91183,32.6605],[-115.91181,32.6625],[-115.92194,32.6744],[-115.92253,32.67843],[-115.92414,32.68151],[-115.92133,32.68264],[-115.91957,32.67933],[-115.91893,32.67586],[-115.91267,32.6682],[-115.9133,32.67335],[-115.90366,32.68571],[-115.90301,32.68848],[-115.9068,32.68997],[-115.905,32.6926],[-115.90187,32.69128],[-115.89755,32.70363],[-115.89375,32.70721],[-115.89053,32.71134],[-115.88775,32.70984],[-115.89064,32.70648]]]}},{"type":"Feature","properties":{"c":"zone"},"geometry":{"type":"Polygon","coordinates":[[[-115.88753,32.6784],[-115.88914,32.68664],[-115.88419,32.69289],[-115.8799,32.70974],[-115.87826,32.71173],[-115.87585,32.72028],[-115.87585,32.71],[-115.87701,32.7087],[-115.88059,32.69216],[-115.88576,32.6858],[-115.88409,32.67873],[-115.88753,32.6784]]]}},{"type":"Feature","properties":{"c":"zone"},"geometry":{"type":"Polygon","coordinates":[[[-115.97903,32.62832],[-115.9878,32.64082],[-115.99625,32.66077],[-115.99617,32.66721],[-115.99708,32.67131],[-115.99402,32.67183],[-115.99289,32.66761],[-115.99293,32.66031],[-115.98056,32.6357],[-115.9749,32.62863],[-115.97903,32.62832]]]}},{"type":"Feature","properties":{"c":"zone"},"geometry":{"type":"Polygon","coordinates":[[[-115.94024,32.69929],[-115.93845,32.69997],[-115.9368,32.69783],[-115.93473,32.69687],[-115.93579,32.69531],[-115.94017,32.69656],[-115.94024,32.69929]]]}},{"type":"Feature","properties":{"c":"zone"},"geometry":{"type":"Polygon","coordinates":[[[-115.95358,32.73564],[-115.95625,32.7417],[-115.96228,32.7442],[-115.96858,32.75006],[-115.96399,32.75007],[-115.96067,32.74662],[-115.95752,32.74655],[-115.9528,32.74342],[-115.94873,32.73502],[-115.94217,32.7285],[-115.93234,32.72237],[-115.91379,32.70847],[-115.90923,32.70675],[-115.9087,32.70211],[-115.90718,32.70021],[-115.9009,32.7114],[-115.89658,32.7166],[-115.89396,32.71503],[-115.89817,32.70993],[-115.89947,32.70456],[-115.90311,32.70099],[-115.9064,32.69519],[-115.91379,32.68881],[-115.92035,32.6849],[-115.92268,32.68717],[-115.91591,32.69269],[-115.90979,32.69879],[-115.91626,32.70668],[-115.9176,32.70768],[-115.92213,32.70507],[-115.92615,32.699],[-115.92843,32.69416],[-115.93056,32.69672],[-115.92913,32.70016],[-115.92454,32.70694],[-115.92018,32.70963],[-115.93331,32.71952],[-115.94753,32.72836],[-115.95358,32.73564]]]}},{"type":"Feature","properties":{"c":"zone"},"geometry":{"type":"Polygon","coordinates":[[[-115.88206,32.67947],[-115.87853,32.68281],[-115.87585,32.68793],[-115.87585,32.66852],[-115.8817,32.66893],[-115.88325,32.67327],[-115.88206,32.67947]]]}},{"type":"Feature","properties":{"c":"zone"},"geometry":{"type":"Polygon","coordinates":[[[-121.25106,37.22745],[-121.23555,37.20613],[-121.22064,37.19016],[-121.21632,37.18703],[-121.19744,37.17568],[-121.1744,37.15511],[-121.15733,37.14363],[-121.15091,37.13577],[-121.14372,37.12496],[-121.14803,37.12496],[-121.15065,37.13032],[-121.15376,37.13381],[-121.16018,37.14214],[-121.17708,37.15284],[-121.1841,37.15951],[-121.19541,37.16942],[-121.20122,37.17404],[-121.22432,37.18858],[-121.23674,37.20144],[-121.25106,37.22109],[-121.25106,37.22745]]]}},{"type":"Feature","properties":{"c":"zone"},"geometry":{"type":"Polygon","coordinates":[[[-117.52094,34.17444],[-117.50764,34.1717],[-117.50089,34.1719],[-117.5009,34.16584],[-117.50424,34.16697],[-117.52091,34.1654],[-117.54087,34.16695],[-117.54475,34.16789],[-117.55914,34.16864],[-117.57142,34.17369],[-117.57463,34.166],[-117.57942,34.16376],[-117.58446,34.163],[-117.59317,34.16382],[-117.60413,34.16219],[-117.60822,34.16353],[-117.61689,34.16335],[-117.62014,34.16265],[-117.6259,34.16312],[-117.6259,34.16816],[-117.61121,34.16707],[-117.60521,34.16768],[-117.59739,34.16621],[-117.59217,34.16728],[-117.59784,34.16977],[-117.59479,34.17165],[-117.58684,34.16778],[-117.57888,34.16716],[-117.57356,34.17789],[-117.5583,34.17258],[-117.55502,34.17262],[-117.54364,34.17486],[-117.53983,34.17338],[-117.52984,34.17539],[-117.52595,34.17349],[-117.52094,34.17444]]]}},{"type":"Feature","properties":{"c":"zone"},"geometry":{"type":"Polygon","coordinates":[[[-117.51208,34.15904],[-117.51083,34.15695],[-117.51833,34.15343],[-117.52515,34.15071],[-117.52617,34.1524],[-117.51641,34.15763],[-117.51208,34.15904]]]}},{"type":"Feature","properties":{"c":"zone"},"geometry":{"type":"Polygon","coordinates":[[[-119.11832,34.85545],[-119.10085,34.85102],[-119.09596,34.85333],[-119.05695,34.83936],[-119.04643,34.83874],[-119.03086,34.83487],[-119.0196,34.82945],[-119.00095,34.82533],[-119.00095,34.81702],[-119.01671,34.80609],[-119.02557,34.81384],[-119.01649,34.82133],[-119.03145,34.8231],[-119.06398,34.83654],[-119.07978,34.83902],[-119.09044,34.8438],[-119.12122,34.8504],[-119.12595,34.84792],[-119.12595,34.85501],[-119.11832,34.85545]]]}},{"type":"Feature","properties":{"c":"zone"},"geometry":{"type":"Polygon","coordinates":[[[-122.12602,37.28971],[-122.1078,37.27639],[-122.08645,37.25747],[-122.07548,37.24996],[-122.08639,37.24996],[-122.10581,37.26841],[-122.12608,37.2835],[-122.12602,37.28971]]]}},{"type":"Feature","properties":{"c":"zone"},"geometry":{"type":"Polygon","coordinates":[[[-122.28427,38.22784],[-122.28392,38.2241],[-122.27432,38.20829],[-122.26878,38.19532],[-122.26043,38.18797],[-122.25233,38.17886],[-122.25587,38.1769],[-122.2511,38.16943],[-122.2511,38.16317],[-122.26181,38.18048],[-122.25957,38.18246],[-122.27013,38.1919],[-122.27404,38.19776],[-122.27915,38.20969],[-122.28695,38.22147],[-122.28725,38.22776],[-122.28427,38.22784]]]}},{"type":"Feature","properties":{"c":"zone"},"geometry":{"type":"Polygon","coordinates":[[[-122.30705,38.21018],[-122.30816,38.20313],[-122.31157,38.20353],[-122.31037,38.21057],[-122.30705,38.21018]]]}},{"type":"Feature","properties":{"c":"zone"},"geometry":{"type":"Polygon","coordinates":[[[-122.28725,38.22776],[-122.28703,38.22313],[-122.29387,38.23404],[-122.29712,38.24035],[-122.29879,38.24255],[-122.30414,38.24788],[-122.30138,38.24948],[-122.29595,38.24416],[-122.29397,38.24154],[-122.29069,38.23516],[-122.28609,38.22779],[-122.28725,38.22776]]]}},{"type":"Feature","properties":{"c":"zone"},"geometry":{"type":"Polygon","coordinates":[[[-122.30339,38.23995],[-122.30485,38.23924],[-122.30582,38.24039],[-122.30827,38.24354],[-122.31157,38.24992],[-122.30782,38.24992],[-122.30509,38.24469],[-122.30195,38.24065],[-122.30339,38.23995]]]}},{"type":"Feature","properties":{"c":"zone"},"geometry":{"type":"Polygon","coordinates":[[[-122.30705,38.21018],[-122.3086,38.21391],[-122.30717,38.21437],[-122.31072,38.21852],[-122.31391,38.22461],[-122.32156,38.24111],[-122.32613,38.24992],[-122.3224,38.24992],[-122.31834,38.24216],[-122.31066,38.22561],[-122.30759,38.21974],[-122.30307,38.21432],[-122.30256,38.21158],[-122.30328,38.20991],[-122.29412,38.18714],[-122.28228,38.15247],[-122.27774,38.1467],[-122.28061,38.14527],[-122.28555,38.15148],[-122.29705,38.18535],[-122.30705,38.21018]]]}},{"type":"Feature","properties":{"c":"zone"},"geometry":{"type":"Polygon","coordinates":[[[-119.51272,34.99998],[-119.50097,34.99998],[-119.50087,34.99479],[-119.51272,34.99998]]]}},{"type":"Feature","properties":{"c":"zone"},"geometry":{"type":"Polygon","coordinates":[[[-119.50984,34.99416],[-119.50794,34.99651],[-119.50097,34.99239],[-119.50097,34.98908],[-119.50984,34.99416]]]}},{"type":"Feature","properties":{"c":"zone"},"geometry":{"type":"Polygon","coordinates":[[[-119.50815,34.96633],[-119.50649,34.96854],[-119.50097,34.96568],[-119.50097,34.9621],[-119.50815,34.96633]]]}},{"type":"Feature","properties":{"c":"zone"},"geometry":{"type":"Polygon","coordinates":[[[-117.00088,34.81243],[-117.00089,34.81554],[-116.99187,34.81193],[-116.98366,34.80793],[-116.97117,34.79974],[-116.95937,34.78831],[-116.94874,34.78079],[-116.94426,34.77685],[-116.93523,34.77032],[-116.92373,34.75616],[-116.92101,34.75001],[-116.92429,34.75001],[-116.92684,34.75502],[-116.93354,34.7616],[-116.93999,34.76427],[-116.94277,34.76992],[-116.9487,34.77632],[-116.95935,34.7838],[-116.97193,34.78956],[-116.97363,34.79784],[-116.98489,34.80557],[-117.00088,34.81243]]]}},{"type":"Feature","properties":{"c":"zone"},"geometry":{"type":"Polygon","coordinates":[[[-121.60708,41.00828],[-121.605,41.00906],[-121.59907,40.9999],[-121.60136,40.9999],[-121.60708,41.00828]]]}},{"type":"Feature","properties":{"c":"zone"},"geometry":{"type":"Polygon","coordinates":[[[-121.62611,41.0018],[-121.62379,40.99989],[-121.62611,40.99989],[-121.62611,41.0018]]]}},{"type":"Feature","properties":{"c":"zone"},"geometry":{"type":"Polygon","coordinates":[[[-116.75089,36.12885],[-116.74469,36.12496],[-116.75089,36.12496],[-116.75089,36.12885]]]}},{"type":"Feature","properties":{"c":"zone"},"geometry":{"type":"Polygon","coordinates":[[[-121.37187,41.15353],[-121.36854,41.15455],[-121.36253,41.14293],[-121.35835,41.13865],[-121.35492,41.1329],[-121.35124,41.12972],[-121.34911,41.12891],[-121.34514,41.1249],[-121.34927,41.1249],[-121.35332,41.12753],[-121.35801,41.13176],[-121.3616,41.13735],[-121.36563,41.14154],[-121.37187,41.15353]]]}},{"type":"Feature","properties":{"c":"zone"},"geometry":{"type":"Polygon","coordinates":[[[-121.37168,41.14378],[-121.37481,41.14273],[-121.37611,41.14562],[-121.37611,41.15284],[-121.37168,41.14378]]]}},{"type":"Feature","properties":{"c":"zone"},"geometry":{"type":"Polygon","coordinates":[[[-116.15945,34.37502],[-116.16316,34.37502],[-116.16525,34.37833],[-116.17681,34.38306],[-116.17947,34.38554],[-116.1772,34.38704],[-116.18005,34.39138],[-116.1853,34.39474],[-116.20545,34.41616],[-116.20927,34.42189],[-116.22005,34.42954],[-116.22524,34.43493],[-116.23462,34.44905],[-116.23933,34.45851],[-116.24195,34.46212],[-116.2428,34.46568],[-116.25086,34.47501],[-116.25086,34.49457],[-116.24702,34.48571],[-116.2472,34.48273],[-116.24535,34.48084],[-116.24083,34.47096],[-116.24073,34.46859],[-116.23806,34.46717],[-116.23652,34.46276],[-116.22376,34.45117],[-116.20282,34.43533],[-116.18044,34.41594],[-116.16639,34.40128],[-116.16285,34.39308],[-116.16616,34.39216],[-116.16908,34.39909],[-116.17954,34.41102],[-116.18251,34.40987],[-116.18541,34.41553],[-116.19294,34.41861],[-116.1932,34.42172],[-116.20568,34.43384],[-116.20457,34.43131],[-116.19975,34.42441],[-116.19967,34.42243],[-116.1971,34.41856],[-116.19369,34.41065],[-116.19451,34.40897],[-116.18507,34.3992],[-116.16361,34.38136],[-116.15945,34.37502]],[[-116.23495,34.45714],[-116.23092,34.44905],[-116.22237,34.4363],[-116.21761,34.4314],[-116.21151,34.4268],[-116.20399,34.42309],[-116.20341,34.42416],[-116.20762,34.43021],[-116.21023,34.43703],[-116.22585,34.44925],[-116.23495,34.45714]]]}},{"type":"Feature","properties":{"c":"zone"},"geometry":{"type":"Polygon","coordinates":[[[-116.23601,34.41689],[-116.22637,34.41579],[-116.22689,34.41263],[-116.22412,34.40761],[-116.22162,34.40605],[-116.21885,34.40494],[-116.21352,34.40151],[-116.21072,34.39724],[-116.20975,34.39232],[-116.21308,34.39233],[-116.21389,34.39634],[-116.21605,34.39966],[-116.2206,34.40259],[-116.22336,34.4037],[-116.2265,34.40568],[-116.23601,34.41689]]]}},{"type":"Feature","properties":{"c":"zone"},"geometry":{"type":"Polygon","coordinates":[[[-116.20502,34.38807],[-116.20211,34.39021],[-116.19195,34.38035],[-116.18929,34.38144],[-116.18813,34.38367],[-116.18738,34.38609],[-116.18503,34.38721],[-116.18407,34.38569],[-116.18498,34.38279],[-116.18593,34.38096],[-116.185,34.37771],[-116.1824,34.37502],[-116.1899,34.37502],[-116.19281,34.37596],[-116.19371,34.3778],[-116.20502,34.38807]]]}},{"type":"Feature","properties":{"c":"zone"},"geometry":{"type":"Polygon","coordinates":[[[-116.08621,34.25],[-116.08962,34.25001],[-116.09059,34.25185],[-116.09953,34.26039],[-116.10348,34.26119],[-116.10687,34.26314],[-116.11661,34.27323],[-116.12584,34.2855],[-116.12588,34.29167],[-116.11455,34.29033],[-116.10665,34.27407],[-116.10246,34.2685],[-116.08756,34.25283],[-116.08621,34.25]]]}},{"type":"Feature","properties":{"c":"zone"},"geometry":{"type":"Polygon","coordinates":[[[-116.25086,34.34046],[-116.25086,34.34536],[-116.23642,34.32576],[-116.22917,34.31385],[-116.21959,34.30078],[-116.21544,34.28806],[-116.21502,34.28303],[-116.21844,34.28284],[-116.219,34.28749],[-116.22266,34.30001],[-116.22981,34.30997],[-116.2319,34.311],[-116.23699,34.32096],[-116.25086,34.34046]]]}},{"type":"Feature","properties":{"c":"zone"},"geometry":{"type":"Polygon","coordinates":[[[-116.20382,34.36652],[-116.1994,34.36087],[-116.19719,34.35629],[-116.19131,34.34946],[-116.18811,34.3421],[-116.18466,34.33587],[-116.18122,34.33286],[-116.18333,34.33113],[-116.1819,34.32567],[-116.17597,34.31314],[-116.17499,34.29763],[-116.17238,34.28746],[-116.17549,34.28684],[-116.17823,34.29758],[-116.17894,34.31252],[-116.18626,34.32726],[-116.19388,34.34751],[-116.20041,34.35538],[-116.20573,34.36411],[-116.21065,34.36659],[-116.20938,34.36858],[-116.20382,34.36652]]]}},{"type":"Feature","properties":{"c":"zone"},"geometry":{"type":"Polygon","coordinates":[[[-116.1899,34.37502],[-116.1824,34.37502],[-116.18156,34.37223],[-116.17634,34.36838],[-116.17181,34.36335],[-116.16066,34.3533],[-116.15729,34.34909],[-116.15536,34.35738],[-116.15838,34.36727],[-116.16316,34.37502],[-116.15945,34.37502],[-116.15464,34.36726],[-116.14665,34.35691],[-116.13993,34.34716],[-116.13829,34.34025],[-116.1415,34.33977],[-116.14279,34.34522],[-116.14751,34.35272],[-116.15193,34.35827],[-116.15337,34.34859],[-116.13352,34.32171],[-116.13765,34.31963],[-116.15214,34.33933],[-116.15839,34.34165],[-116.16133,34.34431],[-116.16241,34.34744],[-116.16165,34.349],[-116.16358,34.35185],[-116.16911,34.35643],[-116.176,34.36317],[-116.17885,34.36665],[-116.1899,34.37502]]]}},{"type":"Feature","properties":{"c":"zone"},"geometry":{"type":"Polygon","coordinates":[[[-116.15267,34.3271],[-116.1497,34.32832],[-116.12588,34.29167],[-116.12584,34.2855],[-116.15267,34.3271]]]}},{"type":"Feature","properties":{"c":"zone"},"geometry":{"type":"Polygon","coordinates":[[[-118.02844,37.30317],[-118.02664,37.30373],[-118.02523,37.3008],[-118.02141,37.29604],[-118.01659,37.29231],[-118.01798,37.29109],[-118.02331,37.2952],[-118.02646,37.29917],[-118.02844,37.30317]]]}},{"type":"Feature","properties":{"c":"zone"},"geometry":{"type":"Polygon","coordinates":[[[-118.00094,37.31232],[-118.00094,37.30403],[-118.00307,37.30377],[-118.00814,37.29721],[-118.01278,37.29257],[-118.01518,37.28625],[-118.01765,37.28395],[-118.01738,37.28134],[-118.02037,37.27503],[-118.01973,37.2712],[-118.0221,37.26768],[-118.02467,37.26567],[-118.02825,37.2641],[-118.02963,37.26159],[-118.02739,37.25887],[-118.02857,37.25493],[-118.03315,37.24995],[-118.03758,37.24995],[-118.03165,37.25672],[-118.03309,37.26065],[-118.036,37.25785],[-118.04704,37.25309],[-118.04823,37.25505],[-118.0447,37.2564],[-118.04378,37.25741],[-118.03792,37.25957],[-118.03275,37.26429],[-118.0302,37.27066],[-118.02673,37.27175],[-118.02662,37.27298],[-118.02161,37.28017],[-118.02269,37.28299],[-118.02055,37.28615],[-118.01805,37.28849],[-118.01591,37.29402],[-118.01113,37.29874],[-118.00507,37.3064],[-118.00258,37.30681],[-118.00094,37.31232]]]}},{"type":"Feature","properties":{"c":"zone"},"geometry":{"type":"Polygon","coordinates":[[[-118.61484,34.72986],[-118.61022,34.73038],[-118.60633,34.73041],[-118.6063,34.72752],[-118.59453,34.72478],[-118.58809,34.72214],[-118.57859,34.71913],[-118.57522,34.71821],[-118.56787,34.71836],[-118.55911,34.71673],[-118.56007,34.7141],[-118.55414,34.71224],[-118.54297,34.7095],[-118.51393,34.70078],[-118.5115,34.70071],[-118.50093,34.69911],[-118.50093,34.69418],[-118.52123,34.69985],[-118.52386,34.69956],[-118.52629,34.69973],[-118.53329,34.70238],[-118.53857,34.7028],[-118.54589,34.70581],[-118.55019,34.70817],[-118.5564,34.70976],[-118.55682,34.71014],[-118.56365,34.71225],[-118.5656,34.71247],[-118.58743,34.71871],[-118.59777,34.72238],[-118.62584,34.73007],[-118.62593,34.73304],[-118.61484,34.72986]]]}},{"type":"Feature","properties":{"c":"zone"},"geometry":{"type":"Polygon","coordinates":[[[-116.55691,34.00003],[-116.53226,33.98626],[-116.51454,33.97226],[-116.50086,33.96065],[-116.50086,33.95738],[-116.51454,33.96861],[-116.54049,33.98707],[-116.56415,34.00003],[-116.55691,34.00003]]]}},{"type":"Feature","properties":{"c":"zone"},"geometry":{"type":"Polygon","coordinates":[[[-116.55916,33.95221],[-116.56838,33.93889],[-116.5708,33.94012],[-116.56254,33.9522],[-116.55916,33.95221]]]}},{"type":"Feature","properties":{"c":"zone"},"geometry":{"type":"Polygon","coordinates":[[[-116.62586,33.94178],[-116.62586,33.94538],[-116.60186,33.94049],[-116.55335,33.92476],[-116.50086,33.90584],[-116.50087,33.90062],[-116.51052,33.90507],[-116.54547,33.91817],[-116.60298,33.93674],[-116.62586,33.94178]]]}},{"type":"Feature","properties":{"c":"zone"},"geometry":{"type":"Polygon","coordinates":[[[-116.77695,36.2776],[-116.77411,36.278],[-116.77308,36.2715],[-116.77593,36.27118],[-116.77695,36.2776]]]}},{"type":"Feature","properties":{"c":"zone"},"geometry":{"type":"Polygon","coordinates":[[[-116.77345,36.28791],[-116.77071,36.28828],[-116.76799,36.28626],[-116.76618,36.27765],[-116.76785,36.26153],[-116.77345,36.25886],[-116.77198,36.25255],[-116.77032,36.24997],[-116.77491,36.24997],[-116.7771,36.25888],[-116.77512,36.26152],[-116.77108,36.26309],[-116.77048,36.2742],[-116.77185,36.27544],[-116.77345,36.28791]]]}},{"type":"Feature","properties":{"c":"zone"},"geometry":{"type":"Polygon","coordinates":[[[-116.80971,36.37497],[-116.80592,36.37497],[-116.80219,36.36741],[-116.79613,36.3635],[-116.79095,36.34955],[-116.79221,36.34636],[-116.78898,36.34203],[-116.79185,36.34051],[-116.79461,36.34435],[-116.79543,36.34803],[-116.79464,36.34982],[-116.79915,36.36092],[-116.80584,36.36682],[-116.80971,36.37497]]]}},{"type":"Feature","properties":{"c":"zone"},"geometry":{"type":"Polygon","coordinates":[[[-117.42958,34.25002],[-117.41734,34.25003],[-117.41253,34.24808],[-117.40407,34.24322],[-117.39108,34.2333],[-117.38527,34.22994],[-117.37589,34.2255],[-117.37589,34.21904],[-117.39244,34.22908],[-117.38866,34.22093],[-117.39156,34.22011],[-117.39572,34.22884],[-117.39806,34.23166],[-117.40659,34.23325],[-117.42756,34.23599],[-117.42718,34.23823],[-117.40075,34.23462],[-117.41532,34.24297],[-117.41996,34.24501],[-117.42958,34.25002]]]}},{"type":"Feature","properties":{"c":"zone"},"geometry":{"type":"Polygon","coordinates":[[[-117.45789,34.25003],[-117.44066,34.23774],[-117.43154,34.23227],[-117.42001,34.22147],[-117.41371,34.21675],[-117.40177,34.20429],[-117.38612,34.19321],[-117.3759,34.18503],[-117.37589,34.14804],[-117.3797,34.1487],[-117.38538,34.15135],[-117.3841,34.15343],[-117.37945,34.15159],[-117.37955,34.16605],[-117.38658,34.17702],[-117.39849,34.18243],[-117.40662,34.189],[-117.41756,34.19888],[-117.44389,34.21159],[-117.44876,34.2155],[-117.45796,34.21974],[-117.47015,34.22611],[-117.46627,34.2172],[-117.45882,34.2107],[-117.44593,34.19651],[-117.44465,34.19644],[-117.43697,34.18205],[-117.43012,34.17261],[-117.43163,34.17183],[-117.43738,34.17667],[-117.44021,34.18004],[-117.44712,34.17771],[-117.45232,34.17257],[-117.46245,34.16835],[-117.47207,34.16539],[-117.47831,34.15866],[-117.48015,34.15825],[-117.48429,34.15933],[-117.48988,34.16443],[-117.5009,34.16584],[-117.50089,34.1719],[-117.49891,34.17023],[-117.49401,34.1696],[-117.4899,34.17145],[-117.48149,34.17102],[-117.46856,34.17404],[-117.45037,34.18055],[-117.44203,34.18279],[-117.45021,34.19423],[-117.45112,34.19721],[-117.46927,34.21605],[-117.47512,34.22929],[-117.48263,34.23384],[-117.49366,34.2423],[-117.49951,34.24564],[-117.49769,34.24799],[-117.48531,34.2421],[-117.47978,34.23585],[-117.46674,34.2278],[-117.44477,34.21667],[-117.44196,34.21373],[-117.42677,34.20872],[-117.41577,34.20143],[-117.40258,34.18962],[-117.39721,34.18541],[-117.39084,34.18215],[-117.38859,34.18466],[-117.39144,34.19299],[-117.40532,34.20263],[-117.4165,34.21495],[-117.42246,34.21921],[-117.43415,34.23041],[-117.44698,34.23808],[-117.46289,34.25002],[-117.45789,34.25003]]]}},{"type":"Feature","properties":{"c":"zone"},"geometry":{"type":"Polygon","coordinates":[[[-122.00109,37.80328],[-121.99305,37.7952],[-121.98396,37.78281],[-121.98433,37.78583],[-121.98909,37.79544],[-121.98742,37.79603],[-121.98261,37.78622],[-121.98211,37.78267],[-121.97693,37.76994],[-121.97086,37.76059],[-121.96741,37.75882],[-121.96228,37.74995],[-121.96607,37.74995],[-121.97013,37.7566],[-121.9734,37.7588],[-121.97983,37.7672],[-121.98014,37.77013],[-121.98644,37.78087],[-121.99186,37.78727],[-121.99584,37.79351],[-122.00108,37.79893],[-122.00109,37.80328]]]}},{"type":"Feature","properties":{"c":"zone"},"geometry":{"type":"Polygon","coordinates":[[[-121.9388,41.95193],[-121.93695,41.95298],[-121.92781,41.94369],[-121.92013,41.93922],[-121.91303,41.92844],[-121.89732,41.91581],[-121.88754,41.89822],[-121.88571,41.89965],[-121.88065,41.89598],[-121.87613,41.88333],[-121.87613,41.87911],[-121.88071,41.8832],[-121.8824,41.88772],[-121.89245,41.89938],[-121.90009,41.91416],[-121.91495,41.92467],[-121.92378,41.93854],[-121.93928,41.94659],[-121.93762,41.94854],[-121.9388,41.95193]]]}},{"type":"Feature","properties":{"c":"zone"},"geometry":{"type":"Polygon","coordinates":[[[-121.9553,41.94557],[-121.95284,41.94563],[-121.95298,41.94142],[-121.94837,41.93345],[-121.94767,41.93],[-121.93731,41.91951],[-121.93231,41.90646],[-121.92996,41.90189],[-121.92475,41.89682],[-121.92134,41.88907],[-121.91813,41.8854],[-121.92069,41.88422],[-121.9244,41.88858],[-121.92907,41.89726],[-121.93283,41.90151],[-121.93792,41.91177],[-121.93946,41.91664],[-121.94339,41.92262],[-121.94985,41.92783],[-121.95088,41.9337],[-121.95534,41.94117],[-121.9553,41.94557]]]}},{"type":"Feature","properties":{"c":"zone"},"geometry":{"type":"Polygon","coordinates":[[[-121.93197,41.88611],[-121.92934,41.88726],[-121.92065,41.87489],[-121.92344,41.87489],[-121.93005,41.88316],[-121.93197,41.88611]]]}},{"type":"Feature","properties":{"c":"zone"},"geometry":{"type":"Polygon","coordinates":[[[-121.91277,41.89885],[-121.91108,41.8997],[-121.90411,41.89631],[-121.90533,41.89482],[-121.90743,41.89587],[-121.9095,41.89491],[-121.91277,41.89885]]]}},{"type":"Feature","properties":{"c":"zone"},"geometry":{"type":"Polygon","coordinates":[[[-121.90514,41.89827],[-121.91667,41.90612],[-121.92942,41.91826],[-121.92754,41.91936],[-121.91803,41.91031],[-121.91555,41.91102],[-121.91325,41.90642],[-121.90354,41.89975],[-121.90514,41.89827]]]}},{"type":"Feature","properties":{"c":"zone"},"geometry":{"type":"Polygon","coordinates":[[[-121.98272,41.93031],[-121.98058,41.93081],[-121.97612,41.9204],[-121.97096,41.91522],[-121.97281,41.91417],[-121.97793,41.91938],[-121.98272,41.93031]]]}},{"type":"Feature","properties":{"c":"zone"},"geometry":{"type":"Polygon","coordinates":[[[-122.00113,41.90007],[-121.98812,41.88712],[-121.98813,41.882],[-121.98406,41.87488],[-121.98687,41.87488],[-121.99171,41.88318],[-121.99179,41.88783],[-122.00113,41.89697],[-122.00113,41.90007]]]}},{"type":"Feature","properties":{"c":"zone"},"geometry":{"type":"Polygon","coordinates":[[[-121.9744,41.88893],[-121.97271,41.89025],[-121.96861,41.88728],[-121.96051,41.87928],[-121.95336,41.87931],[-121.94812,41.87489],[-121.95992,41.87489],[-121.96342,41.87805],[-121.96821,41.88411],[-121.9744,41.88893]]]}},{"type":"Feature","properties":{"c":"zone"},"geometry":{"type":"Polygon","coordinates":[[[-121.98623,41.9212],[-121.98372,41.92166],[-121.97823,41.90825],[-121.97008,41.89336],[-121.9651,41.89047],[-121.96658,41.88907],[-121.97381,41.89345],[-121.98032,41.90563],[-121.98623,41.9212]]]}},{"type":"Feature","properties":{"c":"zone"},"geometry":{"type":"Polygon","coordinates":[[[-121.98269,41.94382],[-121.97932,41.9444],[-121.97767,41.93988],[-121.97726,41.93406],[-121.96949,41.92378],[-121.96475,41.92056],[-121.96158,41.91656],[-121.9634,41.91569],[-121.968,41.9202],[-121.96963,41.91957],[-121.97952,41.93131],[-121.98269,41.94382]]]}},{"type":"Feature","properties":{"c":"zone"},"geometry":{"type":"Polygon","coordinates":[[[-121.97002,41.94448],[-121.96728,41.945],[-121.96475,41.93742],[-121.96099,41.93527],[-121.95124,41.92568],[-121.9507,41.92364],[-121.94341,41.91397],[-121.93803,41.90983],[-121.93968,41.90856],[-121.9461,41.91353],[-121.95309,41.92281],[-121.95361,41.92507],[-121.95922,41.93042],[-121.96238,41.92951],[-121.96785,41.93773],[-121.97002,41.94448]]]}},{"type":"Feature","properties":{"c":"zone"},"geometry":{"type":"Polygon","coordinates":[[[-121.96915,41.91101],[-121.96708,41.91199],[-121.9641,41.90813],[-121.96322,41.90342],[-121.95747,41.89055],[-121.96093,41.88976],[-121.96555,41.90059],[-121.96687,41.90825],[-121.96915,41.91101]]]}},{"type":"Feature","properties":{"c":"zone"},"geometry":{"type":"Polygon","coordinates":[[[-121.95982,41.91571],[-121.95763,41.91635],[-121.95602,41.91307],[-121.94967,41.90934],[-121.94511,41.90328],[-121.94729,41.90229],[-121.95114,41.90758],[-121.95318,41.90653],[-121.9579,41.91163],[-121.95982,41.91571]]]}},{"type":"Feature","properties":{"c":"zone"},"geometry":{"type":"Polygon","coordinates":[[[-121.95517,41.90295],[-121.95319,41.90386],[-121.9505,41.90052],[-121.94814,41.89526],[-121.93849,41.88434],[-121.93173,41.87489],[-121.9345,41.87489],[-121.94247,41.88419],[-121.94884,41.8897],[-121.95267,41.89978],[-121.95517,41.90295]]]}},{"type":"Feature","properties":{"c":"zone"},"geometry":{"type":"Polygon","coordinates":[[[-122.00113,42.00377],[-121.99374,41.99449],[-121.99222,41.98589],[-121.9796,41.97714],[-121.96552,41.96219],[-121.95946,41.95811],[-121.95754,41.95894],[-121.95205,41.9522],[-121.9416,41.94537],[-121.93586,41.93595],[-121.93863,41.93499],[-121.94448,41.94413],[-121.95389,41.95028],[-121.95957,41.95536],[-121.9609,41.95409],[-121.97423,41.96282],[-121.97799,41.96578],[-121.97489,41.96787],[-121.98019,41.97379],[-121.99584,41.98483],[-122.00113,41.9872],[-122.00113,41.99039],[-121.99713,41.98856],[-121.99742,41.99253],[-122.00113,41.99803],[-122.00113,42.00377]]]}},{"type":"Feature","properties":{"c":"zone"},"geometry":{"type":"Polygon","coordinates":[[[-122.75433,37.99993],[-122.75111,37.99739],[-122.75111,37.98484],[-122.76221,37.99541],[-122.76342,37.99993],[-122.75433,37.99993]]]}},{"type":"Feature","properties":{"c":"zone"},"geometry":{"type":"Polygon","coordinates":[[[-120.11008,40.12492],[-120.10655,40.12492],[-120.10576,40.12417],[-120.10377,40.12095],[-120.10568,40.12022],[-120.10788,40.1237],[-120.11008,40.12492]]]}},{"type":"Feature","properties":{"c":"zone"},"geometry":{"type":"Polygon","coordinates":[[[-120.03058,40.12492],[-120.02841,40.12492],[-120.02792,40.11928],[-120.03024,40.11916],[-120.03058,40.12492]]]}},{"type":"Feature","properties":{"c":"zone"},"geometry":{"type":"Polygon","coordinates":[[[-120.06969,40.11467],[-120.07179,40.11469],[-120.07207,40.1202],[-120.07304,40.12493],[-120.07056,40.12493],[-120.06987,40.12032],[-120.06969,40.11467]]]}},{"type":"Feature","properties":{"c":"zone"},"geometry":{"type":"Polygon","coordinates":[[[-120.06926,40.12493],[-120.0652,40.12493],[-120.06382,40.12258],[-120.06682,40.12134],[-120.06926,40.12493]]]}},{"type":"Feature","properties":{"c":"zone"},"geometry":{"type":"Polygon","coordinates":[[[-120.12562,40.05247],[-120.12605,40.05341],[-120.12605,40.05856],[-120.12235,40.05377],[-120.11256,40.04523],[-120.10284,40.03976],[-120.09458,40.03379],[-120.08593,40.02635],[-120.08367,40.025],[-120.08003,40.02113],[-120.06782,40.01221],[-120.06147,40.0058],[-120.05403,40.00458],[-120.04615,39.99993],[-120.05274,39.99993],[-120.05665,40.00148],[-120.06334,40.00334],[-120.06656,40.00573],[-120.07084,40.01036],[-120.08203,40.01817],[-120.08573,40.02257],[-120.08771,40.02371],[-120.09653,40.03145],[-120.10338,40.03643],[-120.11403,40.0423],[-120.12562,40.05247]]]}},{"type":"Feature","properties":{"c":"zone"},"geometry":{"type":"Polygon","coordinates":[[[-120.08826,40.11418],[-120.08492,40.11348],[-120.08731,40.10739],[-120.08614,40.10363],[-120.08752,40.09619],[-120.09134,40.08315],[-120.09166,40.07387],[-120.08851,40.07382],[-120.08941,40.06349],[-120.08792,40.05593],[-120.08466,40.05085],[-120.08321,40.04602],[-120.08337,40.04038],[-120.08176,40.0353],[-120.08539,40.03461],[-120.08677,40.03964],[-120.08683,40.04766],[-120.09157,40.05543],[-120.09305,40.06311],[-120.09228,40.07025],[-120.09549,40.07025],[-120.09507,40.08316],[-120.09197,40.09478],[-120.09452,40.09452],[-120.09488,40.09986],[-120.09207,40.10009],[-120.09108,40.09736],[-120.08973,40.10279],[-120.09073,40.10795],[-120.08826,40.11418]]]}},{"type":"Feature","properties":{"c":"zone"},"geometry":{"type":"Polygon","coordinates":[[[-122.87612,38.12493],[-122.87612,38.12242],[-122.87854,38.12493],[-122.87612,38.12493]]]}},{"type":"Feature","properties":{"c":"zone"},"geometry":{"type":"Polygon","coordinates":[[[-117.26169,36.87495],[-117.25751,36.87495],[-117.25092,36.86701],[-117.25092,36.86197],[-117.26169,36.87495]]]}},{"type":"Feature","properties":{"c":"zone"},"geometry":{"type":"Polygon","coordinates":[[[-121.96607,37.74995],[-121.96228,37.74995],[-121.95194,37.7388],[-121.95181,37.73671],[-121.93834,37.71598],[-121.93385,37.69838],[-121.92417,37.67999],[-121.9122,37.66018],[-121.91183,37.65699],[-121.89251,37.62495],[-121.89696,37.62495],[-121.91478,37.65405],[-121.9195,37.66508],[-121.9283,37.67938],[-121.93741,37.69795],[-121.93994,37.70901],[-121.94729,37.72321],[-121.9565,37.7381],[-121.96607,37.74995]]]}},{"type":"Feature","properties":{"c":"zone"},"geometry":{"type":"Polygon","coordinates":[[[-121.91119,37.72377],[-121.90922,37.72425],[-121.90226,37.71297],[-121.89799,37.71295],[-121.89541,37.70548],[-121.89294,37.70147],[-121.89509,37.7015],[-121.90179,37.70446],[-121.90868,37.71972],[-121.91119,37.72377]]]}},{"type":"Feature","properties":{"c":"zone"},"geometry":{"type":"Polygon","coordinates":[[[-123.07386,38.39533],[-123.0753,38.38409],[-123.07322,38.37494],[-123.07761,38.37494],[-123.07908,38.38314],[-123.07808,38.39557],[-123.07386,38.39533]]]}},{"type":"Feature","properties":{"c":"zone"},"geometry":{"type":"Polygon","coordinates":[[[-115.87584,33.47532],[-115.85522,33.4611],[-115.85134,33.45659],[-115.84367,33.45052],[-115.7952,33.41431],[-115.7902,33.41462],[-115.78582,33.40813],[-115.77393,33.39989],[-115.76029,33.39282],[-115.75084,33.38578],[-115.75084,33.37988],[-115.75681,33.38234],[-115.7649,33.39189],[-115.77422,33.39655],[-115.79916,33.41335],[-115.83161,33.43722],[-115.84001,33.44402],[-115.84993,33.45116],[-115.86358,33.46272],[-115.87584,33.47119],[-115.87584,33.47532]]]}},{"type":"Feature","properties":{"c":"zone"},"geometry":{"type":"Polygon","coordinates":[[[-115.81061,33.46315],[-115.81639,33.46382],[-115.82375,33.4659],[-115.84179,33.48081],[-115.8488,33.48781],[-115.85767,33.50003],[-115.85373,33.50003],[-115.85123,33.49728],[-115.84423,33.48774],[-115.83974,33.48657],[-115.83485,33.48093],[-115.82952,33.477],[-115.82892,33.47486],[-115.82206,33.4686],[-115.81512,33.4663],[-115.8135,33.46608],[-115.82211,33.47441],[-115.81968,33.47624],[-115.80857,33.4661],[-115.80449,33.46071],[-115.79658,33.45506],[-115.79077,33.45203],[-115.78759,33.44923],[-115.78551,33.44569],[-115.78305,33.44407],[-115.77701,33.43795],[-115.7709,33.43063],[-115.77336,33.42918],[-115.78391,33.44076],[-115.79994,33.45383],[-115.80638,33.45823],[-115.81061,33.46315]]]}},{"type":"Feature","properties":{"c":"zone"},"geometry":{"type":"Polygon","coordinates":[[[-118.09198,37.65334],[-118.08686,37.64966],[-118.08531,37.64764],[-118.08368,37.63939],[-118.08423,37.63599],[-118.0799,37.62951],[-118.07845,37.62495],[-118.08431,37.62495],[-118.08394,37.62665],[-118.08595,37.63269],[-118.08808,37.63526],[-118.08758,37.6376],[-118.08974,37.6479],[-118.09198,37.65334]]]}},{"type":"Feature","properties":{"c":"zone"},"geometry":{"type":"Polygon","coordinates":[[[-120.14359,41.37491],[-120.1393,41.37491],[-120.13757,41.37266],[-120.13571,41.36784],[-120.13066,41.36184],[-120.12726,41.34537],[-120.1304,41.33948],[-120.13385,41.33711],[-120.13666,41.32629],[-120.13333,41.31081],[-120.12607,41.30736],[-120.12607,41.30326],[-120.13712,41.30925],[-120.14095,41.32568],[-120.13839,41.33786],[-120.13391,41.34098],[-120.13148,41.34558],[-120.13336,41.35065],[-120.13478,41.36134],[-120.13929,41.36662],[-120.14359,41.37491]]]}},{"type":"Feature","properties":{"c":"zone"},"geometry":{"type":"Polygon","coordinates":[[[-119.18857,34.99999],[-119.18575,34.99875],[-119.18673,34.99743],[-119.19129,34.9994],[-119.19597,34.99851],[-119.19696,34.99999],[-119.18857,34.99999]]]}},{"type":"Feature","properties":{"c":"zone"},"geometry":{"type":"Polygon","coordinates":[[[-119.15171,34.99999],[-119.15599,34.99761],[-119.15332,34.99578],[-119.16699,34.9893],[-119.17224,34.99284],[-119.17504,34.99042],[-119.17739,34.99198],[-119.17088,34.99999],[-119.15171,34.99999]],[[-119.16662,34.99999],[-119.17013,34.9955],[-119.15823,34.99915],[-119.16662,34.99999]]]}},{"type":"Feature","properties":{"c":"zone"},"geometry":{"type":"Polygon","coordinates":[[[-119.25096,34.87498],[-119.25096,34.8777],[-119.24038,34.87498],[-119.25096,34.87498]]]}},{"type":"Feature","properties":{"c":"zone"},"geometry":{"type":"Polygon","coordinates":[[[-119.25096,34.98458],[-119.24054,34.98402],[-119.23315,34.98187],[-119.22839,34.98392],[-119.21577,34.98517],[-119.21504,34.98156],[-119.20871,34.97913],[-119.20291,34.98228],[-119.19399,34.98231],[-119.19386,34.98025],[-119.20285,34.98004],[-119.20638,34.97735],[-119.21023,34.97716],[-119.21492,34.97917],[-119.22203,34.97929],[-119.23321,34.97731],[-119.23724,34.97995],[-119.24133,34.98124],[-119.25096,34.98184],[-119.25096,34.98458]]]}},{"type":"Feature","properties":{"c":"zone"},"geometry":{"type":"Polygon","coordinates":[[[-120.02729,41.35176],[-120.0274,41.35685],[-120.02487,41.35693],[-120.02451,41.34739],[-120.02598,41.34121],[-120.02773,41.34131],[-120.02771,41.33762],[-120.02986,41.33351],[-120.02582,41.32778],[-120.02429,41.32378],[-120.02964,41.31201],[-120.03269,41.31281],[-120.0275,41.32406],[-120.03042,41.3304],[-120.03188,41.32571],[-120.03444,41.32632],[-120.03267,41.33154],[-120.03293,41.33423],[-120.03039,41.33794],[-120.03012,41.34211],[-120.02816,41.34657],[-120.02729,41.35176]]]}},{"type":"Feature","properties":{"c":"zone"},"geometry":{"type":"Polygon","coordinates":[[[-120.03997,41.3436],[-120.03753,41.34361],[-120.03711,41.32914],[-120.03635,41.32538],[-120.0384,41.3206],[-120.04055,41.32117],[-120.03886,41.32537],[-120.03968,41.32819],[-120.03997,41.3436]]]}},{"type":"Feature","properties":{"c":"zone"},"geometry":{"type":"Polygon","coordinates":[[[-120.07509,41.25659],[-120.07292,41.25743],[-120.07069,41.25426],[-120.06882,41.24992],[-120.07145,41.24992],[-120.07285,41.2534],[-120.07509,41.25659]]]}},{"type":"Feature","properties":{"c":"zone"},"geometry":{"type":"Polygon","coordinates":[[[-120.08819,41.32194],[-120.08591,41.32279],[-120.08214,41.32032],[-120.07674,41.31362],[-120.07765,41.30233],[-120.07498,41.29695],[-120.07503,41.29536],[-120.07964,41.28554],[-120.08195,41.28617],[-120.07748,41.29597],[-120.08019,41.30198],[-120.0794,41.31336],[-120.083,41.31769],[-120.08626,41.31925],[-120.08819,41.32194]]]}},{"type":"Feature","properties":{"c":"zone"},"geometry":{"type":"Polygon","coordinates":[[[-120.12607,41.29748],[-120.12607,41.30736],[-120.1228,41.3051],[-120.12251,41.29981],[-120.11636,41.28831],[-120.11574,41.28096],[-120.10903,41.28124],[-120.10208,41.27524],[-120.09522,41.27406],[-120.09295,41.27214],[-120.0843,41.26968],[-120.08174,41.26266],[-120.07563,41.26021],[-120.07741,41.25768],[-120.08068,41.25904],[-120.07531,41.25302],[-120.07845,41.25147],[-120.08187,41.25524],[-120.09372,41.26322],[-120.0911,41.26542],[-120.08586,41.26202],[-120.08678,41.26711],[-120.09521,41.26958],[-120.09704,41.27124],[-120.10437,41.27246],[-120.11109,41.27807],[-120.11866,41.2775],[-120.12028,41.28741],[-120.12607,41.29748]]]}},{"type":"Feature","properties":{"c":"zone"},"geometry":{"type":"Polygon","coordinates":[[[-116.50086,33.11881],[-116.49379,33.11619],[-116.47703,33.10747],[-116.47163,33.10754],[-116.45345,33.10385],[-116.44745,33.0997],[-116.43764,33.09443],[-116.43914,33.09244],[-116.45036,33.09756],[-116.4682,33.0995],[-116.48181,33.10431],[-116.50086,33.11503],[-116.50086,33.11881]]]}},{"type":"Feature","properties":{"c":"zone"},"geometry":{"type":"Polygon","coordinates":[[[-116.50086,33.03291],[-116.49738,33.03287],[-116.47991,33.0241],[-116.4757,33.01962],[-116.46437,33.01514],[-116.45505,33.00981],[-116.44923,33.00269],[-116.44522,33.00007],[-116.45042,33.00007],[-116.453,33.0026],[-116.45666,33.0073],[-116.46464,33.01209],[-116.47603,33.016],[-116.48319,33.02297],[-116.50086,33.02934],[-116.50086,33.03291]]]}},{"type":"Feature","properties":{"c":"zone"},"geometry":{"type":"Polygon","coordinates":[[[-116.37586,33.87698],[-116.37586,33.8811],[-116.36129,33.87503],[-116.37315,33.87502],[-116.37586,33.87698]]]}},{"type":"Feature","properties":{"c":"zone"},"geometry":{"type":"Polygon","coordinates":[[[-116.62588,35.59429],[-116.61855,35.59518],[-116.57395,35.59355],[-116.56119,35.59146],[-116.53616,35.60045],[-116.52695,35.60179],[-116.52068,35.59567],[-116.50088,35.59077],[-116.50087,35.58012],[-116.52917,35.58358],[-116.54587,35.58491],[-116.56112,35.58451],[-116.59149,35.5876],[-116.60994,35.5906],[-116.62588,35.59064],[-116.62588,35.59429]]]}},{"type":"Feature","properties":{"c":"zone"},"geometry":{"type":"Polygon","coordinates":[[[-116.5476,35.74998],[-116.54299,35.74998],[-116.51885,35.73112],[-116.51281,35.72287],[-116.50674,35.71683],[-116.50088,35.70947],[-116.50087,35.70199],[-116.50449,35.70594],[-116.52024,35.71757],[-116.5267,35.72518],[-116.52887,35.72438],[-116.53676,35.7372],[-116.5476,35.74998]],[[-116.53501,35.74052],[-116.52767,35.72925],[-116.52388,35.72716],[-116.51707,35.71922],[-116.50617,35.71097],[-116.51771,35.72324],[-116.52193,35.72938],[-116.53501,35.74052]]]}},{"type":"Feature","properties":{"c":"zone"},"geometry":{"type":"Polygon","coordinates":[[[-121.54402,41.24991],[-121.54027,41.2499],[-121.53669,41.24357],[-121.54003,41.24248],[-121.54402,41.24991]]]}},{"type":"Feature","properties":{"c":"zone"},"geometry":{"type":"Polygon","coordinates":[[[-121.53666,41.2499],[-121.53312,41.2499],[-121.53135,41.24301],[-121.52748,41.24062],[-121.5285,41.23871],[-121.50111,41.21815],[-121.50111,41.21414],[-121.52306,41.23102],[-121.53381,41.23807],[-121.53181,41.23996],[-121.53404,41.24182],[-121.53666,41.2499]]]}},{"type":"Feature","properties":{"c":"zone"},"geometry":{"type":"Polygon","coordinates":[[[-121.53228,41.23038],[-121.52889,41.23134],[-121.51959,41.21476],[-121.51292,41.20131],[-121.51145,41.20122],[-121.51025,41.19546],[-121.51467,41.19598],[-121.51617,41.20031],[-121.523,41.21404],[-121.53228,41.23038]]]}},{"type":"Feature","properties":{"c":"zone"},"geometry":{"type":"Polygon","coordinates":[[[-117.37173,36.99994],[-117.36736,36.99994],[-117.35839,36.99112],[-117.35044,36.9819],[-117.3407,36.97314],[-117.33385,36.96555],[-117.33371,36.96666],[-117.33154,36.96643],[-117.33192,36.96316],[-117.31842,36.95036],[-117.31685,36.94803],[-117.31408,36.94698],[-117.31152,36.94384],[-117.3092,36.93905],[-117.30308,36.92995],[-117.29557,36.92134],[-117.28553,36.90697],[-117.27102,36.89199],[-117.25751,36.87495],[-117.26169,36.87495],[-117.27398,36.8895],[-117.28784,36.9041],[-117.2995,36.92082],[-117.30697,36.92952],[-117.31258,36.93807],[-117.31787,36.94351],[-117.32038,36.94746],[-117.32414,36.94868],[-117.32572,36.9528],[-117.33299,36.95931],[-117.34752,36.97458],[-117.35464,36.98078],[-117.37173,36.99994]]]}},{"type":"Feature","properties":{"c":"zone"},"geometry":{"type":"Polygon","coordinates":[[[-120.04976,38.87036],[-120.04922,38.86589],[-120.05027,38.86479],[-120.0493,38.86143],[-120.04865,38.86042],[-120.0472,38.85959],[-120.04699,38.8553],[-120.04756,38.8537],[-120.05073,38.85358],[-120.0509,38.85551],[-120.0504,38.85596],[-120.05052,38.85865],[-120.0514,38.85892],[-120.05405,38.86203],[-120.05554,38.86199],[-120.05613,38.86459],[-120.05754,38.86586],[-120.05739,38.86633],[-120.05916,38.86694],[-120.06131,38.86874],[-120.06324,38.8676],[-120.06459,38.86586],[-120.06275,38.86416],[-120.06184,38.86152],[-120.06066,38.86098],[-120.05974,38.85947],[-120.0589,38.85898],[-120.05834,38.85782],[-120.05084,38.8527],[-120.04723,38.85163],[-120.04476,38.84996],[-120.04113,38.84575],[-120.03968,38.84356],[-120.03546,38.83986],[-120.03428,38.83949],[-120.03273,38.83752],[-120.03253,38.8364],[-120.03109,38.83514],[-120.03033,38.83374],[-120.02951,38.83345],[-120.02561,38.82997],[-120.02373,38.82927],[-120.02208,38.82757],[-120.02459,38.82589],[-120.026,38.82719],[-120.02952,38.8285],[-120.03168,38.83115],[-120.03394,38.83241],[-120.0354,38.83453],[-120.03621,38.83633],[-120.03608,38.83662],[-120.03659,38.83725],[-120.03779,38.83773],[-120.03969,38.83946],[-120.04106,38.83966],[-120.04363,38.8422],[-120.04339,38.84308],[-120.04483,38.84528],[-120.04747,38.84822],[-120.05061,38.84988],[-120.0521,38.84995],[-120.05622,38.8527],[-120.05762,38.85255],[-120.05868,38.85389],[-120.05998,38.85484],[-120.06006,38.85536],[-120.06447,38.85809],[-120.06585,38.85798],[-120.06644,38.86012],[-120.06572,38.86187],[-120.0669,38.86304],[-120.06823,38.86543],[-120.06794,38.86697],[-120.06717,38.86818],[-120.06574,38.86975],[-120.06454,38.87019],[-120.0645,38.87083],[-120.06665,38.87287],[-120.06763,38.87436],[-120.0676,38.87489],[-120.06397,38.87489],[-120.06162,38.8725],[-120.06016,38.87253],[-120.05317,38.86869],[-120.05318,38.86931],[-120.05386,38.86996],[-120.05449,38.87208],[-120.05421,38.87284],[-120.05784,38.8749],[-120.0508,38.87491],[-120.05048,38.87215],[-120.0509,38.87151],[-120.04976,38.87036]]]}},{"type":"Feature","properties":{"c":"zone"},"geometry":{"type":"Polygon","coordinates":[[[-118.84118,35.37498],[-118.83808,35.37498],[-118.8352,35.3721],[-118.82053,35.36643],[-118.82188,35.36451],[-118.81955,35.36295],[-118.81365,35.36134],[-118.81089,35.35896],[-118.8093,35.36178],[-118.80315,35.36058],[-118.79652,35.35788],[-118.80174,35.35665],[-118.8117,35.35676],[-118.81527,35.35959],[-118.82051,35.36097],[-118.82799,35.36523],[-118.83316,35.36861],[-118.8366,35.37012],[-118.84118,35.37498]]]}},{"type":"Feature","properties":{"c":"zone"},"geometry":{"type":"Polygon","coordinates":[[[-118.83063,35.37498],[-118.82683,35.37311],[-118.81595,35.36977],[-118.80719,35.36653],[-118.79628,35.36575],[-118.78874,35.361],[-118.78285,35.36216],[-118.78231,35.36063],[-118.78794,35.35955],[-118.78436,35.35818],[-118.77902,35.35764],[-118.7767,35.35443],[-118.77748,35.35387],[-118.78184,35.35589],[-118.78746,35.35678],[-118.8027,35.36277],[-118.80786,35.36401],[-118.82074,35.36907],[-118.82886,35.37145],[-118.83575,35.37498],[-118.83063,35.37498]]]}},{"type":"Feature","properties":{"c":"zone"},"geometry":{"type":"Polygon","coordinates":[[[-118.80992,35.37499],[-118.80667,35.375],[-118.80468,35.37349],[-118.80585,35.37218],[-118.80992,35.37499]]]}},{"type":"Feature","properties":{"c":"zone"},"geometry":{"type":"Polygon","coordinates":[[[-118.85002,35.35015],[-118.83411,35.34964],[-118.82261,35.35148],[-118.82061,35.34751],[-118.82751,35.34858],[-118.83397,35.3481],[-118.84525,35.34814],[-118.84796,35.3476],[-118.85719,35.34906],[-118.86087,35.35289],[-118.85002,35.35015]]]}},{"type":"Feature","properties":{"c":"zone"},"geometry":{"type":"Polygon","coordinates":[[[-118.8667,35.35083],[-118.85918,35.34788],[-118.85155,35.34676],[-118.85179,35.34523],[-118.86091,35.34663],[-118.86752,35.34959],[-118.8667,35.35083]]]}},{"type":"Feature","properties":{"c":"zone"},"geometry":{"type":"Polygon","coordinates":[[[-118.8127,35.34656],[-118.80294,35.34571],[-118.80303,35.34424],[-118.81285,35.34497],[-118.8127,35.34656]]]}},{"type":"Feature","properties":{"c":"zone"},"geometry":{"type":"Polygon","coordinates":[[[-117.03304,33.99262],[-117.02728,33.99256],[-117.01047,33.98912],[-117.00087,33.9861],[-117.00087,33.98322],[-117.01011,33.98513],[-117.01082,33.98619],[-117.0276,33.98982],[-117.03307,33.98988],[-117.03304,33.99262]]]}},{"type":"Feature","properties":{"c":"zone"},"geometry":{"type":"Polygon","coordinates":[[[-117.12588,33.92913],[-117.12588,33.93341],[-117.11686,33.92597],[-117.11374,33.92264],[-117.11032,33.92115],[-117.09268,33.90601],[-117.09668,33.91177],[-117.09493,33.91258],[-117.08839,33.90437],[-117.08488,33.90316],[-117.07945,33.89669],[-117.06683,33.89058],[-117.06053,33.88704],[-117.05429,33.87965],[-117.05129,33.88343],[-117.04191,33.87504],[-117.04701,33.87504],[-117.05103,33.87717],[-117.04894,33.87504],[-117.05226,33.87504],[-117.05744,33.87822],[-117.06356,33.88516],[-117.06805,33.88739],[-117.07726,33.88947],[-117.0833,33.89324],[-117.08548,33.89003],[-117.09035,33.88851],[-117.0909,33.8899],[-117.08637,33.89362],[-117.09867,33.90255],[-117.10033,33.9087],[-117.10841,33.91469],[-117.11563,33.91941],[-117.11979,33.9247],[-117.12588,33.92913]]]}},{"type":"Feature","properties":{"c":"zone"},"geometry":{"type":"Polygon","coordinates":[[[-117.09967,33.89238],[-117.09727,33.89317],[-117.08976,33.88194],[-117.08701,33.87504],[-117.08992,33.87503],[-117.09267,33.88153],[-117.09967,33.89238]]]}},{"type":"Feature","properties":{"c":"zone"},"geometry":{"type":"Polygon","coordinates":[[[-117.10923,33.88842],[-117.107,33.88852],[-117.10585,33.8827],[-117.10185,33.87503],[-117.10439,33.87503],[-117.10861,33.8824],[-117.10923,33.88842]]]}},{"type":"Feature","properties":{"c":"zone"},"geometry":{"type":"Polygon","coordinates":[[[-115.62584,32.8386],[-115.62584,32.84247],[-115.61765,32.8366],[-115.6077,32.82746],[-115.60996,32.82556],[-115.61968,32.83443],[-115.62584,32.8386]]]}},{"type":"Feature","properties":{"c":"zone"},"geometry":{"type":"Polygon","coordinates":[[[-115.50327,32.86168],[-115.50182,32.8611],[-115.50382,32.85753],[-115.50522,32.85811],[-115.50327,32.86168]]]}},{"type":"Feature","properties":{"c":"zone"},"geometry":{"type":"Polygon","coordinates":[[[-115.53311,32.87507],[-115.52878,32.87507],[-115.52675,32.87436],[-115.52194,32.86916],[-115.51345,32.85457],[-115.50603,32.83947],[-115.50084,32.83508],[-115.50084,32.83082],[-115.50993,32.83739],[-115.51383,32.84732],[-115.51854,32.8535],[-115.51962,32.85823],[-115.5226,32.86256],[-115.52093,32.85335],[-115.52256,32.85309],[-115.52359,32.85828],[-115.53014,32.86668],[-115.53311,32.87507]]]}},{"type":"Feature","properties":{"c":"zone"},"geometry":{"type":"Polygon","coordinates":[[[-118.09013,34.06027],[-118.08304,34.05163],[-118.07456,34.03832],[-118.07712,34.03678],[-118.08607,34.04764],[-118.08611,34.0506],[-118.09272,34.05863],[-118.09013,34.06027]]]}},{"type":"Feature","properties":{"c":"zone"},"geometry":{"type":"Polygon","coordinates":[[[-118.10151,34.12503],[-118.10531,34.12369],[-118.11091,34.12298],[-118.11811,34.12076],[-118.12002,34.11896],[-118.12125,34.11841],[-118.12592,34.11745],[-118.12591,34.12215],[-118.12407,34.12269],[-118.1212,34.12291],[-118.11913,34.1238],[-118.11736,34.12502],[-118.10151,34.12503]]]}},{"type":"Feature","properties":{"c":"zone"},"geometry":{"type":"Polygon","coordinates":[[[-117.62591,35.45843],[-117.67663,35.44385],[-117.70591,35.4338],[-117.75091,35.41736],[-117.75091,35.42138],[-117.74066,35.4302],[-117.73225,35.42834],[-117.6978,35.44174],[-117.68097,35.44633],[-117.65444,35.45592],[-117.62591,35.46208],[-117.62591,35.45843]]]}},{"type":"Feature","properties":{"c":"zone"},"geometry":{"type":"Polygon","coordinates":[[[-122.89524,39.3749],[-122.89148,39.3721],[-122.88366,39.36239],[-122.87612,39.35688],[-122.87612,39.34683],[-122.88016,39.35588],[-122.88248,39.35519],[-122.89475,39.3708],[-122.90071,39.3749],[-122.89524,39.3749]]]}},{"type":"Feature","properties":{"c":"zone"},"geometry":{"type":"Polygon","coordinates":[[[-119.62597,35.10809],[-119.62597,35.11276],[-119.61374,35.09946],[-119.5998,35.09539],[-119.59563,35.08623],[-119.55905,35.06039],[-119.51484,35.01907],[-119.51047,35.01911],[-119.50097,35.00982],[-119.50097,34.99998],[-119.53857,34.99999],[-119.55317,35.01548],[-119.56638,35.01673],[-119.57807,35.02288],[-119.58755,35.02313],[-119.60315,35.02798],[-119.62564,35.04999],[-119.62231,35.05293],[-119.60764,35.04172],[-119.56194,35.01856],[-119.54749,35.0195],[-119.57718,35.03695],[-119.57527,35.03938],[-119.54057,35.01914],[-119.54991,35.0337],[-119.57301,35.04841],[-119.62597,35.09522],[-119.62597,35.10075],[-119.6227,35.09798],[-119.61947,35.10011],[-119.62597,35.10809]],[[-119.6042,35.03509],[-119.60077,35.0305],[-119.59083,35.02667],[-119.58275,35.02622],[-119.6042,35.03509]]]}},{"type":"Feature","properties":{"c":"zone"},"geometry":{"type":"Polygon","coordinates":[[[-123.16284,39.12491],[-123.15926,39.12491],[-123.15729,39.11868],[-123.15454,39.11256],[-123.14668,39.10258],[-123.14212,39.09179],[-123.13849,39.08455],[-123.13163,39.07891],[-123.12613,39.07156],[-123.12613,39.0584],[-123.13084,39.06621],[-123.13148,39.06821],[-123.13435,39.07242],[-123.13637,39.07436],[-123.14547,39.09086],[-123.14669,39.09422],[-123.15762,39.10889],[-123.16284,39.12491]]]}},{"type":"Feature","properties":{"c":"zone"},"geometry":{"type":"Polygon","coordinates":[[[-120.09592,38.93531],[-120.09239,38.93651],[-120.09119,38.9323],[-120.09084,38.92946],[-120.09113,38.92788],[-120.09057,38.92697],[-120.08823,38.92615],[-120.0877,38.92549],[-120.08751,38.92464],[-120.08773,38.92363],[-120.0859,38.92148],[-120.08581,38.92064],[-120.08506,38.91983],[-120.08481,38.91863],[-120.08202,38.91623],[-120.08107,38.91472],[-120.0808,38.9133],[-120.08097,38.91151],[-120.08056,38.91006],[-120.07658,38.90468],[-120.0767,38.90363],[-120.07736,38.90257],[-120.07612,38.90101],[-120.07501,38.90016],[-120.07411,38.89795],[-120.07188,38.89661],[-120.07071,38.89471],[-120.07224,38.8901],[-120.0734,38.89297],[-120.07467,38.8949],[-120.07656,38.89601],[-120.07784,38.89582],[-120.07921,38.89403],[-120.07956,38.89248],[-120.08034,38.89174],[-120.08057,38.891],[-120.08377,38.88945],[-120.08528,38.89184],[-120.08376,38.89257],[-120.08357,38.89331],[-120.08278,38.89383],[-120.0827,38.89485],[-120.08098,38.89696],[-120.08116,38.89763],[-120.08071,38.89841],[-120.08044,38.90016],[-120.08136,38.90138],[-120.08035,38.90453],[-120.08296,38.90814],[-120.08389,38.90869],[-120.08426,38.9096],[-120.08401,38.91013],[-120.08455,38.91126],[-120.08442,38.91405],[-120.08794,38.91727],[-120.0884,38.91869],[-120.08919,38.91956],[-120.08936,38.92063],[-120.09142,38.92318],[-120.09116,38.92423],[-120.09225,38.92453],[-120.09355,38.92541],[-120.09468,38.92742],[-120.0943,38.92906],[-120.09473,38.93219],[-120.09592,38.93531]]]}},{"type":"Feature","properties":{"c":"zone"},"geometry":{"type":"Polygon","coordinates":[[[-120.05081,38.8749],[-120.05788,38.87491],[-120.06214,38.87737],[-120.05953,38.87959],[-120.05693,38.87911],[-120.0551,38.87845],[-120.05363,38.87735],[-120.05218,38.87675],[-120.05081,38.8749]]]}},{"type":"Feature","properties":{"c":"zone"},"geometry":{"type":"Polygon","coordinates":[[[-120.08839,38.96384],[-120.09161,38.96452],[-120.0906,38.96553],[-120.09051,38.96661],[-120.09265,38.97013],[-120.09195,38.97302],[-120.08833,38.97081],[-120.08814,38.96894],[-120.08675,38.96691],[-120.08839,38.96384]]]}},{"type":"Feature","properties":{"c":"zone"},"geometry":{"type":"Polygon","coordinates":[[[-120.06719,38.92468],[-120.06855,38.92235],[-120.07366,38.92188],[-120.07262,38.92897],[-120.07465,38.93333],[-120.07731,38.93464],[-120.0788,38.93592],[-120.07944,38.9373],[-120.07868,38.94551],[-120.07759,38.94909],[-120.07629,38.95184],[-120.07411,38.94921],[-120.0754,38.94467],[-120.07585,38.93997],[-120.0742,38.93648],[-120.07233,38.93552],[-120.07152,38.93455],[-120.06917,38.92938],[-120.0692,38.92605],[-120.06719,38.92468]]]}},{"type":"Feature","properties":{"c":"zone"},"geometry":{"type":"Polygon","coordinates":[[[-120.06837,38.88094],[-120.0648,38.88107],[-120.06352,38.87658],[-120.06397,38.87489],[-120.06758,38.87489],[-120.06705,38.87607],[-120.06837,38.88094]]]}},{"type":"Feature","properties":{"c":"zone"},"geometry":{"type":"Polygon","coordinates":[[[-120.09569,38.93867],[-120.09775,38.93758],[-120.09888,38.93732],[-120.10015,38.93957],[-120.10139,38.93964],[-120.10257,38.94167],[-120.10362,38.9421],[-120.10464,38.94342],[-120.10486,38.94463],[-120.10807,38.94833],[-120.10508,38.94981],[-120.1017,38.94587],[-120.09793,38.94307],[-120.09627,38.94033],[-120.09569,38.93867]]]}},{"type":"Feature","properties":{"c":"zone"},"geometry":{"type":"Polygon","coordinates":[[[-116.49334,34.50001],[-116.48985,34.50001],[-116.48606,34.48919],[-116.48916,34.48835],[-116.49334,34.50001]]]}},{"type":"Feature","properties":{"c":"zone"},"geometry":{"type":"Polygon","coordinates":[[[-116.50087,34.45806],[-116.49455,34.44601],[-116.49235,34.43803],[-116.48628,34.42839],[-116.48351,34.42681],[-116.48013,34.42235],[-116.47923,34.41875],[-116.47955,34.41528],[-116.47572,34.40359],[-116.47079,34.39487],[-116.46264,34.38875],[-116.46112,34.38905],[-116.46015,34.39169],[-116.45772,34.39399],[-116.45521,34.39229],[-116.45747,34.38946],[-116.45376,34.38687],[-116.45303,34.3826],[-116.44963,34.38136],[-116.44558,34.37719],[-116.44558,34.37502],[-116.46392,34.37502],[-116.46375,34.37628],[-116.46627,34.37768],[-116.46641,34.37631],[-116.46872,34.37643],[-116.46865,34.37895],[-116.47037,34.37955],[-116.4738,34.37674],[-116.47599,34.37905],[-116.47351,34.38154],[-116.47552,34.38362],[-116.47373,34.38559],[-116.46765,34.382],[-116.46976,34.38884],[-116.47568,34.3898],[-116.47498,34.39248],[-116.47325,34.39231],[-116.47957,34.40368],[-116.48292,34.41376],[-116.48458,34.41689],[-116.48756,34.42401],[-116.49714,34.43816],[-116.49691,34.44012],[-116.49871,34.44697],[-116.50087,34.45159],[-116.50087,34.45806]]]}},{"type":"Feature","properties":{"c":"zone"},"geometry":{"type":"Polygon","coordinates":[[[-116.49931,34.48452],[-116.49577,34.48427],[-116.48871,34.47784],[-116.48587,34.46784],[-116.49026,34.47005],[-116.49088,34.47303],[-116.49445,34.4776],[-116.49738,34.47935],[-116.49933,34.4823],[-116.49931,34.48452]]]}},{"type":"Feature","properties":{"c":"zone"},"geometry":{"type":"Polygon","coordinates":[[[-117.58605,35.74996],[-117.58948,35.74996],[-117.59088,35.75245],[-117.5884,35.75337],[-117.58717,35.752],[-117.58605,35.74996]]]}},{"type":"Feature","properties":{"c":"zone"},"geometry":{"type":"Polygon","coordinates":[[[-116.50087,34.49272],[-116.49246,34.48651],[-116.48771,34.48169],[-116.48248,34.47467],[-116.47569,34.47087],[-116.47365,34.46866],[-116.46522,34.46457],[-116.44979,34.45527],[-116.4365,34.45089],[-116.4295,34.44774],[-116.42541,34.4441],[-116.42076,34.44155],[-116.4088,34.43168],[-116.39841,34.4217],[-116.37955,34.40905],[-116.37586,34.40338],[-116.37586,34.39912],[-116.37986,34.40304],[-116.38487,34.40899],[-116.40336,34.42098],[-116.40382,34.42243],[-116.41919,34.43567],[-116.43056,34.44311],[-116.44281,34.44965],[-116.45249,34.4531],[-116.47323,34.46505],[-116.47479,34.46418],[-116.47854,34.46825],[-116.48293,34.47108],[-116.48211,34.46709],[-116.47462,34.45221],[-116.47211,34.45107],[-116.47131,34.4478],[-116.46568,34.44156],[-116.46132,34.43313],[-116.45943,34.42822],[-116.4561,34.42525],[-116.45909,34.42313],[-116.4624,34.41779],[-116.46787,34.40418],[-116.47111,34.40484],[-116.46689,34.41934],[-116.4615,34.4257],[-116.46369,34.42955],[-116.46486,34.42646],[-116.46807,34.42734],[-116.46674,34.43164],[-116.46828,34.43217],[-116.46717,34.4342],[-116.4659,34.43464],[-116.46696,34.43667],[-116.47572,34.44705],[-116.47644,34.44942],[-116.47991,34.45477],[-116.48512,34.46528],[-116.48885,34.46715],[-116.4892,34.46401],[-116.48654,34.45756],[-116.48564,34.45065],[-116.48773,34.4503],[-116.49241,34.46651],[-116.49564,34.466],[-116.4976,34.4647],[-116.49615,34.46335],[-116.50086,34.46007],[-116.50086,34.46219],[-116.49933,34.46396],[-116.50033,34.46509],[-116.49631,34.46758],[-116.49327,34.46833],[-116.49528,34.47029],[-116.49501,34.47309],[-116.49707,34.47618],[-116.50087,34.47956],[-116.50087,34.49272]],[[-116.49931,34.48452],[-116.49933,34.4823],[-116.49738,34.47935],[-116.49445,34.4776],[-116.49088,34.47303],[-116.49026,34.47005],[-116.48587,34.46784],[-116.48871,34.47784],[-116.49577,34.48427],[-116.49931,34.48452]]]}},{"type":"Feature","properties":{"c":"zone"},"geometry":{"type":"Polygon","coordinates":[[[-117.25091,36.26357],[-117.24323,36.25692],[-117.24114,36.24996],[-117.24574,36.24995],[-117.24884,36.25744],[-117.25003,36.2529],[-117.24823,36.24995],[-117.25091,36.24995],[-117.25091,36.26357]]]}},{"type":"Feature","properties":{"c":"zone"},"geometry":{"type":"Polygon","coordinates":[[[-123.62614,38.91415],[-123.62614,38.92699],[-123.61323,38.91458],[-123.5791,38.87493],[-123.58769,38.87493],[-123.61407,38.90299],[-123.61555,38.90636],[-123.62614,38.91415]]]}},{"type":"Feature","properties":{"c":"zone"},"geometry":{"type":"Polygon","coordinates":[[[-121.54357,37.49995],[-121.53935,37.49995],[-121.53522,37.49312],[-121.534,37.48583],[-121.52133,37.46917],[-121.51652,37.45558],[-121.51525,37.44737],[-121.51151,37.44194],[-121.50647,37.43075],[-121.50108,37.42333],[-121.50103,37.41479],[-121.50688,37.42136],[-121.51905,37.44692],[-121.52081,37.45682],[-121.52295,37.46124],[-121.52478,37.46672],[-121.53765,37.48483],[-121.53908,37.49297],[-121.54357,37.49995]]]}},{"type":"Feature","properties":{"c":"zone"},"geometry":{"type":"Polygon","coordinates":[[[-122.12136,38.14876],[-122.12209,38.14321],[-122.11909,38.13166],[-122.11545,38.12493],[-122.12149,38.12493],[-122.12609,38.13648],[-122.12609,38.14376],[-122.1241,38.14897],[-122.12136,38.14876]]]}},{"type":"Feature","properties":{"c":"zone"},"geometry":{"type":"Polygon","coordinates":[[[-117.62209,35.81552],[-117.62153,35.81682],[-117.62143,35.8186],[-117.6223,35.82156],[-117.61938,35.82247],[-117.61868,35.8211],[-117.61827,35.81923],[-117.6188,35.81634],[-117.6185,35.81503],[-117.61684,35.81462],[-117.61641,35.81225],[-117.61668,35.80992],[-117.61508,35.80492],[-117.61478,35.79979],[-117.61377,35.79809],[-117.6134,35.79476],[-117.6125,35.79215],[-117.61195,35.79129],[-117.6109,35.79149],[-117.61025,35.78908],[-117.60888,35.78764],[-117.60878,35.78934],[-117.60959,35.79088],[-117.60995,35.79257],[-117.60733,35.79323],[-117.60703,35.79246],[-117.60518,35.791],[-117.60422,35.78867],[-117.6046,35.78361],[-117.60351,35.78],[-117.60309,35.77707],[-117.60044,35.77473],[-117.59895,35.77124],[-117.59495,35.76799],[-117.59313,35.76886],[-117.59017,35.76528],[-117.57586,35.75003],[-117.57463,35.75104],[-117.57328,35.74996],[-117.57918,35.74996],[-117.58461,35.75539],[-117.58709,35.75699],[-117.59047,35.7608],[-117.59476,35.76484],[-117.59757,35.76706],[-117.59955,35.76617],[-117.5966,35.76046],[-117.59553,35.7567],[-117.59317,35.75424],[-117.59004,35.74996],[-117.59436,35.74996],[-117.59646,35.75172],[-117.59771,35.75533],[-117.59968,35.75723],[-117.60004,35.75873],[-117.60483,35.76788],[-117.60499,35.7697],[-117.60407,35.77256],[-117.60422,35.77387],[-117.60654,35.77792],[-117.60811,35.7798],[-117.60956,35.78244],[-117.61065,35.78345],[-117.61269,35.78739],[-117.61628,35.79253],[-117.61686,35.79435],[-117.61663,35.79684],[-117.61831,35.79988],[-117.61811,35.80163],[-117.61871,35.80439],[-117.61847,35.80531],[-117.62086,35.8085],[-117.6225,35.80737],[-117.62591,35.81041],[-117.62591,35.82273],[-117.62545,35.82274],[-117.62361,35.82075],[-117.62276,35.81869],[-117.62209,35.81552]]]}},{"type":"Feature","properties":{"c":"zone"},"geometry":{"type":"Polygon","coordinates":[[[-117.06945,34.55135],[-117.05744,34.54759],[-117.0519,34.54455],[-117.04926,34.53983],[-117.04653,34.53869],[-117.04439,34.53279],[-117.04307,34.53225],[-117.03809,34.52641],[-117.03879,34.52473],[-117.03649,34.52061],[-117.03204,34.51884],[-117.02885,34.51645],[-117.01401,34.50827],[-117.00991,34.50369],[-117.00852,34.50001],[-117.01205,34.50001],[-117.0135,34.50321],[-117.01541,34.50454],[-117.01648,34.50643],[-117.02245,34.50952],[-117.02359,34.50929],[-117.02696,34.51063],[-117.02772,34.5122],[-117.03302,34.51475],[-117.03883,34.51671],[-117.03843,34.51784],[-117.03904,34.5194],[-117.0435,34.52257],[-117.04726,34.52581],[-117.04822,34.5273],[-117.04809,34.52967],[-117.05048,34.53127],[-117.05103,34.53357],[-117.05247,34.53501],[-117.05332,34.53845],[-117.0542,34.54032],[-117.05705,34.54279],[-117.05852,34.54509],[-117.07,34.54855],[-117.07065,34.5483],[-117.06428,34.53704],[-117.05873,34.53618],[-117.05168,34.52881],[-117.04951,34.52476],[-117.04493,34.51806],[-117.04078,34.51507],[-117.03495,34.51279],[-117.03283,34.51046],[-117.02684,34.50654],[-117.02366,34.50394],[-117.0199,34.50001],[-117.02461,34.50001],[-117.026,34.50191],[-117.03141,34.50607],[-117.03756,34.50969],[-117.03822,34.50947],[-117.04016,34.50964],[-117.04194,34.51076],[-117.04295,34.51296],[-117.05157,34.51902],[-117.05673,34.52374],[-117.05896,34.52746],[-117.06609,34.53396],[-117.07351,34.54686],[-117.07658,34.54908],[-117.07696,34.55084],[-117.07841,34.55429],[-117.08114,34.55765],[-117.08657,34.56247],[-117.08906,34.56422],[-117.09751,34.58078],[-117.09931,34.58509],[-117.10009,34.59017],[-117.10336,34.59502],[-117.10868,34.60118],[-117.11706,34.6069],[-117.12356,34.6098],[-117.12589,34.61185],[-117.12589,34.61635],[-117.12434,34.61439],[-117.11834,34.61058],[-117.11605,34.60967],[-117.10619,34.60301],[-117.10374,34.60035],[-117.09955,34.59544],[-117.09876,34.5937],[-117.097,34.59119],[-117.096,34.58548],[-117.08662,34.56731],[-117.08515,34.56526],[-117.07811,34.55898],[-117.07303,34.55303],[-117.06945,34.55135]]]}},{"type":"Feature","properties":{"c":"zone"},"geometry":{"type":"Polygon","coordinates":[[[-119.47253,38.32361],[-119.47442,38.32725],[-119.47304,38.33199],[-119.47052,38.33158],[-119.47136,38.32649],[-119.46975,38.32383],[-119.46844,38.3173],[-119.46896,38.31315],[-119.46811,38.30694],[-119.47063,38.30662],[-119.47166,38.31229],[-119.4714,38.31748],[-119.47253,38.32361]]]}},{"type":"Feature","properties":{"c":"zone"},"geometry":{"type":"Polygon","coordinates":[[[-119.46636,38.35675],[-119.46457,38.35555],[-119.47332,38.34575],[-119.4735,38.34353],[-119.47663,38.33937],[-119.47819,38.33873],[-119.4764,38.33371],[-119.47861,38.33269],[-119.48053,38.33542],[-119.48279,38.34157],[-119.47839,38.34273],[-119.47586,38.34453],[-119.47482,38.34789],[-119.46636,38.35675]]]}},{"type":"Feature","properties":{"c":"zone"},"geometry":{"type":"Polygon","coordinates":[[[-117.25092,36.86701],[-117.24403,36.85926],[-117.23207,36.84457],[-117.22801,36.83829],[-117.217,36.82505],[-117.2006,36.80259],[-117.197,36.79852],[-117.18681,36.78496],[-117.17313,36.77209],[-117.17045,36.76876],[-117.1584,36.75783],[-117.15188,36.74996],[-117.15657,36.74996],[-117.15967,36.75409],[-117.1728,36.76677],[-117.17661,36.77108],[-117.18948,36.78298],[-117.19954,36.79646],[-117.20619,36.80407],[-117.21586,36.81728],[-117.23094,36.83655],[-117.23573,36.84386],[-117.24568,36.85508],[-117.25092,36.86197],[-117.25092,36.86701]]]}},{"type":"Feature","properties":{"c":"zone"},"geometry":{"type":"Polygon","coordinates":[[[-121.3961,41.1249],[-121.392,41.1249],[-121.39122,41.12384],[-121.39016,41.11868],[-121.38363,41.10502],[-121.38133,41.09665],[-121.3761,41.09203],[-121.3761,41.08787],[-121.38155,41.09216],[-121.38452,41.0957],[-121.38709,41.10403],[-121.39381,41.11823],[-121.39447,41.12292],[-121.3961,41.1249]]]}},{"type":"Feature","properties":{"c":"zone"},"geometry":{"type":"Polygon","coordinates":[[[-121.41539,41.10106],[-121.41204,41.1021],[-121.40838,41.09576],[-121.40711,41.09019],[-121.40733,41.08815],[-121.40402,41.08479],[-121.40102,41.07931],[-121.39827,41.07199],[-121.39797,41.0698],[-121.40075,41.06559],[-121.39963,41.06283],[-121.39303,41.0548],[-121.39196,41.04996],[-121.38981,41.04582],[-121.38894,41.04182],[-121.38753,41.03974],[-121.38733,41.03372],[-121.38469,41.03324],[-121.38328,41.02647],[-121.37945,41.02169],[-121.37747,41.02153],[-121.3761,41.01954],[-121.3761,41.0142],[-121.37912,41.0162],[-121.38666,41.02501],[-121.38782,41.03168],[-121.39106,41.03212],[-121.39116,41.03973],[-121.3923,41.04061],[-121.39326,41.04476],[-121.39563,41.04843],[-121.39672,41.05397],[-121.39997,41.05836],[-121.40239,41.05915],[-121.40459,41.06548],[-121.40149,41.07045],[-121.40438,41.07838],[-121.40695,41.08318],[-121.41081,41.08724],[-121.41063,41.0897],[-121.41157,41.09471],[-121.41539,41.10106]]]}},{"type":"Feature","properties":{"c":"zone"},"geometry":{"type":"Polygon","coordinates":[[[-116.90526,34.37502],[-116.87857,34.37501],[-116.88045,34.37322],[-116.87942,34.37105],[-116.87588,34.3704],[-116.87588,34.36755],[-116.88282,34.36819],[-116.88993,34.36468],[-116.89609,34.36452],[-116.90126,34.3667],[-116.90578,34.36612],[-116.91461,34.36365],[-116.92097,34.36346],[-116.92323,34.35979],[-116.92739,34.3592],[-116.93824,34.36099],[-116.93852,34.36489],[-116.94276,34.36352],[-116.94692,34.36446],[-116.95122,34.36355],[-116.96403,34.3687],[-116.96687,34.3725],[-116.97662,34.36937],[-116.98108,34.37113],[-116.98883,34.37501],[-116.98069,34.37501],[-116.97704,34.37349],[-116.97114,34.37502],[-116.96186,34.37502],[-116.96054,34.37085],[-116.94599,34.36999],[-116.94215,34.36723],[-116.9389,34.36864],[-116.93299,34.36719],[-116.93415,34.36408],[-116.9273,34.36316],[-116.92614,34.36709],[-116.919,34.36811],[-116.916,34.36674],[-116.91318,34.36752],[-116.91137,34.37034],[-116.90703,34.37129],[-116.89992,34.37193],[-116.9042,34.37364],[-116.90632,34.37282],[-116.90981,34.37324],[-116.9095,34.37482],[-116.90658,34.37454],[-116.90526,34.37502]]]}},{"type":"Feature","properties":{"c":"zone"},"geometry":{"type":"Polygon","coordinates":[[[-116.88003,34.36127],[-116.87588,34.36155],[-116.87588,34.35028],[-116.87942,34.3499],[-116.88648,34.35179],[-116.88581,34.35409],[-116.87665,34.35502],[-116.88404,34.35655],[-116.89437,34.35241],[-116.90282,34.35134],[-116.9059,34.35282],[-116.9092,34.35081],[-116.9113,34.35303],[-116.90681,34.35593],[-116.90223,34.35586],[-116.90132,34.35747],[-116.89498,34.35929],[-116.88968,34.35791],[-116.88003,34.36127]]]}},{"type":"Feature","properties":{"c":"zone"},"geometry":{"type":"Polygon","coordinates":[[[-124.20196,40.72696],[-124.18769,40.71291],[-124.17964,40.7005],[-124.18274,40.69488],[-124.18928,40.69221],[-124.18706,40.6699],[-124.18474,40.65964],[-124.18677,40.65742],[-124.17794,40.64863],[-124.17743,40.64379],[-124.17402,40.63955],[-124.15801,40.63349],[-124.15174,40.62952],[-124.14254,40.62487],[-124.14871,40.62487],[-124.15404,40.62733],[-124.1598,40.63093],[-124.17744,40.63799],[-124.18286,40.64369],[-124.18424,40.64742],[-124.18825,40.6499],[-124.19144,40.65619],[-124.19567,40.66182],[-124.20062,40.67051],[-124.20172,40.68092],[-124.19846,40.69097],[-124.20901,40.70311],[-124.21961,40.7175],[-124.20876,40.72491],[-124.20196,40.72696]]]}},{"type":"Feature","properties":{"c":"zone"},"geometry":{"type":"Polygon","coordinates":[[[-117.04741,34.41044],[-117.04357,34.40528],[-117.04251,34.40598],[-117.03863,34.40263],[-117.03505,34.40069],[-117.03091,34.40318],[-117.02491,34.40284],[-117.02378,34.4012],[-117.01823,34.39847],[-117.01596,34.3957],[-117.01655,34.39278],[-117.01492,34.38801],[-117.01219,34.38625],[-117.01104,34.38442],[-117.00599,34.38457],[-117.00394,34.37911],[-117.00088,34.37908],[-117.00088,34.37627],[-117.00311,34.37589],[-117.00511,34.37645],[-117.00659,34.37503],[-117.02462,34.38787],[-117.03543,34.39277],[-117.04241,34.39755],[-117.04755,34.4029],[-117.05068,34.40705],[-117.0507,34.41401],[-117.04768,34.41406],[-117.04741,34.41044]],[[-117.02191,34.38961],[-117.01848,34.38718],[-117.01977,34.39083],[-117.02041,34.39603],[-117.02907,34.40041],[-117.03209,34.39857],[-117.02902,34.394],[-117.02191,34.38961]]]}},{"type":"Feature","properties":{"c":"zone"},"geometry":{"type":"Polygon","coordinates":[[[-117.00126,34.38476],[-117.00453,34.38471],[-117.00471,34.38617],[-117.00088,34.38654],[-117.00088,34.38476],[-117.00126,34.38476]]]}},{"type":"Feature","properties":{"c":"zone"},"geometry":{"type":"Polygon","coordinates":[[[-117.0121,34.49066],[-117.01517,34.49002],[-117.01798,34.49428],[-117.01896,34.49521],[-117.02104,34.49586],[-117.02211,34.49659],[-117.02461,34.50001],[-117.0199,34.50001],[-117.01816,34.4982],[-117.0159,34.49653],[-117.01323,34.49346],[-117.0121,34.49066]]]}},{"type":"Feature","properties":{"c":"zone"},"geometry":{"type":"Polygon","coordinates":[[[-117.00088,34.48899],[-117.00088,34.48364],[-117.00267,34.48478],[-117.00309,34.48684],[-117.00916,34.49421],[-117.01205,34.50001],[-117.00852,34.50001],[-117.00494,34.49376],[-117.0041,34.49337],[-117.00088,34.48899]]]}},{"type":"Feature","properties":{"c":"zone"},"geometry":{"type":"Polygon","coordinates":[[[-118.92997,34.37678],[-118.93326,34.37502],[-118.93939,34.37502],[-118.93766,34.37653],[-118.93114,34.37892],[-118.92997,34.37678]]]}},{"type":"Feature","properties":{"c":"zone"},"geometry":{"type":"Polygon","coordinates":[[[-118.39206,37.43098],[-118.39017,37.43127],[-118.38884,37.41946],[-118.38923,37.41541],[-118.38898,37.41126],[-118.39096,37.41115],[-118.39139,37.41542],[-118.39094,37.41947],[-118.39206,37.43098]]]}},{"type":"Feature","properties":{"c":"zone"},"geometry":{"type":"Polygon","coordinates":[[[-118.39731,37.42453],[-118.39553,37.42446],[-118.39591,37.41951],[-118.39766,37.4195],[-118.39731,37.42453]]]}},{"type":"Feature","properties":{"c":"zone"},"geometry":{"type":"Polygon","coordinates":[[[-118.38401,37.40956],[-118.38394,37.4067],[-118.38241,37.39769],[-118.38273,37.38942],[-118.3848,37.38952],[-118.38451,37.39768],[-118.38591,37.40642],[-118.38592,37.40961],[-118.38401,37.40956]]]}},{"type":"Feature","properties":{"c":"zone"},"geometry":{"type":"Polygon","coordinates":[[[-118.37796,37.38372],[-118.37717,37.3799],[-118.37734,37.37493],[-118.37931,37.37494],[-118.37921,37.37926],[-118.3798,37.38341],[-118.37796,37.38372]]]}},{"type":"Feature","properties":{"c":"zone"},"geometry":{"type":"Polygon","coordinates":[[[-118.39249,37.38288],[-118.39098,37.38199],[-118.39541,37.3762],[-118.39684,37.37845],[-118.39249,37.38288]]]}},{"type":"Feature","properties":{"c":"zone"},"geometry":{"type":"Polygon","coordinates":[[[-118.40724,37.40832],[-118.40572,37.40785],[-118.40414,37.4047],[-118.40538,37.39382],[-118.40657,37.39383],[-118.40897,37.39965],[-118.40724,37.40832]]]}},{"type":"Feature","properties":{"c":"zone"},"geometry":{"type":"Polygon","coordinates":[[[-118.39941,37.49994],[-118.39989,37.49283],[-118.40193,37.49064],[-118.40185,37.47797],[-118.40605,37.48012],[-118.40563,37.49101],[-118.40367,37.49324],[-118.40266,37.49995],[-118.39941,37.49994]]]}},{"type":"Feature","properties":{"c":"zone"},"geometry":{"type":"Polygon","coordinates":[[[-118.50097,37.49994],[-118.49865,37.48478],[-118.48618,37.46889],[-118.47993,37.46897],[-118.48009,37.47783],[-118.49193,37.49022],[-118.49469,37.49994],[-118.45682,37.49995],[-118.4307,37.48793],[-118.43179,37.4981],[-118.43442,37.49995],[-118.42688,37.49995],[-118.42805,37.49822],[-118.42474,37.46909],[-118.41615,37.46288],[-118.41371,37.4629],[-118.41086,37.46947],[-118.40862,37.47058],[-118.40584,37.46703],[-118.40464,37.45506],[-118.40217,37.4549],[-118.39939,37.46621],[-118.39946,37.47669],[-118.39995,37.48719],[-118.39708,37.49199],[-118.39579,37.49994],[-118.39268,37.49994],[-118.3922,37.49626],[-118.39276,37.49336],[-118.39276,37.48655],[-118.39417,37.48126],[-118.39509,37.47094],[-118.39131,37.46357],[-118.39226,37.46169],[-118.39786,37.4579],[-118.39896,37.4532],[-118.39684,37.45143],[-118.39817,37.44367],[-118.39582,37.43993],[-118.39936,37.43123],[-118.3999,37.42526],[-118.40535,37.42413],[-118.40729,37.43292],[-118.40762,37.43744],[-118.41423,37.42118],[-118.42076,37.39781],[-118.42131,37.38519],[-118.42319,37.3852],[-118.42318,37.39037],[-118.42565,37.39036],[-118.42637,37.38563],[-118.43136,37.38609],[-118.43371,37.39043],[-118.44103,37.38354],[-118.44426,37.38329],[-118.44441,37.38623],[-118.44897,37.38522],[-118.45046,37.38236],[-118.45947,37.37571],[-118.46464,37.37617],[-118.46483,37.37495],[-118.46742,37.37495],[-118.46676,37.39023],[-118.46865,37.40815],[-118.4774,37.40799],[-118.4739,37.39027],[-118.47942,37.39107],[-118.48433,37.39721],[-118.4846,37.40707],[-118.50096,37.40481],[-118.50096,37.45741],[-118.49071,37.45052],[-118.49298,37.46573],[-118.50096,37.4684],[-118.50097,37.49994]]]}},{"type":"Feature","properties":{"c":"zone"},"geometry":{"type":"Polygon","coordinates":[[[-118.28344,37.12495],[-118.27775,37.12495],[-118.26747,37.09403],[-118.26186,37.09062],[-118.25756,37.08236],[-118.25653,37.07683],[-118.25115,37.07401],[-118.25273,37.07212],[-118.2559,37.07378],[-118.25376,37.06967],[-118.25095,37.06655],[-118.25095,37.06265],[-118.25692,37.06896],[-118.25942,37.07369],[-118.26117,37.08212],[-118.26216,37.0839],[-118.265,37.08256],[-118.26833,37.08689],[-118.26673,37.08078],[-118.26676,37.06713],[-118.26842,37.05659],[-118.26819,37.05292],[-118.27163,37.05276],[-118.27184,37.05592],[-118.2704,37.06755],[-118.27047,37.08067],[-118.27187,37.08417],[-118.27222,37.09046],[-118.27126,37.09374],[-118.27337,37.09863],[-118.27595,37.10855],[-118.27951,37.11488],[-118.28037,37.12083],[-118.28344,37.12495]]]}},{"type":"Feature","properties":{"c":"zone"},"geometry":{"type":"Polygon","coordinates":[[[-118.28669,37.11998],[-118.28322,37.12041],[-118.28189,37.11425],[-118.28233,37.11109],[-118.27472,37.10023],[-118.27337,37.0945],[-118.2767,37.09401],[-118.27762,37.09789],[-118.28421,37.10676],[-118.28596,37.11152],[-118.28556,37.11438],[-118.28669,37.11998]]]}},{"type":"Feature","properties":{"c":"zone"},"geometry":{"type":"Polygon","coordinates":[[[-118.30231,37.09105],[-118.29904,37.09205],[-118.29694,37.08816],[-118.29212,37.07453],[-118.28927,37.05674],[-118.28929,37.05235],[-118.28723,37.0466],[-118.28731,37.03792],[-118.28638,37.03266],[-118.28444,37.02833],[-118.28381,37.02366],[-118.28294,37.02148],[-118.28005,37.02009],[-118.27845,37.01759],[-118.27867,37.01444],[-118.27518,37.01011],[-118.27498,37.00805],[-118.279,37.00018],[-118.28179,37.00111],[-118.28097,37.00317],[-118.28424,37.00336],[-118.28338,37.0087],[-118.28137,37.01037],[-118.28222,37.01816],[-118.28631,37.02006],[-118.28727,37.02296],[-118.28759,37.02687],[-118.28981,37.03209],[-118.2912,37.03985],[-118.29063,37.04349],[-118.29284,37.05228],[-118.29244,37.05599],[-118.29609,37.07315],[-118.30007,37.08683],[-118.30231,37.09105]]]}},{"type":"Feature","properties":{"c":"zone"},"geometry":{"type":"Polygon","coordinates":[[[-116.25085,33.35577],[-116.20224,33.32088],[-116.20485,33.3186],[-116.22216,33.33014],[-116.25086,33.33607],[-116.25085,33.34075],[-116.24614,33.33816],[-116.22614,33.33296],[-116.25085,33.35123],[-116.25085,33.35577]]]}},{"type":"Feature","properties":{"c":"zone"},"geometry":{"type":"Polygon","coordinates":[[[-116.25086,33.33607],[-116.22652,33.32693],[-116.16145,33.29604],[-116.15089,33.27865],[-116.14768,33.27682],[-116.14984,33.2744],[-116.16213,33.28314],[-116.16622,33.294],[-116.18428,33.29874],[-116.20529,33.30775],[-116.20929,33.31552],[-116.22878,33.32418],[-116.25085,33.33263],[-116.25086,33.33607]]]}},{"type":"Feature","properties":{"c":"zone"},"geometry":{"type":"Polygon","coordinates":[[[-116.21449,33.29774],[-116.22956,33.28191],[-116.24154,33.26621],[-116.24442,33.26774],[-116.23474,33.28194],[-116.21768,33.29975],[-116.21449,33.29774]]]}},{"type":"Feature","properties":{"c":"zone"},"geometry":{"type":"Polygon","coordinates":[[[-116.1688,33.29245],[-116.15743,33.26367],[-116.1618,33.2627],[-116.17337,33.29131],[-116.1688,33.29245]]]}},{"type":"Feature","properties":{"c":"zone"},"geometry":{"type":"Polygon","coordinates":[[[-116.25085,33.26824],[-116.2476,33.26795],[-116.25085,33.26328],[-116.25085,33.26824]]]}},{"type":"Feature","properties":{"c":"zone"},"geometry":{"type":"Polygon","coordinates":[[[-117.00087,34.1073],[-116.98197,34.10152],[-116.90112,34.08625],[-116.87587,34.07985],[-116.87587,34.07608],[-116.90401,34.08262],[-116.93792,34.08922],[-116.91428,34.07884],[-116.90277,34.07696],[-116.88094,34.06741],[-116.87587,34.06217],[-116.87587,34.05799],[-116.88398,34.06456],[-116.90548,34.07381],[-116.91678,34.0753],[-116.95727,34.09281],[-116.982,34.09757],[-117.00088,34.10231],[-117.00087,34.1073]]]}},{"type":"Feature","properties":{"c":"zone"},"geometry":{"type":"Polygon","coordinates":[[[-116.98656,34.09328],[-116.97443,34.07732],[-116.9667,34.07063],[-116.9525,34.06383],[-116.93393,34.05015],[-116.90618,34.0394],[-116.8983,34.03386],[-116.87587,34.03584],[-116.87587,34.03141],[-116.89432,34.03027],[-116.87587,34.01808],[-116.87586,34.01085],[-116.88697,34.01862],[-116.90481,34.03385],[-116.93521,34.04409],[-116.95514,34.04707],[-116.9886,34.0589],[-117.00087,34.06128],[-117.00087,34.07181],[-116.98226,34.0673],[-116.94721,34.0547],[-116.95306,34.05957],[-116.97143,34.06857],[-116.97807,34.07468],[-116.99019,34.09143],[-116.98656,34.09328]]]}},{"type":"Feature","properties":{"c":"zone"},"geometry":{"type":"Polygon","coordinates":[[[-120.19129,41.78712],[-120.18732,41.78796],[-120.1861,41.78468],[-120.18393,41.78251],[-120.18108,41.77482],[-120.18464,41.75797],[-120.19256,41.75676],[-120.19119,41.74991],[-120.19546,41.74991],[-120.19748,41.75793],[-120.19598,41.75967],[-120.18842,41.76025],[-120.18564,41.775],[-120.18758,41.7804],[-120.19129,41.78712]]]}},{"type":"Feature","properties":{"c":"zone"},"geometry":{"type":"Polygon","coordinates":[[[-123.25113,38.53662],[-123.21781,38.50447],[-123.21417,38.49993],[-123.22129,38.49993],[-123.23486,38.51115],[-123.25113,38.5301],[-123.25113,38.53662]]]}},{"type":"Feature","properties":{"c":"zone"},"geometry":{"type":"Polygon","coordinates":[[[-124.14871,40.62487],[-124.14254,40.62487],[-124.13882,40.62226],[-124.12929,40.61203],[-124.12618,40.60583],[-124.12618,40.60018],[-124.13206,40.61054],[-124.14271,40.62114],[-124.14871,40.62487]]]}},{"type":"Feature","properties":{"c":"zone"},"geometry":{"type":"Polygon","coordinates":[[[-118.87594,34.83014],[-118.87594,34.82676],[-118.90211,34.81954],[-118.88493,34.81958],[-118.87594,34.82313],[-118.87594,34.81983],[-118.8906,34.81273],[-118.87594,34.80697],[-118.87594,34.79942],[-118.88737,34.80404],[-118.92538,34.81402],[-118.92916,34.81309],[-118.94455,34.81753],[-118.93135,34.81016],[-118.93318,34.80786],[-118.95425,34.81898],[-118.97699,34.81712],[-118.99345,34.8197],[-119.00095,34.81702],[-119.00095,34.8288],[-118.98721,34.82288],[-118.95931,34.82373],[-118.9348,34.82214],[-118.92188,34.82701],[-118.90046,34.82942],[-118.87594,34.83014]]]}},{"type":"Feature","properties":{"c":"zone"},"geometry":{"type":"Polygon","coordinates":[[[-117.47494,35.23896],[-117.47226,35.24048],[-117.46292,35.22988],[-117.45558,35.22434],[-117.44716,35.22292],[-117.43603,35.22327],[-117.4359,35.2205],[-117.44477,35.22007],[-117.45726,35.22118],[-117.4673,35.22982],[-117.47494,35.23896]]]}},{"type":"Feature","properties":{"c":"zone"},"geometry":{"type":"Polygon","coordinates":[[[-117.43678,35.21622],[-117.43544,35.21876],[-117.42477,35.21502],[-117.4212,35.21563],[-117.41547,35.21189],[-117.40217,35.20457],[-117.39444,35.19863],[-117.39668,35.19661],[-117.40321,35.20174],[-117.41056,35.20609],[-117.41721,35.20918],[-117.42197,35.21268],[-117.4252,35.21203],[-117.43678,35.21622]]]}},{"type":"Feature","properties":{"c":"zone"},"geometry":{"type":"Polygon","coordinates":[[[-115.74732,33.37504],[-115.74294,33.37504],[-115.7415,33.37313],[-115.73782,33.3708],[-115.7305,33.35938],[-115.72283,33.35095],[-115.72586,33.34901],[-115.73381,33.35772],[-115.74732,33.37504]]]}},{"type":"Feature","properties":{"c":"zone"},"geometry":{"type":"Polygon","coordinates":[[[-115.73436,33.37349],[-115.73195,33.37459],[-115.72859,33.36923],[-115.73094,33.36813],[-115.73436,33.37349]]]}},{"type":"Feature","properties":{"c":"zone"},"geometry":{"type":"Polygon","coordinates":[[[-115.63895,33.37504],[-115.63762,33.37346],[-115.63474,33.37239],[-115.63604,33.37003],[-115.64232,33.37249],[-115.64652,33.37505],[-115.63895,33.37504]]]}},{"type":"Feature","properties":{"c":"zone"},"geometry":{"type":"Polygon","coordinates":[[[-115.75084,33.38578],[-115.74294,33.37504],[-115.74732,33.37504],[-115.75084,33.37988],[-115.75084,33.38578]]]}},{"type":"Feature","properties":{"c":"zone"},"geometry":{"type":"Polygon","coordinates":[[[-115.70909,33.44368],[-115.70782,33.44548],[-115.69595,33.43945],[-115.68493,33.42264],[-115.67791,33.41349],[-115.65832,33.3904],[-115.644,33.37946],[-115.64151,33.37878],[-115.63784,33.37614],[-115.63895,33.37504],[-115.64652,33.37505],[-115.65072,33.37914],[-115.65359,33.37898],[-115.66001,33.383],[-115.65909,33.3843],[-115.65534,33.38259],[-115.66831,33.39708],[-115.68733,33.42065],[-115.69839,33.43788],[-115.70909,33.44368]]]}},{"type":"Feature","properties":{"c":"zone"},"geometry":{"type":"Polygon","coordinates":[[[-116.63476,34.625],[-116.62587,34.62036],[-116.62587,34.61734],[-116.63269,34.62038],[-116.64045,34.62501],[-116.63476,34.625]]]}},{"type":"Feature","properties":{"c":"zone"},"geometry":{"type":"Polygon","coordinates":[[[-116.69899,34.55924],[-116.69667,34.55344],[-116.69697,34.55104],[-116.69517,34.54717],[-116.69033,34.54092],[-116.69397,34.53897],[-116.69779,34.5451],[-116.70033,34.5505],[-116.70003,34.55367],[-116.70201,34.55822],[-116.69899,34.55924]]]}},{"type":"Feature","properties":{"c":"zone"},"geometry":{"type":"Polygon","coordinates":[[[-116.75087,34.53671],[-116.74568,34.5327],[-116.74411,34.52814],[-116.74466,34.51962],[-116.74266,34.51777],[-116.74088,34.51363],[-116.73415,34.50586],[-116.72759,34.50001],[-116.73207,34.50001],[-116.7366,34.50398],[-116.74341,34.51186],[-116.74559,34.51647],[-116.75002,34.52303],[-116.74785,34.52404],[-116.74736,34.52772],[-116.74804,34.53089],[-116.75087,34.53297],[-116.75087,34.53671]]]}},{"type":"Feature","properties":{"c":"zone"},"geometry":{"type":"Polygon","coordinates":[[[-116.66335,34.50385],[-116.65723,34.50001],[-116.66283,34.50001],[-116.66553,34.50177],[-116.66335,34.50385]]]}},{"type":"Feature","properties":{"c":"zone"},"geometry":{"type":"Polygon","coordinates":[[[-116.8738,36.47854],[-116.87051,36.47945],[-116.86792,36.47289],[-116.85195,36.45255],[-116.84974,36.44586],[-116.84923,36.43236],[-116.84682,36.42995],[-116.84643,36.426],[-116.84431,36.41955],[-116.83931,36.41137],[-116.83675,36.40863],[-116.8367,36.40639],[-116.83177,36.40137],[-116.82376,36.39007],[-116.81392,36.38175],[-116.80825,36.37829],[-116.80592,36.37497],[-116.80971,36.37497],[-116.81216,36.37596],[-116.81706,36.37958],[-116.82743,36.38909],[-116.83542,36.40045],[-116.8395,36.40443],[-116.84714,36.41796],[-116.85007,36.42582],[-116.85036,36.42927],[-116.85296,36.43187],[-116.85329,36.44488],[-116.85484,36.45071],[-116.86278,36.46033],[-116.87136,36.47184],[-116.8738,36.47854]]]}},{"type":"Feature","properties":{"c":"zone"},"geometry":{"type":"Polygon","coordinates":[[[-116.49028,34.625],[-116.48417,34.6164],[-116.48685,34.61469],[-116.49497,34.625],[-116.49028,34.625]]]}},{"type":"Feature","properties":{"c":"zone"},"geometry":{"type":"Polygon","coordinates":[[[-116.38208,34.61875],[-116.37872,34.61983],[-116.37586,34.61392],[-116.37586,34.60601],[-116.38208,34.61875]]]}},{"type":"Feature","properties":{"c":"zone"},"geometry":{"type":"Polygon","coordinates":[[[-116.38587,34.60703],[-116.38414,34.60753],[-116.37805,34.59238],[-116.379,34.59186],[-116.38239,34.59642],[-116.38587,34.60703]]]}},{"type":"Feature","properties":{"c":"zone"},"geometry":{"type":"Polygon","coordinates":[[[-116.46603,34.58459],[-116.46382,34.58646],[-116.4461,34.57329],[-116.4342,34.56277],[-116.42883,34.55899],[-116.41958,34.55099],[-116.4083,34.53976],[-116.39995,34.53255],[-116.3821,34.51459],[-116.37586,34.50944],[-116.37586,34.50553],[-116.38164,34.50991],[-116.38974,34.51761],[-116.40491,34.53292],[-116.41091,34.53785],[-116.424,34.55117],[-116.43908,34.56296],[-116.44832,34.57119],[-116.46603,34.58459]]]}},{"type":"Feature","properties":{"c":"zone"},"geometry":{"type":"Polygon","coordinates":[[[-116.49984,34.55247],[-116.49752,34.54832],[-116.49878,34.53246],[-116.49537,34.52069],[-116.49528,34.51418],[-116.49122,34.50514],[-116.48985,34.50001],[-116.49334,34.5],[-116.49446,34.50416],[-116.4992,34.51229],[-116.4999,34.51741],[-116.49929,34.52111],[-116.50087,34.52524],[-116.50087,34.55206],[-116.49984,34.55247]]]}},{"type":"Feature","properties":{"c":"zone"},"geometry":{"type":"Polygon","coordinates":[[[-117.75091,35.42138],[-117.75091,35.41736],[-117.78667,35.40039],[-117.80821,35.39055],[-117.83601,35.37498],[-117.84886,35.37498],[-117.8239,35.38687],[-117.81665,35.39123],[-117.82265,35.4015],[-117.80068,35.41042],[-117.79503,35.4009],[-117.7586,35.41825],[-117.75091,35.42138]]]}},{"type":"Feature","properties":{"c":"zone"},"geometry":{"type":"Polygon","coordinates":[[[-117.81332,35.37785],[-117.81014,35.37498],[-117.81748,35.37498],[-117.81332,35.37785]]]}},{"type":"Feature","properties":{"c":"zone"},"geometry":{"type":"Polygon","coordinates":[[[-121.87613,41.58712],[-121.87323,41.58438],[-121.87149,41.57228],[-121.87471,41.57206],[-121.87613,41.58281],[-121.87613,41.58712]]]}},{"type":"Feature","properties":{"c":"zone"},"geometry":{"type":"Polygon","coordinates":[[[-122.88102,38.74992],[-122.87856,38.74851],[-122.87854,38.74991],[-122.87612,38.74991],[-122.87612,38.74263],[-122.88043,38.74288],[-122.88885,38.74992],[-122.88102,38.74992]]]}},{"type":"Feature","properties":{"c":"zone"},"geometry":{"type":"Polygon","coordinates":[[[-121.55734,37.12497],[-121.55218,37.12497],[-121.54574,37.11605],[-121.52972,37.08111],[-121.52299,37.07065],[-121.52031,37.0625],[-121.50106,37.03667],[-121.50106,37.02882],[-121.50483,37.03273],[-121.5078,37.03968],[-121.51258,37.04581],[-121.51772,37.05079],[-121.51964,37.05593],[-121.52362,37.06179],[-121.52591,37.06745],[-121.54503,37.09317],[-121.54782,37.10658],[-121.55734,37.12497]]]}},{"type":"Feature","properties":{"c":"zone"},"geometry":{"type":"Polygon","coordinates":[[[-121.49863,37.03385],[-121.49573,37.03049],[-121.48786,37.01795],[-121.47925,37.00279],[-121.47661,36.99996],[-121.48613,36.99996],[-121.48546,37.00496],[-121.49103,37.01656],[-121.50106,37.02882],[-121.50106,37.03667],[-121.49863,37.03385]]]}},{"type":"Feature","properties":{"c":"zone"},"geometry":{"type":"Polygon","coordinates":[[[-116.2682,34.37474],[-116.25819,34.36406],[-116.26101,34.36242],[-116.27088,34.37341],[-116.2682,34.37474]]]}},{"type":"Feature","properties":{"c":"zone"},"geometry":{"type":"Polygon","coordinates":[[[-116.35017,34.37501],[-116.34799,34.37317],[-116.34167,34.36377],[-116.3399,34.35966],[-116.32869,34.34689],[-116.33145,34.34525],[-116.34264,34.3582],[-116.3445,34.36236],[-116.35077,34.3717],[-116.35393,34.37501],[-116.35017,34.37501]]]}},{"type":"Feature","properties":{"c":"zone"},"geometry":{"type":"Polygon","coordinates":[[[-116.25546,34.35366],[-116.25318,34.3485],[-116.25086,34.34536],[-116.25086,34.34046],[-116.25609,34.34711],[-116.25863,34.35277],[-116.25546,34.35366]]]}},{"type":"Feature","properties":{"c":"zone"},"geometry":{"type":"Polygon","coordinates":[[[-116.31653,34.33542],[-116.30846,34.32358],[-116.30548,34.32129],[-116.30787,34.32698],[-116.31132,34.33143],[-116.30851,34.33279],[-116.30504,34.32808],[-116.3007,34.31869],[-116.29603,34.31093],[-116.29075,34.30687],[-116.27772,34.29469],[-116.28005,34.29288],[-116.29204,34.30336],[-116.29368,34.3054],[-116.29938,34.30997],[-116.30194,34.31503],[-116.31017,34.32086],[-116.31938,34.33411],[-116.31653,34.33542]]]}},{"type":"Feature","properties":{"c":"zone"},"geometry":{"type":"Polygon","coordinates":[[[-116.30388,34.31233],[-116.3017,34.30209],[-116.29825,34.29481],[-116.29607,34.2924],[-116.29464,34.28908],[-116.29407,34.28469],[-116.28802,34.27467],[-116.28724,34.2676],[-116.28523,34.26051],[-116.28454,34.25202],[-116.28783,34.2519],[-116.28853,34.25992],[-116.29049,34.26728],[-116.29118,34.27406],[-116.29727,34.28378],[-116.29786,34.28851],[-116.29892,34.29103],[-116.30121,34.29355],[-116.30485,34.3013],[-116.30723,34.31183],[-116.30388,34.31233]]]}},{"type":"Feature","properties":{"c":"zone"},"geometry":{"type":"Polygon","coordinates":[[[-116.75089,36.02925],[-116.72543,35.99997],[-116.72984,35.99997],[-116.7356,36.00569],[-116.74322,36.0156],[-116.74447,36.01022],[-116.74778,36.01067],[-116.74684,36.01501],[-116.74999,36.01772],[-116.75089,36.02012],[-116.75089,36.02925]]]}},{"type":"Feature","properties":{"c":"zone"},"geometry":{"type":"Polygon","coordinates":[[[-116.75089,36.12496],[-116.74469,36.12496],[-116.74379,36.12362],[-116.74115,36.12371],[-116.73826,36.11567],[-116.72785,36.10335],[-116.72212,36.08903],[-116.72081,36.08233],[-116.72704,36.07934],[-116.73522,36.06912],[-116.73932,36.0675],[-116.74101,36.06584],[-116.74092,36.06215],[-116.74941,36.05889],[-116.75089,36.05954],[-116.75089,36.0632],[-116.74911,36.0619],[-116.74444,36.0635],[-116.74468,36.06654],[-116.74181,36.06944],[-116.73801,36.07138],[-116.72932,36.0824],[-116.72455,36.08397],[-116.73066,36.10107],[-116.74181,36.11457],[-116.74683,36.11848],[-116.74685,36.12233],[-116.75089,36.12496]]]}},{"type":"Feature","properties":{"c":"zone"},"geometry":{"type":"Polygon","coordinates":[[[-116.73252,36.09428],[-116.72793,36.092],[-116.72932,36.09055],[-116.72979,36.08556],[-116.73507,36.08127],[-116.73662,36.08253],[-116.73217,36.08566],[-116.73192,36.08775],[-116.73352,36.08628],[-116.7347,36.0875],[-116.73938,36.08352],[-116.74161,36.08516],[-116.73252,36.09428]]]}},{"type":"Feature","properties":{"c":"zone"},"geometry":{"type":"Polygon","coordinates":[[[-116.73881,36.07661],[-116.73747,36.07528],[-116.74687,36.06852],[-116.74838,36.07003],[-116.73881,36.07661]]]}},{"type":"Feature","properties":{"c":"zone"},"geometry":{"type":"Polygon","coordinates":[[[-116.82893,34.62501],[-116.82478,34.62502],[-116.82355,34.62271],[-116.82249,34.61723],[-116.818,34.61313],[-116.80916,34.6061],[-116.7928,34.586],[-116.78076,34.56833],[-116.77749,34.55982],[-116.77108,34.5525],[-116.76575,34.5503],[-116.76386,34.54806],[-116.76224,34.54427],[-116.75508,34.53922],[-116.75087,34.53671],[-116.75087,34.53297],[-116.7588,34.53763],[-116.76471,34.54233],[-116.76808,34.54823],[-116.77208,34.54956],[-116.77788,34.55365],[-116.78134,34.56093],[-116.78403,34.56782],[-116.79579,34.58451],[-116.81116,34.60373],[-116.81993,34.61079],[-116.82503,34.6155],[-116.82686,34.62203],[-116.82893,34.62501]]]}},{"type":"Feature","properties":{"c":"zone"},"geometry":{"type":"Polygon","coordinates":[[[-119.00095,34.97423],[-118.99688,34.97328],[-118.98883,34.96729],[-118.98674,34.96296],[-118.98536,34.95131],[-118.97314,34.94586],[-118.97194,34.94381],[-118.97313,34.93747],[-118.96935,34.93495],[-118.95269,34.93265],[-118.94544,34.93214],[-118.93991,34.93447],[-118.93379,34.93498],[-118.92742,34.93302],[-118.91988,34.93928],[-118.90527,34.9407],[-118.90484,34.93696],[-118.91516,34.93671],[-118.91931,34.9357],[-118.92263,34.93177],[-118.92717,34.92984],[-118.93449,34.93185],[-118.93992,34.93109],[-118.94578,34.92874],[-118.95332,34.9287],[-118.9571,34.93047],[-118.96395,34.93025],[-118.97732,34.9351],[-118.98188,34.93797],[-118.98122,34.94134],[-118.97676,34.93774],[-118.97632,34.94387],[-118.9817,34.94577],[-118.98655,34.94283],[-118.99351,34.94495],[-118.98696,34.94837],[-118.98941,34.95052],[-118.99014,34.96128],[-118.9917,34.9655],[-118.99907,34.97087],[-119.00095,34.97125],[-119.00095,34.97423]]]}},{"type":"Feature","properties":{"c":"zone"},"geometry":{"type":"Polygon","coordinates":[[[-117.00432,36.62495],[-117.0009,36.62495],[-117.0009,36.62236],[-117.00432,36.62495]]]}},{"type":"Feature","properties":{"c":"zone"},"geometry":{"type":"Polygon","coordinates":[[[-123.58769,38.87493],[-123.5791,38.87493],[-123.56367,38.8556],[-123.55833,38.85568],[-123.54984,38.84706],[-123.53982,38.8286],[-123.52362,38.81452],[-123.51938,38.80804],[-123.50113,38.78801],[-123.50113,38.77998],[-123.51611,38.79742],[-123.53476,38.81713],[-123.55352,38.836],[-123.56483,38.84855],[-123.58769,38.87493]]]}},{"type":"Feature","properties":{"c":"zone"},"geometry":{"type":"Polygon","coordinates":[[[-116.89268,36.24996],[-116.89047,36.24996],[-116.88889,36.24733],[-116.88914,36.23725],[-116.892,36.23164],[-116.89223,36.22826],[-116.89113,36.22178],[-116.89373,36.21519],[-116.89581,36.2158],[-116.89363,36.22118],[-116.89463,36.22784],[-116.89412,36.23618],[-116.89218,36.23683],[-116.89147,36.24697],[-116.89268,36.24996]]]}},{"type":"Feature","properties":{"c":"zone"},"geometry":{"type":"Polygon","coordinates":[[[-116.00085,33.03488],[-115.97468,33.0161],[-115.9747,33.02209],[-115.97181,33.02219],[-115.96687,33.01283],[-115.94583,33.00007],[-115.95308,33.00007],[-115.98608,33.01606],[-116.00085,33.02735],[-116.00085,33.03488]]]}},{"type":"Feature","properties":{"c":"zone"},"geometry":{"type":"Polygon","coordinates":[[[-117.25089,34.16788],[-117.226,34.16014],[-117.18622,34.15359],[-117.15627,34.14279],[-117.13897,34.14002],[-117.12588,34.13525],[-117.12588,34.12923],[-117.1333,34.13029],[-117.15063,34.13498],[-117.17698,34.13287],[-117.16318,34.12848],[-117.1567,34.12503],[-117.17042,34.12503],[-117.20871,34.14165],[-117.2509,34.15816],[-117.25089,34.16788]]]}},{"type":"Feature","properties":{"c":"zone"},"geometry":{"type":"Polygon","coordinates":[[[-116.62588,34.90292],[-116.62588,34.9006],[-116.62994,34.89282],[-116.63374,34.88821],[-116.63627,34.8824],[-116.64316,34.875],[-116.64849,34.875],[-116.64213,34.88341],[-116.64126,34.88671],[-116.63675,34.89209],[-116.6346,34.89736],[-116.63178,34.90157],[-116.62678,34.9064],[-116.62588,34.90292]]]}},{"type":"Feature","properties":{"c":"zone"},"geometry":{"type":"Polygon","coordinates":[[[-116.75088,34.8962],[-116.75088,34.90365],[-116.74344,34.89536],[-116.73132,34.88572],[-116.72978,34.8832],[-116.71954,34.875],[-116.72501,34.875],[-116.7348,34.88304],[-116.74073,34.88377],[-116.75088,34.8962]]]}},{"type":"Feature","properties":{"c":"zone"},"geometry":{"type":"Polygon","coordinates":[[[-116.64912,34.88952],[-116.64705,34.88848],[-116.65718,34.8757],[-116.65596,34.87501],[-116.66068,34.87501],[-116.64912,34.88952]]]}},{"type":"Feature","properties":{"c":"zone"},"geometry":{"type":"Polygon","coordinates":[[[-116.64801,34.88342],[-116.64653,34.88261],[-116.65236,34.875],[-116.65417,34.87566],[-116.64801,34.88342]]]}},{"type":"Feature","properties":{"c":"zone"},"geometry":{"type":"Polygon","coordinates":[[[-122.03817,37.62495],[-122.04741,37.63539],[-122.05313,37.63884],[-122.06231,37.64893],[-122.09579,37.68176],[-122.1001,37.68615],[-122.10118,37.6878],[-122.10997,37.69762],[-122.11467,37.69936],[-122.11548,37.7003],[-122.11777,37.70024],[-122.12125,37.70219],[-122.12203,37.7036],[-122.122,37.70503],[-122.12388,37.70595],[-122.12609,37.70758],[-122.12609,37.7109],[-122.12373,37.71027],[-122.12209,37.70937],[-122.11695,37.70485],[-122.12195,37.71301],[-122.12609,37.72399],[-122.12609,37.73107],[-122.11933,37.72434],[-122.11711,37.72014],[-122.11986,37.7193],[-122.11531,37.71114],[-122.10559,37.6972],[-122.09322,37.68399],[-122.08991,37.681],[-122.07349,37.66418],[-122.05651,37.6479],[-122.0538,37.64479],[-122.04717,37.64013],[-122.04197,37.63486],[-122.03998,37.632],[-122.03282,37.62495],[-122.03817,37.62495]]]}},{"type":"Feature","properties":{"c":"zone"},"geometry":{"type":"Polygon","coordinates":[[[-122.80491,38.58717],[-122.80171,38.58848],[-122.78844,38.57161],[-122.78507,38.56217],[-122.7637,38.53679],[-122.76451,38.5355],[-122.75714,38.52145],[-122.75241,38.51713],[-122.75111,38.51471],[-122.75111,38.511],[-122.75861,38.51841],[-122.77472,38.54512],[-122.78366,38.5538],[-122.78966,38.56372],[-122.79303,38.57224],[-122.80491,38.58717]]]}},{"type":"Feature","properties":{"c":"zone"},"geometry":{"type":"Polygon","coordinates":[[[-116.48972,34.81652],[-116.48776,34.81018],[-116.48062,34.79815],[-116.47278,34.78759],[-116.45915,34.77411],[-116.45603,34.77282],[-116.43983,34.76002],[-116.43177,34.75001],[-116.43918,34.75001],[-116.44711,34.75811],[-116.44784,34.76205],[-116.4574,34.76984],[-116.46141,34.77211],[-116.47048,34.78037],[-116.47953,34.79095],[-116.49173,34.80959],[-116.49309,34.81594],[-116.48972,34.81652]]]}},{"type":"Feature","properties":{"c":"zone"},"geometry":{"type":"Polygon","coordinates":[[[-116.40703,34.80428],[-116.40412,34.78906],[-116.39764,34.77082],[-116.3985,34.76607],[-116.39832,34.75021],[-116.40145,34.75018],[-116.40176,34.76205],[-116.4038,34.77276],[-116.40573,34.77817],[-116.40483,34.78092],[-116.40721,34.78735],[-116.41017,34.80388],[-116.40703,34.80428]]]}},{"type":"Feature","properties":{"c":"zone"},"geometry":{"type":"Polygon","coordinates":[[[-116.41882,34.76139],[-116.41725,34.76034],[-116.42387,34.75373],[-116.42535,34.75476],[-116.41882,34.76139]]]}},{"type":"Feature","properties":{"c":"zone"},"geometry":{"type":"Polygon","coordinates":[[[-116.93735,33.75004],[-116.93589,33.74772],[-116.92816,33.74014],[-116.92373,33.73781],[-116.91491,33.73691],[-116.91012,33.7333],[-116.87587,33.71492],[-116.87587,33.70966],[-116.91495,33.73107],[-116.91943,33.73464],[-116.9237,33.73473],[-116.94122,33.7463],[-116.94992,33.75004],[-116.93735,33.75004]]]}},{"type":"Feature","properties":{"c":"zone"},"geometry":{"type":"Polygon","coordinates":[[[-116.91675,33.7463],[-116.90994,33.73829],[-116.91124,33.73752],[-116.91801,33.74553],[-116.91675,33.7463]]]}},{"type":"Feature","properties":{"c":"zone"},"geometry":{"type":"Polygon","coordinates":[[[-120.87603,36.28003],[-120.87603,36.29552],[-120.84501,36.27043],[-120.825,36.24999],[-120.83626,36.24998],[-120.83985,36.25563],[-120.8473,36.25968],[-120.84668,36.25418],[-120.84302,36.24998],[-120.85138,36.24998],[-120.85314,36.2619],[-120.86994,36.2771],[-120.87603,36.28003]]]}},{"type":"Feature","properties":{"c":"zone"},"geometry":{"type":"Polygon","coordinates":[[[-120.15005,40.16923],[-120.14651,40.16849],[-120.149,40.16267],[-120.14877,40.15834],[-120.14571,40.153],[-120.14318,40.15406],[-120.14043,40.14978],[-120.14491,40.14807],[-120.15052,40.15358],[-120.15241,40.15835],[-120.15257,40.16262],[-120.15005,40.16923]]]}},{"type":"Feature","properties":{"c":"zone"},"geometry":{"type":"Polygon","coordinates":[[[-120.20262,40.21424],[-120.19903,40.21344],[-120.19898,40.20646],[-120.19578,40.20286],[-120.19745,40.2],[-120.1979,40.19663],[-120.19687,40.19339],[-120.18786,40.18045],[-120.18623,40.17705],[-120.18363,40.17406],[-120.17903,40.17252],[-120.17789,40.17465],[-120.17597,40.17441],[-120.17702,40.17108],[-120.17066,40.161],[-120.16619,40.1581],[-120.16077,40.15658],[-120.15493,40.15142],[-120.15622,40.14826],[-120.15324,40.14662],[-120.1552,40.14431],[-120.15833,40.14592],[-120.16193,40.15348],[-120.16907,40.15582],[-120.17373,40.15943],[-120.17788,40.16617],[-120.18344,40.17164],[-120.18522,40.17072],[-120.18907,40.17549],[-120.191,40.17911],[-120.19988,40.19213],[-120.20151,40.19649],[-120.20068,40.20107],[-120.20259,40.2061],[-120.20262,40.21424]]]}},{"type":"Feature","properties":{"c":"zone"},"geometry":{"type":"Polygon","coordinates":[[[-120.25082,40.22544],[-120.24933,40.22606],[-120.23806,40.22202],[-120.23584,40.21628],[-120.23791,40.21582],[-120.23692,40.21381],[-120.23931,40.21321],[-120.24461,40.21881],[-120.24354,40.21384],[-120.24567,40.21342],[-120.24809,40.22006],[-120.25082,40.22544]]]}},{"type":"Feature","properties":{"c":"zone"},"geometry":{"type":"Polygon","coordinates":[[[-120.21966,40.22005],[-120.21552,40.21975],[-120.21421,40.2152],[-120.2112,40.20889],[-120.20871,40.19989],[-120.21141,40.19933],[-120.21395,40.20845],[-120.21878,40.21726],[-120.21966,40.22005]]]}},{"type":"Feature","properties":{"c":"zone"},"geometry":{"type":"Polygon","coordinates":[[[-120.24659,40.14739],[-120.25106,40.15115],[-120.25106,40.15486],[-120.24222,40.1484],[-120.235,40.13721],[-120.22403,40.13089],[-120.21581,40.12492],[-120.22173,40.12492],[-120.22839,40.12973],[-120.23891,40.13619],[-120.24659,40.14739]]]}},{"type":"Feature","properties":{"c":"zone"},"geometry":{"type":"Polygon","coordinates":[[[-116.3628,34.50001],[-116.35664,34.49559],[-116.35489,34.49687],[-116.34098,34.48339],[-116.32978,34.46961],[-116.32313,34.46911],[-116.31702,34.46647],[-116.31691,34.46384],[-116.31996,34.4632],[-116.30676,34.45561],[-116.30018,34.45044],[-116.29802,34.45169],[-116.29315,34.44722],[-116.29892,34.44345],[-116.30418,34.4503],[-116.30981,34.45401],[-116.32402,34.45955],[-116.33164,34.46701],[-116.33493,34.46218],[-116.33357,34.45501],[-116.33136,34.44829],[-116.32658,34.44115],[-116.32361,34.4423],[-116.32136,34.43756],[-116.31754,34.4329],[-116.31436,34.43027],[-116.31682,34.42875],[-116.32733,34.43555],[-116.33054,34.44141],[-116.33366,34.44581],[-116.33748,34.45716],[-116.33793,34.46227],[-116.33467,34.46961],[-116.3445,34.48278],[-116.34868,34.48608],[-116.35424,34.48963],[-116.36251,34.49657],[-116.36801,34.50001],[-116.3628,34.50001]]]}},{"type":"Feature","properties":{"c":"zone"},"geometry":{"type":"Polygon","coordinates":[[[-116.30491,34.41403],[-116.30246,34.41583],[-116.28549,34.40087],[-116.27618,34.39044],[-116.27899,34.38882],[-116.28814,34.39908],[-116.30491,34.41403]]]}},{"type":"Feature","properties":{"c":"zone"},"geometry":{"type":"Polygon","coordinates":[[[-116.37298,34.40032],[-116.36649,34.39388],[-116.36458,34.39248],[-116.35017,34.37501],[-116.35393,34.37502],[-116.36733,34.39082],[-116.36899,34.39195],[-116.37499,34.39793],[-116.37586,34.39949],[-116.37586,34.40396],[-116.37298,34.40032]]]}},{"type":"Feature","properties":{"c":"zone"},"geometry":{"type":"Polygon","coordinates":[[[-116.25086,34.49457],[-116.25086,34.47501],[-116.26082,34.48546],[-116.26793,34.4891],[-116.26676,34.49052],[-116.26016,34.4872],[-116.26515,34.4935],[-116.27403,34.50001],[-116.26668,34.50001],[-116.26168,34.49432],[-116.25879,34.49391],[-116.25824,34.49653],[-116.25882,34.50001],[-116.25175,34.5],[-116.25086,34.49457]],[[-116.25492,34.49641],[-116.25597,34.48664],[-116.253,34.48243],[-116.25252,34.48462],[-116.25445,34.48812],[-116.25439,34.48943],[-116.25389,34.49],[-116.2539,34.49225],[-116.25492,34.49641]]]}},{"type":"Feature","properties":{"c":"zone"},"geometry":{"type":"Polygon","coordinates":[[[-117.00089,35.6692],[-116.98693,35.66826],[-116.97016,35.658],[-116.96828,35.65576],[-116.95571,35.64936],[-116.95056,35.64551],[-116.94235,35.64132],[-116.9312,35.63176],[-116.92077,35.62498],[-116.9266,35.62498],[-116.93642,35.63172],[-116.94391,35.63788],[-116.94598,35.63824],[-116.95784,35.64709],[-116.97021,35.65335],[-116.9722,35.65548],[-116.98836,35.66563],[-117.00089,35.66655],[-117.00089,35.6692]]]}},{"type":"Feature","properties":{"c":"zone"},"geometry":{"type":"Polygon","coordinates":[[[-116.49432,34.99244],[-116.48559,34.99442],[-116.48557,34.99045],[-116.4937,34.98859],[-116.50088,34.98597],[-116.50087,34.98984],[-116.49432,34.99244]]]}},{"type":"Feature","properties":{"c":"zone"},"geometry":{"type":"Polygon","coordinates":[[[-121.45612,40.93635],[-121.45307,40.93537],[-121.45467,40.93238],[-121.45578,40.92436],[-121.4541,40.91742],[-121.44446,40.8957],[-121.44152,40.89347],[-121.43346,40.88196],[-121.43398,40.87491],[-121.43991,40.87491],[-121.43964,40.8812],[-121.44445,40.89167],[-121.44774,40.89438],[-121.45784,40.91697],[-121.45936,40.92394],[-121.45827,40.93262],[-121.45612,40.93635]]]}},{"type":"Feature","properties":{"c":"zone"},"geometry":{"type":"Polygon","coordinates":[[[-120.17534,35.62499],[-120.17041,35.62167],[-120.12599,35.57878],[-120.12599,35.57283],[-120.14901,35.59314],[-120.18377,35.62499],[-120.17534,35.62499]]]}},{"type":"Feature","properties":{"c":"zone"},"geometry":{"type":"Polygon","coordinates":[[[-121.46175,36.87497],[-121.45936,36.87072],[-121.46437,36.86806],[-121.46708,36.87243],[-121.47037,36.87091],[-121.47266,36.87156],[-121.47508,36.87497],[-121.46175,36.87497]]]}},{"type":"Feature","properties":{"c":"zone"},"geometry":{"type":"Polygon","coordinates":[[[-121.50106,36.81869],[-121.50106,36.8235],[-121.48969,36.81683],[-121.47021,36.80293],[-121.44213,36.7868],[-121.43161,36.7797],[-121.41205,36.7683],[-121.39281,36.75791],[-121.38069,36.74997],[-121.3897,36.74997],[-121.40095,36.75654],[-121.41414,36.76511],[-121.42989,36.77384],[-121.4379,36.77952],[-121.45175,36.78788],[-121.47182,36.79869],[-121.49275,36.81342],[-121.50106,36.81869]]]}},{"type":"Feature","properties":{"c":"zone"},"geometry":{"type":"Polygon","coordinates":[[[-121.41718,36.87497],[-121.41371,36.87497],[-121.41074,36.86464],[-121.40892,36.86102],[-121.4018,36.85659],[-121.39953,36.85041],[-121.38875,36.83011],[-121.37606,36.81628],[-121.37606,36.80578],[-121.37915,36.8071],[-121.39279,36.81587],[-121.39873,36.82121],[-121.40065,36.81983],[-121.39991,36.82229],[-121.40236,36.82598],[-121.40741,36.83736],[-121.40784,36.84428],[-121.40723,36.84842],[-121.4106,36.85295],[-121.40921,36.85398],[-121.41347,36.86372],[-121.41718,36.87497]],[[-121.40723,36.85706],[-121.40544,36.85049],[-121.40522,36.83993],[-121.4001,36.82782],[-121.3908,36.81871],[-121.38205,36.81288],[-121.38801,36.82231],[-121.39307,36.83134],[-121.40206,36.8494],[-121.40424,36.85447],[-121.40723,36.85706]]]}},{"type":"Feature","properties":{"c":"zone"},"geometry":{"type":"Polygon","coordinates":[[[-118.3759,34.09185],[-118.37591,34.09546],[-118.37281,34.09627],[-118.36761,34.09993],[-118.36557,34.10235],[-118.35511,34.10534],[-118.34494,34.10628],[-118.34217,34.1056],[-118.33749,34.1063],[-118.33229,34.10653],[-118.32883,34.10602],[-118.32757,34.10526],[-118.32178,34.10525],[-118.31804,34.10704],[-118.31189,34.10706],[-118.30778,34.11188],[-118.29598,34.11237],[-118.28829,34.1145],[-118.27706,34.11598],[-118.27164,34.11718],[-118.26589,34.11726],[-118.25706,34.11657],[-118.2527,34.11671],[-118.25267,34.11795],[-118.25089,34.11924],[-118.2509,34.11391],[-118.25684,34.1138],[-118.26353,34.1145],[-118.2721,34.11449],[-118.27755,34.11223],[-118.30607,34.10692],[-118.30113,34.10689],[-118.29774,34.10769],[-118.29404,34.1077],[-118.29403,34.10546],[-118.30054,34.10414],[-118.318,34.10433],[-118.31963,34.10169],[-118.3267,34.10136],[-118.33478,34.10261],[-118.33617,34.10357],[-118.34022,34.10297],[-118.34328,34.10295],[-118.34577,34.10373],[-118.34988,34.10283],[-118.35496,34.1028],[-118.36046,34.10079],[-118.36367,34.10029],[-118.36513,34.09806],[-118.37041,34.09433],[-118.37457,34.09311],[-118.3759,34.09185]]]}},{"type":"Feature","properties":{"c":"zone"},"geometry":{"type":"Polygon","coordinates":[[[-118.37592,34.02516],[-118.37349,34.02352],[-118.3717,34.01976],[-118.36827,34.01935],[-118.36604,34.01784],[-118.36223,34.01738],[-118.35933,34.01655],[-118.35633,34.01504],[-118.35394,34.01243],[-118.35547,34.01126],[-118.35761,34.01342],[-118.36155,34.01534],[-118.37106,34.01719],[-118.37048,34.01512],[-118.36906,34.01341],[-118.36518,34.00551],[-118.36381,34.01271],[-118.3623,34.01438],[-118.36073,34.01337],[-118.36195,34.01202],[-118.36272,34.00402],[-118.36422,34.00301],[-118.36317,34.00002],[-118.36624,34.00002],[-118.36794,34.00497],[-118.37182,34.01229],[-118.37326,34.01436],[-118.37457,34.01802],[-118.37592,34.01942],[-118.37592,34.02516]]]}},{"type":"Feature","properties":{"c":"zone"},"geometry":{"type":"Polygon","coordinates":[[[-118.3538,34.00241],[-118.35456,34.00002],[-118.35959,34.00002],[-118.35765,34.00315],[-118.3538,34.00241]]]}},{"type":"Feature","properties":{"c":"zone"},"geometry":{"type":"Polygon","coordinates":[[[-115.50084,32.83508],[-115.49144,32.82788],[-115.48951,32.82538],[-115.47872,32.81709],[-115.468,32.80645],[-115.44168,32.77549],[-115.43946,32.77698],[-115.43855,32.77612],[-115.44122,32.77422],[-115.43599,32.76692],[-115.42226,32.75007],[-115.42664,32.75008],[-115.4343,32.7592],[-115.4364,32.76075],[-115.44362,32.77073],[-115.44602,32.77517],[-115.47129,32.80513],[-115.47692,32.81119],[-115.48385,32.81695],[-115.49323,32.82355],[-115.49436,32.82263],[-115.49668,32.82786],[-115.50084,32.83082],[-115.50084,32.83508]]]}},{"type":"Feature","properties":{"c":"zone"},"geometry":{"type":"Polygon","coordinates":[[[-115.4044,32.81468],[-115.40225,32.81482],[-115.40189,32.80275],[-115.40409,32.80266],[-115.4044,32.81468]]]}},{"type":"Feature","properties":{"c":"zone"},"geometry":{"type":"Polygon","coordinates":[[[-115.47958,32.87506],[-115.47634,32.87507],[-115.47455,32.86435],[-115.47579,32.85434],[-115.4731,32.85429],[-115.47154,32.85742],[-115.46983,32.85669],[-115.47519,32.84734],[-115.47552,32.83166],[-115.47913,32.82835],[-115.48126,32.82993],[-115.47895,32.83274],[-115.47859,32.84729],[-115.48027,32.8525],[-115.47803,32.8623],[-115.47958,32.87506]]]}},{"type":"Feature","properties":{"c":"zone"},"geometry":{"type":"Polygon","coordinates":[[[-115.48323,32.87006],[-115.48175,32.86931],[-115.48506,32.865],[-115.48711,32.86331],[-115.49272,32.86027],[-115.49357,32.86133],[-115.48765,32.86492],[-115.48323,32.87006]]]}},{"type":"Feature","properties":{"c":"zone"},"geometry":{"type":"Polygon","coordinates":[[[-115.49507,32.85712],[-115.49385,32.85598],[-115.49641,32.85411],[-115.49888,32.85102],[-115.5003,32.85183],[-115.49817,32.85465],[-115.49507,32.85712]]]}},{"type":"Feature","properties":{"c":"zone"},"geometry":{"type":"Polygon","coordinates":[[[-123.07682,38.99992],[-123.06795,38.99992],[-123.06481,38.99393],[-123.06316,38.98465],[-123.05181,38.95619],[-123.04772,38.93515],[-123.04587,38.92146],[-123.04277,38.9153],[-123.03177,38.90079],[-123.02813,38.9],[-123.02661,38.88301],[-123.02366,38.87648],[-123.03036,38.87868],[-123.03107,38.88407],[-123.04906,38.91919],[-123.05152,38.93647],[-123.06322,38.95437],[-123.06727,38.9719],[-123.06611,38.97546],[-123.06721,38.98573],[-123.06918,38.99092],[-123.07682,38.99992]]]}},{"type":"Feature","properties":{"c":"zone"},"geometry":{"type":"Polygon","coordinates":[[[-117.77525,37.34829],[-117.77341,37.34931],[-117.76475,37.33957],[-117.7665,37.33855],[-117.77525,37.34829]]]}},{"type":"Feature","properties":{"c":"zone"},"geometry":{"type":"Polygon","coordinates":[[[-117.81988,37.37495],[-117.8174,37.37495],[-117.8155,37.37237],[-117.80925,37.3685],[-117.81532,37.37495],[-117.81085,37.37495],[-117.80771,37.37205],[-117.80425,37.36587],[-117.79922,37.36262],[-117.79249,37.363],[-117.78679,37.36026],[-117.78578,37.35784],[-117.78007,37.35713],[-117.76782,37.35089],[-117.75877,37.34877],[-117.75093,37.34537],[-117.75093,37.34193],[-117.76634,37.34665],[-117.77666,37.35188],[-117.78051,37.35077],[-117.78421,37.35166],[-117.79136,37.35695],[-117.80083,37.36095],[-117.81717,37.37146],[-117.81988,37.37495]]]}},{"type":"Feature","properties":{"c":"zone"},"geometry":{"type":"Polygon","coordinates":[[[-123.00113,39.50736],[-122.99332,39.49989],[-123.00113,39.49989],[-123.00113,39.50736]]]}},{"type":"Feature","properties":{"c":"zone"},"geometry":{"type":"Polygon","coordinates":[[[-124.12618,40.60018],[-124.12618,40.60583],[-124.12339,40.60233],[-124.11782,40.60103],[-124.11761,40.59441],[-124.11383,40.58931],[-124.09946,40.58172],[-124.08682,40.57363],[-124.08053,40.56891],[-124.0632,40.56306],[-124.04383,40.55189],[-124.03288,40.5513],[-124.02511,40.54768],[-124.02101,40.54192],[-124.01067,40.53793],[-124.01234,40.53546],[-124.04384,40.54745],[-124.0624,40.55884],[-124.0682,40.55567],[-124.0798,40.55937],[-124.07704,40.5558],[-124.07176,40.55354],[-124.07268,40.55208],[-124.08242,40.55596],[-124.08228,40.56069],[-124.08837,40.56489],[-124.09406,40.56978],[-124.09529,40.57316],[-124.09925,40.57605],[-124.10329,40.57576],[-124.10704,40.57869],[-124.10696,40.58118],[-124.11064,40.58334],[-124.11454,40.58314],[-124.11798,40.58687],[-124.12053,40.5869],[-124.12487,40.58965],[-124.12515,40.59497],[-124.12247,40.59816],[-124.12618,40.60018]]]}},{"type":"Feature","properties":{"c":"zone"},"geometry":{"type":"Polygon","coordinates":[[[-124.09846,40.54223],[-124.07654,40.53924],[-124.07693,40.53764],[-124.09222,40.53939],[-124.09895,40.54082],[-124.09846,40.54223]]]}},{"type":"Feature","properties":{"c":"zone"},"geometry":{"type":"Polygon","coordinates":[[[-124.10399,40.55286],[-124.10304,40.55465],[-124.06897,40.54593],[-124.06013,40.54501],[-124.05394,40.54326],[-124.04274,40.54131],[-124.04359,40.53922],[-124.06381,40.54332],[-124.07515,40.54446],[-124.08624,40.54854],[-124.10399,40.55286]]]}},{"type":"Feature","properties":{"c":"zone"},"geometry":{"type":"Polygon","coordinates":[[[-116.75087,33.70702],[-116.73535,33.70097],[-116.68406,33.67866],[-116.65403,33.6691],[-116.65508,33.66627],[-116.68413,33.67461],[-116.73708,33.69782],[-116.75087,33.70269],[-116.75087,33.70702]]]}},{"type":"Feature","properties":{"c":"zone"},"geometry":{"type":"Polygon","coordinates":[[[-116.75086,33.64593],[-116.7393,33.64056],[-116.74139,33.63787],[-116.71974,33.62505],[-116.74038,33.62504],[-116.74285,33.62909],[-116.74807,33.63178],[-116.75086,33.63534],[-116.75086,33.64593]]]}},{"type":"Feature","properties":{"c":"zone"},"geometry":{"type":"Polygon","coordinates":[[[-116.64392,33.62791],[-116.64198,33.62504],[-116.64661,33.62504],[-116.64762,33.62642],[-116.64392,33.62791]]]}},{"type":"Feature","properties":{"c":"zone"},"geometry":{"type":"Polygon","coordinates":[[[-118.17773,36.87495],[-118.17354,36.87495],[-118.16868,36.86417],[-118.15645,36.84018],[-118.14984,36.82909],[-118.14653,36.82134],[-118.14282,36.81053],[-118.13709,36.79948],[-118.12709,36.7815],[-118.12594,36.77711],[-118.12594,36.76921],[-118.12927,36.77561],[-118.13643,36.78721],[-118.14024,36.7981],[-118.14542,36.80832],[-118.15061,36.82054],[-118.15288,36.82719],[-118.16123,36.84149],[-118.17381,36.86619],[-118.17773,36.87495]]]}},{"type":"Feature","properties":{"c":"zone"},"geometry":{"type":"Polygon","coordinates":[[[-118.1379,36.75153],[-118.13581,36.75169],[-118.13556,36.74994],[-118.1376,36.74994],[-118.1379,36.75153]]]}},{"type":"Feature","properties":{"c":"zone"},"geometry":{"type":"Polygon","coordinates":[[[-117.94466,37.50866],[-117.94278,37.51049],[-117.93584,37.5058],[-117.92497,37.49995],[-117.93046,37.49995],[-117.93379,37.5018],[-117.93556,37.50201],[-117.93934,37.50441],[-117.93988,37.50563],[-117.94466,37.50866]]]}},{"type":"Feature","properties":{"c":"zone"},"geometry":{"type":"Polygon","coordinates":[[[-117.97428,37.51331],[-117.97095,37.51438],[-117.96641,37.50792],[-117.96261,37.50582],[-117.96381,37.50438],[-117.96097,37.49995],[-117.96516,37.49995],[-117.9665,37.50227],[-117.97258,37.5102],[-117.97428,37.51331]]]}},{"type":"Feature","properties":{"c":"zone"},"geometry":{"type":"Polygon","coordinates":[[[-117.98085,37.53465],[-117.97862,37.53499],[-117.97722,37.52976],[-117.97776,37.52518],[-117.98033,37.52541],[-117.98085,37.53465]]]}},{"type":"Feature","properties":{"c":"zone"},"geometry":{"type":"Polygon","coordinates":[[[-118.00094,37.55839],[-118.00094,37.56472],[-117.99656,37.56137],[-117.97103,37.53734],[-117.96628,37.53225],[-117.96026,37.51753],[-117.95454,37.51337],[-117.94536,37.50209],[-117.94418,37.49995],[-117.94818,37.49995],[-117.9551,37.50862],[-117.95927,37.50908],[-117.96796,37.52005],[-117.97333,37.52488],[-117.97142,37.52627],[-117.96618,37.52177],[-117.97,37.53125],[-117.97394,37.53537],[-117.99409,37.55382],[-118.00094,37.55839]]]}},{"type":"Feature","properties":{"c":"zone"},"geometry":{"type":"Polygon","coordinates":[[[-121.55054,41.3749],[-121.54813,41.3749],[-121.54956,41.3688],[-121.54605,41.35819],[-121.54589,41.3542],[-121.54034,41.34499],[-121.54238,41.34421],[-121.54861,41.35433],[-121.54848,41.35779],[-121.55012,41.3603],[-121.55193,41.36992],[-121.55054,41.3749]]]}},{"type":"Feature","properties":{"c":"zone"},"geometry":{"type":"Polygon","coordinates":[[[-121.52604,41.3749],[-121.52377,41.3749],[-121.52397,41.37332],[-121.52965,41.35168],[-121.53166,41.35206],[-121.52614,41.37357],[-121.52604,41.3749]]]}},{"type":"Feature","properties":{"c":"zone"},"geometry":{"type":"Polygon","coordinates":[[[-121.57225,41.3749],[-121.56241,41.3749],[-121.56175,41.37133],[-121.56574,41.36169],[-121.55935,41.35472],[-121.55425,41.35149],[-121.54488,41.34161],[-121.54587,41.33818],[-121.54084,41.33553],[-121.54319,41.33342],[-121.54758,41.33582],[-121.54873,41.33136],[-121.54605,41.32704],[-121.54239,41.32709],[-121.5423,41.31726],[-121.54505,41.31342],[-121.54375,41.31081],[-121.54356,41.30826],[-121.54728,41.30374],[-121.54613,41.29644],[-121.53916,41.28785],[-121.53779,41.28133],[-121.53435,41.27764],[-121.53349,41.2706],[-121.54023,41.25652],[-121.54027,41.2499],[-121.54402,41.24991],[-121.54381,41.25734],[-121.54144,41.26507],[-121.53704,41.27146],[-121.53767,41.27652],[-121.5412,41.28028],[-121.54222,41.2866],[-121.54979,41.29608],[-121.54951,41.29861],[-121.55085,41.30363],[-121.54687,41.30988],[-121.54813,41.31369],[-121.54585,41.31823],[-121.5461,41.32446],[-121.54863,41.32459],[-121.55207,41.33067],[-121.55046,41.33711],[-121.55255,41.33897],[-121.55667,41.34434],[-121.55515,41.3481],[-121.56201,41.35293],[-121.5692,41.3611],[-121.56821,41.36718],[-121.57225,41.3749]]]}},{"type":"Feature","properties":{"c":"zone"},"geometry":{"type":"Polygon","coordinates":[[[-121.53312,41.2499],[-121.53666,41.2499],[-121.5373,41.25615],[-121.53373,41.25643],[-121.53312,41.2499]]]}},{"type":"Feature","properties":{"c":"zone"},"geometry":{"type":"Polygon","coordinates":[[[-121.53738,41.3741],[-121.53444,41.37402],[-121.53608,41.36152],[-121.53619,41.35785],[-121.53481,41.35568],[-121.53451,41.34897],[-121.53679,41.34897],[-121.53696,41.35501],[-121.53846,41.35766],[-121.5381,41.36177],[-121.5388,41.36513],[-121.53738,41.3741]]]}},{"type":"Feature","properties":{"c":"zone"},"geometry":{"type":"Polygon","coordinates":[[[-116.20973,33.75003],[-116.20542,33.75003],[-116.20466,33.74932],[-116.19714,33.74561],[-116.1942,33.74485],[-116.20057,33.75003],[-116.19594,33.75003],[-116.19269,33.74776],[-116.19158,33.74771],[-116.19413,33.75003],[-116.18972,33.75003],[-116.18753,33.74835],[-116.18215,33.74315],[-116.18223,33.73996],[-116.17422,33.73379],[-116.1708,33.73051],[-116.16795,33.72908],[-116.16522,33.72567],[-116.16121,33.72272],[-116.15613,33.71665],[-116.15258,33.7137],[-116.14947,33.71015],[-116.14772,33.7091],[-116.14841,33.71366],[-116.14954,33.71621],[-116.14831,33.7235],[-116.15182,33.72464],[-116.15492,33.73179],[-116.16024,33.73406],[-116.16251,33.73796],[-116.1615,33.73966],[-116.17195,33.75003],[-116.16765,33.75002],[-116.1537,33.73613],[-116.1528,33.73494],[-116.15136,33.73166],[-116.14108,33.73479],[-116.14141,33.73732],[-116.14603,33.74042],[-116.14939,33.74335],[-116.14707,33.74552],[-116.14259,33.74218],[-116.14338,33.74429],[-116.14382,33.7472],[-116.14298,33.75002],[-116.13898,33.75002],[-116.13801,33.74668],[-116.13797,33.74088],[-116.13342,33.74067],[-116.13499,33.74454],[-116.13368,33.74782],[-116.13424,33.75002],[-116.13027,33.75002],[-116.12585,33.74488],[-116.12585,33.71275],[-116.12691,33.71312],[-116.12787,33.71777],[-116.13281,33.71696],[-116.13002,33.7067],[-116.12585,33.70422],[-116.12585,33.68642],[-116.13134,33.69151],[-116.13979,33.69821],[-116.1416,33.69917],[-116.14542,33.70219],[-116.15121,33.70763],[-116.15428,33.71109],[-116.15771,33.71388],[-116.16172,33.71403],[-116.1651,33.71876],[-116.16562,33.72097],[-116.17067,33.72479],[-116.17277,33.72556],[-116.175,33.73024],[-116.18067,33.7348],[-116.18374,33.73481],[-116.19285,33.74118],[-116.19694,33.74116],[-116.20292,33.7454],[-116.20726,33.74742],[-116.20973,33.75003]],[[-116.14472,33.7117],[-116.1433,33.7052],[-116.13821,33.70062],[-116.13647,33.70066],[-116.12993,33.6953],[-116.13523,33.70267],[-116.13404,33.70547],[-116.13779,33.71476],[-116.14099,33.71477],[-116.1411,33.71223],[-116.14472,33.7117]]]}},{"type":"Feature","properties":{"c":"zone"},"geometry":{"type":"Polygon","coordinates":[[[-118.35456,34.00002],[-118.35624,33.99421],[-118.35558,33.99179],[-118.35736,33.99091],[-118.35559,33.98654],[-118.35625,33.98249],[-118.35393,33.97458],[-118.35255,33.96054],[-118.35562,33.96023],[-118.35697,33.97458],[-118.35973,33.98413],[-118.36491,33.99739],[-118.36624,34.00002],[-118.35456,34.00002]]]}},{"type":"Feature","properties":{"c":"zone"},"geometry":{"type":"Polygon","coordinates":[[[-118.34535,33.98559],[-118.34026,33.97288],[-118.33607,33.96412],[-118.33313,33.96],[-118.32279,33.93985],[-118.31689,33.9326],[-118.31922,33.9312],[-118.32503,33.93829],[-118.33628,33.95992],[-118.33834,33.96253],[-118.34391,33.97393],[-118.34796,33.98499],[-118.34535,33.98559]]]}},{"type":"Feature","properties":{"c":"zone"},"geometry":{"type":"Polygon","coordinates":[[[-118.30471,33.9322],[-118.29696,33.92302],[-118.29881,33.92207],[-118.3063,33.9312],[-118.30471,33.9322]]]}},{"type":"Feature","properties":{"c":"zone"},"geometry":{"type":"Polygon","coordinates":[[[-118.297,33.92448],[-118.29535,33.92505],[-118.2932,33.92206],[-118.2875,33.91088],[-118.28938,33.91023],[-118.29133,33.91435],[-118.29276,33.91644],[-118.29439,33.92021],[-118.297,33.92448]]]}},{"type":"Feature","properties":{"c":"zone"},"geometry":{"type":"Polygon","coordinates":[[[-118.27725,33.91924],[-118.27563,33.92013],[-118.26845,33.91274],[-118.26235,33.90243],[-118.2607,33.89684],[-118.25092,33.87502],[-118.25428,33.87502],[-118.2612,33.89051],[-118.26533,33.89602],[-118.2665,33.90096],[-118.2653,33.90304],[-118.26961,33.9108],[-118.27725,33.91924]]]}},{"type":"Feature","properties":{"c":"zone"},"geometry":{"type":"Polygon","coordinates":[[[-122.8622,38.10693],[-122.85905,38.09988],[-122.86257,38.09908],[-122.86607,38.10763],[-122.8622,38.10693]]]}},{"type":"Feature","properties":{"c":"zone"},"geometry":{"type":"Polygon","coordinates":[[[-122.86596,38.12493],[-122.82617,38.08399],[-122.80505,38.0645],[-122.78601,38.042],[-122.76074,38.0096],[-122.75433,37.99993],[-122.76342,37.99993],[-122.77225,38.00959],[-122.79001,38.02469],[-122.79348,38.03452],[-122.80435,38.04806],[-122.8311,38.0767],[-122.87612,38.12242],[-122.87612,38.12493],[-122.86596,38.12493]]]}},{"type":"Feature","properties":{"c":"zone"},"geometry":{"type":"Polygon","coordinates":[[[-117.75091,35.74996],[-117.75091,35.7412],[-117.75287,35.74107],[-117.7556,35.74513],[-117.75425,35.74996],[-117.75091,35.74996]]]}},{"type":"Feature","properties":{"c":"zone"},"geometry":{"type":"Polygon","coordinates":[[[-117.79413,35.71024],[-117.79057,35.7099],[-117.79225,35.69994],[-117.79128,35.69834],[-117.79375,35.68888],[-117.79601,35.68927],[-117.79555,35.69483],[-117.79746,35.69581],[-117.79413,35.71024]]]}},{"type":"Feature","properties":{"c":"zone"},"geometry":{"type":"Polygon","coordinates":[[[-117.86704,35.68102],[-117.86922,35.67076],[-117.87591,35.66395],[-117.87591,35.66854],[-117.87272,35.67183],[-117.87055,35.68149],[-117.86704,35.68102]]]}},{"type":"Feature","properties":{"c":"zone"},"geometry":{"type":"Polygon","coordinates":[[[-116.62256,34.61846],[-116.6118,34.60948],[-116.61421,34.60762],[-116.62587,34.61734],[-116.62587,34.62036],[-116.62256,34.61846]]]}},{"type":"Feature","properties":{"c":"zone"},"geometry":{"type":"Polygon","coordinates":[[[-116.59574,34.57871],[-116.59381,34.58089],[-116.57301,34.56899],[-116.56523,34.5576],[-116.55759,34.54546],[-116.5527,34.53949],[-116.53669,34.5284],[-116.52304,34.51088],[-116.50883,34.5],[-116.51361,34.50001],[-116.52439,34.50687],[-116.53333,34.51172],[-116.53761,34.51638],[-116.53963,34.52037],[-116.53943,34.5267],[-116.55543,34.53772],[-116.56042,34.54409],[-116.5682,34.55644],[-116.57641,34.56787],[-116.59574,34.57871]]]}},{"type":"Feature","properties":{"c":"zone"},"geometry":{"type":"Polygon","coordinates":[[[-116.50087,34.55206],[-116.50087,34.52524],[-116.50488,34.53471],[-116.50087,34.55206]]]}},{"type":"Feature","properties":{"c":"zone"},"geometry":{"type":"Polygon","coordinates":[[[-116.53917,34.5105],[-116.53698,34.50418],[-116.53393,34.50001],[-116.53807,34.50001],[-116.54006,34.50314],[-116.5424,34.51008],[-116.53917,34.5105]]]}},{"type":"Feature","properties":{"c":"zone"},"geometry":{"type":"Polygon","coordinates":[[[-117.24701,36.12843],[-117.24454,36.12953],[-117.24162,36.12496],[-117.24479,36.12496],[-117.24701,36.12843]]]}},{"type":"Feature","properties":{"c":"zone"},"geometry":{"type":"Polygon","coordinates":[[[-117.23698,36.12496],[-117.23968,36.12496],[-117.23698,36.13143],[-117.22932,36.1336],[-117.22824,36.1314],[-117.23494,36.12911],[-117.23698,36.12496]]]}},{"type":"Feature","properties":{"c":"zone"},"geometry":{"type":"Polygon","coordinates":[[[-117.20731,36.158],[-117.20321,36.15349],[-117.20276,36.14641],[-117.20741,36.13878],[-117.20836,36.13142],[-117.2118,36.12687],[-117.21176,36.12497],[-117.21554,36.12497],[-117.21502,36.12781],[-117.21147,36.13308],[-117.21155,36.13696],[-117.21015,36.14304],[-117.20704,36.14713],[-117.20699,36.15297],[-117.21009,36.1564],[-117.20731,36.158]]]}},{"type":"Feature","properties":{"c":"zone"},"geometry":{"type":"Polygon","coordinates":[[[-117.25091,36.24995],[-117.24823,36.24995],[-117.24667,36.24424],[-117.24795,36.24307],[-117.25091,36.24519],[-117.25091,36.24995]]]}},{"type":"Feature","properties":{"c":"zone"},"geometry":{"type":"Polygon","coordinates":[[[-117.23464,36.24193],[-117.2312,36.24192],[-117.23139,36.22947],[-117.23482,36.22949],[-117.23464,36.24193]]]}},{"type":"Feature","properties":{"c":"zone"},"geometry":{"type":"Polygon","coordinates":[[[-117.24114,36.24996],[-117.24011,36.2476],[-117.24208,36.2344],[-117.24713,36.23055],[-117.24499,36.22165],[-117.24088,36.22199],[-117.23716,36.20994],[-117.23434,36.19438],[-117.22293,36.18942],[-117.21244,36.1803],[-117.21616,36.17832],[-117.22189,36.18242],[-117.21951,36.177],[-117.22262,36.17554],[-117.22623,36.18093],[-117.22844,36.1799],[-117.22696,36.17714],[-117.22781,36.17335],[-117.23033,36.17372],[-117.23088,36.17059],[-117.23285,36.17072],[-117.23241,36.1745],[-117.23769,36.17246],[-117.23968,36.16569],[-117.24221,36.16618],[-117.23978,36.17444],[-117.23695,36.17632],[-117.24088,36.18873],[-117.24775,36.17715],[-117.25069,36.17843],[-117.24696,36.18448],[-117.25038,36.19876],[-117.2509,36.20288],[-117.25091,36.21831],[-117.24865,36.20561],[-117.24734,36.20364],[-117.24582,36.19503],[-117.2432,36.20022],[-117.24245,36.20834],[-117.2487,36.21808],[-117.25091,36.23256],[-117.24521,36.23921],[-117.24395,36.24781],[-117.24574,36.24995],[-117.24114,36.24996]]]}},{"type":"Feature","properties":{"c":"zone"},"geometry":{"type":"Polygon","coordinates":[[[-121.35897,40.80402],[-121.36343,40.80739],[-121.36943,40.81381],[-121.36644,40.81538],[-121.36152,40.81],[-121.35558,40.80516],[-121.34822,40.79611],[-121.34758,40.78985],[-121.34224,40.78304],[-121.34592,40.78141],[-121.33823,40.76801],[-121.33574,40.76475],[-121.33408,40.75892],[-121.32869,40.74991],[-121.33254,40.74991],[-121.33745,40.75784],[-121.33905,40.76383],[-121.3415,40.76677],[-121.35225,40.78503],[-121.34826,40.78577],[-121.35047,40.78812],[-121.35168,40.79521],[-121.35897,40.80402]]]}},{"type":"Feature","properties":{"c":"zone"},"geometry":{"type":"Polygon","coordinates":[[[-122.40308,38.87491],[-122.39935,38.87491],[-122.3938,38.86634],[-122.38386,38.83939],[-122.38097,38.83824],[-122.38442,38.82969],[-122.38584,38.8247],[-122.38649,38.81789],[-122.37963,38.80129],[-122.383,38.80052],[-122.39012,38.815],[-122.38984,38.82339],[-122.38615,38.83431],[-122.39309,38.84889],[-122.39418,38.85669],[-122.39739,38.86645],[-122.40137,38.8709],[-122.40308,38.87491]]]}},{"type":"Feature","properties":{"c":"zone"},"geometry":{"type":"Polygon","coordinates":[[[-122.38332,38.78844],[-122.38555,38.78169],[-122.3761,38.76229],[-122.3761,38.75365],[-122.37934,38.76166],[-122.38408,38.76908],[-122.3896,38.78146],[-122.38696,38.78914],[-122.38332,38.78844]]]}},{"type":"Feature","properties":{"c":"zone"},"geometry":{"type":"Polygon","coordinates":[[[-122.8707,38.74487],[-122.85927,38.73878],[-122.86083,38.73618],[-122.8384,38.71981],[-122.83778,38.71767],[-122.82421,38.70408],[-122.80678,38.69171],[-122.79982,38.68289],[-122.80143,38.68164],[-122.79475,38.67544],[-122.79548,38.67314],[-122.78182,38.66127],[-122.76566,38.65075],[-122.76193,38.64474],[-122.75635,38.63962],[-122.75329,38.63167],[-122.75111,38.62965],[-122.75111,38.62491],[-122.75724,38.62991],[-122.76113,38.63802],[-122.76592,38.6403],[-122.78225,38.65302],[-122.78136,38.65585],[-122.80525,38.67808],[-122.81048,38.68528],[-122.81015,38.68979],[-122.82215,38.69777],[-122.84694,38.72196],[-122.87612,38.74263],[-122.87612,38.74867],[-122.8707,38.74487]]]}},{"type":"Feature","properties":{"c":"zone"},"geometry":{"type":"Polygon","coordinates":[[[-116.26967,34.24326],[-116.26862,34.24142],[-116.26293,34.236],[-116.26145,34.23139],[-116.2571,34.22621],[-116.25525,34.22605],[-116.25086,34.21957],[-116.25086,34.21402],[-116.25496,34.21933],[-116.25648,34.22042],[-116.25756,34.22237],[-116.2622,34.22784],[-116.26379,34.23212],[-116.27084,34.24053],[-116.2715,34.24259],[-116.26967,34.24326]]]}},{"type":"Feature","properties":{"c":"zone"},"geometry":{"type":"Polygon","coordinates":[[[-116.26266,34.14528],[-116.2628,34.14251],[-116.27882,34.14325],[-116.29984,34.14163],[-116.31296,34.13948],[-116.34338,34.13692],[-116.35057,34.13559],[-116.3511,34.13716],[-116.36243,34.13671],[-116.36789,34.13696],[-116.36774,34.13969],[-116.35838,34.13951],[-116.35096,34.14007],[-116.34339,34.13982],[-116.3173,34.14168],[-116.29991,34.14449],[-116.2775,34.14612],[-116.26266,34.14528]]]}},{"type":"Feature","properties":{"c":"zone"},"geometry":{"type":"Polygon","coordinates":[[[-116.37433,34.10141],[-116.37276,34.10168],[-116.37204,34.09895],[-116.36947,34.09488],[-116.36707,34.09335],[-116.36797,34.09241],[-116.37042,34.0932],[-116.37356,34.09784],[-116.37433,34.10141]]]}},{"type":"Feature","properties":{"c":"zone"},"geometry":{"type":"Polygon","coordinates":[[[-116.37586,34.08862],[-116.36673,34.06683],[-116.36271,34.05479],[-116.35793,34.04888],[-116.35505,34.03738],[-116.35692,34.03263],[-116.35188,34.02569],[-116.35465,34.02423],[-116.36084,34.0326],[-116.35849,34.03801],[-116.36104,34.04785],[-116.36573,34.05348],[-116.36991,34.06613],[-116.37585,34.08017],[-116.37586,34.08862]]]}},{"type":"Feature","properties":{"c":"zone"},"geometry":{"type":"Polygon","coordinates":[[[-116.62166,33.12505],[-116.60831,33.11773],[-116.59339,33.10248],[-116.57963,33.09381],[-116.54457,33.07043],[-116.52528,33.05587],[-116.51536,33.04728],[-116.52115,33.04681],[-116.52825,33.05506],[-116.54671,33.06868],[-116.55892,33.07671],[-116.56363,33.07871],[-116.56594,33.08142],[-116.59561,33.10044],[-116.60842,33.1132],[-116.61871,33.11877],[-116.62586,33.12505],[-116.62166,33.12505]]]}},{"type":"Feature","properties":{"c":"zone"},"geometry":{"type":"Polygon","coordinates":[[[-116.51016,33.12505],[-116.50609,33.12097],[-116.50086,33.11881],[-116.50086,33.11503],[-116.50483,33.11677],[-116.51802,33.12506],[-116.51016,33.12505]]]}},{"type":"Feature","properties":{"c":"zone"},"geometry":{"type":"Polygon","coordinates":[[[-116.51134,33.03872],[-116.50086,33.03291],[-116.50086,33.02934],[-116.5056,33.03106],[-116.51243,33.03731],[-116.51134,33.03872]]]}},{"type":"Feature","properties":{"c":"zone"},"geometry":{"type":"Polygon","coordinates":[[[-119.04611,37.82009],[-119.04273,37.82071],[-119.04058,37.81373],[-119.03986,37.79644],[-119.03831,37.78278],[-119.03376,37.77474],[-119.03182,37.76893],[-119.03411,37.76829],[-119.03936,37.77908],[-119.03957,37.77557],[-119.03437,37.7661],[-119.02775,37.76023],[-119.02498,37.74995],[-119.02884,37.74995],[-119.03126,37.75901],[-119.03423,37.76117],[-119.03767,37.76513],[-119.04381,37.7765],[-119.04202,37.78505],[-119.04374,37.79667],[-119.04889,37.80698],[-119.04538,37.80773],[-119.04327,37.80338],[-119.04391,37.81139],[-119.04611,37.82009]]]}},{"type":"Feature","properties":{"c":"zone"},"geometry":{"type":"Polygon","coordinates":[[[-119.04202,37.76742],[-119.03969,37.76807],[-119.03795,37.76355],[-119.03761,37.75806],[-119.03469,37.74995],[-119.03707,37.74995],[-119.03995,37.75603],[-119.04032,37.7623],[-119.04202,37.76742]]]}},{"type":"Feature","properties":{"c":"zone"},"geometry":{"type":"Polygon","coordinates":[[[-119.05932,37.84127],[-119.05725,37.84106],[-119.05809,37.83245],[-119.05651,37.82416],[-119.05855,37.8238],[-119.06079,37.83271],[-119.05932,37.84127]]]}},{"type":"Feature","properties":{"c":"zone"},"geometry":{"type":"Polygon","coordinates":[[[-119.04852,37.84051],[-119.04629,37.84026],[-119.04715,37.83585],[-119.04665,37.83169],[-119.04868,37.83151],[-119.04936,37.83571],[-119.04852,37.84051]]]}},{"type":"Feature","properties":{"c":"zone"},"geometry":{"type":"Polygon","coordinates":[[[-119.04721,37.74995],[-119.05723,37.74996],[-119.061,37.75143],[-119.06017,37.75272],[-119.06291,37.75593],[-119.06809,37.7601],[-119.06649,37.76159],[-119.06391,37.76005],[-119.06126,37.76086],[-119.05739,37.75224],[-119.05595,37.7519],[-119.05645,37.75371],[-119.05399,37.76257],[-119.05609,37.76732],[-119.05381,37.76812],[-119.05163,37.76482],[-119.04968,37.76769],[-119.04744,37.76679],[-119.04902,37.76419],[-119.05133,37.76213],[-119.05276,37.75687],[-119.05129,37.75467],[-119.05367,37.75339],[-119.05331,37.75147],[-119.04721,37.74995]]]}},{"type":"Feature","properties":{"c":"zone"},"geometry":{"type":"Polygon","coordinates":[[[-119.07296,37.82235],[-119.07058,37.82274],[-119.06899,37.81737],[-119.07145,37.81687],[-119.07296,37.82235]]]}},{"type":"Feature","properties":{"c":"zone"},"geometry":{"type":"Polygon","coordinates":[[[-119.0999,37.81678],[-119.09773,37.81791],[-119.09507,37.81449],[-119.09308,37.809],[-119.0898,37.80574],[-119.08932,37.79792],[-119.08995,37.7942],[-119.08902,37.79139],[-119.08854,37.79423],[-119.08624,37.79395],[-119.08677,37.79061],[-119.08518,37.78406],[-119.08122,37.77884],[-119.08313,37.77786],[-119.08682,37.7822],[-119.08905,37.78875],[-119.09101,37.78882],[-119.09263,37.79433],[-119.09182,37.79817],[-119.09254,37.80503],[-119.09554,37.80838],[-119.09799,37.81429],[-119.0999,37.81678]]]}},{"type":"Feature","properties":{"c":"zone"},"geometry":{"type":"Polygon","coordinates":[[[-119.07238,37.81107],[-119.07087,37.81249],[-119.06786,37.81051],[-119.06451,37.80712],[-119.06255,37.80778],[-119.06081,37.80485],[-119.05379,37.79847],[-119.05534,37.79735],[-119.06522,37.8048],[-119.07238,37.81107]]]}},{"type":"Feature","properties":{"c":"zone"},"geometry":{"type":"Polygon","coordinates":[[[-119.07265,37.80844],[-119.07493,37.80775],[-119.07692,37.81211],[-119.08157,37.81517],[-119.08562,37.82433],[-119.08542,37.82986],[-119.08762,37.83802],[-119.08485,37.83855],[-119.08259,37.83298],[-119.0834,37.83939],[-119.08099,37.8396],[-119.0789,37.82863],[-119.07637,37.82511],[-119.07846,37.82404],[-119.08064,37.82725],[-119.0795,37.81718],[-119.07493,37.8136],[-119.07265,37.80844]]]}},{"type":"Feature","properties":{"c":"zone"},"geometry":{"type":"Polygon","coordinates":[[[-119.07809,37.80881],[-119.08018,37.80779],[-119.08359,37.81237],[-119.08857,37.81506],[-119.09122,37.81717],[-119.09007,37.81817],[-119.09092,37.82099],[-119.09717,37.82697],[-119.09562,37.82817],[-119.08833,37.82157],[-119.08715,37.8168],[-119.08331,37.81493],[-119.08128,37.81319],[-119.07809,37.80881]]]}},{"type":"Feature","properties":{"c":"zone"},"geometry":{"type":"Polygon","coordinates":[[[-119.13532,37.78683],[-119.13282,37.78761],[-119.12445,37.77163],[-119.11573,37.75721],[-119.11233,37.74994],[-119.11626,37.74994],[-119.11931,37.75843],[-119.12589,37.76897],[-119.13532,37.78683]]]}},{"type":"Feature","properties":{"c":"zone"},"geometry":{"type":"Polygon","coordinates":[[[-119.12401,37.81504],[-119.11781,37.81421],[-119.11724,37.80869],[-119.11778,37.80426],[-119.11909,37.79968],[-119.11912,37.79432],[-119.11584,37.78819],[-119.11167,37.78357],[-119.11372,37.78233],[-119.11921,37.78848],[-119.12197,37.79499],[-119.12235,37.80211],[-119.12422,37.80773],[-119.12401,37.81504]]]}},{"type":"Feature","properties":{"c":"zone"},"geometry":{"type":"Polygon","coordinates":[[[-117.90856,34.50002],[-117.90782,34.49769],[-117.91358,34.49767],[-117.91361,34.49502],[-117.9181,34.49281],[-117.92558,34.50002],[-117.90856,34.50002]]]}},{"type":"Feature","properties":{"c":"zone"},"geometry":{"type":"Polygon","coordinates":[[[-117.96426,34.50001],[-117.96857,34.49349],[-117.94448,34.48363],[-117.94025,34.48341],[-117.93061,34.48015],[-117.93132,34.47788],[-117.90535,34.46619],[-117.9005,34.47338],[-117.87591,34.4597],[-117.87591,34.44675],[-117.90205,34.45662],[-117.90539,34.46183],[-117.9403,34.47745],[-117.99474,34.5],[-117.96426,34.50001]]]}},{"type":"Feature","properties":{"c":"zone"},"geometry":{"type":"Polygon","coordinates":[[[-115.76082,33.00871],[-115.75947,33.00751],[-115.76255,33.00504],[-115.76409,33.00006],[-115.76614,33.00006],[-115.76424,33.00599],[-115.76082,33.00871]]]}},{"type":"Feature","properties":{"c":"zone"},"geometry":{"type":"Polygon","coordinates":[[[-115.8697,33.05295],[-115.86793,33.05215],[-115.87585,33.04081],[-115.87585,33.04395],[-115.8697,33.05295]]]}},{"type":"Feature","properties":{"c":"zone"},"geometry":{"type":"Polygon","coordinates":[[[-115.86954,33.03946],[-115.86766,33.03914],[-115.8708,33.0268],[-115.87261,33.02715],[-115.86954,33.03946]]]}},{"type":"Feature","properties":{"c":"zone"},"geometry":{"type":"Polygon","coordinates":[[[-115.86652,33.04173],[-115.86792,33.04287],[-115.86082,33.049],[-115.85941,33.04788],[-115.86652,33.04173]]]}},{"type":"Feature","properties":{"c":"zone"},"geometry":{"type":"Polygon","coordinates":[[[-115.8582,33.04576],[-115.859,33.04725],[-115.8458,33.05203],[-115.8432,33.05481],[-115.84138,33.0538],[-115.84509,33.04835],[-115.8468,33.0478],[-115.85266,33.04142],[-115.85444,33.04257],[-115.84885,33.04873],[-115.8582,33.04576]]]}},{"type":"Feature","properties":{"c":"zone"},"geometry":{"type":"Polygon","coordinates":[[[-115.83805,33.05283],[-115.83627,33.05282],[-115.83609,33.04953],[-115.83781,33.04946],[-115.83805,33.05283]]]}},{"type":"Feature","properties":{"c":"zone"},"geometry":{"type":"Polygon","coordinates":[[[-115.76052,33.02057],[-115.7592,33.02837],[-115.76027,33.03311],[-115.75819,33.0334],[-115.75686,33.0276],[-115.75861,33.02018],[-115.76052,33.02057]]]}},{"type":"Feature","properties":{"c":"zone"},"geometry":{"type":"Polygon","coordinates":[[[-115.82629,33.11818],[-115.8241,33.11603],[-115.83444,33.10844],[-115.83943,33.10405],[-115.84323,33.10256],[-115.8474,33.09758],[-115.85049,33.09141],[-115.85849,33.08718],[-115.8602,33.08948],[-115.8552,33.09214],[-115.85354,33.09619],[-115.84365,33.1061],[-115.83937,33.1087],[-115.83776,33.11108],[-115.83548,33.11145],[-115.82629,33.11818]]]}},{"type":"Feature","properties":{"c":"zone"},"geometry":{"type":"Polygon","coordinates":[[[-115.82591,33.10945],[-115.82286,33.10842],[-115.82808,33.09737],[-115.8311,33.09835],[-115.82591,33.10945]]]}},{"type":"Feature","properties":{"c":"zone"},"geometry":{"type":"Polygon","coordinates":[[[-115.80778,33.01591],[-115.80723,33.02163],[-115.80467,33.02174],[-115.80411,33.01529],[-115.80502,33.01292],[-115.80064,33.00663],[-115.79315,33.0019],[-115.79078,33.00007],[-115.79453,33.00007],[-115.80096,33.00412],[-115.81409,33.01068],[-115.82291,33.01309],[-115.83838,33.01816],[-115.85578,33.02221],[-115.84857,33.03392],[-115.83009,33.05273],[-115.82471,33.06522],[-115.80638,33.08502],[-115.80476,33.09104],[-115.79888,33.09966],[-115.79866,33.10319],[-115.79532,33.10298],[-115.79154,33.10816],[-115.78514,33.10329],[-115.79123,33.10028],[-115.792,33.09633],[-115.79723,33.0966],[-115.80108,33.09081],[-115.80011,33.08906],[-115.8113,33.07124],[-115.82023,33.06183],[-115.82254,33.05589],[-115.84134,33.03672],[-115.84102,33.03559],[-115.83734,33.03628],[-115.83076,33.039],[-115.81334,33.04953],[-115.80199,33.0636],[-115.80029,33.06399],[-115.79613,33.06835],[-115.7908,33.07767],[-115.78778,33.07656],[-115.79287,33.06751],[-115.80638,33.05276],[-115.80591,33.05051],[-115.80787,33.04589],[-115.8118,33.0395],[-115.81526,33.0323],[-115.81944,33.02795],[-115.8253,33.02442],[-115.82354,33.02037],[-115.82169,33.01931],[-115.81687,33.02285],[-115.8154,33.02484],[-115.81378,33.02395],[-115.8157,33.02137],[-115.81968,33.0182],[-115.80986,33.0233],[-115.80895,33.02477],[-115.80201,33.03044],[-115.79941,33.03127],[-115.79584,33.03523],[-115.7892,33.03948],[-115.78622,33.04611],[-115.77804,33.05629],[-115.78096,33.06013],[-115.77932,33.06102],[-115.77748,33.05859],[-115.77707,33.06009],[-115.77742,33.06581],[-115.77439,33.06658],[-115.7718,33.06382],[-115.77327,33.06922],[-115.78357,33.08324],[-115.78277,33.08562],[-115.77731,33.08299],[-115.77358,33.07713],[-115.77028,33.06783],[-115.76641,33.07493],[-115.76068,33.08076],[-115.75864,33.08085],[-115.75833,33.07715],[-115.76031,33.07328],[-115.76443,33.07141],[-115.77011,33.06003],[-115.7833,33.04504],[-115.78664,33.03768],[-115.79404,33.03287],[-115.79788,33.02846],[-115.80036,33.02771],[-115.80723,33.02163],[-115.81761,33.01589],[-115.81645,33.01397],[-115.81152,33.01254],[-115.80711,33.01004],[-115.80778,33.01591]],[[-115.82686,33.03074],[-115.83035,33.02889],[-115.82653,33.02109],[-115.82777,33.02761],[-115.82633,33.02894],[-115.82686,33.03074]],[[-115.82481,33.03924],[-115.82404,33.02845],[-115.82177,33.02979],[-115.8169,33.03585],[-115.81403,33.04197],[-115.81036,33.04782],[-115.82481,33.03924]],[[-115.83364,33.02887],[-115.82698,33.03362],[-115.82665,33.03751],[-115.83713,33.03334],[-115.8354,33.02758],[-115.84095,33.02769],[-115.84328,33.02972],[-115.85119,33.02373],[-115.83729,33.02039],[-115.82782,33.01759],[-115.83364,33.02887]]]}},{"type":"Feature","properties":{"c":"zone"},"geometry":{"type":"Polygon","coordinates":[[[-118.31715,36.80985],[-118.31393,36.81051],[-118.31276,36.8072],[-118.31079,36.80444],[-118.3065,36.80187],[-118.30354,36.79304],[-118.30385,36.79138],[-118.30111,36.78841],[-118.30005,36.78096],[-118.30345,36.78079],[-118.30469,36.78754],[-118.3077,36.7903],[-118.30719,36.79304],[-118.30959,36.80012],[-118.31282,36.80185],[-118.31583,36.8058],[-118.31715,36.80985]]]}},{"type":"Feature","properties":{"c":"zone"},"geometry":{"type":"Polygon","coordinates":[[[-117.10013,34.13011],[-117.08766,34.12503],[-117.09882,34.12503],[-117.12588,34.12923],[-117.12588,34.13525],[-117.10013,34.13011]]]}},{"type":"Feature","properties":{"c":"zone"},"geometry":{"type":"Polygon","coordinates":[[[-122.75112,38.98915],[-122.75111,38.98209],[-122.75273,38.98881],[-122.75112,38.98915]]]}},{"type":"Feature","properties":{"c":"zone"},"geometry":{"type":"Polygon","coordinates":[[[-122.75246,38.97084],[-122.75636,38.96543],[-122.7643,38.95735],[-122.7678,38.95277],[-122.76848,38.95011],[-122.77092,38.9501],[-122.77055,38.95297],[-122.76668,38.95877],[-122.76951,38.96203],[-122.76222,38.97027],[-122.75246,38.97084]]]}},{"type":"Feature","properties":{"c":"zone"},"geometry":{"type":"Polygon","coordinates":[[[-122.81669,38.96563],[-122.81226,38.95962],[-122.81048,38.95225],[-122.80923,38.9486],[-122.80696,38.94382],[-122.8094,38.94313],[-122.81122,38.94641],[-122.81469,38.95881],[-122.81886,38.96455],[-122.81669,38.96563]]]}},{"type":"Feature","properties":{"c":"zone"},"geometry":{"type":"Polygon","coordinates":[[[-122.79018,38.96474],[-122.78747,38.96481],[-122.78607,38.95353],[-122.78358,38.94996],[-122.78287,38.93887],[-122.78567,38.93861],[-122.7864,38.94405],[-122.79019,38.95235],[-122.79018,38.96474]]]}},{"type":"Feature","properties":{"c":"zone"},"geometry":{"type":"Polygon","coordinates":[[[-122.75112,38.95678],[-122.75112,38.95259],[-122.75359,38.95091],[-122.75551,38.95259],[-122.75112,38.95678]]]}},{"type":"Feature","properties":{"c":"zone"},"geometry":{"type":"Polygon","coordinates":[[[-122.75984,38.95042],[-122.76317,38.94282],[-122.76656,38.94329],[-122.77012,38.9413],[-122.77111,38.94187],[-122.78129,38.93482],[-122.78762,38.92799],[-122.7861,38.91948],[-122.78772,38.91397],[-122.78353,38.9183],[-122.77553,38.92415],[-122.75726,38.93532],[-122.75497,38.93344],[-122.76897,38.92336],[-122.7746,38.92143],[-122.79218,38.90693],[-122.7941,38.90841],[-122.7908,38.91128],[-122.79092,38.92448],[-122.79202,38.92761],[-122.78336,38.93633],[-122.77324,38.9431],[-122.76918,38.94529],[-122.76132,38.95166],[-122.75984,38.95042]]]}},{"type":"Feature","properties":{"c":"zone"},"geometry":{"type":"Polygon","coordinates":[[[-122.75202,38.92435],[-122.75112,38.92166],[-122.75111,38.91368],[-122.75479,38.92377],[-122.75202,38.92435]]]}},{"type":"Feature","properties":{"c":"zone"},"geometry":{"type":"Polygon","coordinates":[[[-117.5009,35.49578],[-117.5009,35.48485],[-117.50799,35.4837],[-117.51538,35.48655],[-117.53811,35.48191],[-117.56001,35.47687],[-117.59044,35.46861],[-117.62591,35.45843],[-117.62591,35.46208],[-117.59089,35.47267],[-117.57189,35.47821],[-117.52167,35.48937],[-117.5009,35.49578]]]}},{"type":"Feature","properties":{"c":"zone"},"geometry":{"type":"Polygon","coordinates":[[[-122.3761,38.76229],[-122.37141,38.75266],[-122.3748,38.75134],[-122.3761,38.75365],[-122.3761,38.76229]]]}},{"type":"Feature","properties":{"c":"zone"},"geometry":{"type":"Polygon","coordinates":[[[-124.00118,40.86074],[-123.99263,40.85643],[-123.98198,40.84348],[-123.97739,40.84187],[-123.97524,40.83726],[-123.97825,40.83643],[-123.97968,40.83962],[-123.98598,40.84031],[-123.98661,40.84363],[-123.99323,40.85257],[-124.00118,40.85764],[-124.00118,40.86074]]]}},{"type":"Feature","properties":{"c":"zone"},"geometry":{"type":"Polygon","coordinates":[[[-117.46898,35],[-117.46308,34.99108],[-117.45645,34.97917],[-117.44986,34.96562],[-117.44804,34.95814],[-117.44528,34.95431],[-117.43763,34.93994],[-117.42738,34.93166],[-117.42957,34.93011],[-117.44098,34.93927],[-117.44622,34.95005],[-117.45109,34.95709],[-117.45508,34.9683],[-117.4654,34.989],[-117.46875,34.99291],[-117.47251,34.99999],[-117.46898,35]]]}},{"type":"Feature","properties":{"c":"zone"},"geometry":{"type":"Polygon","coordinates":[[[-117.40335,34.92516],[-117.40034,34.91624],[-117.39902,34.90929],[-117.40091,34.90904],[-117.40304,34.91786],[-117.40544,34.9246],[-117.40335,34.92516]]]}},{"type":"Feature","properties":{"c":"zone"},"geometry":{"type":"Polygon","coordinates":[[[-117.41788,34.92093],[-117.41291,34.91665],[-117.41421,34.91566],[-117.41912,34.91995],[-117.41788,34.92093]]]}},{"type":"Feature","properties":{"c":"zone"},"geometry":{"type":"Polygon","coordinates":[[[-121.85162,37.62495],[-121.84531,37.61912],[-121.83795,37.61489],[-121.82406,37.61177],[-121.82091,37.61192],[-121.82341,37.60945],[-121.83862,37.60473],[-121.84369,37.60687],[-121.8556,37.62495],[-121.85162,37.62495]]]}},{"type":"Feature","properties":{"c":"zone"},"geometry":{"type":"Polygon","coordinates":[[[-121.87108,37.59717],[-121.8649,37.58347],[-121.8632,37.57688],[-121.85775,37.55946],[-121.85152,37.54227],[-121.84722,37.53644],[-121.84663,37.53127],[-121.83348,37.51551],[-121.82982,37.49996],[-121.83362,37.49996],[-121.83805,37.51164],[-121.84818,37.5205],[-121.85116,37.52528],[-121.85586,37.52963],[-121.85783,37.53421],[-121.86263,37.55911],[-121.86565,37.56961],[-121.86849,37.58288],[-121.87116,37.58748],[-121.87608,37.59399],[-121.87608,37.60246],[-121.87108,37.59717]]]}},{"type":"Feature","properties":{"c":"zone"},"geometry":{"type":"Polygon","coordinates":[[[-117.95921,33.91424],[-117.9575,33.9141],[-117.95801,33.90711],[-117.95953,33.90767],[-117.95921,33.91424]]]}},{"type":"Feature","properties":{"c":"zone"},"geometry":{"type":"Polygon","coordinates":[[[-118.00091,33.98054],[-117.99715,33.98152],[-117.98592,33.98009],[-117.98207,33.97775],[-117.97123,33.97398],[-117.96513,33.97014],[-117.96179,33.96951],[-117.95557,33.9617],[-117.95018,33.96026],[-117.93994,33.96109],[-117.92319,33.95896],[-117.91939,33.95694],[-117.92068,33.95534],[-117.93361,33.95683],[-117.93079,33.95443],[-117.92577,33.95461],[-117.88585,33.94596],[-117.87754,33.94591],[-117.87589,33.94531],[-117.87591,33.94031],[-117.88144,33.94223],[-117.93272,33.95214],[-117.94242,33.95812],[-117.95088,33.9575],[-117.97654,33.9644],[-117.9885,33.97018],[-117.99719,33.9715],[-118.00091,33.97398],[-118.00091,33.97768],[-117.99566,33.97408],[-117.98419,33.97234],[-117.97662,33.96785],[-117.96088,33.96344],[-117.96374,33.96703],[-117.96644,33.96759],[-117.9734,33.97175],[-117.98399,33.97555],[-117.9869,33.97749],[-117.99734,33.97876],[-118.00091,33.97768],[-118.00091,33.98054]]]}},{"type":"Feature","properties":{"c":"zone"},"geometry":{"type":"Polygon","coordinates":[[[-118.75094,34.77205],[-118.73803,34.77007],[-118.71372,34.76044],[-118.69637,34.75551],[-118.68013,34.75],[-118.72494,34.75],[-118.74089,34.75654],[-118.75094,34.75772],[-118.75094,34.77205]]]}},{"type":"Feature","properties":{"c":"zone"},"geometry":{"type":"Polygon","coordinates":[[[-120.04558,35.49999],[-120.03279,35.48635],[-120.02797,35.4835],[-120.02309,35.47589],[-120.00099,35.45242],[-120.00098,35.43431],[-120.0043,35.43951],[-120.01562,35.44842],[-120.02396,35.45414],[-120.03305,35.46324],[-120.04032,35.46882],[-120.06826,35.49999],[-120.04558,35.49999]]]}},{"type":"Feature","properties":{"c":"zone"},"geometry":{"type":"Polygon","coordinates":[[[-120.20062,41.74229],[-120.19507,41.74525],[-120.19546,41.74991],[-120.19119,41.74991],[-120.1908,41.74385],[-120.19701,41.74075],[-120.19872,41.72085],[-120.20713,41.70128],[-120.21833,41.69679],[-120.21796,41.69198],[-120.21293,41.68582],[-120.21715,41.68289],[-120.21718,41.67521],[-120.2248,41.66243],[-120.22116,41.65177],[-120.21645,41.64458],[-120.21235,41.62491],[-120.21716,41.62491],[-120.22023,41.64293],[-120.22532,41.65119],[-120.22582,41.65437],[-120.22989,41.66231],[-120.22103,41.67763],[-120.22111,41.68371],[-120.21756,41.68623],[-120.2222,41.6911],[-120.22202,41.6988],[-120.20986,41.70369],[-120.20727,41.71177],[-120.20241,41.72107],[-120.2029,41.72399],[-120.20062,41.74229]]]}},{"type":"Feature","properties":{"c":"zone"},"geometry":{"type":"Polygon","coordinates":[[[-117.32263,33.63757],[-117.31345,33.63191],[-117.30405,33.62504],[-117.30968,33.62505],[-117.31541,33.63013],[-117.32422,33.63581],[-117.32263,33.63757]]]}},{"type":"Feature","properties":{"c":"zone"},"geometry":{"type":"Polygon","coordinates":[[[-117.68981,35.66308],[-117.68717,35.66074],[-117.68236,35.64959],[-117.67948,35.64797],[-117.67206,35.63137],[-117.6698,35.62748],[-117.66703,35.62496],[-117.67113,35.62496],[-117.6774,35.63609],[-117.68091,35.6351],[-117.68554,35.6462],[-117.68552,35.64894],[-117.69009,35.65931],[-117.6935,35.66223],[-117.69699,35.66981],[-117.69757,35.6678],[-117.70023,35.66831],[-117.7008,35.67063],[-117.70042,35.67227],[-117.70081,35.6733],[-117.70093,35.67558],[-117.70088,35.68184],[-117.69893,35.68182],[-117.69197,35.67359],[-117.68981,35.66308]]]}},{"type":"Feature","properties":{"c":"zone"},"geometry":{"type":"Polygon","coordinates":[[[-117.50089,33.77785],[-117.50089,33.78147],[-117.46868,33.75003],[-117.47378,33.75003],[-117.4815,33.75665],[-117.48865,33.76559],[-117.50089,33.77785]]]}},{"type":"Feature","properties":{"c":"zone"},"geometry":{"type":"Polygon","coordinates":[[[-117.50089,33.76354],[-117.49016,33.75363],[-117.48394,33.75003],[-117.49158,33.75002],[-117.50089,33.75949],[-117.50089,33.76354]]]}},{"type":"Feature","properties":{"c":"zone"},"geometry":{"type":"Polygon","coordinates":[[[-122.99332,39.49989],[-122.98917,39.49655],[-122.98415,39.49376],[-122.98745,39.49797],[-122.98446,39.4994],[-122.97779,39.49116],[-122.97435,39.48499],[-122.97036,39.48209],[-122.96849,39.4791],[-122.96163,39.47224],[-122.95813,39.47344],[-122.95414,39.46649],[-122.94225,39.45045],[-122.93579,39.43859],[-122.93949,39.43733],[-122.94343,39.44441],[-122.94511,39.44864],[-122.94751,39.45226],[-122.94694,39.44888],[-122.94905,39.44858],[-122.95005,39.45246],[-122.95193,39.45496],[-122.95444,39.46165],[-122.95891,39.46796],[-122.96102,39.46727],[-122.95593,39.45707],[-122.95896,39.45598],[-122.95789,39.45173],[-122.95639,39.44875],[-122.95275,39.43699],[-122.95625,39.43641],[-122.95832,39.44325],[-122.96115,39.44614],[-122.96075,39.44987],[-122.96658,39.45917],[-122.97139,39.46982],[-122.98756,39.48269],[-123.00003,39.49538],[-123.00113,39.49989],[-122.99332,39.49989]],[[-122.99588,39.49869],[-122.99186,39.49175],[-122.98336,39.4833],[-122.97179,39.4741],[-122.96471,39.46649],[-122.96813,39.4732],[-122.97184,39.47612],[-122.98158,39.48954],[-122.99102,39.49497],[-122.99588,39.49869]]]}},{"type":"Feature","properties":{"c":"zone"},"geometry":{"type":"Polygon","coordinates":[[[-122.9458,39.41641],[-122.9378,39.41061],[-122.93835,39.41363],[-122.93492,39.41394],[-122.93472,39.41231],[-122.92856,39.40956],[-122.92088,39.40049],[-122.91193,39.39327],[-122.91519,39.40119],[-122.91253,39.40178],[-122.91097,39.39804],[-122.90873,39.39877],[-122.90552,39.39331],[-122.9043,39.38958],[-122.90365,39.38528],[-122.90202,39.38143],[-122.89524,39.3749],[-122.90071,39.3749],[-122.90341,39.37671],[-122.90878,39.38645],[-122.91992,39.39536],[-122.92171,39.39432],[-122.92796,39.40142],[-122.93032,39.4053],[-122.93347,39.40759],[-122.93352,39.40194],[-122.93724,39.4019],[-122.9372,39.4048],[-122.93966,39.40489],[-122.94293,39.40395],[-122.94629,39.41129],[-122.94897,39.41507],[-122.9458,39.41641]]]}},{"type":"Feature","properties":{"c":"zone"},"geometry":{"type":"Polygon","coordinates":[[[-122.89807,39.4105],[-122.8966,39.40736],[-122.89198,39.40194],[-122.88957,39.39718],[-122.88732,39.3948],[-122.88952,39.39368],[-122.89217,39.39668],[-122.8942,39.40082],[-122.89869,39.40627],[-122.90041,39.40986],[-122.89807,39.4105]]]}},{"type":"Feature","properties":{"c":"zone"},"geometry":{"type":"Polygon","coordinates":[[[-117.08992,33.87503],[-117.08701,33.87504],[-117.0859,33.87289],[-117.08775,33.87219],[-117.08992,33.87503]]]}},{"type":"Feature","properties":{"c":"zone"},"geometry":{"type":"Polygon","coordinates":[[[-117.10439,33.87503],[-117.10185,33.87503],[-117.09336,33.86599],[-117.08985,33.86532],[-117.08517,33.86066],[-117.08001,33.86029],[-117.06994,33.85072],[-117.05701,33.84878],[-117.05564,33.84491],[-117.04715,33.83654],[-117.0279,33.82824],[-117.02837,33.82308],[-117.01852,33.80731],[-117.00552,33.80335],[-117.00087,33.79791],[-117.00087,33.79276],[-117.00754,33.80082],[-117.01755,33.80292],[-117.02194,33.80687],[-117.03275,33.82491],[-117.05,33.83524],[-117.05821,33.84341],[-117.0599,33.84737],[-117.06384,33.84674],[-117.06275,33.84394],[-117.06463,33.8433],[-117.08059,33.85671],[-117.08389,33.85616],[-117.08897,33.86101],[-117.0923,33.86152],[-117.10439,33.87503]]]}},{"type":"Feature","properties":{"c":"zone"},"geometry":{"type":"Polygon","coordinates":[[[-117.04191,33.87504],[-117.03292,33.86595],[-117.03417,33.86517],[-117.04701,33.87504],[-117.04191,33.87504]]]}},{"type":"Feature","properties":{"c":"zone"},"geometry":{"type":"Polygon","coordinates":[[[-117.04361,33.82137],[-117.04147,33.82214],[-117.03552,33.80987],[-117.03481,33.80402],[-117.03675,33.80379],[-117.03783,33.80982],[-117.04361,33.82137]]]}},{"type":"Feature","properties":{"c":"zone"},"geometry":{"type":"Polygon","coordinates":[[[-117.02952,33.84761],[-117.02802,33.84791],[-117.02634,33.84304],[-117.02788,33.84274],[-117.02952,33.84761]]]}},{"type":"Feature","properties":{"c":"zone"},"geometry":{"type":"Polygon","coordinates":[[[-117.05226,33.87504],[-117.04894,33.87504],[-117.0457,33.87126],[-117.04059,33.86851],[-117.0372,33.8662],[-117.03494,33.86055],[-117.02394,33.85574],[-117.01321,33.84875],[-117.00087,33.84824],[-117.00087,33.84219],[-117.00359,33.8451],[-117.00361,33.84255],[-117.01592,33.84718],[-117.04255,33.8611],[-117.0434,33.85991],[-117.03187,33.85044],[-117.03317,33.84921],[-117.04409,33.8576],[-117.04571,33.85771],[-117.04911,33.85992],[-117.04333,33.86621],[-117.04842,33.86896],[-117.05226,33.87504]]]}},{"type":"Feature","properties":{"c":"zone"},"geometry":{"type":"Polygon","coordinates":[[[-117.01743,33.79852],[-117.01574,33.79989],[-117.00087,33.78694],[-117.00087,33.78438],[-117.01743,33.79852]]]}},{"type":"Feature","properties":{"c":"zone"},"geometry":{"type":"Polygon","coordinates":[[[-116.46263,34.30374],[-116.46636,34.30181],[-116.46918,34.3011],[-116.46967,34.30261],[-116.46736,34.30326],[-116.46359,34.30515],[-116.46263,34.30374]]]}},{"type":"Feature","properties":{"c":"zone"},"geometry":{"type":"Polygon","coordinates":[[[-116.39164,34.26831],[-116.39164,34.26288],[-116.39348,34.26297],[-116.39364,34.26832],[-116.39164,34.26831]]]}},{"type":"Feature","properties":{"c":"zone"},"geometry":{"type":"Polygon","coordinates":[[[-116.44558,34.37502],[-116.4476,34.3698],[-116.44745,34.35995],[-116.44533,34.35356],[-116.44168,34.34816],[-116.43877,34.34585],[-116.4353,34.34156],[-116.42802,34.32763],[-116.42438,34.32215],[-116.40667,34.30749],[-116.40405,34.29969],[-116.40102,34.29623],[-116.39732,34.2838],[-116.40086,34.2831],[-116.40464,34.29499],[-116.40713,34.29888],[-116.40983,34.30611],[-116.42234,34.31611],[-116.42458,34.31482],[-116.42632,34.31699],[-116.43053,34.3117],[-116.42693,34.31107],[-116.42665,34.30914],[-116.42873,34.3072],[-116.43269,34.30665],[-116.43391,34.30525],[-116.4305,34.30552],[-116.43033,34.30395],[-116.43381,34.30363],[-116.43371,34.29753],[-116.43556,34.29759],[-116.44117,34.28947],[-116.43047,34.29861],[-116.42902,34.29737],[-116.43291,34.29417],[-116.43025,34.29129],[-116.44048,34.28566],[-116.43967,34.28442],[-116.43681,34.28401],[-116.43821,34.27041],[-116.4375,34.26581],[-116.438,34.25678],[-116.4367,34.25003],[-116.44545,34.25003],[-116.44152,34.25718],[-116.44235,34.27115],[-116.44558,34.28521],[-116.44712,34.28408],[-116.45026,34.28676],[-116.44739,34.28998],[-116.45227,34.29801],[-116.45415,34.29858],[-116.4534,34.30063],[-116.45787,34.30619],[-116.46222,34.31572],[-116.4693,34.32466],[-116.47253,34.32737],[-116.47345,34.32968],[-116.47707,34.33426],[-116.48763,34.34466],[-116.48757,34.34356],[-116.4895,34.34349],[-116.4897,34.34579],[-116.4972,34.35369],[-116.50087,34.3586],[-116.50086,34.37037],[-116.49556,34.36734],[-116.49307,34.36266],[-116.49013,34.35333],[-116.4874,34.348],[-116.48025,34.34467],[-116.47428,34.3363],[-116.45855,34.31661],[-116.45804,34.32395],[-116.45633,34.32588],[-116.45437,34.33524],[-116.45599,34.33595],[-116.45332,34.34173],[-116.45292,34.34786],[-116.45551,34.34721],[-116.45745,34.35068],[-116.45623,34.35603],[-116.45784,34.35758],[-116.45502,34.36026],[-116.45544,34.36385],[-116.45412,34.36651],[-116.4544,34.37135],[-116.45142,34.37502],[-116.44558,34.37502]],[[-116.44698,34.34515],[-116.44521,34.34405],[-116.4479,34.34068],[-116.44681,34.33882],[-116.44784,34.32622],[-116.44482,34.31884],[-116.44371,34.32068],[-116.44167,34.32043],[-116.44263,34.31542],[-116.44532,34.3158],[-116.44579,34.30973],[-116.44137,34.30764],[-116.43728,34.31352],[-116.43545,34.31275],[-116.43902,34.30714],[-116.44324,34.30392],[-116.44609,34.30292],[-116.4482,34.29961],[-116.44418,34.29223],[-116.44291,34.29516],[-116.43721,34.30066],[-116.43749,34.30643],[-116.43024,34.31564],[-116.43339,34.31554],[-116.43353,34.31757],[-116.42983,34.31762],[-116.43094,34.32154],[-116.43191,34.32071],[-116.43326,34.3218],[-116.43174,34.32457],[-116.43441,34.33167],[-116.43668,34.331],[-116.44009,34.33962],[-116.43985,34.33568],[-116.44221,34.33548],[-116.4427,34.34063],[-116.44185,34.34252],[-116.44856,34.35187],[-116.44804,34.34418],[-116.44698,34.34515]]]}},{"type":"Feature","properties":{"c":"zone"},"geometry":{"type":"Polygon","coordinates":[[[-116.45583,34.37502],[-116.45802,34.37156],[-116.46083,34.37077],[-116.46274,34.37205],[-116.45988,34.37502],[-116.45583,34.37502]]]}},{"type":"Feature","properties":{"c":"zone"},"geometry":{"type":"Polygon","coordinates":[[[-116.42605,34.3304],[-116.42478,34.33133],[-116.41855,34.32471],[-116.41726,34.31913],[-116.42278,34.32409],[-116.42605,34.3304]]]}},{"type":"Feature","properties":{"c":"zone"},"geometry":{"type":"Polygon","coordinates":[[[-120.00099,35.45462],[-120.00099,35.45944],[-119.98305,35.45072],[-119.96914,35.43821],[-119.95477,35.43172],[-119.92769,35.40586],[-119.89196,35.37743],[-119.89527,35.37495],[-119.93234,35.40433],[-119.95118,35.4229],[-119.96287,35.42826],[-119.98892,35.44924],[-120.00099,35.45462]]]}},{"type":"Feature","properties":{"c":"zone"},"geometry":{"type":"Polygon","coordinates":[[[-120.00099,35.45242],[-119.99369,35.44666],[-119.99175,35.43952],[-119.98456,35.43392],[-119.97907,35.4247],[-119.96319,35.41138],[-119.96212,35.40741],[-119.94054,35.38633],[-119.93366,35.38276],[-119.92483,35.37499],[-119.93536,35.37499],[-119.94511,35.38387],[-119.95042,35.3813],[-119.98348,35.40988],[-119.98025,35.41198],[-120.00098,35.43431],[-120.00099,35.45242]]]}},{"type":"Feature","properties":{"c":"zone"},"geometry":{"type":"Polygon","coordinates":[[[-117.73854,37.34208],[-117.73669,37.34428],[-117.69229,37.32227],[-117.67999,37.31349],[-117.66363,37.30031],[-117.65376,37.29159],[-117.64955,37.29089],[-117.6427,37.28475],[-117.63163,37.27381],[-117.62593,37.26753],[-117.62593,37.2627],[-117.63626,37.27382],[-117.65168,37.28872],[-117.65035,37.28591],[-117.64225,37.27677],[-117.63603,37.26869],[-117.63852,37.26748],[-117.64449,37.27533],[-117.65224,37.28304],[-117.65534,37.28845],[-117.66285,37.29529],[-117.67714,37.3062],[-117.68473,37.31293],[-117.69546,37.32056],[-117.7113,37.32785],[-117.73854,37.34208]]]}},{"type":"Feature","properties":{"c":"zone"},"geometry":{"type":"Polygon","coordinates":[[[-123.33169,39.37491],[-123.32765,39.37491],[-123.31529,39.35889],[-123.31139,39.3472],[-123.29937,39.33527],[-123.29729,39.32954],[-123.2876,39.31867],[-123.28183,39.31459],[-123.27483,39.30644],[-123.26573,39.30008],[-123.25113,39.28027],[-123.25113,39.27499],[-123.25585,39.2805],[-123.26437,39.29228],[-123.27797,39.30284],[-123.28423,39.31123],[-123.30145,39.32629],[-123.3079,39.33663],[-123.3196,39.35153],[-123.32235,39.35831],[-123.33009,39.37133],[-123.33169,39.37491]]]}},{"type":"Feature","properties":{"c":"zone"},"geometry":{"type":"Polygon","coordinates":[[[-121.93857,37.12495],[-121.93079,37.12497],[-121.92687,37.12163],[-121.90864,37.11147],[-121.90639,37.11274],[-121.89671,37.10423],[-121.88653,37.0932],[-121.87608,37.09107],[-121.87608,37.07853],[-121.89735,37.09581],[-121.90374,37.10311],[-121.92114,37.1131],[-121.91708,37.10686],[-121.92218,37.10373],[-121.93318,37.11499],[-121.93874,37.11452],[-121.94317,37.11827],[-121.95108,37.12248],[-121.95092,37.12498],[-121.93857,37.12495]]]}},{"type":"Feature","properties":{"c":"zone"},"geometry":{"type":"Polygon","coordinates":[[[-116.37586,34.64817],[-116.37379,34.64342],[-116.37255,34.63154],[-116.3727,34.62754],[-116.37586,34.62748],[-116.37586,34.64817]]]}},{"type":"Feature","properties":{"c":"zone"},"geometry":{"type":"Polygon","coordinates":[[[-116.32837,34.62501],[-116.33407,34.6329],[-116.34365,34.64218],[-116.34742,34.6484],[-116.34999,34.65046],[-116.35298,34.65617],[-116.3561,34.65852],[-116.3633,34.67123],[-116.36965,34.69227],[-116.37365,34.69488],[-116.37587,34.70365],[-116.37587,34.71704],[-116.37318,34.71248],[-116.37239,34.70868],[-116.37264,34.70434],[-116.37142,34.7009],[-116.36941,34.70439],[-116.3625,34.70138],[-116.36431,34.68843],[-116.35975,34.67264],[-116.35658,34.66772],[-116.35343,34.66113],[-116.35048,34.65837],[-116.34733,34.65329],[-116.34204,34.64744],[-116.33942,34.64265],[-116.33429,34.63833],[-116.32387,34.62501],[-116.32837,34.62501]]]}},{"type":"Feature","properties":{"c":"zone"},"geometry":{"type":"Polygon","coordinates":[[[-116.31853,34.75001],[-116.3152,34.75001],[-116.31559,34.74223],[-116.31896,34.74236],[-116.31853,34.75001]]]}},{"type":"Feature","properties":{"c":"zone"},"geometry":{"type":"Polygon","coordinates":[[[-116.36283,34.71943],[-116.35977,34.72066],[-116.35642,34.71533],[-116.35309,34.71202],[-116.35058,34.70731],[-116.34923,34.70044],[-116.3522,34.70009],[-116.35382,34.70638],[-116.35607,34.71107],[-116.35933,34.71414],[-116.36283,34.71943]]]}},{"type":"Feature","properties":{"c":"zone"},"geometry":{"type":"Polygon","coordinates":[[[-116.35753,34.60405],[-116.35439,34.59937],[-116.33839,34.58077],[-116.34119,34.57922],[-116.35714,34.59767],[-116.3604,34.60289],[-116.35753,34.60405]]]}},{"type":"Feature","properties":{"c":"zone"},"geometry":{"type":"Polygon","coordinates":[[[-116.37586,34.50944],[-116.3628,34.50001],[-116.36801,34.50001],[-116.37586,34.50553],[-116.37586,34.50944]]]}},{"type":"Feature","properties":{"c":"zone"},"geometry":{"type":"Polygon","coordinates":[[[-117.72975,35.66951],[-117.72993,35.66841],[-117.73264,35.66869],[-117.73228,35.67101],[-117.73229,35.67436],[-117.73292,35.67692],[-117.73282,35.67974],[-117.73008,35.67973],[-117.73017,35.67704],[-117.72955,35.67448],[-117.72975,35.66951]]]}},{"type":"Feature","properties":{"c":"zone"},"geometry":{"type":"Polygon","coordinates":[[[-116.25882,34.5],[-116.2589,34.50764],[-116.26129,34.50597],[-116.26342,34.50815],[-116.2615,34.50982],[-116.25918,34.51955],[-116.26134,34.52187],[-116.26218,34.52823],[-116.26692,34.52569],[-116.27026,34.51617],[-116.27129,34.50325],[-116.26668,34.50001],[-116.27403,34.50001],[-116.28262,34.50707],[-116.28331,34.50839],[-116.29542,34.51697],[-116.31373,34.53308],[-116.32425,34.53819],[-116.33664,34.55075],[-116.34785,34.55759],[-116.34704,34.55852],[-116.34108,34.55564],[-116.34894,34.56324],[-116.35571,34.56759],[-116.36242,34.56888],[-116.36461,34.57415],[-116.36985,34.57787],[-116.36859,34.57905],[-116.36566,34.57693],[-116.36773,34.58176],[-116.37202,34.58806],[-116.37586,34.60601],[-116.37586,34.61392],[-116.37233,34.60542],[-116.36669,34.58597],[-116.35916,34.5743],[-116.34423,34.56336],[-116.32353,34.54373],[-116.31318,34.53958],[-116.31343,34.53692],[-116.2921,34.51817],[-116.28183,34.51107],[-116.2745,34.50464],[-116.27335,34.51713],[-116.27132,34.52464],[-116.26906,34.52824],[-116.26625,34.53861],[-116.2763,34.55161],[-116.27436,34.55267],[-116.26491,34.54058],[-116.26562,34.5478],[-116.2699,34.56072],[-116.27571,34.57062],[-116.28221,34.57851],[-116.28974,34.5847],[-116.29495,34.59112],[-116.31204,34.60443],[-116.32395,34.61754],[-116.32837,34.62501],[-116.32387,34.62501],[-116.31985,34.6175],[-116.30338,34.6023],[-116.3046,34.60656],[-116.30248,34.60684],[-116.30141,34.60297],[-116.29899,34.60298],[-116.2939,34.59781],[-116.2903,34.59778],[-116.291,34.5934],[-116.28622,34.58827],[-116.28607,34.58558],[-116.28036,34.58083],[-116.27552,34.58506],[-116.27773,34.58963],[-116.2746,34.59749],[-116.275,34.60988],[-116.27209,34.60996],[-116.26709,34.60377],[-116.26607,34.5998],[-116.26863,34.5896],[-116.27294,34.58113],[-116.27786,34.57844],[-116.26693,34.56535],[-116.26391,34.5571],[-116.26045,34.53509],[-116.25393,34.51327],[-116.25553,34.50581],[-116.25175,34.5],[-116.25882,34.5]]]}},{"type":"Feature","properties":{"c":"zone"},"geometry":{"type":"Polygon","coordinates":[[[-116.27902,34.5421],[-116.27578,34.54532],[-116.27429,34.5442],[-116.27758,34.541],[-116.27902,34.5421]]]}},{"type":"Feature","properties":{"c":"zone"},"geometry":{"type":"Polygon","coordinates":[[[-118.3394,37.49995],[-118.33097,37.49995],[-118.33077,37.49169],[-118.32692,37.48834],[-118.32684,37.47678],[-118.32273,37.46785],[-118.31946,37.45424],[-118.31568,37.45058],[-118.31605,37.44447],[-118.31512,37.43288],[-118.31218,37.43074],[-118.31685,37.42117],[-118.31375,37.41133],[-118.31422,37.40511],[-118.31352,37.39857],[-118.30811,37.39245],[-118.30644,37.39259],[-118.3049,37.38996],[-118.30522,37.3859],[-118.30376,37.38106],[-118.30411,37.37495],[-118.30773,37.37495],[-118.30737,37.38123],[-118.30953,37.38945],[-118.31508,37.39007],[-118.31709,37.39802],[-118.31809,37.40479],[-118.3172,37.41083],[-118.31951,37.41864],[-118.323,37.42426],[-118.31987,37.42567],[-118.32049,37.43375],[-118.31928,37.43431],[-118.32078,37.43997],[-118.32401,37.43978],[-118.33001,37.45708],[-118.33042,37.46603],[-118.33252,37.47031],[-118.33446,37.48197],[-118.33713,37.49054],[-118.34021,37.49625],[-118.3394,37.49995]]]}},{"type":"Feature","properties":{"c":"zone"},"geometry":{"type":"Polygon","coordinates":[[[-123.48914,39.66585],[-123.48596,39.66589],[-123.48541,39.6587],[-123.4831,39.64971],[-123.47788,39.64136],[-123.47344,39.6313],[-123.46915,39.6249],[-123.47333,39.6249],[-123.47985,39.63563],[-123.48081,39.6393],[-123.48894,39.65287],[-123.48914,39.66585]]]}},{"type":"Feature","properties":{"c":"zone"},"geometry":{"type":"Polygon","coordinates":[[[-116.70842,35.59755],[-116.71423,35.59182],[-116.68678,35.59341],[-116.67728,35.59645],[-116.65507,35.59385],[-116.62588,35.59429],[-116.62588,35.59064],[-116.63984,35.59023],[-116.63785,35.58359],[-116.62801,35.57965],[-116.62877,35.57582],[-116.6421,35.57892],[-116.65663,35.58042],[-116.66628,35.5795],[-116.68293,35.58197],[-116.6933,35.58197],[-116.71728,35.58768],[-116.75088,35.58722],[-116.75088,35.59763],[-116.72093,35.5961],[-116.71004,35.59986],[-116.70842,35.59755]]]}},{"type":"Feature","properties":{"c":"zone"},"geometry":{"type":"Polygon","coordinates":[[[-116.83736,35.62498],[-116.82784,35.62498],[-116.84854,35.61507],[-116.85934,35.61234],[-116.86654,35.608],[-116.87589,35.60386],[-116.87589,35.60857],[-116.83736,35.62498]]]}},{"type":"Feature","properties":{"c":"zone"},"geometry":{"type":"Polygon","coordinates":[[[-116.85066,35.60834],[-116.84145,35.61302],[-116.83977,35.61082],[-116.84889,35.60609],[-116.85066,35.60834]]]}},{"type":"Feature","properties":{"c":"zone"},"geometry":{"type":"Polygon","coordinates":[[[-116.87588,35.60001],[-116.85637,35.60066],[-116.85133,35.59961],[-116.83341,35.59895],[-116.80012,35.59652],[-116.75088,35.59763],[-116.75088,35.58722],[-116.78908,35.58896],[-116.80718,35.58275],[-116.80836,35.58573],[-116.79829,35.59067],[-116.81284,35.59152],[-116.83673,35.59474],[-116.85409,35.59341],[-116.87588,35.59654],[-116.87588,35.60001]]]}},{"type":"Feature","properties":{"c":"zone"},"geometry":{"type":"Polygon","coordinates":[[[-116.79364,35.62498],[-116.77825,35.62498],[-116.76953,35.62347],[-116.76757,35.61573],[-116.79364,35.62498]]]}},{"type":"Feature","properties":{"c":"zone"},"geometry":{"type":"Polygon","coordinates":[[[-118.87594,34.83014],[-118.86824,34.83077],[-118.85323,34.84307],[-118.83966,34.84396],[-118.82938,34.84851],[-118.8189,34.85839],[-118.79853,34.86753],[-118.78888,34.87499],[-118.77804,34.87499],[-118.81538,34.84927],[-118.82658,34.84308],[-118.84459,34.82376],[-118.86517,34.82425],[-118.87594,34.81983],[-118.87594,34.83014]]]}},{"type":"Feature","properties":{"c":"zone"},"geometry":{"type":"Polygon","coordinates":[[[-118.87594,34.80697],[-118.87221,34.80544],[-118.86328,34.80003],[-118.83688,34.79417],[-118.76181,34.77291],[-118.75094,34.77206],[-118.75094,34.75772],[-118.75822,34.75846],[-118.7728,34.75251],[-118.77425,34.7548],[-118.75845,34.76189],[-118.7832,34.76753],[-118.78343,34.77154],[-118.81966,34.78284],[-118.83372,34.78493],[-118.87594,34.79942],[-118.87594,34.80697]]]}},{"type":"Feature","properties":{"c":"zone"},"geometry":{"type":"Polygon","coordinates":[[[-119.126,37.96057],[-119.126,37.96569],[-119.11521,37.95077],[-119.10536,37.94209],[-119.10767,37.94013],[-119.114,37.94515],[-119.11889,37.95003],[-119.126,37.96057]]]}},{"type":"Feature","properties":{"c":"zone"},"geometry":{"type":"Polygon","coordinates":[[[-121.73999,37.37495],[-121.73652,37.37195],[-121.73462,37.36812],[-121.72678,37.36303],[-121.71527,37.3482],[-121.70871,37.34115],[-121.70537,37.33982],[-121.69913,37.33332],[-121.70103,37.33137],[-121.706,37.33642],[-121.7062,37.33363],[-121.69756,37.32526],[-121.69748,37.3233],[-121.68423,37.30414],[-121.68015,37.30127],[-121.67547,37.29516],[-121.67974,37.29415],[-121.67384,37.27382],[-121.67343,37.26324],[-121.67185,37.25696],[-121.6677,37.24996],[-121.67188,37.24996],[-121.67468,37.25474],[-121.67684,37.2568],[-121.6793,37.26714],[-121.67882,37.27219],[-121.67999,37.2794],[-121.68516,37.28568],[-121.69164,37.29585],[-121.70098,37.30392],[-121.70673,37.3127],[-121.70941,37.31585],[-121.71274,37.32569],[-121.7145,37.33686],[-121.71849,37.34181],[-121.7239,37.34205],[-121.72884,37.34844],[-121.72805,37.35932],[-121.73651,37.36509],[-121.74272,37.37192],[-121.74378,37.37495],[-121.73999,37.37495]]]}},{"type":"Feature","properties":{"c":"zone"},"geometry":{"type":"Polygon","coordinates":[[[-121.74509,37.31949],[-121.7423,37.31324],[-121.73504,37.30318],[-121.73084,37.29941],[-121.72309,37.27886],[-121.72612,37.27765],[-121.73164,37.27842],[-121.73676,37.28315],[-121.73719,37.2777],[-121.74015,37.2779],[-121.7391,37.28783],[-121.74015,37.29388],[-121.73898,37.30245],[-121.74351,37.30948],[-121.75107,37.31617],[-121.75107,37.32213],[-121.74509,37.31949]]]}},{"type":"Feature","properties":{"c":"zone"},"geometry":{"type":"Polygon","coordinates":[[[-118.72494,34.75],[-118.70901,34.75],[-118.69399,34.7456],[-118.67537,34.74335],[-118.69806,34.75],[-118.68013,34.75],[-118.67032,34.74746],[-118.65165,34.74008],[-118.62593,34.73451],[-118.62594,34.72944],[-118.6544,34.73545],[-118.66626,34.74003],[-118.69653,34.74092],[-118.71346,34.74764],[-118.72494,34.75]]]}},{"type":"Feature","properties":{"c":"zone"},"geometry":{"type":"Polygon","coordinates":[[[-118.50093,34.98483],[-118.51551,34.98255],[-118.53865,34.97617],[-118.56718,34.95313],[-118.59016,34.9473],[-118.6124,34.93917],[-118.62594,34.93554],[-118.62594,34.95474],[-118.59571,34.96615],[-118.56738,34.97513],[-118.54263,34.97977],[-118.50093,34.99053],[-118.50093,34.98483]]]}},{"type":"Feature","properties":{"c":"zone"},"geometry":{"type":"Polygon","coordinates":[[[-118.60071,34.94025],[-118.59721,34.93775],[-118.60447,34.93169],[-118.61748,34.91688],[-118.62593,34.9033],[-118.62593,34.91108],[-118.61782,34.92272],[-118.60814,34.93354],[-118.60071,34.94025]]]}},{"type":"Feature","properties":{"c":"zone"},"geometry":{"type":"Polygon","coordinates":[[[-117.91969,35.93949],[-117.91662,35.94088],[-117.9108,35.93122],[-117.90251,35.92036],[-117.88549,35.90492],[-117.87592,35.89347],[-117.87592,35.88997],[-117.89517,35.90638],[-117.89947,35.9129],[-117.90498,35.9187],[-117.91307,35.92893],[-117.91969,35.93949]]]}},{"type":"Feature","properties":{"c":"zone"},"geometry":{"type":"Polygon","coordinates":[[[-118.00091,34.51777],[-117.99447,34.51235],[-117.96426,34.50001],[-117.99474,34.5],[-118.00091,34.50221],[-118.00091,34.51777]]]}},{"type":"Feature","properties":{"c":"zone"},"geometry":{"type":"Polygon","coordinates":[[[-117.92801,34.51864],[-117.91207,34.50991],[-117.90856,34.50002],[-117.92558,34.50002],[-117.92992,34.5046],[-117.92801,34.51864]]]}},{"type":"Feature","properties":{"c":"zone"},"geometry":{"type":"Polygon","coordinates":[[[-121.86963,37.64325],[-121.85729,37.62943],[-121.85451,37.62773],[-121.85162,37.62495],[-121.8556,37.62495],[-121.86185,37.62944],[-121.86429,37.6327],[-121.8725,37.6415],[-121.86963,37.64325]]]}},{"type":"Feature","properties":{"c":"zone"},"geometry":{"type":"Polygon","coordinates":[[[-117.2509,35.12498],[-117.25089,35.11621],[-117.25772,35.12498],[-117.2509,35.12498]]]}},{"type":"Feature","properties":{"c":"zone"},"geometry":{"type":"Polygon","coordinates":[[[-117.29038,35.12499],[-117.2871,35.12139],[-117.27245,35.11184],[-117.26577,35.10833],[-117.26752,35.10599],[-117.27521,35.10998],[-117.28885,35.11894],[-117.29421,35.12499],[-117.29038,35.12499]]]}},{"type":"Feature","properties":{"c":"zone"},"geometry":{"type":"Polygon","coordinates":[[[-117.3498,35.06985],[-117.3471,35.07036],[-117.34435,35.06029],[-117.3386,35.05497],[-117.33451,35.04969],[-117.33153,35.04728],[-117.32211,35.03701],[-117.31203,35.02232],[-117.30366,35.00791],[-117.30789,35.00593],[-117.31268,35.01309],[-117.31277,35.01783],[-117.32251,35.03314],[-117.33333,35.04513],[-117.3362,35.04735],[-117.34076,35.05282],[-117.34475,35.05464],[-117.34987,35.06209],[-117.35525,35.06874],[-117.35285,35.07003],[-117.34867,35.06489],[-117.3498,35.06985]]]}},{"type":"Feature","properties":{"c":"zone"},"geometry":{"type":"Polygon","coordinates":[[[-117.3759,35.00758],[-117.36751,34.99999],[-117.37168,34.99998],[-117.3759,35.00383],[-117.3759,35.00758]]]}},{"type":"Feature","properties":{"c":"zone"},"geometry":{"type":"Polygon","coordinates":[[[-121.87608,37.09374],[-121.8526,37.08504],[-121.82943,37.07106],[-121.81673,37.05866],[-121.80171,37.05343],[-121.79374,37.04622],[-121.76804,37.02917],[-121.75112,37.01549],[-121.75109,37.00174],[-121.75638,37.00437],[-121.76559,37.01258],[-121.77574,37.01861],[-121.7807,37.02545],[-121.80962,37.04049],[-121.81479,37.04591],[-121.8402,37.05949],[-121.85556,37.06656],[-121.87608,37.07853],[-121.87608,37.09374]]]}},{"type":"Feature","properties":{"c":"zone"},"geometry":{"type":"Polygon","coordinates":[[[-118.04689,36.56558],[-118.04493,36.56586],[-118.0433,36.5591],[-118.04527,36.55876],[-118.04689,36.56558]]]}},{"type":"Feature","properties":{"c":"zone"},"geometry":{"type":"Polygon","coordinates":[[[-118.04416,36.51666],[-118.04241,36.51624],[-118.04364,36.51278],[-118.04537,36.51314],[-118.04416,36.51666]]]}},{"type":"Feature","properties":{"c":"zone"},"geometry":{"type":"Polygon","coordinates":[[[-118.03982,36.50993],[-118.03715,36.50869],[-118.03898,36.50626],[-118.03913,36.49995],[-118.04648,36.49995],[-118.04433,36.50474],[-118.03982,36.50993]]]}},{"type":"Feature","properties":{"c":"zone"},"geometry":{"type":"Polygon","coordinates":[[[-118.07388,36.62495],[-118.06957,36.62495],[-118.06554,36.61705],[-118.06405,36.60701],[-118.0618,36.5968],[-118.05852,36.58655],[-118.05585,36.57387],[-118.05142,36.56321],[-118.04999,36.55873],[-118.0441,36.5484],[-118.04076,36.54405],[-118.03279,36.52539],[-118.03349,36.52244],[-118.02494,36.50709],[-118.02309,36.49995],[-118.02701,36.49995],[-118.02829,36.50612],[-118.03461,36.51721],[-118.03933,36.5239],[-118.03847,36.52732],[-118.04385,36.54069],[-118.04571,36.53935],[-118.0435,36.52957],[-118.04094,36.52364],[-118.03391,36.51379],[-118.03194,36.50909],[-118.03557,36.50818],[-118.0375,36.51318],[-118.04133,36.5178],[-118.04565,36.5255],[-118.04756,36.53071],[-118.04807,36.52441],[-118.04687,36.52353],[-118.04888,36.52146],[-118.0499,36.51835],[-118.04676,36.51611],[-118.04433,36.50474],[-118.05145,36.49996],[-118.0555,36.49995],[-118.06243,36.50257],[-118.06343,36.49996],[-118.06722,36.49996],[-118.0645,36.50926],[-118.06771,36.51018],[-118.06623,36.51743],[-118.05146,36.52336],[-118.05,36.53378],[-118.05762,36.54915],[-118.0661,36.57203],[-118.06756,36.58089],[-118.06699,36.58401],[-118.06363,36.58356],[-118.06398,36.58187],[-118.06248,36.57238],[-118.06072,36.56878],[-118.05696,36.56758],[-118.05936,36.57343],[-118.06194,36.58555],[-118.06316,36.58774],[-118.06428,36.59344],[-118.06758,36.59167],[-118.06943,36.59153],[-118.06938,36.58856],[-118.07189,36.58851],[-118.07185,36.59572],[-118.06825,36.59569],[-118.07311,36.61529],[-118.06961,36.61822],[-118.07384,36.62288],[-118.07388,36.62495]]]}},{"type":"Feature","properties":{"c":"zone"},"geometry":{"type":"Polygon","coordinates":[[[-118.04106,36.58559],[-118.03695,36.58952],[-118.03507,36.58849],[-118.036,36.58743],[-118.03184,36.57738],[-118.02842,36.57152],[-118.03033,36.57081],[-118.03362,36.57663],[-118.03735,36.58569],[-118.03871,36.58496],[-118.03961,36.58251],[-118.04192,36.583],[-118.04106,36.58559]]]}},{"type":"Feature","properties":{"c":"zone"},"geometry":{"type":"Polygon","coordinates":[[[-118.04361,36.59102],[-118.04151,36.59174],[-118.03957,36.58807],[-118.04161,36.58738],[-118.04361,36.59102]]]}},{"type":"Feature","properties":{"c":"zone"},"geometry":{"type":"Polygon","coordinates":[[[-118.0783,36.58725],[-118.07594,36.58846],[-118.07488,36.58719],[-118.07316,36.58698],[-118.07109,36.584],[-118.07045,36.57872],[-118.07339,36.57852],[-118.07385,36.58284],[-118.07498,36.58487],[-118.07655,36.585],[-118.0783,36.58725]]]}},{"type":"Feature","properties":{"c":"zone"},"geometry":{"type":"Polygon","coordinates":[[[-118.07853,36.61813],[-118.07564,36.61963],[-118.07339,36.61904],[-118.075,36.6153],[-118.07496,36.60931],[-118.07286,36.60636],[-118.07246,36.60082],[-118.07583,36.60086],[-118.07572,36.60381],[-118.07846,36.60479],[-118.07943,36.60671],[-118.08255,36.60896],[-118.08113,36.61018],[-118.07891,36.60864],[-118.07853,36.61813]]]}},{"type":"Feature","properties":{"c":"zone"},"geometry":{"type":"Polygon","coordinates":[[[-118.08656,36.62495],[-118.08269,36.62495],[-118.08165,36.6233],[-118.08255,36.619],[-118.08595,36.61959],[-118.08506,36.6228],[-118.08656,36.62495]]]}},{"type":"Feature","properties":{"c":"zone"},"geometry":{"type":"Polygon","coordinates":[[[-118.12593,36.52521],[-118.12593,36.52882],[-118.11824,36.52506],[-118.11263,36.51712],[-118.10509,36.51347],[-118.10444,36.50975],[-118.10009,36.50697],[-118.09813,36.49995],[-118.10173,36.49995],[-118.10306,36.50505],[-118.10783,36.50834],[-118.10807,36.51196],[-118.11548,36.51525],[-118.11953,36.52154],[-118.12593,36.52521]]]}},{"type":"Feature","properties":{"c":"zone"},"geometry":{"type":"Polygon","coordinates":[[[-118.16517,33.8017],[-118.16534,33.80347],[-118.16182,33.80346],[-118.15963,33.80265],[-118.15657,33.79848],[-118.15255,33.79445],[-118.14982,33.79612],[-118.14366,33.78985],[-118.13473,33.78261],[-118.12591,33.77482],[-118.12591,33.77123],[-118.1353,33.77986],[-118.14652,33.78895],[-118.15131,33.78985],[-118.16141,33.80123],[-118.16517,33.8017]]]}},{"type":"Feature","properties":{"c":"zone"},"geometry":{"type":"Polygon","coordinates":[[[-118.20627,33.83338],[-118.20374,33.8343],[-118.20076,33.82926],[-118.19672,33.82362],[-118.19417,33.82224],[-118.19077,33.81779],[-118.16234,33.79618],[-118.16436,33.79435],[-118.18829,33.81244],[-118.19915,33.8224],[-118.20364,33.82867],[-118.20627,33.83338]]]}},{"type":"Feature","properties":{"c":"zone"},"geometry":{"type":"Polygon","coordinates":[[[-123.47333,39.6249],[-123.46915,39.6249],[-123.46458,39.61637],[-123.46411,39.60319],[-123.46125,39.59494],[-123.45785,39.59056],[-123.45731,39.58332],[-123.42996,39.54544],[-123.42708,39.53921],[-123.41478,39.52353],[-123.41063,39.51956],[-123.39736,39.4999],[-123.40127,39.4999],[-123.40401,39.50282],[-123.41128,39.51364],[-123.42346,39.5289],[-123.43566,39.54318],[-123.44545,39.55817],[-123.46343,39.58378],[-123.46416,39.59175],[-123.46836,39.60437],[-123.46854,39.61604],[-123.47333,39.6249]]]}},{"type":"Feature","properties":{"c":"zone"},"geometry":{"type":"Polygon","coordinates":[[[-120.96946,36.37498],[-120.95805,36.37498],[-120.93732,36.3508],[-120.93483,36.35043],[-120.93398,36.34634],[-120.9217,36.33749],[-120.90077,36.31873],[-120.89577,36.3187],[-120.89379,36.31236],[-120.87603,36.29552],[-120.87603,36.28003],[-120.88614,36.29098],[-120.89548,36.30763],[-120.90527,36.30309],[-120.90492,36.314],[-120.9239,36.32684],[-120.92523,36.33052],[-120.93847,36.33868],[-120.93634,36.34126],[-120.96891,36.37282],[-120.96946,36.37498]]]}},{"type":"Feature","properties":{"c":"zone"},"geometry":{"type":"Polygon","coordinates":[[[-118.12591,33.77123],[-118.12591,33.77482],[-118.12199,33.77141],[-118.11927,33.77098],[-118.1139,33.76586],[-118.09733,33.75475],[-118.09143,33.75003],[-118.09528,33.75004],[-118.12591,33.77123]]]}},{"type":"Feature","properties":{"c":"zone"},"geometry":{"type":"Polygon","coordinates":[[[-118.21424,34.11857],[-118.215,34.12056],[-118.21649,34.12083],[-118.21933,34.12067],[-118.2334,34.11673],[-118.23451,34.11536],[-118.24504,34.11402],[-118.25092,34.11387],[-118.25091,34.11927],[-118.23775,34.1187],[-118.23482,34.11922],[-118.22783,34.1212],[-118.21989,34.12378],[-118.21763,34.12378],[-118.21238,34.12291],[-118.19881,34.12017],[-118.18888,34.12056],[-118.18277,34.12045],[-118.17962,34.12093],[-118.16565,34.12047],[-118.15913,34.12103],[-118.14018,34.12066],[-118.13373,34.1198],[-118.12953,34.12001],[-118.1279,34.12129],[-118.12596,34.12211],[-118.12597,34.11743],[-118.13061,34.11714],[-118.13505,34.11704],[-118.13961,34.11781],[-118.14344,34.118],[-118.15723,34.11829],[-118.16468,34.11779],[-118.173,34.11797],[-118.17624,34.11563],[-118.1872,34.11606],[-118.19245,34.1156],[-118.20039,34.11612],[-118.21424,34.11857]]]}},{"type":"Feature","properties":{"c":"zone"},"geometry":{"type":"Polygon","coordinates":[[[-121.10575,36.99996],[-121.09544,36.99362],[-121.08612,36.98575],[-121.07604,36.97923],[-121.04817,36.95424],[-121.03951,36.94789],[-121.03347,36.94236],[-121.02569,36.93285],[-121.01932,36.92818],[-121.01389,36.92188],[-121.00647,36.91059],[-121.00104,36.90564],[-121.00104,36.90135],[-121.0086,36.90794],[-121.00348,36.89186],[-121.00104,36.88729],[-121.00104,36.88226],[-121.00939,36.89277],[-121.01169,36.90295],[-121.01197,36.91222],[-121.01591,36.91839],[-121.02462,36.92697],[-121.03708,36.94121],[-121.04922,36.95073],[-121.0538,36.95526],[-121.08152,36.97901],[-121.08836,36.98349],[-121.11053,36.99996],[-121.10575,36.99996]]]}},{"type":"Feature","properties":{"c":"zone"},"geometry":{"type":"Polygon","coordinates":[[[-122.00108,37.18338],[-121.98864,37.17399],[-121.98633,37.16998],[-121.97335,37.15726],[-121.95607,37.14637],[-121.95092,37.13972],[-121.93946,37.13222],[-121.93079,37.12497],[-121.95092,37.12498],[-121.97192,37.13622],[-121.97427,37.13819],[-121.98513,37.14208],[-121.98928,37.14085],[-121.99545,37.14308],[-121.99329,37.1484],[-121.97573,37.14684],[-121.96641,37.13917],[-121.94332,37.12955],[-121.95555,37.13821],[-121.96676,37.14841],[-121.97891,37.1564],[-121.98805,37.16607],[-121.9936,37.17253],[-122.00108,37.17817],[-122.00108,37.18338]]]}},{"type":"Feature","properties":{"c":"zone"},"geometry":{"type":"Polygon","coordinates":[[[-116.99214,34.38238],[-116.98645,34.37727],[-116.98392,34.37687],[-116.98069,34.37503],[-116.98882,34.37503],[-116.99146,34.37731],[-116.99457,34.3784],[-117.00088,34.37627],[-117.00088,34.37908],[-116.9962,34.38065],[-117.00088,34.38187],[-117.00088,34.38654],[-116.99766,34.38534],[-116.99394,34.3852],[-116.99214,34.38238]]]}},{"type":"Feature","properties":{"c":"zone"},"geometry":{"type":"Polygon","coordinates":[[[-116.94489,34.37703],[-116.94611,34.37517],[-116.95503,34.37892],[-116.95333,34.38068],[-116.94489,34.37703]]]}},{"type":"Feature","properties":{"c":"zone"},"geometry":{"type":"Polygon","coordinates":[[[-116.96186,34.37504],[-116.97113,34.37503],[-116.96676,34.37618],[-116.96186,34.37504]]]}},{"type":"Feature","properties":{"c":"zone"},"geometry":{"type":"Polygon","coordinates":[[[-117.70672,35.67533],[-117.70945,35.67526],[-117.71025,35.67871],[-117.70927,35.68836],[-117.71641,35.69278],[-117.71968,35.70185],[-117.72007,35.72115],[-117.71644,35.72124],[-117.71594,35.70879],[-117.70521,35.69028],[-117.70662,35.6804],[-117.70672,35.67533]]]}},{"type":"Feature","properties":{"c":"zone"},"geometry":{"type":"MultiPolygon","coordinates":[[[[-116.99034,34.48352],[-116.98769,34.47829],[-116.98349,34.47722],[-116.97327,34.46856],[-116.97151,34.46641],[-116.96925,34.46472],[-116.96652,34.46383],[-116.96401,34.46247],[-116.95932,34.45658],[-116.95749,34.45353],[-116.95489,34.45024],[-116.94884,34.44332],[-116.93928,34.43441],[-116.93871,34.43348],[-116.93761,34.42963],[-116.93512,34.42482],[-116.92766,34.41587],[-116.9194,34.40959],[-116.90035,34.40251],[-116.89615,34.39874],[-116.89478,34.39837],[-116.89186,34.39557],[-116.88474,34.39302],[-116.87942,34.38882],[-116.87588,34.38708],[-116.87588,34.38256],[-116.87648,34.383],[-116.87806,34.38292],[-116.88175,34.37998],[-116.88434,34.38141],[-116.88027,34.3856],[-116.88611,34.38971],[-116.88992,34.39134],[-116.89565,34.39453],[-116.90327,34.40067],[-116.92177,34.40764],[-116.92359,34.40876],[-116.92397,34.40842],[-116.91561,34.40244],[-116.90819,34.39183],[-116.90314,34.38591],[-116.90087,34.38458],[-116.90014,34.38309],[-116.89686,34.38214],[-116.8913,34.3795],[-116.88058,34.37659],[-116.87862,34.37501],[-116.90072,34.37502],[-116.90061,34.3783],[-116.90472,34.37873],[-116.90453,34.38125],[-116.9042,34.3818],[-116.90696,34.38549],[-116.91164,34.38977],[-116.91327,34.39355],[-116.91521,34.39617],[-116.9184,34.39789],[-116.92305,34.40254],[-116.926,34.40617],[-116.93211,34.41249],[-116.9323,34.41643],[-116.93811,34.42372],[-116.94216,34.42944],[-116.94213,34.43301],[-116.94509,34.43539],[-116.95446,34.44473],[-116.95837,34.44728],[-116.96212,34.45248],[-116.96504,34.45118],[-116.96845,34.45696],[-116.97001,34.45917],[-116.97235,34.46142],[-116.97512,34.46596],[-116.97678,34.46732],[-116.97992,34.46817],[-116.98491,34.47116],[-116.98659,34.47287],[-116.99451,34.47642],[-116.99736,34.47871],[-117.00088,34.48364],[-117.00088,34.48899],[-116.99807,34.48572],[-116.99456,34.48023],[-116.99338,34.48057],[-116.99523,34.48312],[-116.99644,34.4867],[-116.99835,34.49027],[-116.99541,34.49116],[-116.99217,34.48576],[-116.99034,34.48352]]],[[[-116.90074,34.37502],[-116.90531,34.37502],[-116.90262,34.37598],[-116.90074,34.37502]]]]}},{"type":"Feature","properties":{"c":"zone"},"geometry":{"type":"Polygon","coordinates":[[[-116.96611,34.48339],[-116.96758,34.48121],[-116.97069,34.48182],[-116.9923,34.49397],[-116.99477,34.49551],[-116.99541,34.49639],[-116.99507,34.49983],[-116.99247,34.50001],[-116.98916,34.49589],[-116.97164,34.48531],[-116.96611,34.48339]]]}},{"type":"Feature","properties":{"c":"zone"},"geometry":{"type":"Polygon","coordinates":[[[-119.18394,38.08362],[-119.18011,38.08396],[-119.17916,38.07641],[-119.17732,38.07314],[-119.17606,38.05413],[-119.18044,38.04786],[-119.17948,38.03611],[-119.17664,38.03183],[-119.17652,38.0266],[-119.16739,38.01564],[-119.15454,38.00793],[-119.15052,38.00172],[-119.15069,37.99994],[-119.15414,37.99994],[-119.15365,38.00113],[-119.15774,38.0062],[-119.16885,38.01286],[-119.18117,38.02649],[-119.17979,38.03092],[-119.18356,38.03537],[-119.18364,38.05047],[-119.17941,38.05518],[-119.18024,38.06897],[-119.18182,38.07314],[-119.18394,38.08362]]]}},{"type":"Feature","properties":{"c":"zone"},"geometry":{"type":"Polygon","coordinates":[[[-122.07063,41.87489],[-122.06719,41.87489],[-122.06487,41.86515],[-122.06811,41.86469],[-122.07063,41.87489]]]}},{"type":"Feature","properties":{"c":"zone"},"geometry":{"type":"Polygon","coordinates":[[[-122.03253,41.87489],[-122.03014,41.87489],[-122.02702,41.8627],[-122.02353,41.85468],[-122.01965,41.84957],[-122.01675,41.84371],[-122.01025,41.83394],[-122.01265,41.83308],[-122.014,41.83522],[-122.01753,41.83938],[-122.02284,41.85011],[-122.02669,41.85515],[-122.02924,41.86128],[-122.03179,41.87014],[-122.03253,41.87489]]]}},{"type":"Feature","properties":{"c":"zone"},"geometry":{"type":"Polygon","coordinates":[[[-122.05976,41.8608],[-122.05735,41.86105],[-122.05586,41.84657],[-122.05799,41.84649],[-122.05637,41.83423],[-122.0533,41.82561],[-122.05694,41.80976],[-122.05951,41.81009],[-122.05577,41.82545],[-122.05816,41.83104],[-122.05961,41.83776],[-122.06168,41.84273],[-122.06006,41.84331],[-122.06071,41.85564],[-122.05924,41.85596],[-122.05976,41.8608]]]}},{"type":"Feature","properties":{"c":"zone"},"geometry":{"type":"Polygon","coordinates":[[[-122.02986,41.83116],[-122.02777,41.83212],[-122.01537,41.81714],[-122.01053,41.80302],[-122.01345,41.80237],[-122.01877,41.81734],[-122.02986,41.83116]]]}},{"type":"Feature","properties":{"c":"zone"},"geometry":{"type":"Polygon","coordinates":[[[-122.00917,41.82424],[-122.00692,41.82525],[-122.00345,41.82107],[-122.00113,41.81595],[-122.00113,41.80957],[-122.0064,41.82072],[-122.00917,41.82424]]]}},{"type":"Feature","properties":{"c":"zone"},"geometry":{"type":"Polygon","coordinates":[[[-118.75093,34.03762],[-118.74462,34.03673],[-118.73987,34.03434],[-118.73983,34.03081],[-118.74563,34.03392],[-118.74933,34.03295],[-118.75093,34.03352],[-118.75093,34.03762]]]}},{"type":"Feature","properties":{"c":"zone"},"geometry":{"type":"Polygon","coordinates":[[[-123.70564,39.0051],[-123.69513,39.01802],[-123.68196,38.99993],[-123.7018,38.9999],[-123.70564,39.0051]]]}},{"type":"Feature","properties":{"c":"zone"},"geometry":{"type":"Polygon","coordinates":[[[-119.11626,37.74994],[-119.11233,37.74994],[-119.10756,37.74115],[-119.10552,37.73595],[-119.10901,37.73511],[-119.11125,37.74067],[-119.11626,37.74994]]]}},{"type":"Feature","properties":{"c":"zone"},"geometry":{"type":"Polygon","coordinates":[[[-119.04721,37.74995],[-119.04,37.74577],[-119.0387,37.74386],[-119.03816,37.73947],[-119.04073,37.73938],[-119.04192,37.74407],[-119.04846,37.74836],[-119.05723,37.74996],[-119.04721,37.74995]]]}},{"type":"Feature","properties":{"c":"zone"},"geometry":{"type":"Polygon","coordinates":[[[-119.03469,37.74995],[-119.03433,37.74757],[-119.03286,37.74423],[-119.03252,37.7417],[-119.03511,37.74161],[-119.03693,37.74673],[-119.03707,37.74995],[-119.03469,37.74995]]]}},{"type":"Feature","properties":{"c":"zone"},"geometry":{"type":"Polygon","coordinates":[[[-119.02498,37.74995],[-119.02374,37.74679],[-119.01789,37.73773],[-119.01676,37.73206],[-119.01283,37.72969],[-119.01044,37.72324],[-119.00951,37.71624],[-119.01296,37.71602],[-119.01373,37.72183],[-119.01643,37.72833],[-119.02053,37.73118],[-119.02091,37.73441],[-119.03158,37.73531],[-119.05417,37.73426],[-119.05429,37.73619],[-119.03118,37.73736],[-119.02463,37.73696],[-119.02107,37.73632],[-119.02649,37.7446],[-119.02884,37.74995],[-119.02498,37.74995]]]}},{"type":"Feature","properties":{"c":"zone"},"geometry":{"type":"Polygon","coordinates":[[[-119.03823,37.66203],[-119.0366,37.66037],[-119.03912,37.65697],[-119.04066,37.65051],[-119.03937,37.64553],[-119.04171,37.64511],[-119.04321,37.65081],[-119.04048,37.66205],[-119.03823,37.66203]]]}},{"type":"Feature","properties":{"c":"zone"},"geometry":{"type":"Polygon","coordinates":[[[-119.02002,37.68149],[-119.01902,37.67391],[-119.02042,37.65912],[-119.01796,37.65484],[-119.01917,37.65445],[-119.01893,37.6497],[-119.01995,37.64321],[-119.02274,37.64346],[-119.02169,37.64994],[-119.02307,37.65886],[-119.02187,37.67379],[-119.02281,37.68127],[-119.02002,37.68149]]]}},{"type":"Feature","properties":{"c":"zone"},"geometry":{"type":"Polygon","coordinates":[[[-119.00777,37.70168],[-119.00641,37.69006],[-119.00964,37.68911],[-119.01068,37.6837],[-119.01246,37.67801],[-119.01673,37.67039],[-119.01903,37.67102],[-119.01709,37.67539],[-119.01462,37.67872],[-119.01334,37.68253],[-119.01454,37.6939],[-119.01705,37.69734],[-119.01516,37.69846],[-119.01411,37.69729],[-119.00988,37.69747],[-119.01043,37.70148],[-119.00777,37.70168]]]}},{"type":"Feature","properties":{"c":"zone"},"geometry":{"type":"Polygon","coordinates":[[[-119.00197,37.67239],[-119.00131,37.66933],[-119.00098,37.66303],[-119.00098,37.64469],[-119.00167,37.64213],[-119.00493,37.64262],[-119.0028,37.65075],[-119.00098,37.65311],[-119.00403,37.66033],[-119.00407,37.66784],[-119.00492,37.67204],[-119.00197,37.67239]]]}},{"type":"Feature","properties":{"c":"zone"},"geometry":{"type":"Polygon","coordinates":[[[-116.50088,34.98597],[-116.52726,34.98044],[-116.54381,34.98014],[-116.56173,34.97525],[-116.56318,34.97885],[-116.54388,34.98415],[-116.52923,34.98385],[-116.50087,34.98984],[-116.50088,34.98597]]]}},{"type":"Feature","properties":{"c":"zone"},"geometry":{"type":"Polygon","coordinates":[[[-117.18202,35.87801],[-117.17868,35.87907],[-117.17631,35.87497],[-117.18054,35.87497],[-117.18202,35.87801]]]}},{"type":"Feature","properties":{"c":"zone"},"geometry":{"type":"Polygon","coordinates":[[[-117.20247,35.9407],[-117.20124,35.94002],[-117.2014,35.93688],[-117.20316,35.93482],[-117.20473,35.93574],[-117.20473,35.93807],[-117.20247,35.9407]]]}},{"type":"Feature","properties":{"c":"zone"},"geometry":{"type":"Polygon","coordinates":[[[-117.21978,35.99997],[-117.2138,35.99997],[-117.20781,35.99495],[-117.20016,35.98144],[-117.20056,35.97639],[-117.19792,35.96643],[-117.19843,35.96363],[-117.19138,35.95365],[-117.18766,35.94537],[-117.18516,35.93705],[-117.18495,35.92606],[-117.18277,35.91721],[-117.18426,35.91377],[-117.18164,35.90754],[-117.17279,35.89379],[-117.16453,35.88405],[-117.16279,35.87497],[-117.1673,35.87497],[-117.16772,35.88245],[-117.18701,35.90378],[-117.19136,35.90601],[-117.19328,35.90918],[-117.19181,35.91799],[-117.19492,35.92303],[-117.19931,35.93474],[-117.19981,35.94188],[-117.19791,35.95792],[-117.20505,35.96632],[-117.20576,35.97431],[-117.20823,35.97683],[-117.20885,35.98042],[-117.20673,35.98532],[-117.20955,35.99068],[-117.21523,35.99083],[-117.21862,35.9943],[-117.21978,35.99997]],[[-117.19456,35.95306],[-117.19618,35.93926],[-117.18881,35.91959],[-117.18938,35.93734],[-117.19456,35.95306]]]}},{"type":"Feature","properties":{"c":"zone"},"geometry":{"type":"Polygon","coordinates":[[[-118.13195,36.72946],[-118.13008,36.72932],[-118.13059,36.72374],[-118.13245,36.72386],[-118.13195,36.72946]]]}},{"type":"Feature","properties":{"c":"zone"},"geometry":{"type":"Polygon","coordinates":[[[-118.12594,36.74832],[-118.12594,36.71971],[-118.12925,36.72832],[-118.13063,36.73994],[-118.12837,36.74038],[-118.12594,36.74832]]]}},{"type":"Feature","properties":{"c":"zone"},"geometry":{"type":"Polygon","coordinates":[[[-118.1376,36.74994],[-118.13556,36.74994],[-118.13386,36.74897],[-118.13603,36.74637],[-118.13406,36.74393],[-118.13493,36.74171],[-118.13381,36.73169],[-118.13592,36.7315],[-118.13746,36.74211],[-118.13942,36.74588],[-118.13735,36.74816],[-118.1376,36.74994]]]}},{"type":"Feature","properties":{"c":"zone"},"geometry":{"type":"Polygon","coordinates":[[[-118.14022,36.73974],[-118.13832,36.73944],[-118.13944,36.73475],[-118.14137,36.73514],[-118.14022,36.73974]]]}},{"type":"Feature","properties":{"c":"zone"},"geometry":{"type":"Polygon","coordinates":[[[-118.25094,36.70334],[-118.25094,36.70767],[-118.24619,36.70316],[-118.24445,36.69575],[-118.24156,36.68995],[-118.23924,36.67834],[-118.23663,36.67905],[-118.23513,36.676],[-118.23396,36.68037],[-118.23198,36.68],[-118.2334,36.67411],[-118.23042,36.67073],[-118.23102,36.66669],[-118.2299,36.65989],[-118.2275,36.65695],[-118.22945,36.64632],[-118.22708,36.64466],[-118.22912,36.64264],[-118.23189,36.6443],[-118.2329,36.64027],[-118.23105,36.63107],[-118.22903,36.62932],[-118.22852,36.62495],[-118.23239,36.62495],[-118.23264,36.62809],[-118.23452,36.63019],[-118.23672,36.64029],[-118.23551,36.64498],[-118.23304,36.6481],[-118.23145,36.6567],[-118.23379,36.65932],[-118.23396,36.66246],[-118.24028,36.67164],[-118.24382,36.68101],[-118.24513,36.68927],[-118.24774,36.69498],[-118.24953,36.70169],[-118.25094,36.70334]]]}},{"type":"Feature","properties":{"c":"zone"},"geometry":{"type":"Polygon","coordinates":[[[-122.36999,38.00999],[-122.3621,37.99993],[-122.36692,37.99993],[-122.37309,38.00788],[-122.36999,38.00999]]]}},{"type":"Feature","properties":{"c":"zone"},"geometry":{"type":"Polygon","coordinates":[[[-119.48961,35.0067],[-119.49083,35.00372],[-119.50097,35.00645],[-119.50097,35.00982],[-119.48961,35.0067]]]}},{"type":"Feature","properties":{"c":"zone"},"geometry":{"type":"Polygon","coordinates":[[[-119.50097,34.99998],[-119.50097,35.00645],[-119.48962,34.99998],[-119.50097,34.99998]]]}},{"type":"Feature","properties":{"c":"zone"},"geometry":{"type":"Polygon","coordinates":[[[-122.74609,38.62492],[-122.74686,38.62269],[-122.74077,38.61559],[-122.7268,38.60503],[-122.71125,38.59045],[-122.70217,38.58584],[-122.70429,38.58335],[-122.71324,38.58826],[-122.73594,38.60758],[-122.73647,38.60605],[-122.73882,38.60513],[-122.74625,38.6138],[-122.74931,38.61888],[-122.75111,38.62491],[-122.74609,38.62492]]]}},{"type":"Feature","properties":{"c":"zone"},"geometry":{"type":"Polygon","coordinates":[[[-122.74129,38.55911],[-122.73872,38.55585],[-122.73304,38.55143],[-122.72551,38.53805],[-122.72413,38.53394],[-122.72627,38.53343],[-122.73478,38.55017],[-122.7403,38.55464],[-122.74305,38.55824],[-122.74129,38.55911]]]}},{"type":"Feature","properties":{"c":"zone"},"geometry":{"type":"Polygon","coordinates":[[[-122.75111,38.51471],[-122.74641,38.50973],[-122.74085,38.50799],[-122.73329,38.49992],[-122.73831,38.49992],[-122.74186,38.50433],[-122.74978,38.50873],[-122.75111,38.511],[-122.75111,38.51471]]]}},{"type":"Feature","properties":{"c":"zone"},"geometry":{"type":"Polygon","coordinates":[[[-119.84203,38.74803],[-119.8418,38.73622],[-119.84695,38.73044],[-119.84884,38.72203],[-119.85061,38.72226],[-119.84899,38.73084],[-119.84554,38.73483],[-119.84435,38.73974],[-119.84369,38.74809],[-119.84203,38.74803]]]}},{"type":"Feature","properties":{"c":"zone"},"geometry":{"type":"Polygon","coordinates":[[[-119.83446,38.72077],[-119.82629,38.71697],[-119.8196,38.71219],[-119.81703,38.70268],[-119.81691,38.69748],[-119.81434,38.68971],[-119.81336,38.67091],[-119.81432,38.66039],[-119.8165,38.66048],[-119.8163,38.6751],[-119.81714,38.67867],[-119.81689,38.68975],[-119.81963,38.69688],[-119.82013,38.70331],[-119.82228,38.71103],[-119.828,38.71506],[-119.83583,38.71888],[-119.83446,38.72077]]]}},{"type":"Feature","properties":{"c":"zone"},"geometry":{"type":"Polygon","coordinates":[[[-119.80512,38.74993],[-119.79565,38.73715],[-119.79395,38.73159],[-119.78869,38.72162],[-119.78674,38.7208],[-119.78649,38.72724],[-119.78336,38.72731],[-119.78466,38.71874],[-119.78861,38.7164],[-119.79633,38.73004],[-119.79834,38.73626],[-119.80759,38.74719],[-119.81465,38.73484],[-119.81238,38.72494],[-119.81345,38.72193],[-119.80968,38.71227],[-119.80892,38.70897],[-119.80972,38.705],[-119.81138,38.70525],[-119.81159,38.70883],[-119.81451,38.71759],[-119.81714,38.72346],[-119.81519,38.7266],[-119.81714,38.73585],[-119.80916,38.74993],[-119.80512,38.74993]]]}},{"type":"Feature","properties":{"c":"zone"},"geometry":{"type":"Polygon","coordinates":[[[-119.30916,34.43873],[-119.3003,34.44015],[-119.30002,34.43844],[-119.30888,34.43715],[-119.30916,34.43873]]]}},{"type":"Feature","properties":{"c":"zone"},"geometry":{"type":"Polygon","coordinates":[[[-119.28055,34.41769],[-119.27977,34.41645],[-119.28546,34.41412],[-119.29231,34.41052],[-119.29497,34.40744],[-119.29994,34.40457],[-119.30155,34.40479],[-119.30238,34.40617],[-119.29779,34.40835],[-119.29413,34.41146],[-119.28588,34.41564],[-119.28055,34.41769]]]}},{"type":"Feature","properties":{"c":"zone"},"geometry":{"type":"Polygon","coordinates":[[[-119.28506,34.40911],[-119.28372,34.40747],[-119.288,34.40479],[-119.30043,34.39802],[-119.30125,34.39941],[-119.30067,34.40183],[-119.2933,34.40552],[-119.28506,34.40911]]]}},{"type":"Feature","properties":{"c":"zone"},"geometry":{"type":"Polygon","coordinates":[[[-119.31257,34.42183],[-119.30332,34.42297],[-119.29366,34.42688],[-119.28892,34.42652],[-119.28283,34.42757],[-119.2793,34.42865],[-119.27486,34.42947],[-119.26638,34.42969],[-119.26633,34.42835],[-119.2742,34.42807],[-119.27951,34.42692],[-119.28452,34.42474],[-119.28968,34.42072],[-119.29569,34.41821],[-119.29923,34.41573],[-119.30301,34.41442],[-119.30868,34.41333],[-119.30899,34.41444],[-119.3046,34.41539],[-119.30043,34.41704],[-119.29666,34.41946],[-119.29134,34.42172],[-119.28759,34.42466],[-119.29264,34.42529],[-119.30253,34.42141],[-119.31219,34.42017],[-119.31257,34.42183]]]}},{"type":"Feature","properties":{"c":"zone"},"geometry":{"type":"Polygon","coordinates":[[[-119.30117,34.41068],[-119.29213,34.41678],[-119.28447,34.42041],[-119.28156,34.42263],[-119.2727,34.4249],[-119.26864,34.42518],[-119.26802,34.42246],[-119.27154,34.42237],[-119.28039,34.42048],[-119.29033,34.4158],[-119.30009,34.40967],[-119.30117,34.41068]]]}},{"type":"Feature","properties":{"c":"zone"},"geometry":{"type":"Polygon","coordinates":[[[-119.29177,34.44376],[-119.28546,34.4446],[-119.27664,34.44345],[-119.27701,34.442],[-119.28555,34.44306],[-119.29147,34.44224],[-119.29177,34.44376]]]}},{"type":"Feature","properties":{"c":"zone"},"geometry":{"type":"Polygon","coordinates":[[[-117.25389,36.24995],[-117.25091,36.24995],[-117.25091,36.24519],[-117.25389,36.24995]]]}},{"type":"Feature","properties":{"c":"zone"},"geometry":{"type":"Polygon","coordinates":[[[-117.26749,36.24524],[-117.26426,36.24673],[-117.26042,36.24107],[-117.25782,36.2322],[-117.25849,36.22411],[-117.25497,36.21651],[-117.25091,36.21831],[-117.2509,36.20286],[-117.25284,36.20575],[-117.25297,36.20907],[-117.25645,36.21164],[-117.26246,36.22387],[-117.26178,36.23252],[-117.26417,36.2405],[-117.26749,36.24524]]]}},{"type":"Feature","properties":{"c":"zone"},"geometry":{"type":"Polygon","coordinates":[[[-117.37077,36.1535],[-117.37099,36.15732],[-117.37389,36.15889],[-117.37591,36.16187],[-117.37591,36.1652],[-117.37148,36.16275],[-117.368,36.16291],[-117.36731,36.154],[-117.35868,36.13782],[-117.35238,36.12929],[-117.35104,36.12496],[-117.35464,36.12496],[-117.35538,36.12737],[-117.36544,36.14254],[-117.37077,36.1535]]]}},{"type":"Feature","properties":{"c":"zone"},"geometry":{"type":"Polygon","coordinates":[[[-117.35464,36.12496],[-117.35104,36.12496],[-117.34966,36.11913],[-117.34636,36.11512],[-117.34644,36.1084],[-117.34346,36.11608],[-117.34017,36.11522],[-117.34243,36.10901],[-117.33848,36.0936],[-117.33665,36.09296],[-117.33718,36.09039],[-117.33451,36.07298],[-117.32986,36.05937],[-117.32846,36.05214],[-117.32822,36.04847],[-117.33174,36.04831],[-117.33198,36.052],[-117.3377,36.06771],[-117.34049,36.08601],[-117.34505,36.10452],[-117.35016,36.1059],[-117.35398,36.11781],[-117.35338,36.12004],[-117.35464,36.12496]]]}},{"type":"Feature","properties":{"c":"zone"},"geometry":{"type":"Polygon","coordinates":[[[-117.3456,36.12129],[-117.34356,36.12153],[-117.34294,36.11782],[-117.34495,36.1176],[-117.3456,36.12129]]]}},{"type":"Feature","properties":{"c":"zone"},"geometry":{"type":"Polygon","coordinates":[[[-123.50113,38.77998],[-123.50113,38.78801],[-123.46434,38.74993],[-123.47319,38.74993],[-123.50113,38.77998]]]}},{"type":"Feature","properties":{"c":"zone"},"geometry":{"type":"Polygon","coordinates":[[[-120.21074,40.11531],[-120.21091,40.11781],[-120.22173,40.12492],[-120.21581,40.12492],[-120.20796,40.1197],[-120.20718,40.117],[-120.18964,40.10351],[-120.17187,40.09121],[-120.15662,40.08451],[-120.15237,40.07971],[-120.12605,40.05856],[-120.12605,40.05341],[-120.14389,40.06877],[-120.16501,40.08434],[-120.17224,40.0879],[-120.18052,40.09349],[-120.19062,40.09898],[-120.19792,40.10577],[-120.21074,40.11531]]]}},{"type":"Feature","properties":{"c":"zone"},"geometry":{"type":"Polygon","coordinates":[[[-119.87598,35.32956],[-119.86247,35.32148],[-119.86522,35.3186],[-119.87598,35.32513],[-119.87598,35.32956]]]}},{"type":"Feature","properties":{"c":"zone"},"geometry":{"type":"Polygon","coordinates":[[[-119.87598,35.3163],[-119.87598,35.32251],[-119.80204,35.24999],[-119.8084,35.24999],[-119.86595,35.30586],[-119.87598,35.3163]]]}},{"type":"Feature","properties":{"c":"zone"},"geometry":{"type":"Polygon","coordinates":[[[-116.05025,33.62503],[-116.04586,33.62503],[-116.04469,33.62378],[-116.03173,33.61447],[-116.029,33.61515],[-116.03116,33.61824],[-116.03594,33.62232],[-116.04009,33.62503],[-116.03458,33.62503],[-116.02993,33.62157],[-116.02472,33.61474],[-116.02438,33.61149],[-116.0256,33.6095],[-116.02015,33.6046],[-116.01445,33.60202],[-116.00881,33.59894],[-116.00514,33.59618],[-116.00084,33.59148],[-116.00084,33.58718],[-116.0064,33.59039],[-116.01235,33.59602],[-116.02332,33.6031],[-116.02487,33.60513],[-116.03377,33.61223],[-116.04758,33.62219],[-116.05025,33.62503]]]}},{"type":"Feature","properties":{"c":"zone"},"geometry":{"type":"Polygon","coordinates":[[[-116.01039,33.62503],[-116.00675,33.62503],[-116.00476,33.62128],[-116.00084,33.61792],[-116.00084,33.61524],[-116.00137,33.61477],[-116.00833,33.62061],[-116.01039,33.62503]]]}},{"type":"Feature","properties":{"c":"zone"},"geometry":{"type":"Polygon","coordinates":[[[-116.50423,34.50001],[-116.50199,34.5],[-116.50118,34.49562],[-116.50313,34.49536],[-116.50439,34.49895],[-116.50423,34.50001]]]}},{"type":"Feature","properties":{"c":"zone"},"geometry":{"type":"Polygon","coordinates":[[[-116.50883,34.5],[-116.50087,34.49272],[-116.50087,34.47956],[-116.50521,34.48814],[-116.51095,34.4861],[-116.51023,34.48179],[-116.50331,34.48238],[-116.50275,34.4808],[-116.5066,34.48006],[-116.50967,34.47686],[-116.50956,34.4745],[-116.5069,34.46908],[-116.50556,34.46434],[-116.50433,34.46588],[-116.50264,34.46498],[-116.50449,34.46257],[-116.50087,34.45806],[-116.50087,34.45159],[-116.50375,34.45657],[-116.50482,34.45786],[-116.50638,34.45778],[-116.50664,34.45929],[-116.51465,34.46714],[-116.51204,34.46121],[-116.5151,34.46015],[-116.51841,34.46707],[-116.52489,34.47425],[-116.53594,34.49548],[-116.53699,34.49607],[-116.53622,34.49746],[-116.53751,34.50002],[-116.52434,34.50001],[-116.52133,34.49434],[-116.5241,34.49368],[-116.524,34.48835],[-116.52538,34.4881],[-116.52402,34.48542],[-116.52188,34.4858],[-116.52018,34.48514],[-116.52129,34.4833],[-116.51344,34.48228],[-116.51408,34.48656],[-116.51317,34.48843],[-116.51577,34.50001],[-116.50883,34.5]]]}},{"type":"Feature","properties":{"c":"zone"},"geometry":{"type":"Polygon","coordinates":[[[-116.57384,34.49702],[-116.57076,34.49823],[-116.56343,34.48614],[-116.55931,34.47737],[-116.54749,34.46057],[-116.54677,34.45446],[-116.54449,34.44784],[-116.5409,34.44329],[-116.53981,34.4436],[-116.53837,34.44091],[-116.53308,34.43574],[-116.52228,34.42099],[-116.5215,34.41691],[-116.5191,34.41411],[-116.51532,34.40686],[-116.51835,34.4058],[-116.52209,34.41277],[-116.52478,34.41567],[-116.52556,34.42009],[-116.53571,34.43376],[-116.5496,34.44855],[-116.55081,34.45171],[-116.5503,34.45436],[-116.5531,34.46262],[-116.56367,34.47714],[-116.572,34.49024],[-116.57017,34.49105],[-116.57384,34.49702]]]}},{"type":"Feature","properties":{"c":"zone"},"geometry":{"type":"Polygon","coordinates":[[[-116.51828,34.48855],[-116.51763,34.48543],[-116.51902,34.48526],[-116.51966,34.48835],[-116.51828,34.48855]]]}},{"type":"Feature","properties":{"c":"zone"},"geometry":{"type":"Polygon","coordinates":[[[-116.62587,34.46687],[-116.62587,34.47105],[-116.61882,34.46402],[-116.60497,34.45136],[-116.5993,34.44705],[-116.5947,34.44232],[-116.59154,34.44369],[-116.58832,34.43839],[-116.58282,34.43309],[-116.57175,34.42591],[-116.56874,34.42329],[-116.56348,34.41569],[-116.55363,34.41423],[-116.54097,34.40696],[-116.53362,34.40143],[-116.52748,34.39599],[-116.52051,34.38867],[-116.51543,34.38451],[-116.5103,34.38206],[-116.50345,34.37501],[-116.50774,34.37501],[-116.51277,34.38],[-116.51754,34.3822],[-116.5241,34.3876],[-116.52977,34.39395],[-116.53875,34.39874],[-116.54175,34.40144],[-116.54943,34.40686],[-116.55706,34.40719],[-116.55255,34.40431],[-116.54801,34.40258],[-116.54945,34.40012],[-116.55343,34.40137],[-116.5508,34.39836],[-116.54381,34.39458],[-116.53596,34.38758],[-116.53794,34.38607],[-116.54566,34.39292],[-116.55313,34.39698],[-116.55714,34.40261],[-116.56025,34.40596],[-116.56244,34.4041],[-116.57389,34.41263],[-116.57654,34.41631],[-116.58424,34.42335],[-116.58504,34.42596],[-116.58924,34.42968],[-116.59535,34.43822],[-116.60254,34.44586],[-116.60637,34.44868],[-116.61494,34.45635],[-116.61895,34.45767],[-116.62555,34.46495],[-116.62587,34.46687]]]}},{"type":"Feature","properties":{"c":"zone"},"geometry":{"type":"Polygon","coordinates":[[[-116.5784,34.46537],[-116.60064,34.4508],[-116.60229,34.45255],[-116.58018,34.46721],[-116.5784,34.46537]]]}},{"type":"Feature","properties":{"c":"zone"},"geometry":{"type":"Polygon","coordinates":[[[-116.50212,34.46134],[-116.50086,34.46219],[-116.50086,34.46007],[-116.50212,34.46134]]]}},{"type":"Feature","properties":{"c":"zone"},"geometry":{"type":"Polygon","coordinates":[[[-116.54656,34.43971],[-116.53996,34.43309],[-116.53754,34.42937],[-116.53986,34.42824],[-116.54261,34.43233],[-116.54861,34.43829],[-116.54656,34.43971]]]}},{"type":"Feature","properties":{"c":"zone"},"geometry":{"type":"Polygon","coordinates":[[[-116.62157,34.43191],[-116.61726,34.42392],[-116.6107,34.41654],[-116.60175,34.4035],[-116.59315,34.38719],[-116.58974,34.37754],[-116.59236,34.37698],[-116.59611,34.38557],[-116.60462,34.40205],[-116.61587,34.41751],[-116.6216,34.42443],[-116.62587,34.42813],[-116.62587,34.43545],[-116.62157,34.43191]]]}},{"type":"Feature","properties":{"c":"zone"},"geometry":{"type":"Polygon","coordinates":[[[-116.78306,33.24908],[-116.78044,33.25005],[-116.77471,33.24634],[-116.76838,33.24457],[-116.75882,33.2388],[-116.76053,33.23684],[-116.76909,33.23874],[-116.76425,33.23527],[-116.75087,33.22438],[-116.75087,33.22145],[-116.75805,33.22612],[-116.76631,33.23362],[-116.77576,33.23985],[-116.78306,33.24908]]]}},{"type":"Feature","properties":{"c":"zone"},"geometry":{"type":"Polygon","coordinates":[[[-117.72704,34.39454],[-117.71605,34.39066],[-117.71449,34.39332],[-117.71049,34.3916],[-117.70782,34.39262],[-117.70477,34.38926],[-117.70201,34.3897],[-117.69771,34.38744],[-117.69955,34.3852],[-117.70148,34.38606],[-117.70039,34.38434],[-117.68931,34.3805],[-117.68564,34.37955],[-117.68249,34.37822],[-117.68122,34.37942],[-117.67826,34.37853],[-117.6757,34.37501],[-117.6844,34.37501],[-117.68829,34.37692],[-117.69743,34.38015],[-117.70079,34.3784],[-117.70238,34.38008],[-117.70481,34.3809],[-117.70578,34.38075],[-117.71416,34.38445],[-117.71305,34.38622],[-117.71817,34.38838],[-117.72449,34.39021],[-117.72947,34.39023],[-117.72984,34.39176],[-117.73246,34.39276],[-117.73456,34.39311],[-117.74364,34.39778],[-117.74684,34.39833],[-117.75089,34.40035],[-117.75089,34.40733],[-117.74953,34.40673],[-117.74585,34.40413],[-117.74302,34.40132],[-117.73565,34.3989],[-117.73499,34.39805],[-117.72704,34.39454]]]}},{"type":"Feature","properties":{"c":"zone"},"geometry":{"type":"Polygon","coordinates":[[[-117.13448,36.73253],[-117.13268,36.7326],[-117.13242,36.72806],[-117.13422,36.72801],[-117.13448,36.73253]]]}},{"type":"Feature","properties":{"c":"zone"},"geometry":{"type":"Polygon","coordinates":[[[-117.12826,36.73287],[-117.12591,36.73286],[-117.12591,36.72358],[-117.12758,36.72307],[-117.12968,36.72679],[-117.12826,36.73287]]]}},{"type":"Feature","properties":{"c":"zone"},"geometry":{"type":"Polygon","coordinates":[[[-117.14649,36.74473],[-117.14493,36.74568],[-117.14168,36.74218],[-117.13888,36.74128],[-117.13801,36.73942],[-117.13776,36.73678],[-117.13974,36.7367],[-117.14016,36.73957],[-117.14251,36.7404],[-117.14649,36.74473]]]}},{"type":"Feature","properties":{"c":"zone"},"geometry":{"type":"Polygon","coordinates":[[[-117.15657,36.74996],[-117.15188,36.74996],[-117.14908,36.74538],[-117.13003,36.72246],[-117.12591,36.71901],[-117.12591,36.71481],[-117.13419,36.72184],[-117.1371,36.72145],[-117.15624,36.74547],[-117.15657,36.74996]]]}},{"type":"Feature","properties":{"c":"zone"},"geometry":{"type":"Polygon","coordinates":[[[-118.99816,35.02543],[-118.99263,35.0234],[-118.97858,35.01339],[-118.97456,35.01151],[-118.96118,35.01157],[-118.95219,35.0054],[-118.95069,35.00179],[-118.95829,35.00057],[-118.9677,35.00588],[-118.9768,35.00847],[-118.98483,35.01332],[-118.9952,35.0208],[-119.00095,35.02347],[-119.00095,35.02787],[-118.99816,35.02543]]]}},{"type":"Feature","properties":{"c":"zone"},"geometry":{"type":"Polygon","coordinates":[[[-118.99685,35.01335],[-119.00095,35.01156],[-119.00095,35.01547],[-118.99685,35.01335]]]}},{"type":"Feature","properties":{"c":"zone"},"geometry":{"type":"Polygon","coordinates":[[[-121.62607,37.63339],[-121.61846,37.62493],[-121.62319,37.62493],[-121.62606,37.62821],[-121.62607,37.63339]]]}},{"type":"Feature","properties":{"c":"zone"},"geometry":{"type":"Polygon","coordinates":[[[-120.26761,40.2432],[-120.2649,40.24396],[-120.25557,40.23131],[-120.25106,40.22416],[-120.25272,40.22328],[-120.26761,40.2432]]]}},{"type":"Feature","properties":{"c":"zone"},"geometry":{"type":"Polygon","coordinates":[[[-120.27795,40.16427],[-120.28281,40.16586],[-120.28089,40.16834],[-120.27578,40.16662],[-120.27329,40.16784],[-120.27255,40.16547],[-120.26516,40.16294],[-120.25106,40.15486],[-120.25106,40.15115],[-120.26736,40.16085],[-120.27795,40.16427]]]}},{"type":"Feature","properties":{"c":"zone"},"geometry":{"type":"Polygon","coordinates":[[[-120.27922,40.15354],[-120.28634,40.15916],[-120.28363,40.16109],[-120.26834,40.14872],[-120.27093,40.14672],[-120.27922,40.15354]]]}},{"type":"Feature","properties":{"c":"zone"},"geometry":{"type":"Polygon","coordinates":[[[-120.29944,40.24703],[-120.29778,40.24792],[-120.29007,40.2399],[-120.28052,40.23191],[-120.27758,40.22779],[-120.27564,40.22383],[-120.27763,40.22331],[-120.28015,40.22844],[-120.28572,40.23203],[-120.29944,40.24703]]]}},{"type":"Feature","properties":{"c":"zone"},"geometry":{"type":"Polygon","coordinates":[[[-120.28905,40.24758],[-120.28551,40.24758],[-120.27704,40.23744],[-120.27306,40.2374],[-120.26847,40.23321],[-120.26461,40.22704],[-120.265,40.22236],[-120.26718,40.22121],[-120.26957,40.22542],[-120.27455,40.22998],[-120.27771,40.2308],[-120.28727,40.24173],[-120.28676,40.24375],[-120.28905,40.24758]]]}},{"type":"Feature","properties":{"c":"zone"},"geometry":{"type":"Polygon","coordinates":[[[-120.32032,40.208],[-120.31909,40.20984],[-120.31162,40.20749],[-120.29451,40.19809],[-120.29568,40.19442],[-120.29062,40.19025],[-120.28993,40.18726],[-120.29034,40.1768],[-120.29273,40.1779],[-120.29234,40.18731],[-120.2927,40.18905],[-120.29833,40.19414],[-120.2975,40.19649],[-120.31533,40.20649],[-120.32032,40.208]]]}},{"type":"Feature","properties":{"c":"zone"},"geometry":{"type":"Polygon","coordinates":[[[-120.32306,40.18657],[-120.32063,40.18896],[-120.30136,40.18287],[-120.29733,40.18039],[-120.30421,40.17421],[-120.30696,40.17777],[-120.31861,40.18494],[-120.32306,40.18657]]]}},{"type":"Feature","properties":{"c":"zone"},"geometry":{"type":"Polygon","coordinates":[[[-121.92766,37.49996],[-121.92098,37.49996],[-121.91847,37.49331],[-121.91227,37.4829],[-121.90976,37.47584],[-121.89496,37.46932],[-121.88917,37.46145],[-121.88648,37.45881],[-121.88339,37.45413],[-121.87608,37.4488],[-121.87608,37.44096],[-121.87741,37.4438],[-121.88612,37.44667],[-121.89218,37.45178],[-121.9032,37.46677],[-121.90583,37.46625],[-121.91155,37.472],[-121.91767,37.48497],[-121.92392,37.49486],[-121.92766,37.49996]]]}},{"type":"Feature","properties":{"c":"zone"},"geometry":{"type":"Polygon","coordinates":[[[-119.85248,38.89777],[-119.84498,38.89259],[-119.84426,38.88922],[-119.84426,38.88546],[-119.83923,38.8855],[-119.83924,38.88854],[-119.82113,38.87604],[-119.82036,38.87493],[-119.82468,38.87493],[-119.82538,38.8766],[-119.83137,38.88125],[-119.83939,38.88272],[-119.84538,38.88221],[-119.84793,38.88395],[-119.84809,38.88993],[-119.84916,38.89373],[-119.85248,38.89777]]]}},{"type":"Feature","properties":{"c":"zone"},"geometry":{"type":"Polygon","coordinates":[[[-116.85325,34.78369],[-116.85094,34.78559],[-116.8434,34.77852],[-116.83697,34.77065],[-116.81662,34.75503],[-116.80854,34.75001],[-116.81354,34.75001],[-116.81881,34.75291],[-116.83906,34.76841],[-116.84613,34.77691],[-116.85325,34.78369]]]}},{"type":"Feature","properties":{"c":"zone"},"geometry":{"type":"Polygon","coordinates":[[[-118.23259,35.12498],[-118.23937,35.12139],[-118.23835,35.11987],[-118.24563,35.11782],[-118.25092,35.11537],[-118.25092,35.12082],[-118.24245,35.12498],[-118.23259,35.12498]]]}},{"type":"Feature","properties":{"c":"zone"},"geometry":{"type":"Polygon","coordinates":[[[-118.05977,35.24998],[-118.06104,35.24825],[-118.06779,35.24309],[-118.07057,35.24523],[-118.06454,35.24998],[-118.05977,35.24998]]]}},{"type":"Feature","properties":{"c":"zone"},"geometry":{"type":"Polygon","coordinates":[[[-118.01515,35.24997],[-118.02103,35.24832],[-118.02911,35.23851],[-118.05823,35.21947],[-118.07437,35.21325],[-118.09448,35.1978],[-118.12592,35.1788],[-118.12592,35.18511],[-118.10845,35.19597],[-118.08947,35.20672],[-118.07993,35.2154],[-118.0453,35.23835],[-118.04421,35.24132],[-118.02761,35.24998],[-118.01515,35.24997]]]}},{"type":"Feature","properties":{"c":"zone"},"geometry":{"type":"Polygon","coordinates":[[[-120.85138,36.24998],[-120.84302,36.24998],[-120.82962,36.24063],[-120.83626,36.24998],[-120.825,36.24999],[-120.7747,36.2144],[-120.76584,36.20469],[-120.75688,36.20133],[-120.75102,36.19691],[-120.75102,36.19003],[-120.75381,36.1939],[-120.7696,36.20238],[-120.778,36.21183],[-120.82324,36.2439],[-120.81707,36.2355],[-120.80299,36.22526],[-120.78824,36.20875],[-120.77915,36.20321],[-120.7621,36.18739],[-120.75102,36.17561],[-120.75102,36.16402],[-120.77195,36.17634],[-120.78299,36.19337],[-120.79028,36.19785],[-120.80319,36.21296],[-120.81758,36.22256],[-120.8369,36.24129],[-120.84814,36.24657],[-120.85138,36.24998]],[[-120.76793,36.18722],[-120.77813,36.19421],[-120.76887,36.17861],[-120.7547,36.17019],[-120.76793,36.18722]]]}},{"type":"Feature","properties":{"c":"zone"},"geometry":{"type":"Polygon","coordinates":[[[-118.25092,35.11537],[-118.26153,35.10815],[-118.26929,35.10634],[-118.29401,35.09736],[-118.31992,35.08324],[-118.34672,35.06636],[-118.35358,35.06291],[-118.36444,35.05396],[-118.36857,35.04723],[-118.37593,35.04843],[-118.37593,35.05438],[-118.36617,35.05999],[-118.3275,35.08591],[-118.29059,35.10347],[-118.25092,35.12082],[-118.25092,35.11537]]]}},{"type":"Feature","properties":{"c":"zone"},"geometry":{"type":"Polygon","coordinates":[[[-122.44504,37.62496],[-122.44213,37.62222],[-122.43492,37.61269],[-122.42425,37.60053],[-122.40961,37.58204],[-122.40204,37.57335],[-122.38139,37.54839],[-122.3761,37.54269],[-122.3761,37.53624],[-122.39287,37.55532],[-122.39815,37.56271],[-122.43641,37.60734],[-122.4497,37.62496],[-122.44504,37.62496]]]}},{"type":"Feature","properties":{"c":"zone"},"geometry":{"type":"Polygon","coordinates":[[[-116.45042,33.00007],[-116.44522,33.00007],[-116.44298,32.99879],[-116.43667,32.99084],[-116.43213,32.98321],[-116.42641,32.97758],[-116.42862,32.97601],[-116.43539,32.98266],[-116.44045,32.99087],[-116.44476,32.99648],[-116.45042,33.00007]]]}},{"type":"Feature","properties":{"c":"zone"},"geometry":{"type":"Polygon","coordinates":[[[-116.38221,32.97509],[-116.37586,32.96839],[-116.37586,32.9619],[-116.38886,32.97103],[-116.3872,32.97272],[-116.3796,32.96727],[-116.38379,32.97432],[-116.38221,32.97509]]]}},{"type":"Feature","properties":{"c":"zone"},"geometry":{"type":"Polygon","coordinates":[[[-118.9142,34.37422],[-118.91247,34.37195],[-118.92389,34.36602],[-118.9256,34.36837],[-118.9142,34.37422]]]}},{"type":"Feature","properties":{"c":"zone"},"geometry":{"type":"Polygon","coordinates":[[[-118.93114,34.36751],[-118.93116,34.36472],[-118.93378,34.36469],[-118.94732,34.35726],[-118.94915,34.35955],[-118.93767,34.36577],[-118.936,34.36748],[-118.93114,34.36751]]]}},{"type":"Feature","properties":{"c":"zone"},"geometry":{"type":"Polygon","coordinates":[[[-118.96314,34.36088],[-118.95995,34.36232],[-118.95824,34.35995],[-118.96244,34.35818],[-118.96438,34.3585],[-118.96718,34.3572],[-118.96888,34.35956],[-118.96528,34.36121],[-118.96314,34.36088]]]}},{"type":"Feature","properties":{"c":"zone"},"geometry":{"type":"Polygon","coordinates":[[[-118.87593,34.2554],[-118.88377,34.25215],[-118.89065,34.25173],[-118.89581,34.25002],[-118.90451,34.25002],[-118.89164,34.25447],[-118.88455,34.25493],[-118.87593,34.25883],[-118.87593,34.2554]]]}},{"type":"Feature","properties":{"c":"zone"},"geometry":{"type":"Polygon","coordinates":[[[-121.67188,37.24996],[-121.6677,37.24996],[-121.66403,37.24564],[-121.6559,37.2346],[-121.64848,37.22646],[-121.64879,37.22501],[-121.64076,37.21922],[-121.64046,37.21664],[-121.62606,37.20088],[-121.62607,37.19439],[-121.62935,37.19387],[-121.63617,37.20646],[-121.63938,37.21051],[-121.64446,37.21474],[-121.64766,37.21966],[-121.65284,37.22394],[-121.65716,37.23119],[-121.66056,37.23472],[-121.66793,37.24561],[-121.67188,37.24996]]]}},{"type":"Feature","properties":{"c":"zone"},"geometry":{"type":"Polygon","coordinates":[[[-116.24438,34.5477],[-116.24196,34.54946],[-116.23395,34.54125],[-116.23201,34.53779],[-116.22606,34.53148],[-116.22153,34.52484],[-116.21496,34.51714],[-116.2117,34.50826],[-116.21484,34.5074],[-116.2183,34.51665],[-116.2245,34.5234],[-116.22875,34.53002],[-116.23523,34.53697],[-116.23671,34.53974],[-116.24438,34.5477]]]}},{"type":"Feature","properties":{"c":"zone"},"geometry":{"type":"Polygon","coordinates":[[[-116.76617,36.06001],[-116.76152,36.06164],[-116.75917,36.06285],[-116.75089,36.0632],[-116.75089,36.05954],[-116.75418,36.06058],[-116.76236,36.05836],[-116.76093,36.04901],[-116.75798,36.04115],[-116.75089,36.02925],[-116.75089,36.02012],[-116.75267,36.02491],[-116.76158,36.0403],[-116.76426,36.0484],[-116.76617,36.06001]]]}},{"type":"Feature","properties":{"c":"zone"},"geometry":{"type":"Polygon","coordinates":[[[-116.83865,36.0287],[-116.8367,36.02917],[-116.83311,36.022],[-116.82976,36.01977],[-116.83109,36.01812],[-116.8349,36.02071],[-116.83865,36.0287]]]}},{"type":"Feature","properties":{"c":"zone"},"geometry":{"type":"Polygon","coordinates":[[[-116.62586,34.08088],[-116.59322,34.08124],[-116.56332,34.08495],[-116.52477,34.09431],[-116.50086,34.10427],[-116.50085,34.09515],[-116.51124,34.07939],[-116.52878,34.0723],[-116.56349,34.0522],[-116.56354,34.04505],[-116.5937,34.03253],[-116.61065,34.02306],[-116.59798,34.01856],[-116.55654,34.00887],[-116.53511,34.0084],[-116.52686,34.00661],[-116.50938,34.00608],[-116.50935,34.00268],[-116.52998,34.00285],[-116.53699,34.00495],[-116.55848,34.00506],[-116.54869,34.00003],[-116.56598,34.00003],[-116.57491,34.00411],[-116.60959,34.01674],[-116.62586,34.01736],[-116.62586,34.02695],[-116.61672,34.02518],[-116.57217,34.05199],[-116.51249,34.086],[-116.5045,34.09811],[-116.52332,34.09041],[-116.56339,34.08116],[-116.59194,34.07765],[-116.62586,34.07724],[-116.62586,34.08088]]]}},{"type":"Feature","properties":{"c":"zone"},"geometry":{"type":"Polygon","coordinates":[[[-115.93352,33.56218],[-115.92953,33.55631],[-115.92766,33.55615],[-115.92671,33.55256],[-115.91955,33.5444],[-115.91681,33.54069],[-115.91931,33.53957],[-115.93053,33.55252],[-115.93625,33.56097],[-115.93352,33.56218]]]}},{"type":"Feature","properties":{"c":"zone"},"geometry":{"type":"Polygon","coordinates":[[[-116.00084,33.59148],[-115.99912,33.58962],[-115.99072,33.58457],[-115.98774,33.58029],[-115.98419,33.57633],[-115.98151,33.57464],[-115.97406,33.56787],[-115.96517,33.55826],[-115.94512,33.53989],[-115.93954,33.5333],[-115.93337,33.52769],[-115.92909,33.52428],[-115.90517,33.50003],[-115.90947,33.50003],[-115.92188,33.51214],[-115.92514,33.5144],[-115.93149,33.52221],[-115.94216,33.53151],[-115.9498,33.53991],[-115.96702,33.5558],[-115.97535,33.56489],[-115.98378,33.57268],[-115.98708,33.57487],[-115.98983,33.57806],[-116.00084,33.58718],[-116.00084,33.59148]]]}},{"type":"Feature","properties":{"c":"zone"},"geometry":{"type":"Polygon","coordinates":[[[-115.9011,33.59955],[-115.90035,33.59558],[-115.89037,33.57538],[-115.89087,33.57247],[-115.88731,33.56467],[-115.88344,33.55207],[-115.87876,33.54443],[-115.87842,33.54233],[-115.87584,33.5384],[-115.87584,33.53196],[-115.88046,33.53989],[-115.88273,33.54291],[-115.88319,33.54514],[-115.88712,33.55207],[-115.88914,33.55993],[-115.89303,33.56954],[-115.89514,33.57238],[-115.89441,33.5755],[-115.90384,33.59496],[-115.90445,33.59924],[-115.9011,33.59955]]]}},{"type":"Feature","properties":{"c":"zone"},"geometry":{"type":"Polygon","coordinates":[[[-115.9872,33.62503],[-115.98333,33.62503],[-115.97509,33.61827],[-115.96575,33.60686],[-115.96199,33.60153],[-115.96476,33.60019],[-115.97493,33.61323],[-115.9872,33.62503]]]}},{"type":"Feature","properties":{"c":"zone"},"geometry":{"type":"Polygon","coordinates":[[[-116.00084,33.61524],[-116.00084,33.61792],[-115.99923,33.61657],[-116.00084,33.61524]]]}},{"type":"Feature","properties":{"c":"zone"},"geometry":{"type":"Polygon","coordinates":[[[-117.6259,34.16816],[-117.6259,34.16312],[-117.62916,34.16283],[-117.63154,34.16081],[-117.63434,34.15954],[-117.63935,34.15887],[-117.64998,34.15349],[-117.65831,34.15044],[-117.66076,34.14849],[-117.66725,34.14776],[-117.66803,34.14894],[-117.66253,34.15319],[-117.65963,34.1535],[-117.65046,34.15683],[-117.63499,34.16638],[-117.63136,34.1679],[-117.6259,34.16816]]]}},{"type":"Feature","properties":{"c":"zone"},"geometry":{"type":"Polygon","coordinates":[[[-117.6259,34.15983],[-117.6259,34.15788],[-117.63068,34.1573],[-117.63566,34.15434],[-117.63696,34.15585],[-117.63138,34.15913],[-117.6259,34.15983]]]}},{"type":"Feature","properties":{"c":"zone"},"geometry":{"type":"Polygon","coordinates":[[[-119.14871,37.99924],[-119.14589,37.99918],[-119.14418,37.99374],[-119.14024,37.98938],[-119.13061,37.97126],[-119.126,37.96569],[-119.126,37.96057],[-119.13356,37.96984],[-119.14044,37.98072],[-119.14154,37.98535],[-119.14794,37.99341],[-119.14871,37.99924]]]}},{"type":"Feature","properties":{"c":"zone"},"geometry":{"type":"Polygon","coordinates":[[[-119.15414,37.99994],[-119.15069,37.99994],[-119.15126,37.99547],[-119.15476,37.99574],[-119.15414,37.99994]]]}},{"type":"Feature","properties":{"c":"zone"},"geometry":{"type":"Polygon","coordinates":[[[-121.74526,37.38689],[-121.74142,37.38286],[-121.73436,37.3766],[-121.73653,37.37515],[-121.74114,37.37901],[-121.74339,37.38147],[-121.73999,37.37495],[-121.74378,37.37495],[-121.74764,37.37807],[-121.75108,37.38595],[-121.75107,37.39019],[-121.74526,37.38689]]]}},{"type":"Feature","properties":{"c":"zone"},"geometry":{"type":"Polygon","coordinates":[[[-122.20106,38.36179],[-122.19756,38.36173],[-122.19769,38.35765],[-122.18666,38.33535],[-122.18252,38.33047],[-122.17871,38.32115],[-122.17491,38.30368],[-122.16022,38.2585],[-122.16079,38.24993],[-122.16488,38.24993],[-122.16417,38.2557],[-122.16955,38.27099],[-122.17395,38.29022],[-122.18751,38.32703],[-122.19582,38.34335],[-122.19542,38.33959],[-122.19843,38.33909],[-122.20116,38.34952],[-122.20106,38.36179]]]}},{"type":"Feature","properties":{"c":"zone"},"geometry":{"type":"Polygon","coordinates":[[[-122.13674,38.25943],[-122.13569,38.25476],[-122.13359,38.24993],[-122.13927,38.24992],[-122.13757,38.25232],[-122.13901,38.25905],[-122.13674,38.25943]]]}},{"type":"Feature","properties":{"c":"zone"},"geometry":{"type":"Polygon","coordinates":[[[-121.37606,36.74996],[-121.37606,36.74153],[-121.39003,36.74997],[-121.37606,36.74996]]]}},{"type":"Feature","properties":{"c":"zone"},"geometry":{"type":"Polygon","coordinates":[[[-119.25347,38.26061],[-119.251,38.26076],[-119.251,38.2543],[-119.25181,38.24993],[-119.25516,38.24993],[-119.25378,38.25158],[-119.25308,38.25638],[-119.25347,38.26061]]]}},{"type":"Feature","properties":{"c":"zone"},"geometry":{"type":"Polygon","coordinates":[[[-119.30041,38.26114],[-119.28981,38.27359],[-119.28897,38.27583],[-119.27486,38.28617],[-119.27287,38.2896],[-119.26604,38.29388],[-119.26367,38.29152],[-119.27048,38.2873],[-119.27241,38.28427],[-119.27594,38.28169],[-119.27949,38.27698],[-119.28171,38.27797],[-119.29796,38.25879],[-119.30194,38.25796],[-119.3068,38.24992],[-119.31032,38.24993],[-119.30454,38.26025],[-119.30041,38.26114]]]}},{"type":"Feature","properties":{"c":"zone"},"geometry":{"type":"Polygon","coordinates":[[[-119.27759,38.25835],[-119.27534,38.25801],[-119.27664,38.25291],[-119.27635,38.24992],[-119.27887,38.24993],[-119.27897,38.25354],[-119.27759,38.25835]]]}},{"type":"Feature","properties":{"c":"zone"},"geometry":{"type":"Polygon","coordinates":[[[-118.14432,36.54818],[-118.14084,36.54883],[-118.13888,36.54201],[-118.13644,36.54081],[-118.13671,36.53856],[-118.13441,36.5346],[-118.12593,36.52882],[-118.12593,36.52521],[-118.13082,36.52774],[-118.13727,36.53261],[-118.14144,36.53904],[-118.14432,36.54818]]]}},{"type":"Feature","properties":{"c":"zone"},"geometry":{"type":"Polygon","coordinates":[[[-118.15348,36.55498],[-118.15179,36.5557],[-118.14835,36.55172],[-118.14714,36.54828],[-118.14949,36.54769],[-118.15072,36.55106],[-118.15348,36.55498]]]}},{"type":"Feature","properties":{"c":"zone"},"geometry":{"type":"Polygon","coordinates":[[[-118.15225,36.54587],[-118.15061,36.54644],[-118.14832,36.54199],[-118.14996,36.54147],[-118.15225,36.54587]]]}},{"type":"Feature","properties":{"c":"zone"},"geometry":{"type":"Polygon","coordinates":[[[-118.23239,36.62495],[-118.22852,36.62495],[-118.22926,36.62367],[-118.2283,36.62061],[-118.2171,36.6174],[-118.21203,36.6078],[-118.20947,36.60601],[-118.20788,36.60097],[-118.2064,36.60011],[-118.20369,36.59518],[-118.19656,36.59089],[-118.19464,36.59267],[-118.18727,36.58286],[-118.1792,36.58243],[-118.17118,36.5766],[-118.16895,36.57404],[-118.17046,36.57306],[-118.17273,36.57547],[-118.17312,36.57274],[-118.17033,36.56963],[-118.1737,36.56621],[-118.16608,36.55815],[-118.15625,36.55051],[-118.15729,36.55482],[-118.15518,36.55515],[-118.15202,36.54812],[-118.15857,36.54625],[-118.16634,36.55422],[-118.17005,36.55346],[-118.17254,36.55971],[-118.17732,36.56497],[-118.17831,36.57042],[-118.18052,36.57194],[-118.17638,36.57575],[-118.17765,36.5776],[-118.18919,36.5803],[-118.19533,36.58753],[-118.19997,36.58837],[-118.20178,36.5904],[-118.2069,36.59334],[-118.2094,36.59818],[-118.21126,36.59947],[-118.21351,36.60485],[-118.21518,36.60595],[-118.22012,36.61522],[-118.23156,36.61839],[-118.23293,36.62326],[-118.23239,36.62495]]]}},{"type":"Feature","properties":{"c":"zone"},"geometry":{"type":"Polygon","coordinates":[[[-121.75107,37.01547],[-121.73518,36.99996],[-121.7482,36.99996],[-121.75107,37.00171],[-121.75107,37.01547]]]}},{"type":"Feature","properties":{"c":"zone"},"geometry":{"type":"Polygon","coordinates":[[[-118.64955,37.49995],[-118.63934,37.49994],[-118.64033,37.49463],[-118.64189,37.49226],[-118.63926,37.48183],[-118.64283,37.4756],[-118.63821,37.46911],[-118.63668,37.4636],[-118.63747,37.46062],[-118.63484,37.45326],[-118.63602,37.44983],[-118.63498,37.4443],[-118.63575,37.43865],[-118.63941,37.43567],[-118.64754,37.41769],[-118.64845,37.4146],[-118.6508,37.41429],[-118.65191,37.4098],[-118.65033,37.40609],[-118.64623,37.40317],[-118.64658,37.39901],[-118.63593,37.39354],[-118.6308,37.38774],[-118.62982,37.38496],[-118.63053,37.3818],[-118.62596,37.37805],[-118.62596,37.37494],[-118.63042,37.37494],[-118.63034,37.37781],[-118.63432,37.3804],[-118.6335,37.38465],[-118.6366,37.3898],[-118.63977,37.39227],[-118.64966,37.39713],[-118.65079,37.40291],[-118.65417,37.40505],[-118.65565,37.41227],[-118.64379,37.4338],[-118.64244,37.44068],[-118.63987,37.44716],[-118.63906,37.45403],[-118.64107,37.45993],[-118.64031,37.46335],[-118.64399,37.47186],[-118.6476,37.4721],[-118.64995,37.47834],[-118.64827,37.48479],[-118.64474,37.48609],[-118.64716,37.49678],[-118.64955,37.49995]]]}},{"type":"Feature","properties":{"c":"zone"},"geometry":{"type":"Polygon","coordinates":[[[-122.75111,38.62965],[-122.74609,38.62492],[-122.75111,38.62491],[-122.75111,38.62965]]]}},{"type":"Feature","properties":{"c":"zone"},"geometry":{"type":"Polygon","coordinates":[[[-117.65708,34.36834],[-117.64985,34.36501],[-117.64804,34.36516],[-117.63942,34.36165],[-117.63937,34.36021],[-117.6366,34.35831],[-117.63579,34.35835],[-117.62589,34.35443],[-117.62589,34.35112],[-117.63535,34.355],[-117.63653,34.35463],[-117.63874,34.35524],[-117.6395,34.35578],[-117.64013,34.35712],[-117.64264,34.35887],[-117.6491,34.36145],[-117.65775,34.36474],[-117.65951,34.36398],[-117.66155,34.36553],[-117.66274,34.36536],[-117.66491,34.36632],[-117.66523,34.36748],[-117.66881,34.3675],[-117.67068,34.36963],[-117.67441,34.37125],[-117.67831,34.37222],[-117.67975,34.37174],[-117.68169,34.37247],[-117.68203,34.37379],[-117.6844,34.37501],[-117.6757,34.37501],[-117.6676,34.37229],[-117.66537,34.37203],[-117.66322,34.37133],[-117.66277,34.37009],[-117.65916,34.36865],[-117.65708,34.36834]]]}},{"type":"Feature","properties":{"c":"zone"},"geometry":{"type":"Polygon","coordinates":[[[-115.75085,32.70639],[-115.74689,32.72559],[-115.75069,32.72835],[-115.74543,32.73252],[-115.74186,32.73201],[-115.7484,32.7023],[-115.7492,32.69234],[-115.75085,32.69001],[-115.75085,32.70639]]]}},{"type":"Feature","properties":{"c":"zone"},"geometry":{"type":"Polygon","coordinates":[[[-115.73903,32.65041],[-115.73629,32.65502],[-115.73542,32.65922],[-115.73711,32.66449],[-115.73416,32.66515],[-115.73222,32.65892],[-115.73323,32.65399],[-115.73586,32.64973],[-115.73631,32.647],[-115.73965,32.64674],[-115.73903,32.65041]]]}},{"type":"Feature","properties":{"c":"zone"},"geometry":{"type":"Polygon","coordinates":[[[-115.72965,32.64746],[-115.72787,32.65429],[-115.72326,32.65076],[-115.72254,32.648],[-115.72965,32.64746]]]}},{"type":"Feature","properties":{"c":"zone"},"geometry":{"type":"Polygon","coordinates":[[[-115.69663,32.64995],[-115.69936,32.65701],[-115.70017,32.66303],[-115.70347,32.67351],[-115.70031,32.67408],[-115.69684,32.66315],[-115.69635,32.65757],[-115.69325,32.6502],[-115.69663,32.64995]]]}},{"type":"Feature","properties":{"c":"zone"},"geometry":{"type":"Polygon","coordinates":[[[-115.68364,32.65254],[-115.68605,32.66464],[-115.68374,32.6689],[-115.68327,32.6732],[-115.67967,32.68226],[-115.67656,32.68151],[-115.68022,32.67199],[-115.68056,32.66878],[-115.68274,32.66463],[-115.68043,32.65296],[-115.68364,32.65254]]]}},{"type":"Feature","properties":{"c":"zone"},"geometry":{"type":"Polygon","coordinates":[[[-115.75085,32.65896],[-115.74795,32.66095],[-115.74568,32.65792],[-115.75085,32.65212],[-115.75085,32.65896]]]}},{"type":"Feature","properties":{"c":"zone"},"geometry":{"type":"Polygon","coordinates":[[[-121.62606,37.20088],[-121.61891,37.19118],[-121.6099,37.18475],[-121.60436,37.17866],[-121.59923,37.16798],[-121.59372,37.16711],[-121.58912,37.16068],[-121.58169,37.15592],[-121.572,37.1445],[-121.55698,37.13129],[-121.55218,37.12497],[-121.55734,37.12497],[-121.56208,37.13121],[-121.5749,37.14225],[-121.58547,37.15257],[-121.59593,37.15621],[-121.60408,37.16431],[-121.6092,37.16494],[-121.61409,37.17448],[-121.61876,37.18154],[-121.62105,37.18869],[-121.62309,37.19001],[-121.62607,37.19439],[-121.62606,37.20088]]]}},{"type":"Feature","properties":{"c":"zone"},"geometry":{"type":"Polygon","coordinates":[[[-118.63042,37.37494],[-118.62596,37.37494],[-118.62596,37.37091],[-118.63042,37.37494]]]}},{"type":"Feature","properties":{"c":"zone"},"geometry":{"type":"Polygon","coordinates":[[[-118.63092,37.32801],[-118.62596,37.33458],[-118.62596,37.32993],[-118.62988,37.32073],[-118.63675,37.3108],[-118.63919,37.30512],[-118.63851,37.3028],[-118.6344,37.30134],[-118.63646,37.29678],[-118.63721,37.28931],[-118.63932,37.28599],[-118.63981,37.27482],[-118.63105,37.26075],[-118.62596,37.2565],[-118.62596,37.2533],[-118.63467,37.25949],[-118.64356,37.27353],[-118.64304,37.2842],[-118.64018,37.29785],[-118.64369,37.30458],[-118.64222,37.30859],[-118.63674,37.31746],[-118.63313,37.32205],[-118.63092,37.32801]]]}},{"type":"Feature","properties":{"c":"zone"},"geometry":{"type":"Polygon","coordinates":[[[-118.27645,36.73818],[-118.27279,36.73823],[-118.27262,36.73445],[-118.27062,36.72722],[-118.2685,36.72358],[-118.26321,36.71676],[-118.25893,36.71402],[-118.25777,36.72182],[-118.25989,36.72519],[-118.26108,36.72907],[-118.26033,36.73207],[-118.25776,36.73159],[-118.25839,36.72913],[-118.25494,36.72196],[-118.25522,36.71776],[-118.25595,36.71544],[-118.25596,36.71182],[-118.25094,36.70767],[-118.25094,36.70334],[-118.26576,36.71513],[-118.27424,36.72463],[-118.27637,36.73344],[-118.27645,36.73818]]]}},{"type":"Feature","properties":{"c":"zone"},"geometry":{"type":"Polygon","coordinates":[[[-118.11736,34.12502],[-118.11555,34.12658],[-118.10945,34.12791],[-118.10205,34.12758],[-118.09242,34.12993],[-118.08954,34.13178],[-118.08713,34.13217],[-118.08239,34.13232],[-118.07857,34.13325],[-118.07562,34.13504],[-118.07038,34.13618],[-118.06468,34.14],[-118.05936,34.14205],[-118.04856,34.14428],[-118.04735,34.14559],[-118.04286,34.14731],[-118.04096,34.14876],[-118.037,34.15077],[-118.02495,34.15569],[-118.02224,34.15562],[-118.01976,34.15725],[-118.01501,34.15795],[-118.01184,34.15998],[-118.00091,34.16397],[-118.00091,34.1608],[-118.00846,34.15835],[-118.00994,34.15683],[-118.01537,34.15483],[-118.01725,34.15479],[-118.02174,34.15232],[-118.02544,34.15221],[-118.03158,34.15004],[-118.03685,34.14764],[-118.04205,34.14336],[-118.04541,34.14173],[-118.04683,34.14182],[-118.05394,34.13854],[-118.05567,34.1373],[-118.06373,34.13653],[-118.06906,34.1337],[-118.07424,34.13248],[-118.07674,34.13091],[-118.08388,34.12892],[-118.10151,34.12503],[-118.11736,34.12502]]]}},{"type":"Feature","properties":{"c":"zone"},"geometry":{"type":"Polygon","coordinates":[[[-117.05305,35.05171],[-117.04738,35.0419],[-117.04164,35.03416],[-117.03692,35.03029],[-117.03881,35.02866],[-117.04407,35.03288],[-117.0486,35.03942],[-117.05453,35.04445],[-117.05269,35.04582],[-117.05575,35.05057],[-117.05305,35.05171]]]}},{"type":"Feature","properties":{"c":"zone"},"geometry":{"type":"Polygon","coordinates":[[[-117.12589,35.02535],[-117.12589,35.02967],[-117.11344,35.01658],[-117.09982,35.00946],[-117.09523,35.0054],[-117.09742,35.00365],[-117.10047,35.00626],[-117.11421,35.01313],[-117.12589,35.02535]]]}},{"type":"Feature","properties":{"c":"zone"},"geometry":{"type":"Polygon","coordinates":[[[-121.47619,40.85875],[-121.47961,40.86017],[-121.48592,40.8652],[-121.48351,40.86696],[-121.47786,40.86266],[-121.47441,40.86113],[-121.46984,40.85629],[-121.46923,40.84127],[-121.46598,40.83423],[-121.45443,40.82777],[-121.45287,40.82411],[-121.44603,40.81665],[-121.44589,40.81497],[-121.44305,40.81319],[-121.43874,40.80702],[-121.43503,40.7993],[-121.4308,40.8061],[-121.42842,40.81203],[-121.43068,40.81657],[-121.42871,40.82235],[-121.4241,40.82513],[-121.42206,40.83093],[-121.42485,40.83824],[-121.43031,40.84335],[-121.42782,40.84533],[-121.42164,40.83955],[-121.41853,40.83096],[-121.42112,40.82235],[-121.42046,40.81309],[-121.41389,40.80361],[-121.41072,40.79054],[-121.40467,40.78527],[-121.40056,40.77622],[-121.39291,40.76754],[-121.38674,40.75645],[-121.38606,40.75331],[-121.38956,40.7529],[-121.3901,40.75535],[-121.39573,40.76586],[-121.40353,40.77478],[-121.40831,40.7847],[-121.41065,40.77787],[-121.40768,40.76834],[-121.41021,40.75928],[-121.41028,40.75513],[-121.40949,40.7499],[-121.41319,40.7499],[-121.41384,40.75511],[-121.41383,40.7592],[-121.41129,40.76837],[-121.41429,40.7778],[-121.41267,40.78436],[-121.41712,40.80223],[-121.42348,40.81138],[-121.43081,40.79871],[-121.42775,40.78873],[-121.42693,40.77608],[-121.42403,40.76909],[-121.42375,40.76536],[-121.41935,40.75535],[-121.41913,40.75014],[-121.42275,40.75026],[-121.42271,40.75471],[-121.42728,40.76485],[-121.42765,40.76862],[-121.43048,40.77555],[-121.43115,40.78774],[-121.43623,40.79509],[-121.43702,40.78284],[-121.43519,40.77986],[-121.43503,40.77336],[-121.43857,40.77326],[-121.4386,40.77916],[-121.44085,40.77917],[-121.44009,40.79522],[-121.4382,40.79793],[-121.44213,40.80607],[-121.44574,40.81148],[-121.4495,40.8117],[-121.44957,40.81601],[-121.45607,40.82283],[-121.45756,40.8263],[-121.46886,40.8323],[-121.47266,40.84072],[-121.47323,40.85547],[-121.47619,40.85875]]]}},{"type":"Feature","properties":{"c":"zone"},"geometry":{"type":"Polygon","coordinates":[[[-121.44148,40.86794],[-121.44118,40.87378],[-121.43991,40.87491],[-121.43398,40.87491],[-121.43655,40.86399],[-121.4388,40.86026],[-121.43562,40.85107],[-121.43164,40.84622],[-121.43123,40.84228],[-121.43344,40.83802],[-121.43431,40.82852],[-121.43719,40.82321],[-121.44053,40.82407],[-121.44083,40.82843],[-121.43956,40.83373],[-121.43435,40.84405],[-121.43924,40.84768],[-121.44213,40.85261],[-121.4429,40.85789],[-121.44271,40.86313],[-121.44148,40.86794]]]}},{"type":"Feature","properties":{"c":"zone"},"geometry":{"type":"Polygon","coordinates":[[[-117.25088,33.58694],[-117.25088,33.5904],[-117.22242,33.57187],[-117.20894,33.56257],[-117.19267,33.54561],[-117.18208,33.53947],[-117.17709,33.53238],[-117.16991,33.52706],[-117.16268,33.51821],[-117.15656,33.51454],[-117.15105,33.51047],[-117.14293,33.50004],[-117.14718,33.50004],[-117.15287,33.50731],[-117.15767,33.51127],[-117.16559,33.51516],[-117.17026,33.52256],[-117.18023,33.53081],[-117.1847,33.53722],[-117.19513,33.5437],[-117.20159,33.54851],[-117.20773,33.55363],[-117.21906,33.56457],[-117.23215,33.57436],[-117.24016,33.57948],[-117.25088,33.58694]]]}},{"type":"Feature","properties":{"c":"zone"},"geometry":{"type":"Polygon","coordinates":[[[-117.18445,33.52405],[-117.18264,33.52405],[-117.18132,33.51806],[-117.17751,33.51643],[-117.17223,33.5111],[-117.16565,33.50639],[-117.16499,33.50445],[-117.15748,33.50004],[-117.16086,33.50005],[-117.16679,33.50324],[-117.1736,33.50979],[-117.17885,33.51297],[-117.17952,33.51524],[-117.18333,33.51682],[-117.18404,33.5194],[-117.18796,33.52111],[-117.18703,33.5228],[-117.18437,33.52178],[-117.18445,33.52405]]]}},{"type":"Feature","properties":{"c":"zone"},"geometry":{"type":"Polygon","coordinates":[[[-121.26772,37.24995],[-121.26372,37.23956],[-121.25106,37.22745],[-121.25106,37.22109],[-121.2535,37.22295],[-121.26328,37.2344],[-121.26607,37.23615],[-121.27089,37.24995],[-121.26772,37.24995]]]}},{"type":"Feature","properties":{"c":"zone"},"geometry":{"type":"Polygon","coordinates":[[[-116.30114,33.81549],[-116.30972,33.82757],[-116.30587,33.82951],[-116.29725,33.81744],[-116.30114,33.81549]]]}},{"type":"Feature","properties":{"c":"zone"},"geometry":{"type":"Polygon","coordinates":[[[-116.25085,33.79696],[-116.25085,33.78434],[-116.28336,33.8],[-116.31833,33.81865],[-116.37586,33.8417],[-116.37586,33.84613],[-116.31851,33.82334],[-116.27854,33.80181],[-116.25968,33.79296],[-116.32242,33.84577],[-116.37315,33.87502],[-116.36129,33.87503],[-116.35363,33.87232],[-116.33628,33.86277],[-116.32115,33.85008],[-116.3211,33.86692],[-116.31888,33.86691],[-116.30779,33.85434],[-116.30158,33.85244],[-116.27563,33.82371],[-116.27071,33.82178],[-116.25085,33.79696]]]}},{"type":"Feature","properties":{"c":"zone"},"geometry":{"type":"Polygon","coordinates":[[[-116.25085,33.81019],[-116.25832,33.81248],[-116.26987,33.83314],[-116.26574,33.83473],[-116.25478,33.81517],[-116.25661,33.83775],[-116.25984,33.84581],[-116.2551,33.84711],[-116.25085,33.83387],[-116.25085,33.81019]]]}},{"type":"Feature","properties":{"c":"zone"},"geometry":{"type":"Polygon","coordinates":[[[-122.32336,38.29546],[-122.32161,38.29804],[-122.31839,38.29715],[-122.31999,38.29481],[-122.31927,38.29239],[-122.31821,38.29168],[-122.3143,38.28716],[-122.31326,38.28372],[-122.31341,38.28225],[-122.31157,38.27995],[-122.30965,38.27159],[-122.31307,38.27104],[-122.3149,38.27904],[-122.31688,38.28168],[-122.31698,38.28448],[-122.31758,38.28611],[-122.32013,38.28927],[-122.32192,38.29081],[-122.32322,38.29289],[-122.32336,38.29546]]]}},{"type":"Feature","properties":{"c":"zone"},"geometry":{"type":"Polygon","coordinates":[[[-122.33228,38.3213],[-122.32998,38.31807],[-122.32818,38.31873],[-122.32327,38.31337],[-122.32124,38.31221],[-122.31961,38.30987],[-122.31736,38.30565],[-122.31674,38.30309],[-122.31198,38.29349],[-122.31062,38.29206],[-122.31015,38.29093],[-122.31057,38.28809],[-122.30964,38.28499],[-122.30779,38.28253],[-122.30278,38.27431],[-122.3005,38.26893],[-122.29497,38.2582],[-122.29829,38.25722],[-122.30377,38.26797],[-122.306,38.27325],[-122.31091,38.2813],[-122.31283,38.28388],[-122.31429,38.28803],[-122.31417,38.28934],[-122.31365,38.29044],[-122.31381,38.29089],[-122.31509,38.29221],[-122.31905,38.30019],[-122.32733,38.30608],[-122.3297,38.31164],[-122.33109,38.31308],[-122.33279,38.3164],[-122.33605,38.32097],[-122.33976,38.32746],[-122.34065,38.32955],[-122.34758,38.33613],[-122.34496,38.33799],[-122.34352,38.33672],[-122.33762,38.33095],[-122.33649,38.32844],[-122.33228,38.3213]],[[-122.32393,38.30723],[-122.32098,38.30536],[-122.32407,38.31049],[-122.32621,38.31189],[-122.32448,38.30767],[-122.32393,38.30723]]]}},{"type":"Feature","properties":{"c":"zone"},"geometry":{"type":"Polygon","coordinates":[[[-122.32336,38.29546],[-122.32549,38.29359],[-122.33074,38.29774],[-122.32988,38.29665],[-122.32846,38.29349],[-122.32676,38.29111],[-122.32407,38.29224],[-122.31875,38.28457],[-122.32213,38.28301],[-122.32014,38.27686],[-122.31992,38.27276],[-122.32024,38.27047],[-122.31757,38.26618],[-122.31684,38.26312],[-122.31474,38.25896],[-122.30892,38.25203],[-122.30782,38.24992],[-122.31157,38.24992],[-122.31785,38.25765],[-122.32024,38.26242],[-122.32082,38.26514],[-122.32378,38.27004],[-122.32341,38.27278],[-122.3236,38.27638],[-122.32487,38.28084],[-122.32617,38.28382],[-122.32861,38.28235],[-122.33441,38.28748],[-122.33958,38.29306],[-122.34134,38.29561],[-122.34246,38.29824],[-122.34238,38.29715],[-122.33982,38.29072],[-122.3408,38.28954],[-122.33978,38.28626],[-122.33668,38.28006],[-122.33559,38.27664],[-122.33517,38.27369],[-122.33393,38.27149],[-122.33358,38.26971],[-122.3324,38.26691],[-122.33045,38.26473],[-122.33008,38.2637],[-122.32826,38.26126],[-122.3224,38.24992],[-122.32613,38.24992],[-122.33139,38.26004],[-122.33331,38.26266],[-122.33362,38.26355],[-122.33558,38.26574],[-122.33697,38.26904],[-122.33729,38.27072],[-122.33854,38.27292],[-122.33973,38.2743],[-122.33932,38.27632],[-122.33984,38.27854],[-122.34133,38.28219],[-122.34316,38.28551],[-122.34504,38.29118],[-122.34532,38.29538],[-122.34582,38.29651],[-122.34627,38.29989],[-122.34627,38.30092],[-122.34578,38.30192],[-122.34609,38.30336],[-122.34451,38.30621],[-122.3444,38.31],[-122.34488,38.31213],[-122.34497,38.31481],[-122.34619,38.31427],[-122.34972,38.31789],[-122.34644,38.31963],[-122.34831,38.32402],[-122.35047,38.32704],[-122.35267,38.32887],[-122.35121,38.33011],[-122.35626,38.33301],[-122.35561,38.33392],[-122.35926,38.33609],[-122.35691,38.3381],[-122.34986,38.33366],[-122.34595,38.32821],[-122.34042,38.31885],[-122.33884,38.31582],[-122.33831,38.31407],[-122.33145,38.3089],[-122.32753,38.3049],[-122.33035,38.30315],[-122.334,38.30702],[-122.3361,38.30851],[-122.33462,38.30384],[-122.33289,38.30014],[-122.33088,38.30168],[-122.32336,38.29546]],[[-122.33575,38.29843],[-122.33698,38.30052],[-122.33956,38.30798],[-122.34105,38.3112],[-122.3411,38.30432],[-122.3428,38.30031],[-122.34272,38.29993],[-122.33984,38.30054],[-122.33816,38.29674],[-122.33661,38.2945],[-122.33174,38.28925],[-122.32631,38.28414],[-122.32852,38.28719],[-122.33067,38.2913],[-122.33167,38.29236],[-122.33326,38.29582],[-122.33575,38.29843]]]}},{"type":"Feature","properties":{"c":"zone"},"geometry":{"type":"Polygon","coordinates":[[[-122.03282,37.62495],[-122.02077,37.61404],[-122.0182,37.61033],[-122.00796,37.60248],[-122.0061,37.59907],[-122.00108,37.59384],[-122.00109,37.58932],[-122.00879,37.59733],[-122.0109,37.59866],[-122.02367,37.61161],[-122.02613,37.61487],[-122.03817,37.62495],[-122.03282,37.62495]]]}},{"type":"Feature","properties":{"c":"zone"},"geometry":{"type":"Polygon","coordinates":[[[-116.63069,34.87499],[-116.63737,34.86409],[-116.6449,34.85761],[-116.64385,34.85162],[-116.6474,34.84794],[-116.65098,34.84699],[-116.65253,34.84863],[-116.65003,34.85333],[-116.65536,34.86595],[-116.64849,34.875],[-116.64316,34.875],[-116.64486,34.87092],[-116.64486,34.86812],[-116.6394,34.87503],[-116.63069,34.87499]]]}},{"type":"Feature","properties":{"c":"zone"},"geometry":{"type":"Polygon","coordinates":[[[-116.65596,34.87501],[-116.65788,34.87251],[-116.6616,34.87383],[-116.66068,34.87501],[-116.65596,34.87501]]]}},{"type":"Feature","properties":{"c":"zone"},"geometry":{"type":"Polygon","coordinates":[[[-116.71954,34.875],[-116.71838,34.87397],[-116.71352,34.86605],[-116.70441,34.85596],[-116.70073,34.85317],[-116.69799,34.85326],[-116.7037,34.85824],[-116.70666,34.8614],[-116.7125,34.86966],[-116.70961,34.87106],[-116.70258,34.86171],[-116.69541,34.85523],[-116.68924,34.85206],[-116.67496,34.84103],[-116.66039,34.83512],[-116.64788,34.81455],[-116.64665,34.80947],[-116.63805,34.80039],[-116.63472,34.7944],[-116.63551,34.78916],[-116.62929,34.77937],[-116.62588,34.77594],[-116.62587,34.77125],[-116.6314,34.77631],[-116.63915,34.78842],[-116.63885,34.79261],[-116.6411,34.79877],[-116.64767,34.80587],[-116.6574,34.8116],[-116.66988,34.82766],[-116.67125,34.83075],[-116.67533,34.83784],[-116.69375,34.84862],[-116.69993,34.84885],[-116.70839,34.85417],[-116.71544,34.86266],[-116.72088,34.87171],[-116.72501,34.875],[-116.71954,34.875]],[[-116.66191,34.83102],[-116.66718,34.8311],[-116.66284,34.82413],[-116.65739,34.81708],[-116.65322,34.81325],[-116.65122,34.81324],[-116.6515,34.81434],[-116.66191,34.83102]]]}},{"type":"Feature","properties":{"c":"zone"},"geometry":{"type":"Polygon","coordinates":[[[-116.63267,34.85708],[-116.62588,34.85938],[-116.62587,34.85431],[-116.6284,34.8453],[-116.62896,34.82972],[-116.62588,34.82226],[-116.62588,34.81129],[-116.62699,34.81648],[-116.63091,34.81985],[-116.63286,34.8257],[-116.63405,34.83749],[-116.63396,34.85083],[-116.63267,34.85708]]]}},{"type":"Feature","properties":{"c":"zone"},"geometry":{"type":"Polygon","coordinates":[[[-116.65052,34.83783],[-116.64913,34.83865],[-116.64472,34.83333],[-116.64636,34.83252],[-116.65052,34.83783]]]}},{"type":"Feature","properties":{"c":"zone"},"geometry":{"type":"Polygon","coordinates":[[[-116.63744,34.81316],[-116.63172,34.80316],[-116.63001,34.79938],[-116.63501,34.79692],[-116.63481,34.80186],[-116.64026,34.81216],[-116.63744,34.81316]]]}},{"type":"Feature","properties":{"c":"zone"},"geometry":{"type":"Polygon","coordinates":[[[-118.94225,34.25003],[-118.92761,34.24776],[-118.90755,34.2491],[-118.90451,34.25002],[-118.89581,34.25002],[-118.91021,34.24511],[-118.92806,34.24392],[-118.93408,34.24593],[-118.95363,34.24723],[-118.96315,34.24372],[-118.97488,34.24281],[-118.99575,34.23698],[-119.00095,34.23686],[-119.00095,34.24217],[-118.98812,34.24491],[-118.9677,34.24739],[-118.95404,34.25002],[-118.94225,34.25003]]]}},{"type":"Feature","properties":{"c":"zone"},"geometry":{"type":"Polygon","coordinates":[[[-118.92063,34.24332],[-118.91191,34.24393],[-118.90887,34.2411],[-118.90114,34.24301],[-118.90112,34.24036],[-118.90773,34.23846],[-118.91477,34.23987],[-118.92067,34.23972],[-118.93069,34.23536],[-118.93669,34.23537],[-118.93615,34.23812],[-118.941,34.23991],[-118.94019,34.24257],[-118.93199,34.24096],[-118.93083,34.23934],[-118.92063,34.24332]]]}},{"type":"Feature","properties":{"c":"zone"},"geometry":{"type":"Polygon","coordinates":[[[-118.8905,34.24324],[-118.88922,34.24076],[-118.90103,34.23626],[-118.90537,34.23588],[-118.90574,34.23854],[-118.90197,34.23895],[-118.8905,34.24324]]]}},{"type":"Feature","properties":{"c":"zone"},"geometry":{"type":"Polygon","coordinates":[[[-118.96649,34.23856],[-118.95766,34.23616],[-118.95259,34.2358],[-118.94286,34.23749],[-118.94217,34.23483],[-118.95265,34.23304],[-118.95856,34.23347],[-118.96566,34.2357],[-118.96835,34.23431],[-118.97017,34.23669],[-118.96649,34.23856]]]}},{"type":"Feature","properties":{"c":"zone"},"geometry":{"type":"Polygon","coordinates":[[[-118.97458,34.23297],[-118.9766,34.22869],[-118.99324,34.223],[-118.99455,34.22557],[-118.9791,34.23084],[-118.97762,34.23387],[-118.97458,34.23297]]]}},{"type":"Feature","properties":{"c":"zone"},"geometry":{"type":"Polygon","coordinates":[[[-118.58004,34.3936],[-118.57752,34.39026],[-118.57933,34.38931],[-118.58134,34.39096],[-118.58154,34.39224],[-118.58004,34.3936]]]}},{"type":"Feature","properties":{"c":"zone"},"geometry":{"type":"Polygon","coordinates":[[[-118.58293,34.45682],[-118.57205,34.44495],[-118.56363,34.44048],[-118.55939,34.43652],[-118.5511,34.4303],[-118.53967,34.42414],[-118.50945,34.40547],[-118.5114,34.40351],[-118.54154,34.4218],[-118.55232,34.42749],[-118.56386,34.43603],[-118.56755,34.4363],[-118.57709,34.44589],[-118.58519,34.45561],[-118.58293,34.45682]]]}},{"type":"Feature","properties":{"c":"zone"},"geometry":{"type":"Polygon","coordinates":[[[-117.99547,33.67969],[-117.98681,33.6721],[-117.98128,33.66564],[-117.9772,33.66003],[-117.97892,33.65907],[-117.98282,33.66399],[-117.98852,33.67018],[-117.99515,33.67594],[-118.00091,33.67916],[-118.00091,33.68231],[-117.99547,33.67969]]]}},{"type":"Feature","properties":{"c":"zone"},"geometry":{"type":"Polygon","coordinates":[[[-121.88963,37.62494],[-121.87608,37.60246],[-121.87608,37.59399],[-121.88072,37.60112],[-121.88696,37.60789],[-121.89578,37.62495],[-121.88963,37.62494]]]}},{"type":"Feature","properties":{"c":"zone"},"geometry":{"type":"Polygon","coordinates":[[[-122.00108,37.59384],[-121.98787,37.57976],[-121.97765,37.56476],[-121.96891,37.55371],[-121.94574,37.52692],[-121.93628,37.51661],[-121.93277,37.5141],[-121.92098,37.49996],[-121.92766,37.49996],[-121.93224,37.50688],[-121.94186,37.5174],[-121.94479,37.52134],[-121.95923,37.53758],[-121.97252,37.55072],[-121.98117,37.56396],[-121.99218,37.57991],[-122.00109,37.58932],[-122.00108,37.59384]]]}},{"type":"Feature","properties":{"c":"zone"},"geometry":{"type":"Polygon","coordinates":[[[-119.09952,35.57887],[-119.08804,35.56198],[-119.0842,35.55804],[-119.0843,35.55006],[-119.0865,35.55012],[-119.08629,35.5574],[-119.09215,35.56066],[-119.09717,35.56708],[-119.09839,35.57343],[-119.10147,35.57785],[-119.09952,35.57887]]]}},{"type":"Feature","properties":{"c":"zone"},"geometry":{"type":"Polygon","coordinates":[[[-119.08316,35.54024],[-119.07971,35.52577],[-119.07683,35.51852],[-119.07363,35.51592],[-119.07365,35.51922],[-119.07188,35.51922],[-119.06998,35.51129],[-119.06972,35.50727],[-119.07063,35.49998],[-119.07326,35.49998],[-119.0725,35.50353],[-119.07232,35.5105],[-119.07842,35.51641],[-119.08131,35.52284],[-119.08425,35.53407],[-119.08512,35.53999],[-119.08316,35.54024]]]}},{"type":"Feature","properties":{"c":"zone"},"geometry":{"type":"Polygon","coordinates":[[[-119.02688,35.50287],[-119.02636,35.49997],[-119.02864,35.49997],[-119.02891,35.50291],[-119.02688,35.50287]]]}},{"type":"Feature","properties":{"c":"zone"},"geometry":{"type":"Polygon","coordinates":[[[-117.27186,36.37496],[-117.26845,36.37496],[-117.26843,36.3724],[-117.26686,36.36932],[-117.2617,36.36316],[-117.26405,36.36184],[-117.26906,36.36763],[-117.27188,36.37279],[-117.27186,36.37496]]]}},{"type":"Feature","properties":{"c":"zone"},"geometry":{"type":"Polygon","coordinates":[[[-117.3713,36.37495],[-117.36712,36.37495],[-117.36228,36.36422],[-117.35633,36.363],[-117.35473,36.36477],[-117.35313,36.36377],[-117.35601,36.36061],[-117.35829,36.35966],[-117.34856,36.34621],[-117.33045,36.32629],[-117.31164,36.31227],[-117.31022,36.30943],[-117.30373,36.30291],[-117.30089,36.2947],[-117.28766,36.28105],[-117.28677,36.27922],[-117.26963,36.27289],[-117.26752,36.27331],[-117.26084,36.26825],[-117.25966,36.26626],[-117.25091,36.26357],[-117.25091,36.24995],[-117.25389,36.24995],[-117.25343,36.25387],[-117.2571,36.25612],[-117.25989,36.25924],[-117.25671,36.26171],[-117.26183,36.26346],[-117.26356,36.26634],[-117.26834,36.2699],[-117.26975,36.26962],[-117.2894,36.27676],[-117.29166,36.28057],[-117.30396,36.29302],[-117.30731,36.30212],[-117.31933,36.31403],[-117.33373,36.32458],[-117.35143,36.34469],[-117.36136,36.35843],[-117.36564,36.36276],[-117.3713,36.37495]]]}},{"type":"Feature","properties":{"c":"zone"},"geometry":{"type":"Polygon","coordinates":[[[-117.29937,36.35482],[-117.29733,36.35435],[-117.29786,36.35017],[-117.30274,36.34929],[-117.29937,36.35482]]]}},{"type":"Feature","properties":{"c":"zone"},"geometry":{"type":"Polygon","coordinates":[[[-122.24726,37.86842],[-122.24091,37.8611],[-122.21392,37.83331],[-122.20457,37.82243],[-122.19838,37.8134],[-122.18591,37.79982],[-122.17515,37.78651],[-122.17451,37.78403],[-122.15884,37.76555],[-122.15667,37.76168],[-122.15352,37.75904],[-122.14511,37.74994],[-122.15126,37.74994],[-122.1594,37.7588],[-122.16018,37.76016],[-122.16893,37.77007],[-122.17136,37.77127],[-122.17669,37.77618],[-122.18693,37.79026],[-122.19233,37.79658],[-122.19979,37.80883],[-122.20216,37.8116],[-122.20786,37.82078],[-122.21914,37.83405],[-122.22627,37.8409],[-122.24431,37.85995],[-122.2496,37.86621],[-122.25109,37.86821],[-122.25109,37.87406],[-122.24726,37.86842]]]}},{"type":"Feature","properties":{"c":"zone"},"geometry":{"type":"Polygon","coordinates":[[[-122.25181,37.87493],[-122.25109,37.87406],[-122.25109,37.86821],[-122.25257,37.87093],[-122.2565,37.87493],[-122.25181,37.87493]]]}},{"type":"Feature","properties":{"c":"zone"},"geometry":{"type":"Polygon","coordinates":[[[-118.54296,34.30572],[-118.52315,34.30734],[-118.5204,34.3156],[-118.50571,34.32034],[-118.50417,34.32358],[-118.50439,34.32849],[-118.50093,34.32706],[-118.50093,34.31431],[-118.51223,34.30448],[-118.51121,34.29979],[-118.5397,34.2969],[-118.54296,34.30572]]]}},{"type":"Feature","properties":{"c":"zone"},"geometry":{"type":"Polygon","coordinates":[[[-118.51704,34.33251],[-118.50743,34.33402],[-118.50093,34.33596],[-118.50093,34.33205],[-118.50846,34.33035],[-118.5167,34.3297],[-118.51704,34.33251]]]}},{"type":"Feature","properties":{"c":"zone"},"geometry":{"type":"Polygon","coordinates":[[[-118.50706,34.34314],[-118.50094,34.34382],[-118.50094,34.34119],[-118.50682,34.34041],[-118.50706,34.34314]]]}},{"type":"Feature","properties":{"c":"zone"},"geometry":{"type":"Polygon","coordinates":[[[-118.89172,35.42957],[-118.88752,35.4266],[-118.88266,35.42224],[-118.87594,35.41736],[-118.87594,35.41217],[-118.87656,35.41471],[-118.88504,35.42104],[-118.89329,35.42846],[-118.89172,35.42957]]]}},{"type":"Feature","properties":{"c":"zone"},"geometry":{"type":"Polygon","coordinates":[[[-118.87594,35.41076],[-118.87594,35.40502],[-118.88091,35.40938],[-118.88033,35.41255],[-118.87594,35.41076]]]}},{"type":"Feature","properties":{"c":"zone"},"geometry":{"type":"Polygon","coordinates":[[[-119.07063,35.49998],[-119.07275,35.49757],[-119.07137,35.49029],[-119.07158,35.48483],[-119.0698,35.4798],[-119.07109,35.47149],[-119.07339,35.47172],[-119.07202,35.48139],[-119.07314,35.48482],[-119.07295,35.49029],[-119.07402,35.4938],[-119.0744,35.49817],[-119.07326,35.49998],[-119.07063,35.49998]]]}},{"type":"Feature","properties":{"c":"zone"},"geometry":{"type":"Polygon","coordinates":[[[-119.02864,35.49997],[-119.02636,35.49997],[-119.02532,35.49413],[-119.02587,35.4927],[-119.02574,35.48763],[-119.0241,35.48311],[-119.02228,35.4809],[-119.02115,35.46757],[-119.02267,35.46416],[-119.02244,35.46191],[-119.02356,35.4582],[-119.02652,35.45263],[-119.03146,35.44696],[-119.03284,35.44763],[-119.02911,35.45323],[-119.02783,35.45434],[-119.02406,35.4621],[-119.02425,35.46461],[-119.02304,35.46738],[-119.02414,35.48068],[-119.02585,35.48258],[-119.02755,35.48782],[-119.0278,35.49292],[-119.02706,35.49502],[-119.02864,35.49997]]]}},{"type":"Feature","properties":{"c":"zone"},"geometry":{"type":"Polygon","coordinates":[[[-118.58454,35.29726],[-118.56076,35.30478],[-118.559,35.29274],[-118.56478,35.28405],[-118.5751,35.28709],[-118.58711,35.28104],[-118.60275,35.26742],[-118.61012,35.26225],[-118.62594,35.26328],[-118.62594,35.26828],[-118.61123,35.28061],[-118.58454,35.29726]]]}},{"type":"Feature","properties":{"c":"zone"},"geometry":{"type":"Polygon","coordinates":[[[-119.15844,34.45004],[-119.15586,34.45207],[-119.14979,34.4489],[-119.14654,34.44914],[-119.14107,34.44851],[-119.13602,34.44579],[-119.12595,34.44416],[-119.12595,34.44065],[-119.1374,34.44307],[-119.14247,34.44165],[-119.14575,34.44315],[-119.14968,34.44402],[-119.15492,34.44346],[-119.15844,34.45004]]]}},{"type":"Feature","properties":{"c":"zone"},"geometry":{"type":"Polygon","coordinates":[[[-118.00826,36.37495],[-118.00549,36.37494],[-118.00525,36.36775],[-118.00867,36.3677],[-118.00826,36.37495]]]}},{"type":"Feature","properties":{"c":"zone"},"geometry":{"type":"Polygon","coordinates":[[[-118.01896,36.37495],[-118.01231,36.37495],[-118.01061,36.36968],[-118.01457,36.36818],[-118.01651,36.37132],[-118.01964,36.37075],[-118.02039,36.37355],[-118.01896,36.37495]]]}},{"type":"Feature","properties":{"c":"zone"},"geometry":{"type":"Polygon","coordinates":[[[-118.02069,36.29946],[-118.01863,36.29986],[-118.01782,36.29709],[-118.01666,36.2959],[-118.01844,36.29465],[-118.0197,36.29598],[-118.02069,36.29946]]]}},{"type":"Feature","properties":{"c":"zone"},"geometry":{"type":"Polygon","coordinates":[[[-118.02497,36.30676],[-118.02267,36.30675],[-118.02286,36.30208],[-118.02497,36.30013],[-118.0264,36.30017],[-118.02638,36.30268],[-118.025,36.30459],[-118.02497,36.30676]]]}},{"type":"Feature","properties":{"c":"zone"},"geometry":{"type":"Polygon","coordinates":[[[-118.02684,36.34659],[-118.02546,36.34799],[-118.01976,36.34391],[-118.02124,36.34259],[-118.02684,36.34659]]]}},{"type":"Feature","properties":{"c":"zone"},"geometry":{"type":"Polygon","coordinates":[[[-118.02121,36.35984],[-118.01789,36.35908],[-118.01783,36.35628],[-118.02117,36.35317],[-118.0219,36.35098],[-118.02391,36.35138],[-118.02121,36.35984]]]}},{"type":"Feature","properties":{"c":"zone"},"geometry":{"type":"Polygon","coordinates":[[[-118.02893,36.35973],[-118.02661,36.35903],[-118.03084,36.34978],[-118.03319,36.35049],[-118.02893,36.35973]]]}},{"type":"Feature","properties":{"c":"zone"},"geometry":{"type":"Polygon","coordinates":[[[-118.03021,36.31856],[-118.02828,36.31876],[-118.02782,36.31601],[-118.02505,36.31437],[-118.02302,36.30877],[-118.02498,36.30828],[-118.0256,36.30996],[-118.02814,36.31238],[-118.02972,36.31566],[-118.03021,36.31856]]]}},{"type":"Feature","properties":{"c":"zone"},"geometry":{"type":"Polygon","coordinates":[[[-116.50088,35.70948],[-116.49693,35.706],[-116.49592,35.70206],[-116.48078,35.69011],[-116.47455,35.68395],[-116.45326,35.66114],[-116.45589,35.65958],[-116.4833,35.68809],[-116.50087,35.70199],[-116.50088,35.70948]]]}},{"type":"Feature","properties":{"c":"zone"},"geometry":{"type":"Polygon","coordinates":[[[-118.94491,37.66219],[-118.94335,37.66426],[-118.93294,37.65943],[-118.93412,37.65743],[-118.94491,37.66219]]]}},{"type":"Feature","properties":{"c":"zone"},"geometry":{"type":"Polygon","coordinates":[[[-118.92155,37.65236],[-118.91781,37.65328],[-118.91276,37.6421],[-118.91227,37.63817],[-118.91485,37.63712],[-118.91915,37.64209],[-118.91774,37.64572],[-118.92155,37.65236]]]}},{"type":"Feature","properties":{"c":"zone"},"geometry":{"type":"Polygon","coordinates":[[[-118.87598,37.68133],[-118.87598,37.67587],[-118.87732,37.6738],[-118.88018,37.67491],[-118.87598,37.68133]]]}},{"type":"Feature","properties":{"c":"zone"},"geometry":{"type":"Polygon","coordinates":[[[-118.95914,37.70934],[-118.95686,37.71009],[-118.95163,37.70143],[-118.9486,37.69881],[-118.94738,37.68424],[-118.94211,37.67497],[-118.94496,37.6935],[-118.94981,37.70358],[-118.94811,37.71049],[-118.94604,37.71064],[-118.94222,37.70106],[-118.94152,37.6901],[-118.93842,37.67107],[-118.9279,37.6614],[-118.92844,37.66561],[-118.93405,37.66937],[-118.93885,37.68801],[-118.93663,37.68926],[-118.9427,37.70583],[-118.94282,37.71326],[-118.94695,37.71919],[-118.95168,37.72317],[-118.95272,37.73497],[-118.94498,37.73571],[-118.94275,37.71928],[-118.93123,37.69756],[-118.92731,37.6923],[-118.92149,37.69418],[-118.91785,37.68835],[-118.91128,37.68858],[-118.91062,37.68634],[-118.91834,37.68343],[-118.90533,37.66432],[-118.90623,37.67244],[-118.90451,37.67458],[-118.90847,37.68027],[-118.90511,37.68028],[-118.89996,37.67473],[-118.89823,37.67476],[-118.89979,37.6658],[-118.88839,37.65463],[-118.88007,37.6515],[-118.88003,37.6488],[-118.87598,37.64691],[-118.87598,37.6392],[-118.88164,37.6412],[-118.88831,37.65008],[-118.90348,37.65979],[-118.90584,37.65127],[-118.89972,37.6401],[-118.89181,37.63028],[-118.89502,37.62864],[-118.89977,37.63372],[-118.913,37.65703],[-118.91808,37.66931],[-118.91828,37.67787],[-118.93088,37.69205],[-118.93162,37.68854],[-118.92595,37.68347],[-118.92916,37.68197],[-118.92534,37.6778],[-118.92805,37.67557],[-118.92564,37.67121],[-118.92491,37.64179],[-118.92797,37.64263],[-118.92853,37.65517],[-118.93675,37.66562],[-118.94824,37.67069],[-118.9479,37.67541],[-118.94975,37.68017],[-118.95091,37.68679],[-118.95105,37.69472],[-118.95443,37.69865],[-118.95914,37.70934]]]}},{"type":"Feature","properties":{"c":"zone"},"geometry":{"type":"Polygon","coordinates":[[[-118.9258,37.71734],[-118.92384,37.71967],[-118.90947,37.7089],[-118.90427,37.71079],[-118.90265,37.70929],[-118.90663,37.70304],[-118.90241,37.68767],[-118.88959,37.67751],[-118.88786,37.67324],[-118.88154,37.66704],[-118.87598,37.66038],[-118.87598,37.65458],[-118.88152,37.65642],[-118.88437,37.66028],[-118.88271,37.66257],[-118.88507,37.66611],[-118.893,37.67096],[-118.89355,37.67609],[-118.89671,37.68034],[-118.90553,37.68675],[-118.91069,37.7044],[-118.9258,37.71734]]]}},{"type":"Feature","properties":{"c":"zone"},"geometry":{"type":"Polygon","coordinates":[[[-118.93296,37.71167],[-118.93658,37.7176],[-118.93978,37.71786],[-118.94094,37.71982],[-118.9391,37.73492],[-118.93406,37.73483],[-118.93094,37.72807],[-118.93361,37.71955],[-118.93069,37.71519],[-118.93296,37.71167]]]}},{"type":"Feature","properties":{"c":"zone"},"geometry":{"type":"Polygon","coordinates":[[[-118.91293,37.72564],[-118.90951,37.726],[-118.90904,37.71191],[-118.91211,37.71171],[-118.91293,37.72564]]]}},{"type":"Feature","properties":{"c":"zone"},"geometry":{"type":"Polygon","coordinates":[[[-118.87598,37.71745],[-118.87598,37.70812],[-118.87848,37.70858],[-118.87598,37.71745]]]}},{"type":"Feature","properties":{"c":"zone"},"geometry":{"type":"Polygon","coordinates":[[[-119.00098,37.66303],[-118.99801,37.65181],[-119.00098,37.64469],[-119.00098,37.66303]]]}},{"type":"Feature","properties":{"c":"zone"},"geometry":{"type":"Polygon","coordinates":[[[-118.9892,37.68129],[-118.9932,37.6911],[-118.99416,37.69866],[-118.99587,37.70673],[-118.99733,37.7099],[-118.99697,37.71484],[-118.99478,37.71498],[-118.99465,37.70922],[-118.9915,37.69994],[-118.99119,37.69467],[-118.98667,37.68214],[-118.9892,37.68129]]]}},{"type":"Feature","properties":{"c":"zone"},"geometry":{"type":"Polygon","coordinates":[[[-118.97912,37.69651],[-118.97908,37.70651],[-118.97801,37.70975],[-118.97327,37.71169],[-118.96606,37.70208],[-118.95876,37.69909],[-118.9614,37.6954],[-118.97225,37.70021],[-118.97665,37.70593],[-118.97718,37.69648],[-118.97912,37.69651]]]}},{"type":"Feature","properties":{"c":"zone"},"geometry":{"type":"Polygon","coordinates":[[[-118.99629,37.6658],[-118.99631,37.67741],[-118.99755,37.68405],[-118.99494,37.68421],[-118.99367,37.67602],[-118.99382,37.66579],[-118.99629,37.6658]]]}},{"type":"Feature","properties":{"c":"zone"},"geometry":{"type":"Polygon","coordinates":[[[-121.41455,40.74418],[-121.41319,40.7499],[-121.40949,40.7499],[-121.41077,40.74397],[-121.40577,40.73686],[-121.40659,40.71638],[-121.4087,40.7111],[-121.40707,40.70922],[-121.409,40.70196],[-121.40714,40.69676],[-121.40033,40.6865],[-121.395,40.67112],[-121.39489,40.6609],[-121.39331,40.65486],[-121.38485,40.64219],[-121.3761,40.63882],[-121.3761,40.63459],[-121.38782,40.64071],[-121.39717,40.65463],[-121.3986,40.6607],[-121.39851,40.66366],[-121.40156,40.66416],[-121.3994,40.67278],[-121.40582,40.6886],[-121.40935,40.68908],[-121.40862,40.69228],[-121.41184,40.69949],[-121.41246,40.70324],[-121.41113,40.70841],[-121.41263,40.71107],[-121.41035,40.71668],[-121.40991,40.726],[-121.41215,40.72313],[-121.41757,40.71753],[-121.42041,40.71935],[-121.41503,40.7245],[-121.41455,40.74418]]]}},{"type":"Feature","properties":{"c":"zone"},"geometry":{"type":"Polygon","coordinates":[[[-116.65723,34.50001],[-116.65279,34.49204],[-116.64167,34.48201],[-116.63316,34.4777],[-116.62587,34.47105],[-116.62587,34.46687],[-116.63571,34.47591],[-116.64346,34.47961],[-116.65594,34.49168],[-116.66001,34.49786],[-116.66283,34.50001],[-116.65723,34.50001]]]}},{"type":"Feature","properties":{"c":"zone"},"geometry":{"type":"Polygon","coordinates":[[[-116.72759,34.50001],[-116.71745,34.49098],[-116.71208,34.48432],[-116.69836,34.45592],[-116.69796,34.45195],[-116.6853,34.43006],[-116.66367,34.38404],[-116.65991,34.37783],[-116.65921,34.37502],[-116.66252,34.37502],[-116.6668,34.38327],[-116.68861,34.42944],[-116.7011,34.45032],[-116.70177,34.45551],[-116.71433,34.48133],[-116.7202,34.48939],[-116.73207,34.50001],[-116.72759,34.50001]]]}},{"type":"Feature","properties":{"c":"zone"},"geometry":{"type":"Polygon","coordinates":[[[-116.62587,34.43242],[-116.62587,34.42813],[-116.62988,34.43209],[-116.62746,34.43395],[-116.62587,34.43242]]]}},{"type":"Feature","properties":{"c":"zone"},"geometry":{"type":"Polygon","coordinates":[[[-116.73379,34.43195],[-116.73373,34.42849],[-116.73091,34.42115],[-116.71812,34.40467],[-116.71461,34.40102],[-116.71086,34.39811],[-116.70393,34.39096],[-116.7029,34.38923],[-116.69627,34.38412],[-116.69159,34.38148],[-116.68283,34.37502],[-116.68773,34.37502],[-116.69932,34.38251],[-116.70589,34.38796],[-116.70664,34.38946],[-116.72095,34.40303],[-116.72632,34.4095],[-116.72896,34.41088],[-116.73268,34.41604],[-116.73706,34.42806],[-116.73708,34.43201],[-116.73379,34.43195]]]}},{"type":"Feature","properties":{"c":"zone"},"geometry":{"type":"Polygon","coordinates":[[[-116.75087,34.37892],[-116.75087,34.38354],[-116.74447,34.37501],[-116.74768,34.37501],[-116.75087,34.37892]]]}},{"type":"Feature","properties":{"c":"zone"},"geometry":{"type":"Polygon","coordinates":[[[-117.22491,35.249],[-117.21856,35.24037],[-117.21396,35.23279],[-117.21439,35.22879],[-117.20611,35.21581],[-117.18839,35.19637],[-117.17296,35.18328],[-117.1618,35.18019],[-117.15838,35.17851],[-117.15929,35.17722],[-117.15442,35.17407],[-117.15128,35.17051],[-117.14728,35.16752],[-117.14428,35.16303],[-117.13715,35.15884],[-117.13178,35.15441],[-117.12589,35.14825],[-117.12589,35.14107],[-117.12883,35.14614],[-117.14724,35.16156],[-117.15134,35.16699],[-117.16649,35.17166],[-117.16542,35.1697],[-117.151,35.15861],[-117.14709,35.15345],[-117.15366,35.1503],[-117.15944,35.15383],[-117.15813,35.15496],[-117.16144,35.15982],[-117.16322,35.16397],[-117.16836,35.16803],[-117.17959,35.18493],[-117.1912,35.19474],[-117.20862,35.21358],[-117.22165,35.23409],[-117.22031,35.23743],[-117.22763,35.24757],[-117.22491,35.249]]]}},{"type":"Feature","properties":{"c":"zone"},"geometry":{"type":"Polygon","coordinates":[[[-117.24651,35.13004],[-117.24318,35.13221],[-117.22787,35.12499],[-117.24618,35.12498],[-117.25089,35.12819],[-117.2509,35.134],[-117.24651,35.13004]]]}},{"type":"Feature","properties":{"c":"zone"},"geometry":{"type":"Polygon","coordinates":[[[-120.23415,35.69371],[-120.23522,35.68983],[-120.22028,35.67611],[-120.20606,35.66881],[-120.1998,35.65822],[-120.18437,35.64585],[-120.17502,35.64285],[-120.15522,35.63093],[-120.15774,35.62818],[-120.17672,35.63952],[-120.18556,35.64237],[-120.17534,35.62499],[-120.18377,35.62499],[-120.22114,35.65816],[-120.23318,35.67289],[-120.25099,35.6857],[-120.25099,35.70562],[-120.23415,35.69371]]]}},{"type":"Feature","properties":{"c":"zone"},"geometry":{"type":"Polygon","coordinates":[[[-116.81354,34.75001],[-116.80854,34.75001],[-116.80099,34.74543],[-116.79355,34.74249],[-116.78687,34.73813],[-116.76897,34.72494],[-116.75757,34.71412],[-116.75549,34.71318],[-116.75088,34.70971],[-116.75088,34.70616],[-116.75957,34.71206],[-116.77159,34.72307],[-116.78896,34.7359],[-116.79524,34.74009],[-116.80589,34.74468],[-116.81354,34.75001]]]}},{"type":"Feature","properties":{"c":"zone"},"geometry":{"type":"Polygon","coordinates":[[[-116.87588,34.67114],[-116.87588,34.67536],[-116.86041,34.66257],[-116.85527,34.65716],[-116.8534,34.6537],[-116.84361,34.64228],[-116.84084,34.64036],[-116.83529,34.63421],[-116.8314,34.63293],[-116.82478,34.62502],[-116.82893,34.62501],[-116.83353,34.63076],[-116.83716,34.63205],[-116.84313,34.63836],[-116.846,34.64042],[-116.8562,34.65224],[-116.85818,34.65585],[-116.86288,34.66073],[-116.86964,34.6664],[-116.87588,34.67114]]]}},{"type":"Feature","properties":{"c":"zone"},"geometry":{"type":"Polygon","coordinates":[[[-115.87584,33.5384],[-115.86728,33.52274],[-115.86329,33.51265],[-115.86164,33.51293],[-115.85717,33.50523],[-115.85373,33.50003],[-115.85767,33.50003],[-115.86214,33.50708],[-115.86536,33.5097],[-115.86932,33.51735],[-115.8736,33.52242],[-115.87129,33.52371],[-115.87584,33.53196],[-115.87584,33.5384]]]}},{"type":"Feature","properties":{"c":"zone"},"geometry":{"type":"Polygon","coordinates":[[[-120.98983,36.87496],[-120.97066,36.8548],[-120.96728,36.84871],[-120.94746,36.8324],[-120.93168,36.82537],[-120.92776,36.8229],[-120.919,36.8128],[-120.90469,36.80216],[-120.90273,36.79743],[-120.89687,36.79152],[-120.89118,36.78995],[-120.88501,36.77491],[-120.88244,36.76709],[-120.87603,36.75253],[-120.87603,36.74996],[-120.87863,36.74995],[-120.88359,36.76138],[-120.88502,36.75375],[-120.88482,36.75105],[-120.88768,36.75099],[-120.88794,36.75604],[-120.88688,36.76062],[-120.8868,36.76968],[-120.89205,36.7828],[-120.9037,36.79362],[-120.90011,36.78533],[-120.89857,36.78077],[-120.89812,36.77301],[-120.89832,36.76321],[-120.89704,36.74996],[-120.90051,36.74996],[-120.90155,36.75643],[-120.90214,36.76581],[-120.90213,36.77732],[-120.9033,36.78378],[-120.90713,36.79316],[-120.908,36.79962],[-120.91188,36.80355],[-120.92409,36.81293],[-120.9274,36.81756],[-120.93636,36.82447],[-120.94447,36.82765],[-120.9476,36.8282],[-120.94537,36.81791],[-120.9486,36.81719],[-120.95255,36.82881],[-120.95848,36.83732],[-120.97047,36.84686],[-120.97569,36.85518],[-120.99383,36.87495],[-120.98983,36.87496]]]}},{"type":"Feature","properties":{"c":"zone"},"geometry":{"type":"Polygon","coordinates":[[[-121.00104,36.8873],[-120.99624,36.881],[-120.98983,36.87496],[-120.99383,36.87496],[-120.99855,36.87895],[-121.00104,36.88226],[-121.00104,36.8873]]]}},{"type":"Feature","properties":{"c":"zone"},"geometry":{"type":"Polygon","coordinates":[[[-121.00104,36.90564],[-120.99007,36.89768],[-120.992,36.89618],[-121.00104,36.90135],[-121.00104,36.90564]]]}},{"type":"Feature","properties":{"c":"zone"},"geometry":{"type":"Polygon","coordinates":[[[-121.14372,37.12496],[-121.13483,37.11155],[-121.12605,37.09365],[-121.12605,37.08629],[-121.13903,37.11181],[-121.14639,37.12301],[-121.14803,37.12496],[-121.14372,37.12496]]]}},{"type":"Feature","properties":{"c":"zone"},"geometry":{"type":"Polygon","coordinates":[[[-121.14578,37.05302],[-121.14075,37.04024],[-121.13113,37.02957],[-121.12605,37.02686],[-121.12605,37.02215],[-121.12962,37.02393],[-121.13628,37.0294],[-121.14415,37.03909],[-121.14935,37.05206],[-121.14578,37.05302]]]}},{"type":"Feature","properties":{"c":"zone"},"geometry":{"type":"Polygon","coordinates":[[[-120.12599,35.57283],[-120.12599,35.57878],[-120.10171,35.55664],[-120.08814,35.54097],[-120.04558,35.49999],[-120.05691,35.49999],[-120.07339,35.52016],[-120.10074,35.54726],[-120.11659,35.56456],[-120.12599,35.57283]]]}},{"type":"Feature","properties":{"c":"zone"},"geometry":{"type":"Polygon","coordinates":[[[-120.0818,35.51866],[-120.07778,35.52005],[-120.07239,35.51008],[-120.06773,35.50788],[-120.05934,35.49999],[-120.06548,35.49999],[-120.07111,35.50498],[-120.07563,35.50663],[-120.0818,35.51866]]]}},{"type":"Feature","properties":{"c":"zone"},"geometry":{"type":"Polygon","coordinates":[[[-121.36867,36.74319],[-121.36189,36.73578],[-121.33687,36.71636],[-121.32327,36.70753],[-121.30334,36.69253],[-121.29483,36.68732],[-121.29074,36.68238],[-121.28093,36.67607],[-121.26649,36.66261],[-121.25892,36.65839],[-121.25105,36.65457],[-121.25105,36.64642],[-121.2612,36.65532],[-121.26895,36.65986],[-121.27486,36.66614],[-121.30451,36.68848],[-121.31097,36.69384],[-121.31849,36.69942],[-121.32528,36.7036],[-121.35179,36.7236],[-121.36358,36.7318],[-121.37606,36.74153],[-121.37606,36.7497],[-121.36867,36.74319]]]}},{"type":"Feature","properties":{"c":"zone"},"geometry":{"type":"Polygon","coordinates":[[[-121.33893,36.74998],[-121.32955,36.74998],[-121.32716,36.74793],[-121.32224,36.74664],[-121.31052,36.74111],[-121.30447,36.73985],[-121.29862,36.73665],[-121.29081,36.73081],[-121.28888,36.73118],[-121.29289,36.73619],[-121.30521,36.7455],[-121.31256,36.74998],[-121.30679,36.74998],[-121.30033,36.74606],[-121.28933,36.73758],[-121.2781,36.72331],[-121.26615,36.71083],[-121.26329,36.7087],[-121.25865,36.7023],[-121.25105,36.69323],[-121.25105,36.68593],[-121.26664,36.70598],[-121.2723,36.71186],[-121.27811,36.71908],[-121.27981,36.71842],[-121.27887,36.71653],[-121.27728,36.71542],[-121.27519,36.71154],[-121.27104,36.70784],[-121.27039,36.70552],[-121.26669,36.70137],[-121.2686,36.70022],[-121.27651,36.7103],[-121.27756,36.71315],[-121.2816,36.71555],[-121.28729,36.72227],[-121.29366,36.72694],[-121.29502,36.72981],[-121.30701,36.73766],[-121.31414,36.73902],[-121.32183,36.7431],[-121.32402,36.74147],[-121.33052,36.74644],[-121.33446,36.74837],[-121.33174,36.74319],[-121.32731,36.73862],[-121.31684,36.7316],[-121.30656,36.72863],[-121.30776,36.72608],[-121.31623,36.72871],[-121.32068,36.73094],[-121.32941,36.73683],[-121.33474,36.74258],[-121.33893,36.74998]]]}},{"type":"Feature","properties":{"c":"zone"},"geometry":{"type":"Polygon","coordinates":[[[-115.94534,32.841],[-115.93907,32.84695],[-115.93537,32.84858],[-115.93308,32.85189],[-115.93014,32.85846],[-115.92566,32.86223],[-115.92143,32.86824],[-115.91516,32.87388],[-115.9109,32.87316],[-115.9084,32.87506],[-115.90486,32.87506],[-115.90612,32.87286],[-115.91375,32.86643],[-115.91326,32.86479],[-115.9166,32.86386],[-115.92224,32.8586],[-115.92607,32.85609],[-115.93318,32.84567],[-115.93912,32.84278],[-115.94257,32.83922],[-115.94534,32.841]]]}},{"type":"Feature","properties":{"c":"zone"},"geometry":{"type":"Polygon","coordinates":[[[-115.90782,32.86762],[-115.90508,32.86624],[-115.91259,32.85754],[-115.91541,32.859],[-115.90782,32.86762]]]}},{"type":"Feature","properties":{"c":"zone"},"geometry":{"type":"Polygon","coordinates":[[[-115.96418,32.80471],[-115.96065,32.81036],[-115.95862,32.81718],[-115.95825,32.82636],[-115.95686,32.83152],[-115.95341,32.83392],[-115.95013,32.8384],[-115.94996,32.84336],[-115.94217,32.85948],[-115.93937,32.85858],[-115.94676,32.84367],[-115.94719,32.83647],[-115.94641,32.83481],[-115.95246,32.83185],[-115.95479,32.82703],[-115.95531,32.81656],[-115.95716,32.81072],[-115.95717,32.80639],[-115.95435,32.80914],[-115.95209,32.80766],[-115.95949,32.80112],[-115.96072,32.7984],[-115.96023,32.79676],[-115.96261,32.79506],[-115.96387,32.79156],[-115.96933,32.78228],[-115.97002,32.77683],[-115.97347,32.76905],[-115.96605,32.76732],[-115.96253,32.7676],[-115.95847,32.76932],[-115.95811,32.76701],[-115.96092,32.76314],[-115.96586,32.76242],[-115.97108,32.76308],[-115.97398,32.75849],[-115.98088,32.75006],[-115.98441,32.75007],[-115.98175,32.75483],[-115.97356,32.76572],[-115.98403,32.76931],[-115.99642,32.77082],[-116.00086,32.77266],[-116.00086,32.77554],[-115.98211,32.77177],[-115.97658,32.7697],[-115.97287,32.77901],[-115.97377,32.78311],[-115.96655,32.79466],[-115.96644,32.79654],[-115.96176,32.80294],[-115.96418,32.80471]]]}},{"type":"Feature","properties":{"c":"zone"},"geometry":{"type":"Polygon","coordinates":[[[-115.97571,32.75234],[-115.97419,32.75533],[-115.96736,32.7535],[-115.96399,32.75007],[-115.96858,32.75006],[-115.97571,32.75234]]]}},{"type":"Feature","properties":{"c":"zone"},"geometry":{"type":"Polygon","coordinates":[[[-119.80204,35.24999],[-119.75098,35.20231],[-119.75098,35.19577],[-119.7834,35.22485],[-119.78491,35.22874],[-119.8084,35.24999],[-119.80204,35.24999]]]}},{"type":"Feature","properties":{"c":"zone"},"geometry":{"type":"Polygon","coordinates":[[[-117.01949,33.37505],[-117.01566,33.36921],[-117.01041,33.35007],[-117.00897,33.34329],[-117.00418,33.33678],[-117.0064,33.3356],[-117.0133,33.3449],[-117.01529,33.35592],[-117.02352,33.37505],[-117.01949,33.37505]]]}},{"type":"Feature","properties":{"c":"zone"},"geometry":{"type":"Polygon","coordinates":[[[-118.11153,34.56611],[-118.11155,34.56835],[-118.07978,34.5535],[-118.06291,34.5449],[-118.0629,34.5427],[-118.07617,34.54691],[-118.08746,34.55249],[-118.08188,34.55291],[-118.103,34.562],[-118.11153,34.56611]]]}},{"type":"Feature","properties":{"c":"zone"},"geometry":{"type":"Polygon","coordinates":[[[-118.12592,34.55914],[-118.12417,34.55925],[-118.10285,34.54858],[-118.07975,34.53955],[-118.0783,34.54129],[-118.09175,34.54735],[-118.09258,34.5464],[-118.10253,34.55222],[-118.11756,34.55795],[-118.11003,34.55798],[-118.0671,34.54032],[-118.03512,34.52497],[-118.02761,34.52412],[-118.02351,34.52082],[-118.00091,34.50982],[-118.00091,34.50257],[-118.01282,34.50704],[-118.02369,34.50886],[-118.04763,34.51372],[-118.06275,34.52115],[-118.07218,34.52363],[-118.08467,34.5314],[-118.10199,34.54375],[-118.12592,34.55432],[-118.12592,34.55914]]]}},{"type":"Feature","properties":{"c":"zone"},"geometry":{"type":"Polygon","coordinates":[[[-117.72176,35.71134],[-117.72449,35.71125],[-117.72536,35.71267],[-117.72528,35.7166],[-117.72776,35.71667],[-117.72763,35.71974],[-117.72934,35.71979],[-117.72871,35.72849],[-117.72598,35.72832],[-117.72644,35.72314],[-117.72475,35.72309],[-117.72496,35.71824],[-117.72234,35.718],[-117.72234,35.7152],[-117.72176,35.71134]]]}},{"type":"Feature","properties":{"c":"zone"},"geometry":{"type":"Polygon","coordinates":[[[-117.26543,36.40359],[-117.26233,36.40241],[-117.2655,36.39673],[-117.26776,36.38579],[-117.26765,36.38065],[-117.26845,36.37496],[-117.27186,36.37496],[-117.27152,36.37847],[-117.27173,36.38557],[-117.26887,36.39766],[-117.26543,36.40359]]]}},{"type":"Feature","properties":{"c":"zone"},"geometry":{"type":"Polygon","coordinates":[[[-117.37591,36.39695],[-117.37396,36.39333],[-117.37387,36.38969],[-117.37531,36.38735],[-117.37196,36.38108],[-117.36712,36.37495],[-117.3713,36.37495],[-117.37591,36.38136],[-117.37591,36.39695]]]}},{"type":"Feature","properties":{"c":"zone"},"geometry":{"type":"Polygon","coordinates":[[[-117.43466,36.3226],[-117.43192,36.32435],[-117.42878,36.32102],[-117.42343,36.30637],[-117.42204,36.29751],[-117.42053,36.29492],[-117.41814,36.2814],[-117.41929,36.26627],[-117.41687,36.25382],[-117.41433,36.24996],[-117.41837,36.24996],[-117.42052,36.25318],[-117.42353,36.26984],[-117.42213,36.27439],[-117.4217,36.2828],[-117.42314,36.28654],[-117.4237,36.29388],[-117.42553,36.29687],[-117.42651,36.30523],[-117.42828,36.30877],[-117.42992,36.31511],[-117.43215,36.32004],[-117.43466,36.3226]]]}},{"type":"Feature","properties":{"c":"zone"},"geometry":{"type":"Polygon","coordinates":[[[-119.73234,35.20137],[-119.72975,35.20327],[-119.7034,35.17919],[-119.70612,35.17704],[-119.73234,35.20137]]]}},{"type":"Feature","properties":{"c":"zone"},"geometry":{"type":"Polygon","coordinates":[[[-119.75098,35.19577],[-119.75098,35.20231],[-119.73054,35.18687],[-119.72054,35.17808],[-119.72031,35.17504],[-119.69109,35.15083],[-119.68816,35.15293],[-119.67093,35.14174],[-119.67435,35.13823],[-119.65815,35.12668],[-119.6508,35.12498],[-119.66282,35.12499],[-119.67331,35.1311],[-119.68519,35.13922],[-119.75098,35.19577]]]}},{"type":"Feature","properties":{"c":"zone"},"geometry":{"type":"Polygon","coordinates":[[[-119.64517,35.13229],[-119.64024,35.12498],[-119.64696,35.12498],[-119.64872,35.13053],[-119.64517,35.13229]]]}},{"type":"Feature","properties":{"c":"zone"},"geometry":{"type":"Polygon","coordinates":[[[-120.501,35.9579],[-120.49151,35.94992],[-120.48771,35.94784],[-120.48328,35.94218],[-120.46573,35.92763],[-120.4593,35.92066],[-120.45326,35.91556],[-120.43788,35.89979],[-120.42728,35.89066],[-120.41055,35.87498],[-120.41522,35.87498],[-120.4441,35.90126],[-120.45596,35.91361],[-120.46282,35.91925],[-120.46849,35.92569],[-120.47278,35.92889],[-120.47627,35.93245],[-120.48157,35.93557],[-120.49143,35.94566],[-120.501,35.95412],[-120.501,35.9579]]]}},{"type":"Feature","properties":{"c":"zone"},"geometry":{"type":"Polygon","coordinates":[[[-120.47052,35.91655],[-120.45106,35.89947],[-120.44616,35.89121],[-120.44417,35.88942],[-120.44319,35.88682],[-120.43509,35.87903],[-120.43177,35.87499],[-120.43453,35.87498],[-120.43666,35.87755],[-120.44629,35.88622],[-120.45222,35.89676],[-120.45955,35.90387],[-120.46338,35.90664],[-120.47231,35.91528],[-120.47052,35.91655]]]}},{"type":"Feature","properties":{"c":"zone"},"geometry":{"type":"Polygon","coordinates":[[[-118.75094,34.89264],[-118.75094,34.88819],[-118.76409,34.88377],[-118.77812,34.87499],[-118.78897,34.87499],[-118.77212,34.8844],[-118.75461,34.8923],[-118.75094,34.89264]]]}},{"type":"Feature","properties":{"c":"zone"},"geometry":{"type":"Polygon","coordinates":[[[-117.75425,35.74996],[-117.75091,35.7563],[-117.75091,35.74996],[-117.75425,35.74996]]]}},{"type":"Feature","properties":{"c":"zone"},"geometry":{"type":"Polygon","coordinates":[[[-117.75938,35.8625],[-117.75178,35.86213],[-117.75091,35.8485],[-117.75091,35.80599],[-117.76376,35.82927],[-117.76173,35.85664],[-117.75938,35.8625]]]}},{"type":"Feature","properties":{"c":"zone"},"geometry":{"type":"Polygon","coordinates":[[[-117.7632,35.82143],[-117.76093,35.82141],[-117.76158,35.81698],[-117.76384,35.81728],[-117.7632,35.82143]]]}},{"type":"Feature","properties":{"c":"zone"},"geometry":{"type":"Polygon","coordinates":[[[-117.77973,35.84343],[-117.77692,35.84504],[-117.77102,35.83611],[-117.75911,35.80049],[-117.76259,35.79976],[-117.76921,35.81833],[-117.77532,35.83667],[-117.77973,35.84343]]]}},{"type":"Feature","properties":{"c":"zone"},"geometry":{"type":"Polygon","coordinates":[[[-117.78065,35.87497],[-117.77449,35.87496],[-117.77097,35.87266],[-117.76939,35.8648],[-117.76959,35.85981],[-117.76233,35.85485],[-117.76331,35.85359],[-117.76871,35.85466],[-117.76816,35.8476],[-117.77166,35.84759],[-117.77277,35.86179],[-117.77698,35.86224],[-117.77741,35.86885],[-117.78129,35.87009],[-117.78065,35.87497]]]}},{"type":"Feature","properties":{"c":"zone"},"geometry":{"type":"Polygon","coordinates":[[[-117.78651,35.82066],[-117.78115,35.82734],[-117.78236,35.82977],[-117.77916,35.83085],[-117.769,35.80814],[-117.75855,35.79482],[-117.75385,35.78007],[-117.75434,35.76718],[-117.75106,35.7663],[-117.75319,35.75911],[-117.75653,35.75965],[-117.75943,35.76367],[-117.75768,35.77822],[-117.76381,35.78788],[-117.76711,35.79791],[-117.77591,35.81304],[-117.78058,35.80977],[-117.78208,35.81087],[-117.77698,35.81723],[-117.77863,35.82088],[-117.78235,35.8182],[-117.78651,35.82066]]]}},{"type":"Feature","properties":{"c":"zone"},"geometry":{"type":"Polygon","coordinates":[[[-117.79581,35.80864],[-117.79284,35.80983],[-117.78841,35.80103],[-117.78819,35.79578],[-117.78563,35.79541],[-117.78582,35.78488],[-117.78357,35.77776],[-117.78687,35.77701],[-117.78925,35.78497],[-117.78896,35.79295],[-117.79135,35.78617],[-117.79365,35.78687],[-117.79185,35.80032],[-117.79581,35.80864]]]}},{"type":"Feature","properties":{"c":"zone"},"geometry":{"type":"Polygon","coordinates":[[[-117.82015,35.82232],[-117.82427,35.82592],[-117.82744,35.82724],[-117.82022,35.83708],[-117.8174,35.83556],[-117.81951,35.83241],[-117.81638,35.83117],[-117.82015,35.82232]]]}},{"type":"Feature","properties":{"c":"zone"},"geometry":{"type":"Polygon","coordinates":[[[-117.82923,35.83852],[-117.82567,35.8378],[-117.82786,35.83051],[-117.83116,35.83095],[-117.82923,35.83852]]]}},{"type":"Feature","properties":{"c":"zone"},"geometry":{"type":"Polygon","coordinates":[[[-117.83946,35.83637],[-117.83606,35.83707],[-117.83202,35.82423],[-117.83075,35.82409],[-117.82987,35.81085],[-117.8335,35.8106],[-117.83362,35.81772],[-117.83553,35.81754],[-117.83615,35.82581],[-117.83946,35.83637]]]}},{"type":"Feature","properties":{"c":"zone"},"geometry":{"type":"Polygon","coordinates":[[[-117.82888,35.81822],[-117.82677,35.81855],[-117.82549,35.81171],[-117.82736,35.81133],[-117.82888,35.81822]]]}},{"type":"Feature","properties":{"c":"zone"},"geometry":{"type":"Polygon","coordinates":[[[-117.85653,35.87496],[-117.85157,35.87496],[-117.84614,35.86783],[-117.84814,35.86374],[-117.84646,35.86036],[-117.84446,35.85934],[-117.84218,35.8621],[-117.83598,35.85956],[-117.8373,35.85685],[-117.83495,35.85544],[-117.83786,35.85236],[-117.83541,35.84992],[-117.84388,35.83945],[-117.84693,35.84099],[-117.84252,35.84834],[-117.84816,35.8443],[-117.85072,35.84617],[-117.84237,35.85281],[-117.84025,35.85952],[-117.84406,35.85477],[-117.84607,35.85603],[-117.84846,35.85354],[-117.85072,35.85463],[-117.85188,35.86412],[-117.85017,35.86707],[-117.85198,35.86934],[-117.85319,35.8638],[-117.85574,35.86407],[-117.85495,35.86965],[-117.85653,35.87496]]]}},{"type":"Feature","properties":{"c":"zone"},"geometry":{"type":"Polygon","coordinates":[[[-117.12588,33.48552],[-117.11598,33.47893],[-117.10789,33.47121],[-117.09907,33.46428],[-117.08714,33.45353],[-117.08062,33.44329],[-117.07165,33.43633],[-117.06055,33.43023],[-117.05409,33.42524],[-117.0481,33.41743],[-117.03616,33.4072],[-117.034,33.39587],[-117.02981,33.3888],[-117.01949,33.37505],[-117.02352,33.37505],[-117.03228,33.3866],[-117.03621,33.39287],[-117.04308,33.40785],[-117.04872,33.41322],[-117.05721,33.42366],[-117.066,33.43027],[-117.07977,33.437],[-117.09152,33.44757],[-117.08858,33.44837],[-117.09135,33.45346],[-117.10096,33.4619],[-117.12588,33.48178],[-117.12588,33.48552]]]}},{"type":"Feature","properties":{"c":"zone"},"geometry":{"type":"Polygon","coordinates":[[[-117.12083,33.46669],[-117.11874,33.46725],[-117.11765,33.46462],[-117.11527,33.46266],[-117.11437,33.45995],[-117.11087,33.45863],[-117.10231,33.45173],[-117.10344,33.45028],[-117.11255,33.45751],[-117.11385,33.45727],[-117.11628,33.45933],[-117.11698,33.46167],[-117.11875,33.46311],[-117.12194,33.46421],[-117.12587,33.46471],[-117.12588,33.46673],[-117.12016,33.46554],[-117.12083,33.46669]]]}},{"type":"Feature","properties":{"c":"zone"},"geometry":{"type":"Polygon","coordinates":[[[-121.30025,35.74999],[-121.29445,35.74487],[-121.28967,35.73866],[-121.28649,35.73555],[-121.27955,35.73143],[-121.26496,35.71847],[-121.25512,35.70861],[-121.25105,35.70733],[-121.25105,35.69641],[-121.25547,35.69969],[-121.2746,35.72014],[-121.2809,35.72811],[-121.28905,35.73369],[-121.29251,35.73714],[-121.29712,35.74318],[-121.30099,35.74619],[-121.30405,35.74999],[-121.30025,35.74999]]]}},{"type":"Feature","properties":{"c":"zone"},"geometry":{"type":"Polygon","coordinates":[[[-117.02734,35.60299],[-117.01139,35.60392],[-117.00819,35.60134],[-117.00089,35.60224],[-117.00089,35.59809],[-117.0377,35.59247],[-117.08895,35.58217],[-117.12589,35.57387],[-117.12589,35.57887],[-117.11197,35.58145],[-117.08231,35.58888],[-117.07559,35.59101],[-117.06792,35.59178],[-117.06591,35.59111],[-117.02979,35.59825],[-117.02734,35.60299]]]}},{"type":"Feature","properties":{"c":"zone"},"geometry":{"type":"Polygon","coordinates":[[[-117.11985,35.58817],[-117.11957,35.58504],[-117.12589,35.58368],[-117.12589,35.58714],[-117.11985,35.58817]]]}},{"type":"Feature","properties":{"c":"zone"},"geometry":{"type":"Polygon","coordinates":[[[-117.18459,35.58907],[-117.15867,35.59046],[-117.1573,35.58658],[-117.18132,35.58574],[-117.18432,35.58199],[-117.19939,35.57914],[-117.21056,35.57539],[-117.22221,35.57649],[-117.23355,35.57448],[-117.24478,35.5757],[-117.24232,35.57892],[-117.23365,35.57894],[-117.22917,35.58056],[-117.21615,35.58033],[-117.20868,35.58458],[-117.19799,35.5888],[-117.1892,35.59053],[-117.18459,35.58907]]]}},{"type":"Feature","properties":{"c":"zone"},"geometry":{"type":"Polygon","coordinates":[[[-117.12589,35.58368],[-117.14788,35.57956],[-117.14899,35.58314],[-117.12589,35.58714],[-117.12589,35.58368]]]}},{"type":"Feature","properties":{"c":"zone"},"geometry":{"type":"Polygon","coordinates":[[[-117.12589,35.57887],[-117.12589,35.56861],[-117.14888,35.56696],[-117.17121,35.56292],[-117.18577,35.56103],[-117.25089,35.5479],[-117.25089,35.55162],[-117.19088,35.56426],[-117.16912,35.56828],[-117.14959,35.57364],[-117.12589,35.57887]]]}},{"type":"Feature","properties":{"c":"zone"},"geometry":{"type":"Polygon","coordinates":[[[-117.12872,35.55687],[-117.16381,35.54198],[-117.17875,35.53878],[-117.18039,35.54045],[-117.16547,35.54914],[-117.1507,35.55541],[-117.1483,35.55226],[-117.1307,35.55962],[-117.12872,35.55687]]]}},{"type":"Feature","properties":{"c":"zone"},"geometry":{"type":"Polygon","coordinates":[[[-117.17582,35.52505],[-117.19066,35.51678],[-117.20207,35.51233],[-117.20609,35.51315],[-117.2003,35.52004],[-117.19381,35.52419],[-117.17914,35.52709],[-117.17582,35.52505]]]}},{"type":"Feature","properties":{"c":"zone"},"geometry":{"type":"Polygon","coordinates":[[[-118.87594,34.39828],[-118.86475,34.39863],[-118.86354,34.40118],[-118.85721,34.39971],[-118.85289,34.39981],[-118.84957,34.39864],[-118.84328,34.40053],[-118.83602,34.40745],[-118.83488,34.41249],[-118.83002,34.41327],[-118.82807,34.40982],[-118.82096,34.40801],[-118.81764,34.40973],[-118.80852,34.41277],[-118.80313,34.4141],[-118.79881,34.41605],[-118.79461,34.4161],[-118.79459,34.41314],[-118.79734,34.41309],[-118.80253,34.41083],[-118.8041,34.40952],[-118.8077,34.40926],[-118.81442,34.40717],[-118.82125,34.4044],[-118.82385,34.40445],[-118.83063,34.40698],[-118.83212,34.40608],[-118.8406,34.39766],[-118.84967,34.39503],[-118.85372,34.39648],[-118.86275,34.39573],[-118.86675,34.39264],[-118.87594,34.39494],[-118.87594,34.39828]]]}},{"type":"Feature","properties":{"c":"zone"},"geometry":{"type":"Polygon","coordinates":[[[-119.41587,34.33884],[-119.4055,34.33834],[-119.40297,34.3386],[-119.39806,34.33764],[-119.39397,34.33889],[-119.38429,34.33552],[-119.38483,34.33326],[-119.39515,34.33509],[-119.41209,34.33598],[-119.41587,34.33884]]]}},{"type":"Feature","properties":{"c":"zone"},"geometry":{"type":"Polygon","coordinates":[[[-119.45471,34.37008],[-119.42235,34.35925],[-119.41336,34.35942],[-119.40049,34.35677],[-119.40335,34.34991],[-119.41967,34.35641],[-119.43196,34.35905],[-119.44998,34.3664],[-119.45327,34.36692],[-119.45607,34.37027],[-119.45471,34.37008]]]}},{"type":"Feature","properties":{"c":"zone"},"geometry":{"type":"Polygon","coordinates":[[[-121.34927,41.1249],[-121.34514,41.1249],[-121.33921,41.12394],[-121.3359,41.11811],[-121.33232,41.10982],[-121.33255,41.10648],[-121.31331,41.08658],[-121.3147,41.07529],[-121.31675,41.0717],[-121.31787,41.06768],[-121.31502,41.05618],[-121.3073,41.05092],[-121.29567,41.04478],[-121.2867,41.03746],[-121.28155,41.03056],[-121.28462,41.02924],[-121.28952,41.03562],[-121.29794,41.04284],[-121.30943,41.04872],[-121.31671,41.05363],[-121.32595,41.06188],[-121.32314,41.06366],[-121.32103,41.06278],[-121.32083,41.07196],[-121.31798,41.07637],[-121.32152,41.0818],[-121.3224,41.08654],[-121.32999,41.09517],[-121.33068,41.1],[-121.33581,41.10529],[-121.33608,41.10976],[-121.33811,41.11396],[-121.3463,41.12115],[-121.34927,41.1249]]]}},{"type":"Feature","properties":{"c":"zone"},"geometry":{"type":"Polygon","coordinates":[[[-121.36425,41.07862],[-121.36979,41.08308],[-121.37334,41.08506],[-121.3761,41.08787],[-121.3761,41.09203],[-121.37102,41.08709],[-121.36715,41.08489],[-121.3612,41.08023],[-121.35478,41.07358],[-121.34785,41.06824],[-121.35048,41.0665],[-121.35728,41.07172],[-121.36425,41.07862]]]}},{"type":"Feature","properties":{"c":"zone"},"geometry":{"type":"Polygon","coordinates":[[[-121.37504,41.00978],[-121.3761,41.0142],[-121.3761,41.01954],[-121.37232,41.01181],[-121.3692,41.00944],[-121.36473,40.9999],[-121.36862,40.9999],[-121.37204,41.00747],[-121.37504,41.00978]]]}},{"type":"Feature","properties":{"c":"zone"},"geometry":{"type":"Polygon","coordinates":[[[-123.34642,38.62493],[-123.34064,38.62493],[-123.32098,38.61001],[-123.30436,38.58805],[-123.29068,38.57606],[-123.28015,38.56417],[-123.25113,38.53662],[-123.25113,38.5301],[-123.2567,38.53217],[-123.25818,38.53779],[-123.27036,38.54572],[-123.29219,38.57049],[-123.29905,38.57714],[-123.3044,38.57674],[-123.31774,38.59609],[-123.34642,38.62493]]]}},{"type":"Feature","properties":{"c":"zone"},"geometry":{"type":"Polygon","coordinates":[[[-123.37967,38.62492],[-123.37417,38.61929],[-123.37791,38.61709],[-123.38506,38.62492],[-123.37967,38.62492]]]}},{"type":"Feature","properties":{"c":"zone"},"geometry":{"type":"Polygon","coordinates":[[[-115.8604,32.75006],[-115.84716,32.76553],[-115.83675,32.77147],[-115.83482,32.76928],[-115.84565,32.76301],[-115.85443,32.75211],[-115.85424,32.75006],[-115.8604,32.75006]]]}},{"type":"Feature","properties":{"c":"zone"},"geometry":{"type":"Polygon","coordinates":[[[-115.83356,32.75006],[-115.83312,32.75431],[-115.82992,32.75413],[-115.83026,32.75006],[-115.83356,32.75006]]]}},{"type":"Feature","properties":{"c":"zone"},"geometry":{"type":"Polygon","coordinates":[[[-115.95308,33.00007],[-115.94583,33.00007],[-115.93404,32.99431],[-115.93621,32.9913],[-115.95308,33.00007]]]}},{"type":"Feature","properties":{"c":"zone"},"geometry":{"type":"Polygon","coordinates":[[[-115.87585,32.9738],[-115.87585,32.9687],[-115.88484,32.97493],[-115.88237,32.97754],[-115.87585,32.9738]]]}},{"type":"Feature","properties":{"c":"zone"},"geometry":{"type":"Polygon","coordinates":[[[-119.04101,34.99253],[-119.03971,34.99403],[-119.02941,34.9869],[-119.02537,34.98704],[-119.02153,34.98291],[-119.01284,34.98325],[-119.0109,34.98061],[-119.00554,34.9779],[-119.00235,34.9745],[-119.00095,34.97423],[-119.00095,34.97125],[-119.00766,34.973],[-119.00734,34.97498],[-119.0116,34.97797],[-119.01671,34.97767],[-119.01881,34.9801],[-119.02364,34.98012],[-119.02707,34.98424],[-119.03077,34.98368],[-119.03842,34.98838],[-119.04101,34.99253]]]}},{"type":"Feature","properties":{"c":"zone"},"geometry":{"type":"Polygon","coordinates":[[[-123.7018,38.9999],[-123.68196,38.99993],[-123.65949,38.97728],[-123.65559,38.96945],[-123.63304,38.94414],[-123.6359,38.94214],[-123.62614,38.93169],[-123.62614,38.91415],[-123.64282,38.92507],[-123.67438,38.94429],[-123.67183,38.94682],[-123.65794,38.93809],[-123.65561,38.94018],[-123.67274,38.95267],[-123.68257,38.962],[-123.6799,38.96394],[-123.66873,38.95424],[-123.64272,38.93549],[-123.65144,38.94698],[-123.67267,38.9637],[-123.68702,38.97247],[-123.69672,38.97719],[-123.70919,38.99053],[-123.70764,38.99353],[-123.69557,38.98052],[-123.68613,38.97525],[-123.6819,38.97506],[-123.68765,38.98057],[-123.7018,38.9999]]]}},{"type":"Feature","properties":{"c":"zone"},"geometry":{"type":"Polygon","coordinates":[[[-118.77677,34.03577],[-118.7567,34.03636],[-118.75093,34.03762],[-118.75093,34.03352],[-118.75283,34.03383],[-118.76896,34.03291],[-118.77668,34.0331],[-118.77677,34.03577]]]}},{"type":"Feature","properties":{"c":"zone"},"geometry":{"type":"Polygon","coordinates":[[[-117.16762,32.66183],[-117.16659,32.67474],[-117.16711,32.68055],[-117.16681,32.68488],[-117.16551,32.68961],[-117.16388,32.69219],[-117.15604,32.699],[-117.15375,32.71041],[-117.15372,32.71362],[-117.1547,32.71778],[-117.15474,32.71941],[-117.15203,32.71942],[-117.14783,32.7099],[-117.14775,32.69851],[-117.14942,32.695],[-117.15367,32.68925],[-117.15388,32.68306],[-117.15128,32.67406],[-117.1506,32.66926],[-117.15431,32.6689],[-117.15438,32.67336],[-117.15837,32.6867],[-117.1607,32.68677],[-117.16278,32.68036],[-117.16202,32.67504],[-117.16344,32.66159],[-117.16762,32.66183]]]}},{"type":"Feature","properties":{"c":"zone"},"geometry":{"type":"Polygon","coordinates":[[[-117.19018,32.70077],[-117.18706,32.69948],[-117.1928,32.68606],[-117.19414,32.682],[-117.19734,32.68269],[-117.19018,32.70077]]]}},{"type":"Feature","properties":{"c":"zone"},"geometry":{"type":"Polygon","coordinates":[[[-122.87612,38.13633],[-122.86596,38.12493],[-122.87612,38.12493],[-122.87612,38.13633]]]}},{"type":"Feature","properties":{"c":"zone"},"geometry":{"type":"Polygon","coordinates":[[[-118.31892,37.36592],[-118.31518,37.36679],[-118.31118,37.36625],[-118.31243,37.36138],[-118.3089,37.35205],[-118.30417,37.34655],[-118.3006,37.34542],[-118.29768,37.335],[-118.29895,37.33179],[-118.29273,37.32551],[-118.2904,37.32545],[-118.28866,37.32258],[-118.28865,37.31987],[-118.28639,37.31674],[-118.28219,37.31673],[-118.28235,37.31397],[-118.2802,37.30567],[-118.27702,37.29953],[-118.27438,37.29723],[-118.2739,37.29344],[-118.2719,37.28928],[-118.26795,37.27496],[-118.26968,37.27146],[-118.26969,37.26545],[-118.26793,37.26147],[-118.26076,37.25609],[-118.26106,37.24994],[-118.26526,37.24994],[-118.26407,37.25161],[-118.26464,37.25509],[-118.27048,37.25954],[-118.27309,37.26327],[-118.27323,37.27085],[-118.27498,37.27435],[-118.27248,37.27856],[-118.27514,37.288],[-118.27958,37.29352],[-118.28621,37.31107],[-118.2902,37.31616],[-118.29256,37.32071],[-118.29998,37.32769],[-118.30407,37.33414],[-118.30402,37.33729],[-118.30852,37.34289],[-118.30904,37.34535],[-118.31624,37.35911],[-118.31892,37.36592]]]}},{"type":"Feature","properties":{"c":"zone"},"geometry":{"type":"Polygon","coordinates":[[[-118.28576,37.33457],[-118.28297,37.33458],[-118.28294,37.33035],[-118.28037,37.32674],[-118.28244,37.32577],[-118.28543,37.32984],[-118.28576,37.33457]]]}},{"type":"Feature","properties":{"c":"zone"},"geometry":{"type":"Polygon","coordinates":[[[-118.2987,37.34967],[-118.29584,37.35032],[-118.29434,37.34612],[-118.29437,37.33806],[-118.29378,37.33625],[-118.2962,37.33571],[-118.29744,37.33969],[-118.29714,37.34562],[-118.2987,37.34967]]]}},{"type":"Feature","properties":{"c":"zone"},"geometry":{"type":"Polygon","coordinates":[[[-118.30773,37.37495],[-118.30411,37.37495],[-118.3046,37.37207],[-118.30813,37.37253],[-118.30773,37.37495]]]}},{"type":"Feature","properties":{"c":"zone"},"geometry":{"type":"Polygon","coordinates":[[[-118.30411,37.37495],[-118.30034,37.37495],[-118.30025,37.37087],[-118.29667,37.36469],[-118.29667,37.36157],[-118.29579,37.35871],[-118.29803,37.35822],[-118.29894,37.36044],[-118.29894,37.36359],[-118.30121,37.36632],[-118.30352,37.36662],[-118.30308,37.36903],[-118.30411,37.37495]]]}},{"type":"Feature","properties":{"c":"zone"},"geometry":{"type":"Polygon","coordinates":[[[-118.37475,37.37471],[-118.37309,37.37422],[-118.37595,37.3686],[-118.37595,37.37206],[-118.37475,37.37471]]]}},{"type":"Feature","properties":{"c":"zone"},"geometry":{"type":"Polygon","coordinates":[[[-118.37595,37.36549],[-118.37408,37.3643],[-118.37595,37.36259],[-118.37595,37.36549]]]}},{"type":"Feature","properties":{"c":"zone"},"geometry":{"type":"Polygon","coordinates":[[[-118.37098,37.34014],[-118.36986,37.33932],[-118.37243,37.33683],[-118.37595,37.3348],[-118.37595,37.33637],[-118.37343,37.33794],[-118.37098,37.34014]]]}},{"type":"Feature","properties":{"c":"zone"},"geometry":{"type":"Polygon","coordinates":[[[-118.37595,37.33163],[-118.37491,37.33225],[-118.3734,37.3307],[-118.37595,37.32914],[-118.37595,37.33163]]]}},{"type":"Feature","properties":{"c":"zone"},"geometry":{"type":"Polygon","coordinates":[[[-118.37595,37.32067],[-118.37498,37.32129],[-118.37398,37.32033],[-118.37595,37.31896],[-118.37595,37.32067]]]}},{"type":"Feature","properties":{"c":"zone"},"geometry":{"type":"Polygon","coordinates":[[[-118.37595,37.31896],[-118.37449,37.31763],[-118.37595,37.31553],[-118.37595,37.31896]]]}},{"type":"Feature","properties":{"c":"zone"},"geometry":{"type":"Polygon","coordinates":[[[-118.37595,37.30973],[-118.3746,37.3087],[-118.37595,37.30423],[-118.37595,37.30973]]]}},{"type":"Feature","properties":{"c":"zone"},"geometry":{"type":"Polygon","coordinates":[[[-118.36456,37.31186],[-118.36007,37.311],[-118.36263,37.30827],[-118.36475,37.30341],[-118.36727,37.30407],[-118.367,37.30962],[-118.36456,37.31186]]]}},{"type":"Feature","properties":{"c":"zone"},"geometry":{"type":"Polygon","coordinates":[[[-118.37595,37.2596],[-118.37366,37.25722],[-118.37265,37.24994],[-118.37595,37.24993],[-118.37595,37.2596]]]}},{"type":"Feature","properties":{"c":"zone"},"geometry":{"type":"Polygon","coordinates":[[[-119.3118,35.7192],[-119.3099,35.72008],[-119.30111,35.70792],[-119.30043,35.6969],[-119.30084,35.68622],[-119.30296,35.68625],[-119.30321,35.70317],[-119.30537,35.71012],[-119.3118,35.7192]]]}},{"type":"Feature","properties":{"c":"zone"},"geometry":{"type":"Polygon","coordinates":[[[-121.57862,41.39625],[-121.57636,41.39677],[-121.57421,41.39096],[-121.57357,41.3827],[-121.57576,41.38244],[-121.57657,41.39014],[-121.57862,41.39625]]]}},{"type":"Feature","properties":{"c":"zone"},"geometry":{"type":"Polygon","coordinates":[[[-121.57085,41.38251],[-121.56768,41.38358],[-121.56241,41.3749],[-121.56903,41.3749],[-121.56813,41.37722],[-121.57085,41.38251]]]}},{"type":"Feature","properties":{"c":"zone"},"geometry":{"type":"Polygon","coordinates":[[[-121.54813,41.3749],[-121.55054,41.3749],[-121.55043,41.37892],[-121.552,41.38704],[-121.55203,41.39026],[-121.55083,41.39993],[-121.55516,41.40777],[-121.55522,41.41086],[-121.55306,41.41094],[-121.55286,41.40823],[-121.54852,41.40012],[-121.54986,41.38997],[-121.54805,41.379],[-121.54813,41.3749]]]}},{"type":"Feature","properties":{"c":"zone"},"geometry":{"type":"Polygon","coordinates":[[[-121.53878,41.3749],[-121.54105,41.3749],[-121.54321,41.38345],[-121.54111,41.38368],[-121.53878,41.3749]]]}},{"type":"Feature","properties":{"c":"zone"},"geometry":{"type":"Polygon","coordinates":[[[-121.52377,41.3749],[-121.52604,41.3749],[-121.53036,41.3816],[-121.53144,41.3852],[-121.532,41.3938],[-121.53298,41.40058],[-121.53081,41.40083],[-121.52937,41.3939],[-121.52881,41.38529],[-121.52783,41.38224],[-121.52377,41.3749]]]}},{"type":"Feature","properties":{"c":"zone"},"geometry":{"type":"Polygon","coordinates":[[[-121.62612,41.44066],[-121.62612,41.44534],[-121.61621,41.43545],[-121.6065,41.42217],[-121.59773,41.4135],[-121.59279,41.40562],[-121.59007,41.40345],[-121.57926,41.38853],[-121.57788,41.38501],[-121.56903,41.3749],[-121.57225,41.3749],[-121.58098,41.38334],[-121.58339,41.38873],[-121.59336,41.40212],[-121.59563,41.40404],[-121.60051,41.41182],[-121.60979,41.4206],[-121.61207,41.42421],[-121.61859,41.43282],[-121.62612,41.44066]]]}},{"type":"Feature","properties":{"c":"zone"},"geometry":{"type":"Polygon","coordinates":[[[-122.87612,39.35688],[-122.87002,39.34679],[-122.86547,39.33737],[-122.85855,39.33037],[-122.85418,39.32365],[-122.85352,39.3204],[-122.84531,39.31574],[-122.84097,39.31074],[-122.83188,39.3051],[-122.81719,39.29059],[-122.80438,39.26902],[-122.80143,39.26736],[-122.79676,39.26333],[-122.78794,39.25671],[-122.79045,39.25463],[-122.79982,39.26162],[-122.80384,39.2654],[-122.80734,39.26736],[-122.81457,39.27829],[-122.82472,39.29128],[-122.83102,39.29797],[-122.84258,39.30787],[-122.84808,39.31345],[-122.85619,39.31792],[-122.86117,39.32331],[-122.86083,39.32652],[-122.86743,39.33439],[-122.87008,39.33868],[-122.87334,39.33907],[-122.87612,39.34683],[-122.87612,39.35688]]]}},{"type":"Feature","properties":{"c":"zone"},"geometry":{"type":"Polygon","coordinates":[[[-117.7509,33.89223],[-117.75091,33.89545],[-117.71602,33.88325],[-117.71203,33.88256],[-117.70318,33.87935],[-117.70415,33.87723],[-117.73016,33.88333],[-117.73633,33.8872],[-117.7509,33.89223]]]}},{"type":"Feature","properties":{"c":"zone"},"geometry":{"type":"Polygon","coordinates":[[[-117.6259,33.8857],[-117.6259,33.87842],[-117.63237,33.8825],[-117.64007,33.88613],[-117.63857,33.88859],[-117.63126,33.88513],[-117.63807,33.89295],[-117.64792,33.90512],[-117.65544,33.9126],[-117.65737,33.91503],[-117.66059,33.91632],[-117.6598,33.91812],[-117.66299,33.91962],[-117.67362,33.92852],[-117.67965,33.9296],[-117.6798,33.93491],[-117.68301,33.93958],[-117.6858,33.94232],[-117.68837,33.9463],[-117.69697,33.95722],[-117.69817,33.96082],[-117.70381,33.96686],[-117.7054,33.97062],[-117.70805,33.97509],[-117.70512,33.97639],[-117.70318,33.9733],[-117.70063,33.96787],[-117.69565,33.96264],[-117.69241,33.95704],[-117.68744,33.95224],[-117.68744,33.95102],[-117.68355,33.94627],[-117.67917,33.93984],[-117.67509,33.93698],[-117.67546,33.93541],[-117.67316,33.93211],[-117.66964,33.92986],[-117.66196,33.92321],[-117.65931,33.92359],[-117.65536,33.91718],[-117.6501,33.91126],[-117.64796,33.91002],[-117.63101,33.88948],[-117.62906,33.88735],[-117.6259,33.8857]]]}},{"type":"Feature","properties":{"c":"zone"},"geometry":{"type":"Polygon","coordinates":[[[-120.75102,36.19003],[-120.75102,36.19691],[-120.74111,36.18499],[-120.73169,36.16803],[-120.69131,36.12498],[-120.69937,36.12498],[-120.71104,36.13427],[-120.70512,36.12498],[-120.71051,36.12498],[-120.71557,36.13312],[-120.73465,36.14114],[-120.73839,36.15122],[-120.75102,36.16402],[-120.75102,36.17561],[-120.73427,36.16405],[-120.75102,36.19003]],[[-120.73733,36.15893],[-120.73221,36.14515],[-120.71562,36.13788],[-120.73733,36.15893]]]}},{"type":"Feature","properties":{"c":"zone"},"geometry":{"type":"Polygon","coordinates":[[[-123.06795,38.99992],[-123.07682,38.99992],[-123.08082,39.01065],[-123.09014,39.01983],[-123.10495,39.03849],[-123.1087,39.04494],[-123.12162,39.0586],[-123.12613,39.0584],[-123.12613,39.07156],[-123.12207,39.06596],[-123.11484,39.06166],[-123.11311,39.05808],[-123.11422,39.05597],[-123.09266,39.03171],[-123.08521,39.02262],[-123.06795,38.99992]]]}},{"type":"Feature","properties":{"c":"zone"},"geometry":{"type":"Polygon","coordinates":[[[-116.00607,34.12501],[-116.00085,34.12299],[-116.00085,34.12021],[-116.01083,34.1242],[-116.0169,34.12502],[-116.00607,34.12501]]]}},{"type":"Feature","properties":{"c":"zone"},"geometry":{"type":"Polygon","coordinates":[[[-116.0459,34.12502],[-116.03142,34.12502],[-116.03163,34.12393],[-116.03548,34.12394],[-116.03664,34.12241],[-116.04363,34.12285],[-116.04649,34.12404],[-116.0459,34.12502]]]}},{"type":"Feature","properties":{"c":"zone"},"geometry":{"type":"Polygon","coordinates":[[[-116.01545,34.11823],[-116.01547,34.1169],[-116.00775,34.11505],[-116.00846,34.1128],[-116.01419,34.11373],[-116.02415,34.1135],[-116.02419,34.11477],[-116.02063,34.1182],[-116.01545,34.11823]]]}},{"type":"Feature","properties":{"c":"zone"},"geometry":{"type":"Polygon","coordinates":[[[-116.00084,34.11635],[-116.00084,34.11406],[-116.00542,34.1134],[-116.00595,34.11528],[-116.00084,34.11635]]]}},{"type":"Feature","properties":{"c":"zone"},"geometry":{"type":"Polygon","coordinates":[[[-121.87876,41.47412],[-121.87613,41.47384],[-121.87667,41.46884],[-121.87613,41.46742],[-121.87613,41.44679],[-121.87892,41.44276],[-121.88395,41.43869],[-121.88614,41.44025],[-121.88204,41.44361],[-121.87904,41.44815],[-121.87839,41.45967],[-121.88017,41.46694],[-121.87876,41.47412]]]}},{"type":"Feature","properties":{"c":"zone"},"geometry":{"type":"Polygon","coordinates":[[[-116.53781,33.14592],[-116.52923,33.13974],[-116.52737,33.14029],[-116.51519,33.13017],[-116.51016,33.12505],[-116.51802,33.12506],[-116.53253,33.13243],[-116.53113,33.13435],[-116.51833,33.1277],[-116.51748,33.12826],[-116.53975,33.14429],[-116.53781,33.14592]]]}},{"type":"Feature","properties":{"c":"zone"},"geometry":{"type":"Polygon","coordinates":[[[-116.62166,33.12505],[-116.62586,33.12505],[-116.62586,33.12799],[-116.62166,33.12505]]]}},{"type":"Feature","properties":{"c":"zone"},"geometry":{"type":"Polygon","coordinates":[[[-116.65921,34.37502],[-116.6583,34.37159],[-116.65448,34.3649],[-116.64858,34.36042],[-116.64084,34.35197],[-116.64309,34.35031],[-116.64964,34.3554],[-116.65996,34.36546],[-116.66252,34.37502],[-116.65921,34.37502]]]}},{"type":"Feature","properties":{"c":"zone"},"geometry":{"type":"Polygon","coordinates":[[[-116.68283,34.37502],[-116.67109,34.3647],[-116.66509,34.3577],[-116.65827,34.35103],[-116.65202,34.34561],[-116.64593,34.34796],[-116.64308,34.34707],[-116.64053,34.3437],[-116.63924,34.33857],[-116.63286,34.33732],[-116.62944,34.34049],[-116.62587,34.3405],[-116.62587,34.33705],[-116.62748,34.33775],[-116.62959,34.33595],[-116.62587,34.33421],[-116.62586,34.33093],[-116.63314,34.33392],[-116.64312,34.33624],[-116.64384,34.34101],[-116.64541,34.34436],[-116.65231,34.34214],[-116.65719,34.34456],[-116.65879,34.34698],[-116.66904,34.35483],[-116.67337,34.36242],[-116.68773,34.37502],[-116.68283,34.37502]]]}},{"type":"Feature","properties":{"c":"zone"},"geometry":{"type":"Polygon","coordinates":[[[-116.74447,34.37501],[-116.73706,34.36473],[-116.73494,34.36378],[-116.72804,34.35711],[-116.71597,34.34097],[-116.70698,34.34096],[-116.68915,34.33861],[-116.68936,34.3357],[-116.70286,34.33691],[-116.71014,34.33847],[-116.71296,34.33763],[-116.71894,34.33813],[-116.72247,34.33955],[-116.72852,34.3395],[-116.73199,34.33674],[-116.73737,34.33506],[-116.73949,34.33265],[-116.74237,34.33432],[-116.73317,34.34224],[-116.7286,34.34455],[-116.72168,34.3438],[-116.72823,34.35264],[-116.73653,34.3615],[-116.73886,34.36276],[-116.74768,34.37501],[-116.74447,34.37501]]]}},{"type":"Feature","properties":{"c":"zone"},"geometry":{"type":"Polygon","coordinates":[[[-121.85446,41.85576],[-121.85066,41.85549],[-121.85258,41.8401],[-121.84242,41.82264],[-121.84226,41.81115],[-121.84408,41.80661],[-121.84753,41.8073],[-121.84586,41.81151],[-121.84647,41.82247],[-121.85551,41.83703],[-121.85637,41.84297],[-121.85446,41.85576]]]}},{"type":"Feature","properties":{"c":"zone"},"geometry":{"type":"Polygon","coordinates":[[[-117.25088,34.02629],[-117.20486,34.00004],[-117.21311,34.00003],[-117.25088,34.02133],[-117.25088,34.02629]]]}},{"type":"Feature","properties":{"c":"zone"},"geometry":{"type":"Polygon","coordinates":[[[-117.17042,34.12503],[-117.1567,34.12503],[-117.13887,34.11872],[-117.12589,34.11195],[-117.12588,34.10595],[-117.14589,34.11714],[-117.17042,34.12503]]]}},{"type":"Feature","properties":{"c":"zone"},"geometry":{"type":"Polygon","coordinates":[[[-123.25113,39.28027],[-123.24545,39.27863],[-123.23817,39.26228],[-123.22943,39.2499],[-123.23352,39.2499],[-123.24185,39.26127],[-123.24384,39.26481],[-123.25113,39.27499],[-123.25113,39.28027]]]}},{"type":"Feature","properties":{"c":"zone"},"geometry":{"type":"Polygon","coordinates":[[[-117.38135,36.16471],[-117.37964,36.16696],[-117.37591,36.1652],[-117.37591,36.16187],[-117.38135,36.16471]]]}},{"type":"Feature","properties":{"c":"zone"},"geometry":{"type":"Polygon","coordinates":[[[-117.41837,36.24996],[-117.41433,36.24996],[-117.40864,36.24319],[-117.40885,36.23895],[-117.40399,36.23002],[-117.40032,36.2169],[-117.39586,36.21233],[-117.39477,36.2065],[-117.3911,36.19702],[-117.38813,36.19563],[-117.38736,36.1878],[-117.3831,36.17663],[-117.3866,36.1758],[-117.39096,36.1875],[-117.39311,36.19011],[-117.39826,36.20439],[-117.39904,36.21096],[-117.40382,36.21573],[-117.40622,36.22462],[-117.40779,36.22551],[-117.40968,36.23391],[-117.41199,36.23651],[-117.41274,36.24287],[-117.41837,36.24996]]]}},{"type":"Feature","properties":{"c":"zone"},"geometry":{"type":"Polygon","coordinates":[[[-122.36692,37.99993],[-122.3621,37.99993],[-122.35046,37.9851],[-122.33227,37.96538],[-122.31695,37.95106],[-122.29423,37.93199],[-122.2636,37.89329],[-122.25332,37.87784],[-122.25181,37.87493],[-122.2565,37.87493],[-122.28347,37.90909],[-122.286,37.91456],[-122.29664,37.92657],[-122.3058,37.93637],[-122.31369,37.9409],[-122.34344,37.97067],[-122.35559,37.98623],[-122.36692,37.99993]]]}},{"type":"Feature","properties":{"c":"zone"},"geometry":{"type":"Polygon","coordinates":[[[-117.67836,35.74992],[-117.67932,35.74594],[-117.68167,35.7464],[-117.68096,35.74994],[-117.67836,35.74992]]]}},{"type":"Feature","properties":{"c":"zone"},"geometry":{"type":"Polygon","coordinates":[[[-117.75091,35.74996],[-117.74794,35.74997],[-117.75091,35.7412],[-117.75091,35.74996]]]}},{"type":"Feature","properties":{"c":"zone"},"geometry":{"type":"Polygon","coordinates":[[[-117.72349,35.74791],[-117.72202,35.73536],[-117.72532,35.73502],[-117.72681,35.74768],[-117.72349,35.74791]]]}},{"type":"Feature","properties":{"c":"zone"},"geometry":{"type":"Polygon","coordinates":[[[-117.68731,35.74356],[-117.6846,35.74387],[-117.68433,35.7366],[-117.68004,35.72603],[-117.67784,35.72538],[-117.67844,35.71581],[-117.67725,35.71041],[-117.67963,35.71005],[-117.6826,35.72654],[-117.68724,35.73604],[-117.68731,35.74356]]]}},{"type":"Feature","properties":{"c":"zone"},"geometry":{"type":"Polygon","coordinates":[[[-117.66795,35.7137],[-117.68027,35.7001],[-117.6827,35.70132],[-117.6703,35.7151],[-117.66795,35.7137]]]}},{"type":"Feature","properties":{"c":"zone"},"geometry":{"type":"Polygon","coordinates":[[[-117.67608,35.68086],[-117.67399,35.68192],[-117.66321,35.6755],[-117.65987,35.67171],[-117.6595,35.66597],[-117.66182,35.66585],[-117.66333,35.66869],[-117.67608,35.68086]]]}},{"type":"Feature","properties":{"c":"zone"},"geometry":{"type":"Polygon","coordinates":[[[-117.66705,35.62498],[-117.66469,35.62248],[-117.6623,35.61795],[-117.65607,35.61079],[-117.65855,35.60943],[-117.65798,35.5996],[-117.66076,35.59963],[-117.662,35.6133],[-117.67114,35.62498],[-117.66705,35.62498]]]}},{"type":"Feature","properties":{"c":"zone"},"geometry":{"type":"Polygon","coordinates":[[[-118.87594,35.41736],[-118.87161,35.41417],[-118.87114,35.41122],[-118.86831,35.40837],[-118.86679,35.40423],[-118.86269,35.40018],[-118.85989,35.40011],[-118.85493,35.39531],[-118.8456,35.38882],[-118.84736,35.38721],[-118.85526,35.39274],[-118.84918,35.3865],[-118.84337,35.38345],[-118.84175,35.38088],[-118.83063,35.37498],[-118.84118,35.37498],[-118.8416,35.37707],[-118.84627,35.38134],[-118.8502,35.38377],[-118.86687,35.40076],[-118.87264,35.40308],[-118.87594,35.40502],[-118.87594,35.41076],[-118.8728,35.40816],[-118.87594,35.41217],[-118.87594,35.41736]]]}},{"type":"Feature","properties":{"c":"zone"},"geometry":{"type":"Polygon","coordinates":[[[-118.83264,35.39814],[-118.83146,35.4002],[-118.81909,35.39582],[-118.81437,35.39315],[-118.80606,35.38672],[-118.80781,35.38503],[-118.81904,35.39316],[-118.83264,35.39814]]]}},{"type":"Feature","properties":{"c":"zone"},"geometry":{"type":"Polygon","coordinates":[[[-118.85253,35.39878],[-118.84705,35.39557],[-118.84407,35.39242],[-118.82986,35.38586],[-118.8261,35.38547],[-118.82343,35.38315],[-118.81692,35.37991],[-118.80925,35.37769],[-118.80667,35.37497],[-118.80991,35.37497],[-118.81113,35.37605],[-118.81449,35.37663],[-118.8276,35.38354],[-118.83084,35.38337],[-118.84199,35.38845],[-118.84307,35.38815],[-118.8495,35.39413],[-118.85419,35.39717],[-118.85253,35.39878]]]}},{"type":"Feature","properties":{"c":"zone"},"geometry":{"type":"Polygon","coordinates":[[[-119.47117,38.5487],[-119.46881,38.54866],[-119.46895,38.54592],[-119.46822,38.53308],[-119.47047,38.52874],[-119.46799,38.52808],[-119.46959,38.52372],[-119.46884,38.5207],[-119.46886,38.51651],[-119.47131,38.51653],[-119.47132,38.5191],[-119.47219,38.52345],[-119.47283,38.52092],[-119.47515,38.5212],[-119.47462,38.52494],[-119.47297,38.52877],[-119.47321,38.53378],[-119.47241,38.53689],[-119.47105,38.53776],[-119.47149,38.54455],[-119.47117,38.5487]]]}},{"type":"Feature","properties":{"c":"zone"},"geometry":{"type":"Polygon","coordinates":[[[-119.50101,38.54076],[-119.50101,38.54626],[-119.49475,38.53836],[-119.4868,38.52958],[-119.48547,38.52302],[-119.48364,38.52018],[-119.48213,38.51481],[-119.4777,38.51168],[-119.47615,38.50564],[-119.47077,38.49993],[-119.47529,38.49993],[-119.47958,38.50445],[-119.48034,38.50808],[-119.48524,38.51302],[-119.48862,38.52166],[-119.4901,38.52756],[-119.50101,38.54076]]]}},{"type":"Feature","properties":{"c":"zone"},"geometry":{"type":"Polygon","coordinates":[[[-118.23882,34.60369],[-118.22948,34.5998],[-118.20169,34.58995],[-118.16365,34.57314],[-118.14636,34.56704],[-118.12917,34.55961],[-118.12592,34.55914],[-118.12592,34.55432],[-118.18261,34.57638],[-118.20044,34.58045],[-118.22616,34.59163],[-118.25092,34.59246],[-118.25092,34.60741],[-118.23882,34.60369]]]}},{"type":"Feature","properties":{"c":"zone"},"geometry":{"type":"Polygon","coordinates":[[[-118.15831,34.58013],[-118.15744,34.58095],[-118.14289,34.57253],[-118.14122,34.57084],[-118.14817,34.5726],[-118.15831,34.58013]]]}},{"type":"Feature","properties":{"c":"zone"},"geometry":{"type":"Polygon","coordinates":[[[-118.14926,34.5597],[-118.14838,34.56074],[-118.13934,34.55537],[-118.14047,34.55413],[-118.14926,34.5597]]]}},{"type":"Feature","properties":{"c":"zone"},"geometry":{"type":"Polygon","coordinates":[[[-121.00103,36.42372],[-120.9908,36.40745],[-120.95805,36.37498],[-120.96946,36.37498],[-120.98187,36.38631],[-121.00103,36.41156],[-121.00103,36.42372]]]}},{"type":"Feature","properties":{"c":"zone"},"geometry":{"type":"Polygon","coordinates":[[[-118.51081,37.49994],[-118.50097,37.49994],[-118.50097,37.47357],[-118.50778,37.48426],[-118.51081,37.49994]]]}},{"type":"Feature","properties":{"c":"zone"},"geometry":{"type":"Polygon","coordinates":[[[-118.53525,37.40256],[-118.54081,37.39891],[-118.54747,37.39337],[-118.5493,37.39477],[-118.54118,37.40122],[-118.53389,37.40556],[-118.53055,37.41117],[-118.5277,37.41003],[-118.51835,37.41642],[-118.51823,37.42295],[-118.53197,37.45755],[-118.52586,37.4607],[-118.53336,37.46857],[-118.54383,37.46862],[-118.5525,37.47935],[-118.56039,37.49101],[-118.55282,37.49543],[-118.54281,37.48933],[-118.52867,37.47617],[-118.53117,37.48521],[-118.53945,37.4954],[-118.54171,37.49995],[-118.52795,37.49995],[-118.52479,37.49233],[-118.52666,37.48615],[-118.52367,37.47819],[-118.51595,37.47837],[-118.50896,37.47056],[-118.50096,37.45741],[-118.50096,37.40481],[-118.50855,37.40733],[-118.51022,37.41684],[-118.53013,37.40448],[-118.53525,37.40256]]]}},{"type":"Feature","properties":{"c":"zone"},"geometry":{"type":"Polygon","coordinates":[[[-118.53123,37.43273],[-118.52892,37.43211],[-118.53319,37.42353],[-118.53543,37.42425],[-118.53123,37.43273]]]}},{"type":"Feature","properties":{"c":"zone"},"geometry":{"type":"Polygon","coordinates":[[[-118.52916,37.43285],[-118.52758,37.43437],[-118.52495,37.43232],[-118.52268,37.42841],[-118.52502,37.42766],[-118.52681,37.43092],[-118.52916,37.43285]]]}},{"type":"Feature","properties":{"c":"zone"},"geometry":{"type":"Polygon","coordinates":[[[-118.55341,37.45299],[-118.5535,37.44997],[-118.55152,37.4476],[-118.55036,37.44289],[-118.55266,37.44251],[-118.55354,37.44512],[-118.55638,37.44532],[-118.55593,37.4484],[-118.55727,37.4509],[-118.56149,37.4548],[-118.55984,37.45602],[-118.55603,37.45279],[-118.55267,37.46393],[-118.55035,37.46351],[-118.55341,37.45299]]]}},{"type":"Feature","properties":{"c":"zone"},"geometry":{"type":"Polygon","coordinates":[[[-118.57108,37.4597],[-118.56873,37.46018],[-118.56732,37.45662],[-118.55876,37.44896],[-118.56057,37.44775],[-118.56408,37.45094],[-118.55918,37.44327],[-118.56148,37.44243],[-118.56782,37.4515],[-118.57108,37.4597]]]}},{"type":"Feature","properties":{"c":"zone"},"geometry":{"type":"Polygon","coordinates":[[[-118.62596,37.37494],[-118.62596,37.37805],[-118.62303,37.37664],[-118.61777,37.37583],[-118.61842,37.3773],[-118.61928,37.38407],[-118.61708,37.38446],[-118.61602,37.3816],[-118.61615,37.37775],[-118.61314,37.37494],[-118.62596,37.37494]]]}},{"type":"Feature","properties":{"c":"zone"},"geometry":{"type":"Polygon","coordinates":[[[-118.61248,37.38958],[-118.61045,37.38969],[-118.60351,37.38174],[-118.60551,37.38066],[-118.61208,37.38741],[-118.61248,37.38958]]]}},{"type":"Feature","properties":{"c":"zone"},"geometry":{"type":"Polygon","coordinates":[[[-117.81748,35.37498],[-117.81014,35.37498],[-117.83296,35.36083],[-117.83549,35.36335],[-117.81748,35.37498]]]}},{"type":"Feature","properties":{"c":"zone"},"geometry":{"type":"Polygon","coordinates":[[[-117.83601,35.37498],[-117.84354,35.37341],[-117.87591,35.35761],[-117.87591,35.36223],[-117.84886,35.37498],[-117.83601,35.37498]]]}},{"type":"Feature","properties":{"c":"zone"},"geometry":{"type":"Polygon","coordinates":[[[-117.80942,35.34353],[-117.82224,35.32933],[-117.82489,35.33132],[-117.81396,35.34508],[-117.80942,35.34353]]]}},{"type":"Feature","properties":{"c":"zone"},"geometry":{"type":"Polygon","coordinates":[[[-117.85189,35.32173],[-117.84514,35.33067],[-117.83547,35.31761],[-117.84816,35.30342],[-117.86304,35.30537],[-117.86806,35.29335],[-117.87539,35.28561],[-117.87541,35.29092],[-117.86995,35.30294],[-117.864,35.31232],[-117.85189,35.32173]]]}},{"type":"Feature","properties":{"c":"zone"},"geometry":{"type":"Polygon","coordinates":[[[-115.90517,33.50003],[-115.89421,33.48969],[-115.89089,33.48734],[-115.88308,33.48008],[-115.87584,33.47532],[-115.87584,33.47119],[-115.87849,33.47276],[-115.87996,33.47442],[-115.88602,33.47845],[-115.89255,33.48468],[-115.89589,33.48672],[-115.90947,33.50003],[-115.90517,33.50003]]]}},{"type":"Feature","properties":{"c":"zone"},"geometry":{"type":"Polygon","coordinates":[[[-122.07757,41.97776],[-122.07487,41.97919],[-122.06913,41.97332],[-122.06387,41.9651],[-122.05017,41.95494],[-122.04575,41.94783],[-122.02279,41.9296],[-122.02041,41.92339],[-122.02388,41.92258],[-122.02589,41.92784],[-122.04847,41.94557],[-122.05309,41.9531],[-122.06736,41.96368],[-122.07757,41.97776]]]}},{"type":"Feature","properties":{"c":"zone"},"geometry":{"type":"Polygon","coordinates":[[[-122.01619,41.99988],[-122.01261,41.99988],[-122.00962,41.99455],[-122.00113,41.99039],[-122.00113,41.9872],[-122.0124,41.99247],[-122.01619,41.99988]]]}},{"type":"Feature","properties":{"c":"zone"},"geometry":{"type":"Polygon","coordinates":[[[-122.0978,41.93455],[-122.09469,41.93519],[-122.08548,41.91299],[-122.07974,41.89814],[-122.0696,41.89163],[-122.06716,41.88254],[-122.06719,41.87489],[-122.07063,41.87489],[-122.07078,41.88297],[-122.073,41.89015],[-122.07983,41.89312],[-122.08416,41.89989],[-122.0978,41.93455]]]}},{"type":"Feature","properties":{"c":"zone"},"geometry":{"type":"Polygon","coordinates":[[[-122.04465,41.89092],[-122.04229,41.89155],[-122.03971,41.88604],[-122.03605,41.8822],[-122.03359,41.87824],[-122.03122,41.87863],[-122.02994,41.88936],[-122.0338,41.89814],[-122.03103,41.89872],[-122.02737,41.8903],[-122.02798,41.87854],[-122.02901,41.87489],[-122.03253,41.87489],[-122.03545,41.87703],[-122.04167,41.8849],[-122.04465,41.89092]]]}},{"type":"Feature","properties":{"c":"zone"},"geometry":{"type":"Polygon","coordinates":[[[-122.00541,41.90098],[-122.0034,41.90222],[-122.00113,41.90007],[-122.00113,41.89697],[-122.00541,41.90098]]]}},{"type":"Feature","properties":{"c":"zone"},"geometry":{"type":"Polygon","coordinates":[[[-121.12604,36.54014],[-121.08291,36.49998],[-121.09953,36.49998],[-121.12455,36.51922],[-121.12605,36.52255],[-121.12604,36.54014]]]}},{"type":"Feature","properties":{"c":"zone"},"geometry":{"type":"Polygon","coordinates":[[[-117.37186,34.23246],[-117.37589,34.23092],[-117.37589,34.23477],[-117.37186,34.23246]]]}},{"type":"Feature","properties":{"c":"zone"},"geometry":{"type":"Polygon","coordinates":[[[-117.37589,34.21863],[-117.37589,34.22594],[-117.36563,34.21817],[-117.33551,34.20814],[-117.31834,34.19881],[-117.28903,34.19087],[-117.27053,34.18919],[-117.27109,34.18246],[-117.31482,34.19417],[-117.26605,34.17131],[-117.2686,34.17761],[-117.26503,34.17856],[-117.26137,34.17294],[-117.25089,34.16788],[-117.25089,34.15489],[-117.2701,34.16434],[-117.27853,34.17261],[-117.32688,34.19555],[-117.32959,34.19457],[-117.34056,34.19936],[-117.3394,34.20145],[-117.37589,34.21863]]]}},{"type":"Feature","properties":{"c":"zone"},"geometry":{"type":"Polygon","coordinates":[[[-117.37589,34.17857],[-117.33683,34.13965],[-117.33978,34.13779],[-117.36172,34.15909],[-117.33862,34.12503],[-117.35296,34.12503],[-117.37589,34.14479],[-117.37589,34.165],[-117.36374,34.14967],[-117.36659,34.1585],[-117.37589,34.17226],[-117.37589,34.17857]]]}},{"type":"Feature","properties":{"c":"zone"},"geometry":{"type":"Polygon","coordinates":[[[-117.35296,34.12503],[-117.33862,34.12503],[-117.32871,34.10797],[-117.31378,34.09215],[-117.28536,34.05935],[-117.2792,34.05843],[-117.27229,34.05405],[-117.26702,34.04805],[-117.26952,34.04606],[-117.27418,34.05086],[-117.28175,34.05552],[-117.27343,34.04452],[-117.25088,34.02629],[-117.25088,34.02133],[-117.27919,34.04416],[-117.28729,34.05328],[-117.31376,34.06535],[-117.31374,34.06862],[-117.29125,34.05891],[-117.31379,34.08549],[-117.33355,34.10665],[-117.35296,34.12503]]]}},{"type":"Feature","properties":{"c":"zone"},"geometry":{"type":"Polygon","coordinates":[[[-121.47661,36.99996],[-121.47218,36.99541],[-121.4731,36.99484],[-121.46209,36.98671],[-121.455,36.96692],[-121.44244,36.94257],[-121.42603,36.90471],[-121.42331,36.9024],[-121.4231,36.89741],[-121.41744,36.89419],[-121.41889,36.88974],[-121.41798,36.88493],[-121.41372,36.87497],[-121.41718,36.87497],[-121.42646,36.89189],[-121.42821,36.90012],[-121.43849,36.92455],[-121.44744,36.94407],[-121.45376,36.93647],[-121.4565,36.93068],[-121.45811,36.93118],[-121.4552,36.93761],[-121.45217,36.94093],[-121.45141,36.94486],[-121.44864,36.94585],[-121.45814,36.96585],[-121.4684,36.98324],[-121.48212,36.98504],[-121.48929,36.9896],[-121.48693,36.99102],[-121.49148,36.99474],[-121.48929,36.99654],[-121.48086,36.99005],[-121.47237,36.98632],[-121.48173,36.99302],[-121.48613,36.99996],[-121.47661,36.99996]]]}},{"type":"Feature","properties":{"c":"zone"},"geometry":{"type":"Polygon","coordinates":[[[-121.49018,36.89964],[-121.49151,36.89823],[-121.47454,36.88279],[-121.47081,36.87857],[-121.47265,36.8832],[-121.47715,36.89016],[-121.4837,36.89354],[-121.48429,36.89587],[-121.48273,36.89743],[-121.47682,36.89396],[-121.46642,36.88418],[-121.46175,36.87497],[-121.47508,36.87497],[-121.49043,36.89158],[-121.49376,36.89033],[-121.50106,36.89601],[-121.50106,36.90896],[-121.49018,36.89964]]]}},{"type":"Feature","properties":{"c":"zone"},"geometry":{"type":"Polygon","coordinates":[[[-121.46899,36.89147],[-121.46784,36.89377],[-121.45974,36.8908],[-121.4516,36.89021],[-121.44331,36.88728],[-121.44082,36.8817],[-121.43642,36.88146],[-121.42963,36.87882],[-121.43133,36.87593],[-121.4373,36.87887],[-121.44076,36.87793],[-121.44775,36.88145],[-121.45491,36.88694],[-121.46899,36.89147]]]}},{"type":"Feature","properties":{"c":"zone"},"geometry":{"type":"Polygon","coordinates":[[[-118.50043,34.30471],[-118.48232,34.30595],[-118.46045,34.28971],[-118.45647,34.29324],[-118.44692,34.2956],[-118.43373,34.30525],[-118.4211,34.3077],[-118.40796,34.3053],[-118.40687,34.30053],[-118.40094,34.29856],[-118.37592,34.30522],[-118.37592,34.28157],[-118.39524,34.28575],[-118.41239,34.28758],[-118.41439,34.29283],[-118.41904,34.29442],[-118.42049,34.29855],[-118.42966,34.29862],[-118.44016,34.29505],[-118.44276,34.29191],[-118.44929,34.29112],[-118.4604,34.28561],[-118.4765,34.28156],[-118.47976,34.2824],[-118.48199,34.28565],[-118.49221,34.28147],[-118.49416,34.28447],[-118.48451,34.28827],[-118.46994,34.29105],[-118.47502,34.29581],[-118.48288,34.29985],[-118.5005,34.30257],[-118.50043,34.30471]]]}},{"type":"Feature","properties":{"c":"zone"},"geometry":{"type":"Polygon","coordinates":[[[-118.41553,34.32635],[-118.40371,34.32552],[-118.40395,34.32288],[-118.41553,34.32355],[-118.41553,34.32635]]]}},{"type":"Feature","properties":{"c":"zone"},"geometry":{"type":"Polygon","coordinates":[[[-118.42927,34.34029],[-118.4244,34.34039],[-118.42437,34.33854],[-118.4293,34.33847],[-118.42927,34.34029]]]}},{"type":"Feature","properties":{"c":"zone"},"geometry":{"type":"Polygon","coordinates":[[[-118.39865,34.31915],[-118.39336,34.31815],[-118.39403,34.31633],[-118.39926,34.31732],[-118.39865,34.31915]]]}},{"type":"Feature","properties":{"c":"zone"},"geometry":{"type":"Polygon","coordinates":[[[-118.39101,34.34016],[-118.3866,34.34151],[-118.38262,34.33486],[-118.37593,34.33445],[-118.37593,34.33164],[-118.38456,34.33008],[-118.39101,34.34016]]]}},{"type":"Feature","properties":{"c":"zone"},"geometry":{"type":"Polygon","coordinates":[[[-118.50096,34.32702],[-118.49356,34.32993],[-118.46968,34.33335],[-118.45689,34.33001],[-118.44474,34.3329],[-118.44225,34.32996],[-118.44792,34.32707],[-118.43177,34.32079],[-118.43315,34.31796],[-118.44717,34.32268],[-118.45785,34.3236],[-118.48826,34.32421],[-118.50096,34.31427],[-118.50096,34.32702]]]}},{"type":"Feature","properties":{"c":"zone"},"geometry":{"type":"Polygon","coordinates":[[[-118.45846,34.30849],[-118.45634,34.31032],[-118.4496,34.30616],[-118.45173,34.30423],[-118.45846,34.30849]]]}},{"type":"Feature","properties":{"c":"zone"},"geometry":{"type":"Polygon","coordinates":[[[-118.45758,34.28443],[-118.45486,34.28637],[-118.45172,34.28469],[-118.44701,34.28539],[-118.44629,34.28296],[-118.4529,34.28204],[-118.45758,34.28443]]]}},{"type":"Feature","properties":{"c":"zone"},"geometry":{"type":"Polygon","coordinates":[[[-122.50085,37.68109],[-122.4692,37.65179],[-122.46306,37.64431],[-122.45376,37.63549],[-122.44893,37.62904],[-122.44504,37.62496],[-122.4497,37.62496],[-122.45248,37.62736],[-122.45777,37.63443],[-122.46105,37.63626],[-122.46639,37.64221],[-122.47909,37.65485],[-122.50083,37.67226],[-122.50085,37.68109]]]}},{"type":"Feature","properties":{"c":"zone"},"geometry":{"type":"Polygon","coordinates":[[[-116.87587,34.01808],[-116.86145,34.00698],[-116.85572,34.00003],[-116.86334,34.00002],[-116.87586,34.01085],[-116.87587,34.01808]]]}},{"type":"Feature","properties":{"c":"zone"},"geometry":{"type":"Polygon","coordinates":[[[-116.87587,34.07985],[-116.84249,34.07842],[-116.79664,34.07014],[-116.75086,34.06833],[-116.75087,34.0617],[-116.75459,34.06404],[-116.79866,34.06611],[-116.84253,34.07467],[-116.87587,34.07608],[-116.87587,34.07985]]]}},{"type":"Feature","properties":{"c":"zone"},"geometry":{"type":"Polygon","coordinates":[[[-116.87587,34.06217],[-116.84238,34.05322],[-116.81279,34.05003],[-116.79473,34.05266],[-116.75086,34.05058],[-116.75086,34.0463],[-116.78911,34.04545],[-116.80169,34.04336],[-116.83691,34.0434],[-116.84559,34.04505],[-116.86455,34.03402],[-116.87587,34.03141],[-116.87587,34.03584],[-116.86061,34.04047],[-116.85367,34.04584],[-116.87587,34.05799],[-116.87587,34.06217]]]}},{"type":"Feature","properties":{"c":"zone"},"geometry":{"type":"Polygon","coordinates":[[[-116.84326,34.12465],[-116.83749,34.12466],[-116.83083,34.11694],[-116.78965,34.09833],[-116.77203,34.0878],[-116.75711,34.08276],[-116.75086,34.07843],[-116.75086,34.07271],[-116.76019,34.07965],[-116.77669,34.0852],[-116.79708,34.09677],[-116.81308,34.1021],[-116.8335,34.11368],[-116.84326,34.12465]]]}},{"type":"Feature","properties":{"c":"zone"},"geometry":{"type":"Polygon","coordinates":[[[-116.99265,33.79251],[-116.97822,33.78218],[-116.97983,33.7809],[-116.99381,33.7914],[-116.99265,33.79251]]]}},{"type":"Feature","properties":{"c":"zone"},"geometry":{"type":"Polygon","coordinates":[[[-117.00087,33.79607],[-116.97318,33.76859],[-116.96304,33.76687],[-116.9394,33.7545],[-116.93735,33.75004],[-116.94992,33.75004],[-116.95534,33.75339],[-116.95988,33.75845],[-116.96113,33.75845],[-116.97173,33.76403],[-116.99709,33.78725],[-117.00087,33.79276],[-117.00087,33.79607]]]}},{"type":"Feature","properties":{"c":"zone"},"geometry":{"type":"Polygon","coordinates":[[[-117.00087,33.84824],[-116.98358,33.83574],[-116.97462,33.82736],[-116.96057,33.82027],[-116.93279,33.80435],[-116.92877,33.80317],[-116.90181,33.80363],[-116.89603,33.80465],[-116.88674,33.80387],[-116.87587,33.80134],[-116.87587,33.79873],[-116.88451,33.80087],[-116.89598,33.80175],[-116.90171,33.80063],[-116.93351,33.80019],[-116.91875,33.78576],[-116.91129,33.7761],[-116.90618,33.76238],[-116.90314,33.75004],[-116.90533,33.75003],[-116.91066,33.76433],[-116.91603,33.77669],[-116.92106,33.78301],[-116.93197,33.79282],[-116.94682,33.80702],[-116.97382,33.82132],[-117.00087,33.84219],[-117.00087,33.84824]]]}},{"type":"Feature","properties":{"c":"zone"},"geometry":{"type":"Polygon","coordinates":[[[-121.79127,37.37496],[-121.78552,37.3663],[-121.78286,37.36582],[-121.77824,37.36009],[-121.77337,37.3491],[-121.77054,37.34647],[-121.76113,37.33442],[-121.7537,37.32379],[-121.75107,37.32213],[-121.75107,37.31617],[-121.75648,37.32256],[-121.76376,37.33269],[-121.76638,37.33495],[-121.76973,37.3408],[-121.77517,37.34568],[-121.7807,37.35648],[-121.78703,37.36255],[-121.79485,37.37496],[-121.79127,37.37496]]]}},{"type":"Feature","properties":{"c":"zone"},"geometry":{"type":"Polygon","coordinates":[[[-121.79781,37.35553],[-121.78799,37.34926],[-121.79055,37.34413],[-121.7938,37.34854],[-121.79693,37.35063],[-121.79954,37.35419],[-121.79781,37.35553]]]}},{"type":"Feature","properties":{"c":"zone"},"geometry":{"type":"Polygon","coordinates":[[[-121.76826,37.31344],[-121.76107,37.30352],[-121.75194,37.29785],[-121.75357,37.29606],[-121.75831,37.2991],[-121.76583,37.30205],[-121.7679,37.30756],[-121.77088,37.31212],[-121.76826,37.31344]]]}},{"type":"Feature","properties":{"c":"zone"},"geometry":{"type":"Polygon","coordinates":[[[-121.57788,36.87497],[-121.56859,36.87497],[-121.51234,36.83104],[-121.50106,36.8235],[-121.50106,36.81789],[-121.51594,36.82742],[-121.55461,36.8586],[-121.57788,36.87497]]]}},{"type":"Feature","properties":{"c":"zone"},"geometry":{"type":"Polygon","coordinates":[[[-122.14511,37.74994],[-122.13101,37.7356],[-122.12609,37.72916],[-122.12608,37.72397],[-122.13291,37.73215],[-122.13391,37.73397],[-122.14416,37.74288],[-122.14556,37.74509],[-122.15126,37.74994],[-122.14511,37.74994]]]}},{"type":"Feature","properties":{"c":"zone"},"geometry":{"type":"Polygon","coordinates":[[[-121.12605,37.02686],[-121.1173,37.02048],[-121.11497,37.00813],[-121.10575,36.99996],[-121.11053,36.99996],[-121.11519,37.00356],[-121.12036,37.01],[-121.12152,37.01725],[-121.12605,37.02215],[-121.12605,37.02686]]]}},{"type":"Feature","properties":{"c":"zone"},"geometry":{"type":"Polygon","coordinates":[[[-121.12605,37.09365],[-121.11918,37.08429],[-121.10355,37.06674],[-121.10661,37.06504],[-121.11729,37.07742],[-121.12605,37.08629],[-121.12605,37.09365]]]}},{"type":"Feature","properties":{"c":"zone"},"geometry":{"type":"Polygon","coordinates":[[[-120.73503,35.28528],[-120.71746,35.2798],[-120.71546,35.27737],[-120.71356,35.27743],[-120.71022,35.27617],[-120.71453,35.27406],[-120.70876,35.27162],[-120.70436,35.26725],[-120.70646,35.26582],[-120.71973,35.27388],[-120.73061,35.27936],[-120.73647,35.28338],[-120.73503,35.28528]]]}},{"type":"Feature","properties":{"c":"zone"},"geometry":{"type":"Polygon","coordinates":[[[-121.2479,35.70546],[-121.23924,35.69429],[-121.23346,35.6883],[-121.23062,35.68753],[-121.22703,35.68386],[-121.20534,35.65717],[-121.20119,35.65035],[-121.19629,35.64442],[-121.1891,35.63434],[-121.19199,35.63296],[-121.19924,35.64299],[-121.20487,35.65018],[-121.20804,35.6555],[-121.21684,35.66446],[-121.23674,35.68749],[-121.24658,35.69323],[-121.25105,35.69641],[-121.25105,35.70733],[-121.2479,35.70546]]]}},{"type":"Feature","properties":{"c":"zone"},"geometry":{"type":"Polygon","coordinates":[[[-123.00665,39.5103],[-123.00113,39.50736],[-123.00113,39.49989],[-123.00359,39.50357],[-123.0113,39.50985],[-123.01989,39.51973],[-123.02716,39.52892],[-123.02567,39.52966],[-123.03217,39.54341],[-123.04197,39.55989],[-123.04497,39.56749],[-123.04829,39.56658],[-123.05662,39.58407],[-123.05329,39.58524],[-123.04913,39.57745],[-123.04641,39.57823],[-123.04138,39.56825],[-123.0381,39.56052],[-123.02891,39.54482],[-123.0255,39.53722],[-123.0163,39.52049],[-123.00665,39.5103]]]}},{"type":"Feature","properties":{"c":"zone"},"geometry":{"type":"Polygon","coordinates":[[[-119.11243,34.26799],[-119.10499,34.26142],[-119.10207,34.25486],[-119.10396,34.25002],[-119.1088,34.25002],[-119.10627,34.25436],[-119.10879,34.26069],[-119.11487,34.26607],[-119.11243,34.26799]]]}},{"type":"Feature","properties":{"c":"zone"},"geometry":{"type":"Polygon","coordinates":[[[-119.01101,34.25501],[-119.00958,34.25258],[-119.01543,34.25002],[-119.02336,34.25002],[-119.01101,34.25501]]]}},{"type":"Feature","properties":{"c":"zone"},"geometry":{"type":"Polygon","coordinates":[[[-119.12595,34.44065],[-119.12595,34.44416],[-119.12051,34.4404],[-119.11816,34.43562],[-119.10982,34.43432],[-119.09809,34.43519],[-119.09295,34.43774],[-119.08404,34.43802],[-119.07997,34.43611],[-119.07535,34.43588],[-119.05293,34.43188],[-119.05024,34.42756],[-119.04175,34.42714],[-119.03696,34.42836],[-119.03139,34.42782],[-119.02818,34.42556],[-119.02517,34.42772],[-119.0106,34.42487],[-119.00923,34.42257],[-119.00095,34.42371],[-119.00095,34.41932],[-119.00488,34.42033],[-119.00931,34.41819],[-119.01211,34.41879],[-119.0135,34.42214],[-119.01921,34.42283],[-119.02316,34.42448],[-119.02483,34.42231],[-119.02797,34.42124],[-119.03117,34.42303],[-119.03482,34.42188],[-119.03722,34.42186],[-119.03967,34.42361],[-119.04451,34.42133],[-119.05226,34.42098],[-119.06037,34.42874],[-119.07461,34.42977],[-119.08219,34.43247],[-119.08533,34.43479],[-119.09261,34.43256],[-119.09684,34.43243],[-119.10181,34.42996],[-119.10866,34.4295],[-119.12107,34.43381],[-119.12305,34.43817],[-119.12595,34.44065]]]}},{"type":"Feature","properties":{"c":"zone"},"geometry":{"type":"Polygon","coordinates":[[[-119.01423,34.40935],[-119.00787,34.41066],[-119.00712,34.40926],[-119.01275,34.40772],[-119.01896,34.40708],[-119.0221,34.40728],[-119.03867,34.40693],[-119.03864,34.40845],[-119.02278,34.40902],[-119.01921,34.4088],[-119.01423,34.40935]]]}},{"type":"Feature","properties":{"c":"zone"},"geometry":{"type":"Polygon","coordinates":[[[-119.00338,34.40191],[-119.00143,34.40192],[-119.00126,34.4005],[-119.00961,34.39903],[-119.01276,34.39934],[-119.01625,34.3984],[-119.01707,34.4001],[-119.0041,34.40371],[-119.00338,34.40191]]]}},{"type":"Feature","properties":{"c":"zone"},"geometry":{"type":"Polygon","coordinates":[[[-119.02361,34.40184],[-119.03369,34.39986],[-119.03548,34.40047],[-119.04437,34.39773],[-119.04525,34.39683],[-119.05348,34.39451],[-119.05385,34.39689],[-119.03495,34.40247],[-119.03341,34.40165],[-119.02397,34.40334],[-119.02361,34.40184]]]}},{"type":"Feature","properties":{"c":"zone"},"geometry":{"type":"Polygon","coordinates":[[[-119.02586,34.39313],[-119.03031,34.39192],[-119.03157,34.39083],[-119.03821,34.38939],[-119.0381,34.38768],[-119.04277,34.38632],[-119.0436,34.3893],[-119.02657,34.39455],[-119.02586,34.39313]]]}},{"type":"Feature","properties":{"c":"zone"},"geometry":{"type":"Polygon","coordinates":[[[-119.04393,34.39154],[-119.05197,34.38897],[-119.05279,34.39042],[-119.04463,34.39307],[-119.04393,34.39154]]]}},{"type":"Feature","properties":{"c":"zone"},"geometry":{"type":"Polygon","coordinates":[[[-119.37596,34.92476],[-119.36692,34.92259],[-119.35247,34.91456],[-119.29544,34.89319],[-119.27076,34.88594],[-119.25096,34.8777],[-119.25096,34.87498],[-119.26859,34.87499],[-119.27183,34.88113],[-119.29997,34.88954],[-119.31013,34.89136],[-119.32215,34.89755],[-119.33923,34.9001],[-119.37596,34.91891],[-119.37596,34.92476]]]}},{"type":"Feature","properties":{"c":"zone"},"geometry":{"type":"Polygon","coordinates":[[[-119.18563,34.28372],[-119.19763,34.28101],[-119.21426,34.27939],[-119.25096,34.27827],[-119.25095,34.28155],[-119.23106,34.28421],[-119.22744,34.28182],[-119.20281,34.28332],[-119.18713,34.28565],[-119.18563,34.28372]]]}},{"type":"Feature","properties":{"c":"zone"},"geometry":{"type":"Polygon","coordinates":[[[-119.24038,34.87498],[-119.21726,34.86831],[-119.19484,34.86561],[-119.1614,34.85898],[-119.13787,34.85669],[-119.12595,34.85501],[-119.12595,34.84792],[-119.17009,34.8472],[-119.20557,34.85104],[-119.22405,34.85677],[-119.25096,34.8672],[-119.25096,34.87498],[-119.24038,34.87498]]]}},{"type":"Feature","properties":{"c":"zone"},"geometry":{"type":"Polygon","coordinates":[[[-117.37592,37.00508],[-117.37592,37.0096],[-117.36736,36.99994],[-117.37173,36.99994],[-117.37592,37.00508]]]}},{"type":"Feature","properties":{"c":"zone"},"geometry":{"type":"Polygon","coordinates":[[[-118.09528,33.75004],[-118.09143,33.75003],[-118.08493,33.74571],[-118.05138,33.712],[-118.03232,33.69783],[-118.01806,33.68887],[-118.0061,33.68345],[-118.00091,33.68231],[-118.00091,33.67916],[-118.0036,33.68097],[-118.00613,33.68095],[-118.02665,33.69044],[-118.03267,33.69402],[-118.03789,33.69861],[-118.05514,33.71168],[-118.08667,33.74351],[-118.09528,33.75004]]]}},{"type":"Feature","properties":{"c":"zone"},"geometry":{"type":"Polygon","coordinates":[[[-115.65071,32.87507],[-115.647,32.87507],[-115.64462,32.87112],[-115.64597,32.86377],[-115.64204,32.85803],[-115.62991,32.84604],[-115.63012,32.84712],[-115.62809,32.84756],[-115.62704,32.84352],[-115.62584,32.84247],[-115.62584,32.8386],[-115.63579,32.8474],[-115.64465,32.85657],[-115.64899,32.86277],[-115.64919,32.86447],[-115.64808,32.87062],[-115.65071,32.87507]]]}},{"type":"Feature","properties":{"c":"zone"},"geometry":{"type":"Polygon","coordinates":[[[-116.50086,33.89718],[-116.50086,33.90584],[-116.49277,33.90318],[-116.47563,33.89629],[-116.45819,33.88856],[-116.44091,33.88243],[-116.42831,33.87965],[-116.4185,33.87503],[-116.43292,33.87503],[-116.44876,33.88121],[-116.50086,33.89718]]]}},{"type":"Feature","properties":{"c":"zone"},"geometry":{"type":"Polygon","coordinates":[[[-116.50086,33.95738],[-116.50086,33.96065],[-116.48575,33.95232],[-116.47967,33.94413],[-116.46665,33.93479],[-116.45345,33.92776],[-116.42789,33.91032],[-116.41384,33.90297],[-116.37586,33.8811],[-116.37586,33.87698],[-116.43349,33.91035],[-116.45465,33.92517],[-116.46877,33.93264],[-116.48979,33.94754],[-116.50086,33.95738]]]}},{"type":"Feature","properties":{"c":"zone"},"geometry":{"type":"Polygon","coordinates":[[[-116.41411,33.91625],[-116.39179,33.90474],[-116.38215,33.89519],[-116.38452,33.89355],[-116.39478,33.90385],[-116.40258,33.90699],[-116.40282,33.90492],[-116.40467,33.90514],[-116.40756,33.91035],[-116.41552,33.91415],[-116.41411,33.91625]]]}},{"type":"Feature","properties":{"c":"zone"},"geometry":{"type":"Polygon","coordinates":[[[-121.87236,41.67328],[-121.86988,41.67286],[-121.87217,41.65478],[-121.87513,41.64728],[-121.87501,41.64436],[-121.87613,41.64076],[-121.87613,41.65312],[-121.87516,41.65608],[-121.87419,41.66327],[-121.87434,41.66688],[-121.87236,41.67328]]]}},{"type":"Feature","properties":{"c":"zone"},"geometry":{"type":"Polygon","coordinates":[[[-121.97032,41.85828],[-121.96736,41.86012],[-121.95575,41.84942],[-121.93506,41.82771],[-121.93101,41.81114],[-121.92748,41.80709],[-121.92642,41.79262],[-121.91916,41.77922],[-121.91791,41.77363],[-121.91029,41.76618],[-121.90672,41.76117],[-121.90285,41.74989],[-121.90636,41.74989],[-121.9104,41.76056],[-121.91318,41.75951],[-121.92142,41.77236],[-121.92666,41.78768],[-121.92949,41.7876],[-121.93084,41.80631],[-121.93431,41.81013],[-121.93817,41.82685],[-121.95222,41.8405],[-121.96,41.84951],[-121.96493,41.85329],[-121.97032,41.85828]]]}},{"type":"Feature","properties":{"c":"zone"},"geometry":{"type":"Polygon","coordinates":[[[-121.98687,41.87488],[-121.98406,41.87488],[-121.9804,41.8701],[-121.98257,41.86397],[-121.9788,41.85599],[-121.9734,41.84801],[-121.97562,41.84723],[-121.98146,41.85599],[-121.98488,41.86329],[-121.98552,41.86767],[-121.99023,41.87235],[-121.98687,41.87488]]]}},{"type":"Feature","properties":{"c":"zone"},"geometry":{"type":"Polygon","coordinates":[[[-121.95992,41.87489],[-121.94812,41.87489],[-121.94514,41.87104],[-121.94725,41.8701],[-121.95702,41.87255],[-121.95992,41.87489]]]}},{"type":"Feature","properties":{"c":"zone"},"geometry":{"type":"Polygon","coordinates":[[[-121.9345,41.87489],[-121.93173,41.87489],[-121.92808,41.87006],[-121.93019,41.8692],[-121.9345,41.87489]]]}},{"type":"Feature","properties":{"c":"zone"},"geometry":{"type":"Polygon","coordinates":[[[-121.92344,41.87489],[-121.92065,41.87489],[-121.91771,41.86991],[-121.91646,41.86674],[-121.89787,41.84795],[-121.89488,41.8434],[-121.89852,41.84195],[-121.89522,41.8357],[-121.89296,41.82803],[-121.8961,41.82755],[-121.89771,41.83323],[-121.90294,41.84375],[-121.90947,41.85316],[-121.90736,41.85398],[-121.91392,41.86036],[-121.91573,41.85954],[-121.91768,41.86209],[-121.92075,41.87005],[-121.92344,41.87489]]]}},{"type":"Feature","properties":{"c":"zone"},"geometry":{"type":"Polygon","coordinates":[[[-121.92735,41.86699],[-121.92434,41.86775],[-121.91957,41.8572],[-121.918,41.85547],[-121.91268,41.84048],[-121.90857,41.83645],[-121.90808,41.83411],[-121.9004,41.82283],[-121.90312,41.8218],[-121.91107,41.83366],[-121.91124,41.83538],[-121.91672,41.83962],[-121.92695,41.84363],[-121.93529,41.84993],[-121.93954,41.85769],[-121.93666,41.85845],[-121.93285,41.8513],[-121.92358,41.84486],[-121.91672,41.84269],[-121.92091,41.85455],[-121.92261,41.85624],[-121.92735,41.86699]]]}},{"type":"Feature","properties":{"c":"zone"},"geometry":{"type":"Polygon","coordinates":[[[-121.95663,41.75629],[-121.95978,41.75577],[-121.96261,41.76753],[-121.96609,41.77155],[-121.96989,41.76427],[-121.96458,41.75582],[-121.96246,41.74989],[-121.96623,41.74989],[-121.96814,41.75576],[-121.97309,41.7626],[-121.97213,41.76934],[-121.97828,41.77354],[-121.98062,41.77847],[-121.97816,41.77915],[-121.97631,41.77547],[-121.96946,41.7712],[-121.96857,41.77344],[-121.96884,41.77947],[-121.97153,41.78433],[-121.97968,41.78944],[-121.98258,41.794],[-121.97977,41.79511],[-121.99896,41.80718],[-122.00113,41.80957],[-122.00113,41.81595],[-121.9989,41.81117],[-121.99485,41.80698],[-121.98312,41.79996],[-121.98132,41.80185],[-121.97323,41.79727],[-121.97029,41.78814],[-121.96576,41.77985],[-121.96559,41.77616],[-121.95994,41.76951],[-121.95663,41.75629]]]}},{"type":"Feature","properties":{"c":"zone"},"geometry":{"type":"Polygon","coordinates":[[[-121.94301,41.7499],[-121.94621,41.74989],[-121.95174,41.76556],[-121.95616,41.78111],[-121.95729,41.79389],[-121.9608,41.80119],[-121.95954,41.80779],[-121.96316,41.81522],[-121.96002,41.816],[-121.95601,41.80769],[-121.9567,41.80007],[-121.95279,41.79312],[-121.95337,41.78452],[-121.95121,41.77948],[-121.94744,41.76413],[-121.94325,41.75336],[-121.94301,41.7499]]]}},{"type":"Feature","properties":{"c":"zone"},"geometry":{"type":"Polygon","coordinates":[[[-121.98558,41.8246],[-121.98268,41.82502],[-121.98041,41.81656],[-121.97361,41.80919],[-121.97316,41.80629],[-121.96438,41.79204],[-121.9672,41.79103],[-121.97605,41.80573],[-121.97648,41.80786],[-121.98353,41.81619],[-121.98558,41.8246]]]}},{"type":"Feature","properties":{"c":"zone"},"geometry":{"type":"Polygon","coordinates":[[[-121.97844,41.82592],[-121.97671,41.8272],[-121.97166,41.82362],[-121.96854,41.81889],[-121.96252,41.8118],[-121.96475,41.81077],[-121.97036,41.81764],[-121.97375,41.82243],[-121.97844,41.82592]]]}},{"type":"Feature","properties":{"c":"zone"},"geometry":{"type":"Polygon","coordinates":[[[-116.12585,33.22532],[-116.08137,33.19313],[-116.066,33.18286],[-116.06858,33.18038],[-116.08467,33.1909],[-116.12585,33.22073],[-116.12585,33.22532]]]}},{"type":"Feature","properties":{"c":"zone"},"geometry":{"type":"Polygon","coordinates":[[[-116.12585,33.14481],[-116.11556,33.13296],[-116.10803,33.13286],[-116.1006,33.13929],[-116.08105,33.12507],[-116.11741,33.12506],[-116.12246,33.13295],[-116.12585,33.13445],[-116.12585,33.14481]]]}},{"type":"Feature","properties":{"c":"zone"},"geometry":{"type":"Polygon","coordinates":[[[-124.08205,40.04998],[-124.08024,40.05089],[-124.0658,40.03276],[-124.06793,40.03185],[-124.08205,40.04998]]]}},{"type":"Feature","properties":{"c":"zone"},"geometry":{"type":"Polygon","coordinates":[[[-124.07369,40.06199],[-124.07002,40.0625],[-124.06712,40.05135],[-124.0654,40.04262],[-124.06258,40.03646],[-124.05706,40.02879],[-124.05712,40.02487],[-124.05619,40.02071],[-124.06281,40.02011],[-124.06413,40.02549],[-124.06378,40.03112],[-124.06636,40.03521],[-124.06901,40.04107],[-124.0713,40.0528],[-124.07369,40.06199]]]}},{"type":"Feature","properties":{"c":"zone"},"geometry":{"type":"Polygon","coordinates":[[[-116.72984,35.99997],[-116.72543,35.99997],[-116.71636,35.99159],[-116.71855,35.99028],[-116.71544,35.98668],[-116.71836,35.98526],[-116.72054,35.98767],[-116.7227,35.98304],[-116.71983,35.98127],[-116.71776,35.97818],[-116.71481,35.97134],[-116.71422,35.9651],[-116.71184,35.95912],[-116.71584,35.95364],[-116.71518,35.95047],[-116.71215,35.94989],[-116.70799,35.94476],[-116.7049,35.94266],[-116.7023,35.93711],[-116.70486,35.93606],[-116.7,35.93047],[-116.69611,35.91884],[-116.69869,35.91827],[-116.69423,35.91287],[-116.68915,35.90265],[-116.6877,35.89576],[-116.68776,35.89198],[-116.68206,35.88573],[-116.67033,35.87717],[-116.66597,35.87498],[-116.67094,35.87498],[-116.67457,35.87659],[-116.68435,35.88369],[-116.69152,35.8912],[-116.69131,35.89448],[-116.6929,35.90204],[-116.69768,35.91179],[-116.70395,35.92],[-116.7007,35.9214],[-116.70297,35.92898],[-116.71148,35.9388],[-116.71073,35.94241],[-116.71496,35.94821],[-116.71799,35.9479],[-116.71942,35.95488],[-116.71568,35.95923],[-116.7183,35.96541],[-116.71874,35.97033],[-116.72261,35.97937],[-116.72723,35.97993],[-116.73226,35.98662],[-116.73042,35.98773],[-116.72673,35.98282],[-116.72325,35.99066],[-116.72984,35.99997]]]}},{"type":"Feature","properties":{"c":"zone"},"geometry":{"type":"Polygon","coordinates":[[[-116.60675,34.75],[-116.59953,34.75001],[-116.59636,34.74808],[-116.58708,34.7393],[-116.57742,34.72905],[-116.57031,34.72468],[-116.56582,34.7194],[-116.54797,34.69989],[-116.53903,34.69588],[-116.51594,34.67829],[-116.51835,34.67626],[-116.54126,34.69342],[-116.55175,34.69866],[-116.55911,34.70649],[-116.55602,34.69788],[-116.54624,34.6817],[-116.54015,34.67304],[-116.52931,34.66191],[-116.5203,34.65604],[-116.50802,34.64301],[-116.50087,34.63412],[-116.50087,34.62953],[-116.51093,34.64122],[-116.52218,34.65246],[-116.52686,34.6551],[-116.54189,34.6702],[-116.54589,34.67527],[-116.55615,34.69087],[-116.56001,34.69863],[-116.56433,34.71224],[-116.57404,34.72374],[-116.57896,34.72623],[-116.59435,34.74154],[-116.59847,34.74306],[-116.60675,34.75]]]}},{"type":"Feature","properties":{"c":"zone"},"geometry":{"type":"Polygon","coordinates":[[[-116.53779,34.66076],[-116.53503,34.65577],[-116.53498,34.65092],[-116.53739,34.65098],[-116.5371,34.65472],[-116.53975,34.65996],[-116.53779,34.66076]]]}},{"type":"Feature","properties":{"c":"zone"},"geometry":{"type":"Polygon","coordinates":[[[-118.68304,34.30821],[-118.68747,34.30711],[-118.69867,34.30149],[-118.70556,34.30148],[-118.73908,34.29153],[-118.75093,34.28591],[-118.75094,34.28899],[-118.73994,34.29413],[-118.69589,34.30798],[-118.6834,34.31097],[-118.68304,34.30821]]]}},{"type":"Feature","properties":{"c":"zone"},"geometry":{"type":"Polygon","coordinates":[[[-118.76161,34.28633],[-118.75094,34.28899],[-118.75093,34.28591],[-118.76022,34.28376],[-118.76571,34.28135],[-118.77456,34.28114],[-118.79645,34.27782],[-118.80195,34.2779],[-118.8053,34.27505],[-118.80871,34.27398],[-118.82666,34.27174],[-118.83338,34.26974],[-118.84772,34.26846],[-118.85133,34.26658],[-118.85199,34.26401],[-118.86089,34.25964],[-118.86534,34.2616],[-118.86949,34.25855],[-118.87593,34.2554],[-118.87593,34.25883],[-118.87046,34.26434],[-118.84858,34.27106],[-118.83562,34.2724],[-118.82759,34.27437],[-118.81567,34.27599],[-118.80477,34.28008],[-118.77457,34.28392],[-118.76647,34.28415],[-118.76161,34.28633]]]}},{"type":"Feature","properties":{"c":"zone"},"geometry":{"type":"Polygon","coordinates":[[[-119.93536,35.37499],[-119.92483,35.37499],[-119.91564,35.36261],[-119.91061,35.36015],[-119.88344,35.32969],[-119.88034,35.33218],[-119.87598,35.32956],[-119.87598,35.3163],[-119.8907,35.32797],[-119.89823,35.33916],[-119.93536,35.37499]]]}},{"type":"Feature","properties":{"c":"zone"},"geometry":{"type":"Polygon","coordinates":[[[-120.71051,36.12498],[-120.70512,36.12498],[-120.69604,36.11625],[-120.68447,36.10999],[-120.68835,36.11642],[-120.69937,36.12498],[-120.69131,36.12498],[-120.66308,36.10273],[-120.6574,36.09223],[-120.64072,36.07659],[-120.62601,36.0654],[-120.62601,36.05696],[-120.63551,36.06627],[-120.65374,36.08081],[-120.67162,36.09938],[-120.69887,36.11302],[-120.71051,36.12498]]]}},{"type":"Feature","properties":{"c":"zone"},"geometry":{"type":"Polygon","coordinates":[[[-116.31853,34.75001],[-116.31811,34.76568],[-116.31479,34.76561],[-116.3152,34.75001],[-116.31853,34.75001]]]}},{"type":"Feature","properties":{"c":"zone"},"geometry":{"type":"Polygon","coordinates":[[[-118.3126,34.62501],[-118.29538,34.62501],[-118.27121,34.61603],[-118.25092,34.60741],[-118.25093,34.6019],[-118.27569,34.61153],[-118.27117,34.60563],[-118.26209,34.60164],[-118.25092,34.59847],[-118.25092,34.5966],[-118.26413,34.60035],[-118.27111,34.60376],[-118.28886,34.60988],[-118.30204,34.61297],[-118.3103,34.61598],[-118.30968,34.61735],[-118.28881,34.61154],[-118.27557,34.60705],[-118.27835,34.61227],[-118.3126,34.62501]]]}},{"type":"Feature","properties":{"c":"zone"},"geometry":{"type":"Polygon","coordinates":[[[-118.28804,34.58923],[-118.28385,34.59071],[-118.26685,34.59438],[-118.25091,34.59498],[-118.25092,34.59246],[-118.28804,34.58923]]]}},{"type":"Feature","properties":{"c":"zone"},"geometry":{"type":"Polygon","coordinates":[[[-120.62601,36.05696],[-120.62601,36.0654],[-120.60911,36.04908],[-120.60195,36.04663],[-120.58934,36.03739],[-120.58621,36.03066],[-120.5552,36.00227],[-120.54811,35.99998],[-120.56385,35.99998],[-120.56538,36.00531],[-120.5832,36.01702],[-120.59638,36.03093],[-120.62601,36.05696]]]}},{"type":"Feature","properties":{"c":"zone"},"geometry":{"type":"Polygon","coordinates":[[[-120.07669,41.24385],[-120.07638,41.23784],[-120.06726,41.22265],[-120.05233,41.2077],[-120.04741,41.1973],[-120.04798,41.19016],[-120.04261,41.17964],[-120.04121,41.17263],[-120.03409,41.16479],[-120.0373,41.16312],[-120.04496,41.17163],[-120.04615,41.17738],[-120.05204,41.18989],[-120.05148,41.19687],[-120.05529,41.20492],[-120.07086,41.2208],[-120.08045,41.2379],[-120.08057,41.24384],[-120.07669,41.24385]]]}},{"type":"Feature","properties":{"c":"zone"},"geometry":{"type":"Polygon","coordinates":[[[-120.07145,41.24992],[-120.06882,41.24992],[-120.06596,41.24553],[-120.06805,41.24472],[-120.07145,41.24992]]]}},{"type":"Feature","properties":{"c":"zone"},"geometry":{"type":"Polygon","coordinates":[[[-120.07935,41.24708],[-120.07722,41.24821],[-120.07233,41.24298],[-120.07117,41.23765],[-120.07359,41.23734],[-120.07459,41.24209],[-120.07935,41.24708]]]}},{"type":"Feature","properties":{"c":"zone"},"geometry":{"type":"Polygon","coordinates":[[[-117.98049,37.36711],[-117.98104,37.36974],[-117.98012,37.3717],[-117.98235,37.37495],[-117.97847,37.37495],[-117.97721,37.37312],[-117.97651,37.37495],[-117.97371,37.37495],[-117.97577,37.36811],[-117.96882,37.37003],[-117.96879,37.37209],[-117.96626,37.37495],[-117.96063,37.37495],[-117.96701,37.36737],[-117.97447,37.36518],[-117.97387,37.35949],[-117.97578,37.35695],[-117.97552,37.35365],[-117.97964,37.34813],[-117.98514,37.35001],[-117.97768,37.36081],[-117.98066,37.36347],[-117.9822,37.36154],[-117.98337,37.35621],[-117.9885,37.3525],[-117.98624,37.34941],[-117.98616,37.34484],[-117.98735,37.34017],[-117.99137,37.33789],[-117.9928,37.33549],[-117.99528,37.32673],[-117.9966,37.3128],[-117.99941,37.30427],[-118.00094,37.30403],[-118.00094,37.31232],[-118.00007,37.32591],[-117.99731,37.33517],[-117.99469,37.33979],[-117.99136,37.34311],[-117.99102,37.34945],[-117.99238,37.3512],[-117.99181,37.35376],[-117.98638,37.35777],[-117.98575,37.36257],[-117.98049,37.36711]]]}},{"type":"Feature","properties":{"c":"zone"},"geometry":{"type":"Polygon","coordinates":[[[-117.12589,35.76805],[-117.12001,35.75777],[-117.11335,35.74996],[-117.11755,35.74996],[-117.12318,35.75645],[-117.12589,35.7611],[-117.12589,35.76805]]]}},{"type":"Feature","properties":{"c":"zone"},"geometry":{"type":"Polygon","coordinates":[[[-117.3759,35.52138],[-117.39038,35.5176],[-117.41253,35.51379],[-117.43909,35.50686],[-117.46752,35.49998],[-117.48087,35.49997],[-117.44138,35.50907],[-117.41378,35.51661],[-117.39134,35.52028],[-117.3759,35.52695],[-117.3759,35.52138]]]}},{"type":"Feature","properties":{"c":"zone"},"geometry":{"type":"Polygon","coordinates":[[[-120.49775,40.28575],[-120.50107,40.29017],[-120.50107,40.29402],[-120.49458,40.28718],[-120.48816,40.28439],[-120.48177,40.27844],[-120.47093,40.27074],[-120.46819,40.26814],[-120.46422,40.26644],[-120.45812,40.26166],[-120.45027,40.24992],[-120.45475,40.24992],[-120.45862,40.25494],[-120.46071,40.25978],[-120.46612,40.26412],[-120.47072,40.2662],[-120.47341,40.26857],[-120.48285,40.27511],[-120.48966,40.28193],[-120.49775,40.28575]]]}},{"type":"Feature","properties":{"c":"zone"},"geometry":{"type":"Polygon","coordinates":[[[-120.48467,40.31189],[-120.50107,40.31788],[-120.50107,40.32125],[-120.48268,40.31411],[-120.46078,40.30454],[-120.46258,40.30216],[-120.46655,40.30409],[-120.46938,40.30338],[-120.47375,40.30724],[-120.48467,40.31189]]]}},{"type":"Feature","properties":{"c":"zone"},"geometry":{"type":"Polygon","coordinates":[[[-118.08288,37.61755],[-118.08518,37.61771],[-118.08431,37.62495],[-118.07845,37.62495],[-118.07696,37.61707],[-118.07446,37.61627],[-118.07177,37.61013],[-118.05961,37.60256],[-118.04382,37.59627],[-118.03562,37.5914],[-118.03041,37.58674],[-118.02121,37.58176],[-118.0204,37.57966],[-118.00413,37.5662],[-118.00094,37.56472],[-118.00094,37.55839],[-118.01178,37.56651],[-118.02035,37.57562],[-118.0231,37.57719],[-118.02384,37.57952],[-118.03302,37.58477],[-118.03722,37.5886],[-118.04,37.58868],[-118.04513,37.59074],[-118.05033,37.5952],[-118.04746,37.58868],[-118.05095,37.58601],[-118.05571,37.58587],[-118.05504,37.59228],[-118.0528,37.59391],[-118.05393,37.59702],[-118.06279,37.60037],[-118.07079,37.60516],[-118.07558,37.60905],[-118.07789,37.61379],[-118.08288,37.61755]]]}},{"type":"Feature","properties":{"c":"zone"},"geometry":{"type":"Polygon","coordinates":[[[-118.05999,37.60538],[-118.05808,37.6071],[-118.04961,37.60128],[-118.05157,37.59953],[-118.05999,37.60538]]]}},{"type":"Feature","properties":{"c":"zone"},"geometry":{"type":"Polygon","coordinates":[[[-123.47319,38.74993],[-123.46434,38.74993],[-123.41228,38.69903],[-123.38081,38.66769],[-123.37613,38.66205],[-123.37613,38.65064],[-123.3968,38.67374],[-123.40665,38.68292],[-123.41893,38.68924],[-123.41774,38.69447],[-123.42574,38.7023],[-123.43847,38.71638],[-123.47319,38.74993]]]}},{"type":"Feature","properties":{"c":"zone"},"geometry":{"type":"Polygon","coordinates":[[[-123.38718,38.63342],[-123.37967,38.62492],[-123.38506,38.62492],[-123.39082,38.63144],[-123.38718,38.63342]]]}},{"type":"Feature","properties":{"c":"zone"},"geometry":{"type":"Polygon","coordinates":[[[-120.55454,35.99998],[-120.5427,35.99175],[-120.52915,35.97974],[-120.52832,35.97846],[-120.51953,35.97126],[-120.51148,35.96589],[-120.501,35.9579],[-120.501,35.95412],[-120.52134,35.96875],[-120.52971,35.97527],[-120.54025,35.98455],[-120.55937,35.99998],[-120.55454,35.99998]]]}},{"type":"Feature","properties":{"c":"zone"},"geometry":{"type":"Polygon","coordinates":[[[-120.45475,40.24992],[-120.45027,40.24992],[-120.44422,40.24202],[-120.44261,40.23189],[-120.44041,40.22967],[-120.43819,40.23057],[-120.42888,40.22667],[-120.42682,40.22504],[-120.42822,40.22311],[-120.43805,40.22749],[-120.44126,40.22589],[-120.44685,40.23127],[-120.44772,40.23774],[-120.44918,40.24254],[-120.45475,40.24992]]]}},{"type":"Feature","properties":{"c":"zone"},"geometry":{"type":"Polygon","coordinates":[[[-117.12591,36.71481],[-117.12591,36.71901],[-117.11359,36.70853],[-117.10967,36.70421],[-117.1032,36.69842],[-117.10036,36.69671],[-117.09543,36.69658],[-117.07456,36.68094],[-117.0612,36.66859],[-117.05874,36.66858],[-117.03624,36.65286],[-117.02477,36.64426],[-117.02288,36.64185],[-117.01552,36.63631],[-116.99876,36.62495],[-117.00432,36.62495],[-117.00822,36.62794],[-117.01746,36.63388],[-117.02658,36.64088],[-117.02801,36.64273],[-117.05938,36.66515],[-117.06221,36.66527],[-117.06956,36.67164],[-117.07737,36.67933],[-117.08277,36.67958],[-117.09923,36.69243],[-117.10599,36.69653],[-117.11258,36.70239],[-117.11499,36.70521],[-117.12591,36.71481]]]}},{"type":"Feature","properties":{"c":"zone"},"geometry":{"type":"Polygon","coordinates":[[[-117.11746,36.71885],[-117.11604,36.72],[-117.10896,36.71595],[-117.10699,36.71385],[-117.10595,36.71136],[-117.10602,36.70822],[-117.10842,36.70825],[-117.10836,36.71043],[-117.10933,36.7126],[-117.1125,36.71549],[-117.11746,36.71885]]]}},{"type":"Feature","properties":{"c":"zone"},"geometry":{"type":"Polygon","coordinates":[[[-117.12591,36.73286],[-117.12507,36.73012],[-117.12591,36.72358],[-117.12591,36.73286]]]}},{"type":"Feature","properties":{"c":"zone"},"geometry":{"type":"Polygon","coordinates":[[[-117.12116,36.73011],[-117.11918,36.72969],[-117.12081,36.72399],[-117.1187,36.71977],[-117.11794,36.71536],[-117.11976,36.71519],[-117.12284,36.72137],[-117.12283,36.72452],[-117.12116,36.73011]]]}},{"type":"Feature","properties":{"c":"zone"},"geometry":{"type":"Polygon","coordinates":[[[-116.25086,34.21402],[-116.25086,34.21957],[-116.23469,34.20679],[-116.22909,34.20095],[-116.2245,34.19498],[-116.22217,34.1932],[-116.21096,34.17896],[-116.21365,34.17772],[-116.22427,34.19129],[-116.22703,34.19326],[-116.23166,34.19943],[-116.23705,34.20507],[-116.24478,34.21101],[-116.25086,34.21402]]]}},{"type":"Feature","properties":{"c":"zone"},"geometry":{"type":"Polygon","coordinates":[[[-116.22947,34.14852],[-116.21217,34.14759],[-116.20081,34.1461],[-116.18152,34.14534],[-116.16824,34.14425],[-116.15072,34.14375],[-116.142,34.14305],[-116.13438,34.14286],[-116.12585,34.14143],[-116.12585,34.13867],[-116.13182,34.13963],[-116.14195,34.13995],[-116.14585,34.14062],[-116.16822,34.1414],[-116.18581,34.14269],[-116.20947,34.14368],[-116.21215,34.14451],[-116.22951,34.14576],[-116.23999,34.14441],[-116.24062,34.14715],[-116.22947,34.14852]]]}},{"type":"Feature","properties":{"c":"zone"},"geometry":{"type":"Polygon","coordinates":[[[-118.37271,34.3093],[-118.36742,34.30992],[-118.36616,34.30734],[-118.372,34.3074],[-118.37271,34.3093]]]}},{"type":"Feature","properties":{"c":"zone"},"geometry":{"type":"Polygon","coordinates":[[[-118.34879,34.31108],[-118.34357,34.31239],[-118.343,34.3107],[-118.34814,34.30934],[-118.34879,34.31108]]]}},{"type":"Feature","properties":{"c":"zone"},"geometry":{"type":"Polygon","coordinates":[[[-118.37592,34.28157],[-118.37592,34.30522],[-118.37065,34.30444],[-118.3743,34.29836],[-118.37255,34.29501],[-118.36429,34.30061],[-118.35577,34.30479],[-118.35464,34.30337],[-118.36212,34.29774],[-118.3615,34.29282],[-118.3755,34.28992],[-118.37524,34.28828],[-118.36163,34.2868],[-118.35663,34.29145],[-118.35097,34.2889],[-118.35213,34.28466],[-118.3464,34.28366],[-118.3268,34.27466],[-118.31969,34.27804],[-118.31448,34.27548],[-118.30436,34.28069],[-118.31624,34.28134],[-118.32696,34.28774],[-118.33152,34.28686],[-118.33219,34.28878],[-118.33041,34.28918],[-118.3359,34.29261],[-118.33598,34.29465],[-118.32644,34.29432],[-118.30543,34.28599],[-118.29564,34.29316],[-118.2905,34.29474],[-118.28643,34.28463],[-118.30296,34.27636],[-118.30735,34.27462],[-118.30707,34.27059],[-118.32042,34.27118],[-118.32689,34.27021],[-118.35358,34.27645],[-118.36324,34.2777],[-118.37592,34.28157]]]}},{"type":"Feature","properties":{"c":"zone"},"geometry":{"type":"Polygon","coordinates":[[[-118.35106,34.30006],[-118.34962,34.30463],[-118.34707,34.30407],[-118.34844,34.29966],[-118.35106,34.30006]]]}},{"type":"Feature","properties":{"c":"zone"},"geometry":{"type":"Polygon","coordinates":[[[-118.30771,34.29732],[-118.29989,34.29559],[-118.30099,34.29289],[-118.30886,34.29468],[-118.30771,34.29732]]]}},{"type":"Feature","properties":{"c":"zone"},"geometry":{"type":"Polygon","coordinates":[[[-118.28761,34.26119],[-118.28323,34.2677],[-118.2781,34.25974],[-118.2707,34.25408],[-118.25766,34.25215],[-118.25092,34.25],[-118.26977,34.25002],[-118.27706,34.25314],[-118.28761,34.26119]]]}},{"type":"Feature","properties":{"c":"zone"},"geometry":{"type":"Polygon","coordinates":[[[-117.21311,34.00003],[-117.20486,34.00004],[-117.18364,33.98757],[-117.15134,33.95678],[-117.13813,33.94703],[-117.12588,33.93341],[-117.12588,33.92799],[-117.15638,33.95576],[-117.18655,33.98488],[-117.21311,34.00003]]]}},{"type":"Feature","properties":{"c":"zone"},"geometry":{"type":"Polygon","coordinates":[[[-116.43918,34.75001],[-116.43478,34.75001],[-116.43008,34.7455],[-116.4231,34.73686],[-116.418,34.72797],[-116.4092,34.70942],[-116.395,34.68448],[-116.39318,34.67568],[-116.38661,34.66424],[-116.37933,34.65618],[-116.37586,34.64817],[-116.37586,34.62748],[-116.3794,34.62743],[-116.37726,34.63946],[-116.37911,34.6461],[-116.39055,34.66304],[-116.402,34.68501],[-116.40243,34.69131],[-116.41087,34.70624],[-116.42527,34.7339],[-116.43148,34.7422],[-116.43918,34.75001]]]}},{"type":"Feature","properties":{"c":"zone"},"geometry":{"type":"Polygon","coordinates":[[[-116.50087,34.62953],[-116.50087,34.63412],[-116.49028,34.625],[-116.49497,34.625],[-116.50087,34.62953]]]}},{"type":"Feature","properties":{"c":"zone"},"geometry":{"type":"Polygon","coordinates":[[[-116.37587,34.71073],[-116.37805,34.71291],[-116.38007,34.71914],[-116.37875,34.72285],[-116.37587,34.72244],[-116.37587,34.7212],[-116.3766,34.71911],[-116.37587,34.71704],[-116.37587,34.71073]]]}},{"type":"Feature","properties":{"c":"zone"},"geometry":{"type":"Polygon","coordinates":[[[-117.12589,35.14107],[-117.12589,35.14825],[-117.11788,35.13386],[-117.11255,35.12911],[-117.11261,35.12677],[-117.11547,35.12528],[-117.11982,35.13061],[-117.12589,35.14107]]]}},{"type":"Feature","properties":{"c":"zone"},"geometry":{"type":"Polygon","coordinates":[[[-117.11918,35.14599],[-117.11467,35.13997],[-117.11248,35.14096],[-117.10974,35.13711],[-117.10904,35.13415],[-117.10519,35.13018],[-117.10766,35.12844],[-117.11608,35.13654],[-117.12206,35.14463],[-117.11918,35.14599]]]}},{"type":"Feature","properties":{"c":"zone"},"geometry":{"type":"Polygon","coordinates":[[[-115.80385,32.93347],[-115.80194,32.93572],[-115.79624,32.93233],[-115.78738,32.92985],[-115.77463,32.9244],[-115.75084,32.91098],[-115.75084,32.908],[-115.77608,32.92192],[-115.78831,32.92713],[-115.79764,32.92981],[-115.80385,32.93347]]]}},{"type":"Feature","properties":{"c":"zone"},"geometry":{"type":"Polygon","coordinates":[[[-115.79453,33.00007],[-115.79078,33.00007],[-115.78086,32.9924],[-115.75084,32.97317],[-115.75084,32.9683],[-115.75274,32.97161],[-115.78265,32.99079],[-115.79453,33.00007]]]}},{"type":"Feature","properties":{"c":"zone"},"geometry":{"type":"Polygon","coordinates":[[[-115.76614,33.00006],[-115.76409,33.00006],[-115.76491,32.99747],[-115.76684,32.99792],[-115.76614,33.00006]]]}},{"type":"Feature","properties":{"c":"zone"},"geometry":{"type":"Polygon","coordinates":[[[-115.87585,32.97209],[-115.87336,32.96832],[-115.87524,32.96751],[-115.87585,32.9687],[-115.87585,32.97209]]]}},{"type":"Feature","properties":{"c":"zone"},"geometry":{"type":"Polygon","coordinates":[[[-115.86062,32.97437],[-115.85888,32.97669],[-115.84091,32.96652],[-115.83961,32.96387],[-115.82627,32.9561],[-115.82835,32.95367],[-115.84197,32.9618],[-115.84404,32.96509],[-115.86062,32.97437]]]}},{"type":"Feature","properties":{"c":"zone"},"geometry":{"type":"Polygon","coordinates":[[[-121.31967,40.68208],[-121.31616,40.68246],[-121.31428,40.67232],[-121.30963,40.66525],[-121.28862,40.64608],[-121.28329,40.63954],[-121.28642,40.63829],[-121.29138,40.64415],[-121.31344,40.66441],[-121.31789,40.6717],[-121.31967,40.68208]]]}},{"type":"Feature","properties":{"c":"zone"},"geometry":{"type":"Polygon","coordinates":[[[-121.33254,40.74991],[-121.32869,40.74991],[-121.32625,40.74506],[-121.32043,40.74092],[-121.31642,40.73429],[-121.31503,40.72973],[-121.31348,40.72809],[-121.31244,40.71831],[-121.31083,40.71283],[-121.31082,40.69908],[-121.30939,40.6901],[-121.30701,40.68714],[-121.29636,40.67723],[-121.29914,40.67548],[-121.30947,40.68505],[-121.31292,40.68927],[-121.31449,40.69872],[-121.31442,40.71184],[-121.31588,40.71775],[-121.31688,40.72699],[-121.31875,40.72885],[-121.31987,40.73344],[-121.32321,40.73877],[-121.3288,40.74314],[-121.33254,40.74991]]]}},{"type":"Feature","properties":{"c":"zone"},"geometry":{"type":"Polygon","coordinates":[[[-121.3761,40.63459],[-121.3761,40.63882],[-121.35841,40.6249],[-121.36355,40.6249],[-121.3761,40.63459]]]}},{"type":"Feature","properties":{"c":"zone"},"geometry":{"type":"Polygon","coordinates":[[[-116.22399,32.87507],[-116.22007,32.87507],[-116.21666,32.87106],[-116.20473,32.85362],[-116.19951,32.85034],[-116.18145,32.84295],[-116.17425,32.83847],[-116.16593,32.83497],[-116.15628,32.83648],[-116.13492,32.8278],[-116.12586,32.82554],[-116.12586,32.82235],[-116.13618,32.82416],[-116.14768,32.82988],[-116.15635,32.83247],[-116.16544,32.83147],[-116.17812,32.83705],[-116.18365,32.84067],[-116.1962,32.84544],[-116.19215,32.84139],[-116.18515,32.83873],[-116.18655,32.83684],[-116.19479,32.83953],[-116.21529,32.86073],[-116.22035,32.87097],[-116.22399,32.87507]]]}},{"type":"Feature","properties":{"c":"zone"},"geometry":{"type":"Polygon","coordinates":[[[-117.84591,37.40329],[-117.84929,37.40826],[-117.84625,37.40958],[-117.84279,37.40464],[-117.82731,37.3908],[-117.82535,37.38981],[-117.82366,37.38742],[-117.81085,37.37495],[-117.81532,37.37495],[-117.82648,37.38587],[-117.82787,37.38783],[-117.8299,37.38899],[-117.84591,37.40329]]]}},{"type":"Feature","properties":{"c":"zone"},"geometry":{"type":"Polygon","coordinates":[[[-117.87594,37.43445],[-117.87594,37.44046],[-117.86537,37.43046],[-117.8619,37.42191],[-117.85254,37.41598],[-117.85387,37.4142],[-117.85589,37.41522],[-117.8575,37.41358],[-117.85113,37.40476],[-117.84898,37.40327],[-117.84659,37.40088],[-117.84921,37.3993],[-117.85411,37.40165],[-117.87041,37.42414],[-117.8695,37.42675],[-117.8728,37.42904],[-117.87252,37.43159],[-117.87594,37.43445]]]}},{"type":"Feature","properties":{"c":"zone"},"geometry":{"type":"Polygon","coordinates":[[[-119.45373,35.16539],[-119.45222,35.16831],[-119.44277,35.16518],[-119.43177,35.16375],[-119.41688,35.1637],[-119.41099,35.16161],[-119.41097,35.15862],[-119.41779,35.16004],[-119.433,35.15936],[-119.44417,35.16154],[-119.45373,35.16539]]]}},{"type":"Feature","properties":{"c":"zone"},"geometry":{"type":"Polygon","coordinates":[[[-119.45392,35.18497],[-119.44575,35.18363],[-119.44275,35.18108],[-119.44535,35.17855],[-119.44059,35.17193],[-119.44257,35.17091],[-119.4557,35.1834],[-119.45392,35.18497]]]}},{"type":"Feature","properties":{"c":"zone"},"geometry":{"type":"Polygon","coordinates":[[[-121.81094,37.83882],[-121.80399,37.83116],[-121.79414,37.81751],[-121.79385,37.81424],[-121.77722,37.79647],[-121.77389,37.79064],[-121.76134,37.7822],[-121.75108,37.7738],[-121.75108,37.76905],[-121.77574,37.78734],[-121.7795,37.79434],[-121.79327,37.80858],[-121.80179,37.81664],[-121.80488,37.82729],[-121.8134,37.8373],[-121.81094,37.83882]]]}},{"type":"Feature","properties":{"c":"zone"},"geometry":{"type":"Polygon","coordinates":[[[-118.38056,35.05081],[-118.37593,35.05438],[-118.37593,35.04843],[-118.38156,35.04374],[-118.44144,35.01046],[-118.45034,35.00383],[-118.45811,34.99999],[-118.46745,34.99999],[-118.462,35.00481],[-118.39897,35.03803],[-118.39008,35.04326],[-118.38056,35.05081]]]}},{"type":"Feature","properties":{"c":"zone"},"geometry":{"type":"Polygon","coordinates":[[[-117.6259,34.35048],[-117.6259,34.35498],[-117.60685,34.34662],[-117.58976,34.33687],[-117.5009,34.29451],[-117.50089,34.28845],[-117.51122,34.29265],[-117.56476,34.32037],[-117.58259,34.31549],[-117.57819,34.31016],[-117.5556,34.3024],[-117.54309,34.2909],[-117.50923,34.2863],[-117.50089,34.28306],[-117.5009,34.27889],[-117.51067,34.28279],[-117.54421,34.2868],[-117.5577,34.29921],[-117.58042,34.30724],[-117.58737,34.31508],[-117.60816,34.31384],[-117.6259,34.32221],[-117.6259,34.32732],[-117.60535,34.31772],[-117.585,34.31882],[-117.57071,34.32256],[-117.58745,34.32881],[-117.59975,34.33537],[-117.607,34.34237],[-117.6259,34.35048]]]}},{"type":"Feature","properties":{"c":"zone"},"geometry":{"type":"Polygon","coordinates":[[[-117.57601,34.28563],[-117.57352,34.28838],[-117.53857,34.26647],[-117.53189,34.25959],[-117.50319,34.25002],[-117.51434,34.25002],[-117.53453,34.25631],[-117.55373,34.25735],[-117.57407,34.25454],[-117.57554,34.26052],[-117.56388,34.26286],[-117.53976,34.2607],[-117.57601,34.28563]]]}},{"type":"Feature","properties":{"c":"zone"},"geometry":{"type":"Polygon","coordinates":[[[-117.54976,34.28011],[-117.54745,34.28318],[-117.51869,34.26833],[-117.50089,34.26481],[-117.5009,34.25453],[-117.54976,34.28011]]]}},{"type":"Feature","properties":{"c":"zone"},"geometry":{"type":"Polygon","coordinates":[[[-117.14718,33.50004],[-117.14293,33.50004],[-117.12588,33.48552],[-117.12588,33.48178],[-117.14718,33.50004]]]}},{"type":"Feature","properties":{"c":"zone"},"geometry":{"type":"Polygon","coordinates":[[[-117.15748,33.50004],[-117.15639,33.49908],[-117.15757,33.49777],[-117.16086,33.50005],[-117.15748,33.50004]]]}},{"type":"Feature","properties":{"c":"zone"},"geometry":{"type":"Polygon","coordinates":[[[-121.96548,41.62489],[-121.96235,41.62489],[-121.96271,41.61432],[-121.95697,41.60695],[-121.95568,41.60053],[-121.95014,41.59507],[-121.94848,41.58788],[-121.95137,41.58751],[-121.9528,41.59383],[-121.95851,41.59899],[-121.96023,41.606],[-121.96599,41.61292],[-121.96548,41.62489]]]}},{"type":"Feature","properties":{"c":"zone"},"geometry":{"type":"Polygon","coordinates":[[[-121.92786,41.6249],[-121.92473,41.6249],[-121.92763,41.60974],[-121.92558,41.60433],[-121.92595,41.57993],[-121.92931,41.57335],[-121.92834,41.57104],[-121.93905,41.55362],[-121.94192,41.55464],[-121.93164,41.57163],[-121.93242,41.57373],[-121.92929,41.58035],[-121.92913,41.60133],[-121.93061,41.60926],[-121.92786,41.6249]]]}},{"type":"Feature","properties":{"c":"zone"},"geometry":{"type":"Polygon","coordinates":[[[-121.90169,41.60423],[-121.89875,41.60379],[-121.90488,41.57739],[-121.90794,41.5778],[-121.90169,41.60423]]]}},{"type":"Feature","properties":{"c":"zone"},"geometry":{"type":"Polygon","coordinates":[[[-121.90889,41.59727],[-121.90637,41.59731],[-121.90621,41.58942],[-121.9087,41.58939],[-121.90889,41.59727]]]}},{"type":"Feature","properties":{"c":"zone"},"geometry":{"type":"Polygon","coordinates":[[[-121.87613,41.58712],[-121.87613,41.58281],[-121.88186,41.58936],[-121.88394,41.59475],[-121.8813,41.6115],[-121.88453,41.62489],[-121.8813,41.62488],[-121.87767,41.61111],[-121.88066,41.59448],[-121.87925,41.59081],[-121.87613,41.58712]]]}},{"type":"Feature","properties":{"c":"zone"},"geometry":{"type":"Polygon","coordinates":[[[-121.91286,41.57954],[-121.9097,41.57937],[-121.91041,41.57065],[-121.91329,41.56325],[-121.91173,41.55304],[-121.91321,41.54285],[-121.91638,41.54316],[-121.91491,41.55204],[-121.91657,41.56309],[-121.91363,41.5699],[-121.91286,41.57954]]]}},{"type":"Feature","properties":{"c":"zone"},"geometry":{"type":"Polygon","coordinates":[[[-117.50057,35.04032],[-117.49819,35.04215],[-117.48778,35.03349],[-117.4819,35.02696],[-117.47144,35.01261],[-117.47099,35.00498],[-117.46898,35],[-117.47251,34.99999],[-117.47443,35.00428],[-117.47736,35.00597],[-117.47753,35.015],[-117.48214,35.02241],[-117.49002,35.03143],[-117.50057,35.04032]]]}},{"type":"Feature","properties":{"c":"zone"},"geometry":{"type":"Polygon","coordinates":[[[-117.42279,35.03021],[-117.41617,35.02818],[-117.41022,35.02752],[-117.40024,35.02205],[-117.38393,35.01469],[-117.3759,35.00758],[-117.3759,35.00383],[-117.39497,35.01622],[-117.40425,35.02079],[-117.42403,35.02765],[-117.42279,35.03021]]]}},{"type":"Feature","properties":{"c":"zone"},"geometry":{"type":"Polygon","coordinates":[[[-117.41193,36.43856],[-117.4088,36.43997],[-117.40033,36.42796],[-117.39677,36.42119],[-117.37821,36.40159],[-117.37591,36.39695],[-117.37591,36.38136],[-117.37868,36.38722],[-117.37736,36.39202],[-117.37994,36.39742],[-117.39995,36.41997],[-117.40306,36.42617],[-117.41193,36.43856]]]}},{"type":"Feature","properties":{"c":"zone"},"geometry":{"type":"Polygon","coordinates":[[[-116.0413,33.70451],[-116.04514,33.70973],[-116.04288,33.71093],[-116.03904,33.70565],[-116.0413,33.70451]]]}},{"type":"Feature","properties":{"c":"zone"},"geometry":{"type":"Polygon","coordinates":[[[-116.12585,33.68642],[-116.12585,33.70422],[-116.12221,33.70215],[-116.11338,33.68638],[-116.10099,33.67558],[-116.1009,33.67034],[-116.08525,33.65514],[-116.08301,33.65507],[-116.08063,33.65418],[-116.07615,33.65333],[-116.07218,33.65203],[-116.06847,33.64948],[-116.06349,33.64505],[-116.05928,33.64061],[-116.05378,33.63688],[-116.04874,33.63461],[-116.04713,33.6328],[-116.04448,33.6323],[-116.04248,33.63041],[-116.03464,33.62503],[-116.04025,33.62503],[-116.0464,33.6296],[-116.04932,33.6303],[-116.05114,33.63255],[-116.05429,33.63383],[-116.06238,33.63923],[-116.06717,33.64434],[-116.071,33.64771],[-116.07383,33.64953],[-116.08053,33.6514],[-116.07401,33.64617],[-116.06908,33.64329],[-116.06658,33.641],[-116.0601,33.63725],[-116.05246,33.63191],[-116.05071,33.63114],[-116.04982,33.629],[-116.04586,33.62503],[-116.05025,33.62503],[-116.05355,33.62795],[-116.05468,33.6297],[-116.063,33.63554],[-116.06879,33.63896],[-116.07199,33.64142],[-116.07618,33.64389],[-116.09048,33.65568],[-116.1044,33.66918],[-116.11373,33.67737],[-116.12585,33.68642]]]}},{"type":"Feature","properties":{"c":"zone"},"geometry":{"type":"Polygon","coordinates":[[[-116.10761,33.68328],[-116.11178,33.69088],[-116.10867,33.69203],[-116.10461,33.6844],[-116.10761,33.68328]]]}},{"type":"Feature","properties":{"c":"zone"},"geometry":{"type":"Polygon","coordinates":[[[-116.08041,33.68256],[-116.08309,33.68102],[-116.08435,33.68245],[-116.08613,33.68246],[-116.09321,33.68997],[-116.09906,33.69314],[-116.10428,33.69692],[-116.10395,33.69961],[-116.10504,33.70176],[-116.11329,33.70715],[-116.11917,33.71234],[-116.12124,33.71521],[-116.12379,33.71519],[-116.12373,33.71333],[-116.12497,33.71264],[-116.12585,33.71275],[-116.12585,33.74488],[-116.12192,33.74602],[-116.12012,33.74308],[-116.11684,33.74368],[-116.11609,33.74144],[-116.11337,33.74093],[-116.11364,33.73837],[-116.11433,33.73716],[-116.11376,33.73264],[-116.11629,33.73148],[-116.11493,33.72683],[-116.1167,33.72325],[-116.11642,33.72138],[-116.1144,33.72041],[-116.11411,33.72261],[-116.11112,33.72243],[-116.1111,33.72383],[-116.10783,33.72371],[-116.10787,33.72078],[-116.10852,33.7189],[-116.10629,33.71239],[-116.10408,33.7111],[-116.10234,33.70361],[-116.10051,33.6997],[-116.09803,33.69876],[-116.09505,33.69667],[-116.09093,33.69223],[-116.08282,33.68581],[-116.08041,33.68256]]]}},{"type":"Feature","properties":{"c":"zone"},"geometry":{"type":"Polygon","coordinates":[[[-116.00675,33.62503],[-116.01039,33.62503],[-116.01761,33.62946],[-116.02067,33.63346],[-116.02341,33.63489],[-116.02911,33.64046],[-116.03782,33.6559],[-116.043,33.65875],[-116.04661,33.66183],[-116.05497,33.66612],[-116.07786,33.67231],[-116.08148,33.67296],[-116.08863,33.67545],[-116.08741,33.678],[-116.08115,33.67584],[-116.07634,33.67509],[-116.07251,33.67353],[-116.05353,33.66885],[-116.04425,33.66381],[-116.04017,33.6606],[-116.04236,33.66541],[-116.05437,33.6792],[-116.05639,33.68294],[-116.05901,33.68329],[-116.06098,33.68754],[-116.06398,33.69187],[-116.06693,33.69691],[-116.07272,33.69763],[-116.07359,33.69956],[-116.07787,33.7009],[-116.08272,33.70495],[-116.08463,33.70551],[-116.08228,33.70355],[-116.07919,33.69496],[-116.08083,33.69413],[-116.08162,33.69057],[-116.08489,33.69115],[-116.08395,33.69516],[-116.08682,33.70096],[-116.08646,33.70283],[-116.08871,33.70499],[-116.09195,33.7051],[-116.09629,33.71068],[-116.0989,33.71156],[-116.09789,33.71606],[-116.10257,33.71987],[-116.10035,33.72218],[-116.09486,33.71889],[-116.08853,33.72016],[-116.08475,33.70875],[-116.0801,33.70685],[-116.07599,33.70332],[-116.07256,33.70225],[-116.07139,33.70317],[-116.07875,33.71043],[-116.08229,33.71209],[-116.08481,33.71678],[-116.08041,33.71856],[-116.07866,33.7154],[-116.07637,33.71592],[-116.07817,33.7186],[-116.07551,33.7202],[-116.0719,33.71624],[-116.06658,33.71886],[-116.0591,33.713],[-116.05398,33.70191],[-116.05396,33.69935],[-116.0629,33.69881],[-116.05784,33.69224],[-116.05603,33.68827],[-116.053,33.68387],[-116.05134,33.68029],[-116.04974,33.67884],[-116.04034,33.66767],[-116.04083,33.6741],[-116.04186,33.67853],[-116.04393,33.67983],[-116.04535,33.69077],[-116.04708,33.69523],[-116.0478,33.69864],[-116.04923,33.70189],[-116.05527,33.71219],[-116.05208,33.71348],[-116.04588,33.70251],[-116.04427,33.69832],[-116.03965,33.68383],[-116.03755,33.67549],[-116.03646,33.66373],[-116.03501,33.65743],[-116.03118,33.65253],[-116.02819,33.64621],[-116.02575,33.64383],[-116.02339,33.6424],[-116.02048,33.63728],[-116.0184,33.6357],[-116.01484,33.63134],[-116.0087,33.62761],[-116.00675,33.62503]]]}},{"type":"Feature","properties":{"c":"zone"},"geometry":{"type":"Polygon","coordinates":[[[-121.37358,36.9377],[-121.36582,36.93486],[-121.3599,36.9294],[-121.3571,36.92579],[-121.35165,36.92023],[-121.35001,36.91715],[-121.34308,36.91217],[-121.34106,36.9097],[-121.34189,36.90625],[-121.33922,36.90333],[-121.33816,36.89844],[-121.33606,36.89569],[-121.33532,36.89205],[-121.3246,36.8866],[-121.32321,36.89131],[-121.32723,36.8988],[-121.32755,36.90172],[-121.32997,36.90583],[-121.33243,36.9057],[-121.33737,36.90923],[-121.34288,36.91442],[-121.34418,36.91903],[-121.34261,36.91958],[-121.34075,36.91761],[-121.34036,36.91522],[-121.33643,36.91413],[-121.33263,36.91035],[-121.32736,36.90749],[-121.32491,36.90238],[-121.32461,36.90009],[-121.32039,36.89372],[-121.32004,36.8909],[-121.32213,36.88585],[-121.31496,36.87497],[-121.31823,36.87497],[-121.32312,36.88264],[-121.33866,36.89126],[-121.34627,36.89724],[-121.35102,36.90347],[-121.35243,36.90604],[-121.35012,36.9068],[-121.347,36.90201],[-121.33958,36.89547],[-121.3418,36.90213],[-121.34422,36.9053],[-121.34679,36.91133],[-121.35089,36.9143],[-121.3516,36.91217],[-121.35363,36.91261],[-121.35256,36.91629],[-121.35364,36.91865],[-121.35971,36.9243],[-121.36216,36.92764],[-121.36766,36.93272],[-121.37503,36.93546],[-121.37358,36.9377]]]}},{"type":"Feature","properties":{"c":"zone"},"geometry":{"type":"Polygon","coordinates":[[[-121.39893,41.19049],[-121.40177,41.19104],[-121.40637,41.19998],[-121.40323,41.20138],[-121.39536,41.19094],[-121.39517,41.18401],[-121.3808,41.15978],[-121.37611,41.15284],[-121.37611,41.14562],[-121.39879,41.18399],[-121.39893,41.19049]]]}},{"type":"Feature","properties":{"c":"zone"},"geometry":{"type":"Polygon","coordinates":[[[-121.42794,41.16195],[-121.4245,41.16298],[-121.42106,41.15646],[-121.41678,41.15135],[-121.41388,41.14865],[-121.40871,41.14183],[-121.40284,41.13702],[-121.39758,41.13087],[-121.39597,41.12991],[-121.392,41.1249],[-121.3961,41.1249],[-121.3996,41.12826],[-121.40565,41.13525],[-121.4114,41.13936],[-121.41652,41.14684],[-121.41987,41.14983],[-121.42432,41.15537],[-121.42794,41.16195]]]}},{"type":"Feature","properties":{"c":"zone"},"geometry":{"type":"Polygon","coordinates":[[[-121.50111,41.21414],[-121.50111,41.21815],[-121.48925,41.20813],[-121.4845,41.20032],[-121.48736,41.19868],[-121.49088,41.20187],[-121.49816,41.21213],[-121.50111,41.21414]]]}},{"type":"Feature","properties":{"c":"zone"},"geometry":{"type":"Polygon","coordinates":[[[-118.16708,37.03521],[-118.16815,37.04194],[-118.16523,37.04226],[-118.16416,37.03523],[-118.16429,37.0311],[-118.16597,37.02521],[-118.16633,37.01966],[-118.16872,37.01831],[-118.18266,37.01818],[-118.18815,37.0166],[-118.19027,37.01362],[-118.18853,37.01416],[-118.18771,37.01205],[-118.19137,37.01101],[-118.20276,37.00506],[-118.2059,36.99995],[-118.21168,36.99995],[-118.20772,37.00252],[-118.20525,37.00654],[-118.19473,37.01222],[-118.19023,37.01896],[-118.18236,37.02111],[-118.16929,37.02117],[-118.16896,37.02549],[-118.16742,37.03067],[-118.16708,37.03521]]]}},{"type":"Feature","properties":{"c":"zone"},"geometry":{"type":"Polygon","coordinates":[[[-118.23131,37.06293],[-118.22778,37.06319],[-118.22588,37.04472],[-118.22435,37.03825],[-118.22411,37.03495],[-118.22268,37.03503],[-118.2221,37.03089],[-118.22424,37.02811],[-118.22404,37.02181],[-118.21978,37.006],[-118.21913,36.99995],[-118.22278,36.99995],[-118.22366,37.0074],[-118.22729,37.01896],[-118.2288,37.02191],[-118.23334,37.02657],[-118.23677,37.03504],[-118.23712,37.0405],[-118.23371,37.04062],[-118.2336,37.03555],[-118.22956,37.02713],[-118.22729,37.02489],[-118.22754,37.03403],[-118.2294,37.04442],[-118.23131,37.06293]]]}},{"type":"Feature","properties":{"c":"zone"},"geometry":{"type":"Polygon","coordinates":[[[-122.97284,38.24016],[-122.97032,38.23734],[-122.96365,38.23276],[-122.88748,38.14922],[-122.87612,38.13633],[-122.87612,38.12493],[-122.87854,38.12493],[-122.95198,38.20599],[-122.98154,38.23748],[-122.97284,38.24016]]]}},{"type":"Feature","properties":{"c":"zone"},"geometry":{"type":"Polygon","coordinates":[[[-118.66541,37.52939],[-118.67,37.53668],[-118.66822,37.53734],[-118.66642,37.5346],[-118.66179,37.53761],[-118.66053,37.53614],[-118.66555,37.53315],[-118.66368,37.53013],[-118.66541,37.52939]]]}},{"type":"Feature","properties":{"c":"zone"},"geometry":{"type":"Polygon","coordinates":[[[-118.72919,37.54129],[-118.73265,37.54752],[-118.73725,37.54897],[-118.7407,37.55123],[-118.74577,37.54992],[-118.75097,37.5516],[-118.75097,37.55472],[-118.74541,37.55287],[-118.7389,37.55511],[-118.7347,37.55428],[-118.73051,37.55016],[-118.72599,37.5434],[-118.72057,37.54259],[-118.71022,37.54421],[-118.72254,37.54681],[-118.72168,37.54849],[-118.70868,37.54627],[-118.70173,37.54405],[-118.70173,37.54232],[-118.69879,37.53837],[-118.69121,37.53447],[-118.68658,37.53063],[-118.68401,37.52747],[-118.67937,37.52667],[-118.67243,37.52661],[-118.67741,37.52884],[-118.68341,37.53033],[-118.68283,37.53217],[-118.67325,37.52962],[-118.66752,37.5275],[-118.67,37.52982],[-118.66857,37.53072],[-118.66392,37.5266],[-118.66355,37.52276],[-118.65688,37.51762],[-118.65443,37.51435],[-118.65103,37.51188],[-118.65151,37.51643],[-118.65088,37.52347],[-118.64731,37.52367],[-118.64578,37.51695],[-118.64466,37.51393],[-118.63603,37.50131],[-118.63934,37.49994],[-118.64955,37.49995],[-118.65234,37.50457],[-118.65693,37.50815],[-118.65591,37.51143],[-118.66593,37.52047],[-118.67393,37.52388],[-118.68012,37.52387],[-118.68718,37.52494],[-118.68967,37.52931],[-118.69321,37.53208],[-118.70133,37.53635],[-118.70744,37.54168],[-118.71834,37.53997],[-118.71532,37.53675],[-118.71709,37.53566],[-118.72036,37.53859],[-118.72919,37.54129]]]}},{"type":"Feature","properties":{"c":"zone"},"geometry":{"type":"Polygon","coordinates":[[[-118.5178,34.03341],[-118.51818,34.03086],[-118.5253,34.03184],[-118.53257,34.03133],[-118.53281,34.03383],[-118.52543,34.03418],[-118.50759,34.0383],[-118.50093,34.03888],[-118.50093,34.03623],[-118.50699,34.03567],[-118.5178,34.03341]]]}},{"type":"Feature","properties":{"c":"zone"},"geometry":{"type":"Polygon","coordinates":[[[-119.55135,38.68973],[-119.54752,38.68706],[-119.54644,38.67842],[-119.54748,38.67198],[-119.54016,38.66531],[-119.53321,38.65231],[-119.52728,38.6473],[-119.52749,38.64249],[-119.52791,38.64025],[-119.52579,38.63636],[-119.52555,38.63267],[-119.52382,38.63018],[-119.52391,38.62675],[-119.52688,38.62493],[-119.53092,38.62493],[-119.52775,38.62894],[-119.52908,38.63116],[-119.53209,38.64176],[-119.531,38.64582],[-119.5368,38.65123],[-119.53956,38.65658],[-119.54476,38.66461],[-119.55109,38.67099],[-119.55064,38.68005],[-119.55135,38.68973]]]}},{"type":"Feature","properties":{"c":"zone"},"geometry":{"type":"Polygon","coordinates":[[[-121.08291,36.49998],[-121.04344,36.4585],[-121.01583,36.43325],[-121.00103,36.42372],[-121.00103,36.41156],[-121.01082,36.41859],[-121.02082,36.42718],[-121.0334,36.43448],[-121.04648,36.4501],[-121.06426,36.46383],[-121.0696,36.47122],[-121.09322,36.48806],[-121.09941,36.49566],[-121.09953,36.49998],[-121.08291,36.49998]]]}},{"type":"Feature","properties":{"c":"zone"},"geometry":{"type":"Polygon","coordinates":[[[-116.50086,33.51265],[-116.50086,33.51595],[-116.46865,33.51045],[-116.44951,33.50278],[-116.438,33.50005],[-116.45155,33.50005],[-116.46709,33.50572],[-116.50086,33.51265]]]}},{"type":"Feature","properties":{"c":"zone"},"geometry":{"type":"Polygon","coordinates":[[[-118.25092,33.87502],[-118.25092,33.87029],[-118.25201,33.87029],[-118.25428,33.87502],[-118.25092,33.87502]]]}},{"type":"Feature","properties":{"c":"zone"},"geometry":{"type":"Polygon","coordinates":[[[-121.37606,36.81275],[-121.37508,36.81023],[-121.3727,36.80787],[-121.36902,36.80242],[-121.35651,36.78861],[-121.34439,36.77717],[-121.33329,36.76939],[-121.32931,36.76755],[-121.32359,36.76342],[-121.31543,36.75583],[-121.30679,36.74998],[-121.31256,36.74998],[-121.31687,36.75285],[-121.32723,36.76229],[-121.3312,36.76519],[-121.33595,36.76749],[-121.34556,36.7743],[-121.35624,36.78384],[-121.3686,36.79591],[-121.36414,36.78478],[-121.36157,36.78062],[-121.35269,36.77488],[-121.34559,36.76713],[-121.34352,36.76611],[-121.34149,36.76283],[-121.33328,36.75798],[-121.32902,36.75653],[-121.32514,36.75456],[-121.32587,36.75356],[-121.33145,36.75627],[-121.33399,36.7555],[-121.32955,36.74998],[-121.33893,36.74998],[-121.34,36.75334],[-121.33848,36.75552],[-121.341,36.75868],[-121.34764,36.76419],[-121.34832,36.7658],[-121.3551,36.77355],[-121.36373,36.7788],[-121.36722,36.78423],[-121.36938,36.7885],[-121.37606,36.80578],[-121.37606,36.81275]]]}},{"type":"Feature","properties":{"c":"zone"},"geometry":{"type":"Polygon","coordinates":[[[-121.31823,36.87497],[-121.31496,36.87497],[-121.305,36.86646],[-121.3016,36.86465],[-121.29283,36.855],[-121.288,36.84745],[-121.26636,36.82299],[-121.2616,36.81504],[-121.2565,36.80877],[-121.25105,36.80352],[-121.25105,36.79987],[-121.26057,36.80915],[-121.27023,36.82309],[-121.29365,36.84979],[-121.29652,36.85362],[-121.30697,36.86422],[-121.31603,36.869],[-121.32063,36.8728],[-121.31823,36.87497]]]}},{"type":"Feature","properties":{"c":"zone"},"geometry":{"type":"Polygon","coordinates":[[[-121.31741,36.86793],[-121.31603,36.869],[-121.31183,36.86522],[-121.3008,36.85333],[-121.29825,36.84921],[-121.29593,36.84409],[-121.29489,36.83907],[-121.29635,36.83568],[-121.29818,36.83634],[-121.29753,36.84189],[-121.30038,36.84894],[-121.30396,36.85376],[-121.31741,36.86793]]]}},{"type":"Feature","properties":{"c":"zone"},"geometry":{"type":"Polygon","coordinates":[[[-121.35836,36.82373],[-121.35295,36.81659],[-121.34802,36.81087],[-121.34977,36.81003],[-121.35406,36.81482],[-121.36024,36.82282],[-121.35836,36.82373]]]}},{"type":"Feature","properties":{"c":"zone"},"geometry":{"type":"Polygon","coordinates":[[[-121.32194,36.78856],[-121.30602,36.78197],[-121.30699,36.78038],[-121.32294,36.78689],[-121.32194,36.78856]]]}},{"type":"Feature","properties":{"c":"zone"},"geometry":{"type":"Polygon","coordinates":[[[-121.32251,36.86217],[-121.3148,36.85425],[-121.31658,36.8531],[-121.32432,36.86101],[-121.32251,36.86217]]]}},{"type":"Feature","properties":{"c":"zone"},"geometry":{"type":"Polygon","coordinates":[[[-124.15699,41.078],[-124.15489,41.07574],[-124.14412,41.07147],[-124.14252,41.06685],[-124.12619,41.04996],[-124.12619,41.04642],[-124.13529,41.055],[-124.14085,41.06144],[-124.14324,41.06241],[-124.14368,41.06413],[-124.1502,41.07128],[-124.15722,41.07422],[-124.15903,41.07615],[-124.15699,41.078]]]}},{"type":"Feature","properties":{"c":"zone"},"geometry":{"type":"Polygon","coordinates":[[[-116.62392,34.87499],[-116.62152,34.87499],[-116.6249,34.87267],[-116.62588,34.87367],[-116.62392,34.87499]]]}},{"type":"Feature","properties":{"c":"zone"},"geometry":{"type":"Polygon","coordinates":[[[-116.62588,34.85938],[-116.62372,34.85991],[-116.62587,34.85431],[-116.62588,34.85938]]]}},{"type":"Feature","properties":{"c":"zone"},"geometry":{"type":"Polygon","coordinates":[[[-116.62381,34.81902],[-116.62352,34.81137],[-116.62588,34.81129],[-116.62588,34.82226],[-116.62381,34.81902]]]}},{"type":"Feature","properties":{"c":"zone"},"geometry":{"type":"Polygon","coordinates":[[[-116.62327,34.77431],[-116.61143,34.76106],[-116.60703,34.75993],[-116.59953,34.75001],[-116.60675,34.75],[-116.62587,34.77125],[-116.62588,34.77594],[-116.62327,34.77431]]]}},{"type":"Feature","properties":{"c":"zone"},"geometry":{"type":"Polygon","coordinates":[[[-118.50097,37.9098],[-118.49612,37.90311],[-118.49476,37.90238],[-118.49224,37.89879],[-118.49232,37.89643],[-118.48768,37.88934],[-118.48468,37.88579],[-118.4806,37.88302],[-118.47546,37.87714],[-118.47211,37.87495],[-118.4765,37.87495],[-118.47754,37.87555],[-118.48218,37.88107],[-118.48715,37.88458],[-118.49039,37.88803],[-118.49344,37.89375],[-118.49649,37.89704],[-118.49681,37.89868],[-118.50097,37.90501],[-118.50097,37.9098]]]}},{"type":"Feature","properties":{"c":"zone"},"geometry":{"type":"Polygon","coordinates":[[[-118.41143,37.87495],[-118.40594,37.88041],[-118.40334,37.8785],[-118.40687,37.87495],[-118.41143,37.87495]]]}},{"type":"Feature","properties":{"c":"zone"},"geometry":{"type":"Polygon","coordinates":[[[-117.62593,37.2627],[-117.62593,37.26753],[-117.62071,37.26464],[-117.61085,37.24994],[-117.61494,37.24994],[-117.62366,37.26251],[-117.62593,37.2627]]]}},{"type":"Feature","properties":{"c":"zone"},"geometry":{"type":"Polygon","coordinates":[[[-118.62596,37.37494],[-118.61314,37.37494],[-118.61059,37.37218],[-118.61265,37.36932],[-118.6158,37.36782],[-118.62326,37.37348],[-118.61694,37.36022],[-118.614,37.36016],[-118.61395,37.35571],[-118.61192,37.35168],[-118.61215,37.34826],[-118.61505,37.34547],[-118.62066,37.33424],[-118.62596,37.32993],[-118.62596,37.33458],[-118.6225,37.33733],[-118.61849,37.34639],[-118.6155,37.34952],[-118.61683,37.35379],[-118.62526,37.36724],[-118.62596,37.37091],[-118.62596,37.37494]]]}},{"type":"Feature","properties":{"c":"zone"},"geometry":{"type":"Polygon","coordinates":[[[-118.62596,37.2565],[-118.62137,37.25154],[-118.62343,37.25033],[-118.62596,37.2533],[-118.62596,37.2565]]]}},{"type":"Feature","properties":{"c":"zone"},"geometry":{"type":"Polygon","coordinates":[[[-117.25089,34.71924],[-117.24585,34.71437],[-117.23961,34.71064],[-117.23145,34.70374],[-117.22035,34.6955],[-117.20987,34.68558],[-117.20153,34.67696],[-117.1929,34.67039],[-117.1893,34.66479],[-117.18026,34.65783],[-117.17172,34.65039],[-117.167,34.64724],[-117.15897,34.64],[-117.13854,34.625],[-117.14312,34.62501],[-117.16136,34.63811],[-117.16906,34.64514],[-117.17575,34.64972],[-117.19014,34.66128],[-117.20018,34.67015],[-117.20458,34.67564],[-117.2121,34.68356],[-117.22253,34.69321],[-117.23485,34.70256],[-117.24174,34.70853],[-117.24773,34.71196],[-117.25089,34.71484],[-117.25089,34.71924]]]}},{"type":"Feature","properties":{"c":"zone"},"geometry":{"type":"Polygon","coordinates":[[[-116.08622,34.25002],[-116.08495,34.24788],[-116.0808,34.24308],[-116.07749,34.24045],[-116.0626,34.21736],[-116.04784,34.19133],[-116.02348,34.15434],[-116.01887,34.14962],[-116.01568,34.14858],[-116.00085,34.13584],[-116.00085,34.1304],[-116.00325,34.13415],[-116.01707,34.14603],[-116.02048,34.14731],[-116.02523,34.15158],[-116.02886,34.15653],[-116.04872,34.18654],[-116.05384,34.19543],[-116.05585,34.19461],[-116.05801,34.19697],[-116.06227,34.20307],[-116.05993,34.20407],[-116.05782,34.20104],[-116.05824,34.20347],[-116.06648,34.21731],[-116.07145,34.22479],[-116.07565,34.22816],[-116.08143,34.23686],[-116.0841,34.24199],[-116.08821,34.24709],[-116.08963,34.25002],[-116.08622,34.25002]]]}},{"type":"Feature","properties":{"c":"zone"},"geometry":{"type":"Polygon","coordinates":[[[-116.05319,34.22201],[-116.05007,34.21582],[-116.05074,34.20842],[-116.05226,34.20621],[-116.05498,34.20824],[-116.05547,34.21862],[-116.05489,34.22154],[-116.05319,34.22201]]]}},{"type":"Feature","properties":{"c":"zone"},"geometry":{"type":"Polygon","coordinates":[[[-116.08168,34.13963],[-116.06521,34.13904],[-116.06526,34.13684],[-116.08167,34.13715],[-116.09336,34.13669],[-116.09963,34.13533],[-116.10518,34.1353],[-116.11368,34.13602],[-116.1188,34.13742],[-116.12585,34.13867],[-116.12585,34.14143],[-116.11587,34.13977],[-116.11152,34.1402],[-116.09333,34.13944],[-116.08168,34.13963]]]}},{"type":"Feature","properties":{"c":"zone"},"geometry":{"type":"Polygon","coordinates":[[[-116.03262,34.13748],[-116.02966,34.13781],[-116.02469,34.13714],[-116.02505,34.13552],[-116.02889,34.13613],[-116.03385,34.13585],[-116.03658,34.13744],[-116.03549,34.13882],[-116.03262,34.13748]]]}},{"type":"Feature","properties":{"c":"zone"},"geometry":{"type":"Polygon","coordinates":[[[-116.07398,34.13318],[-116.06308,34.13276],[-116.05091,34.13089],[-116.04071,34.13028],[-116.0322,34.12892],[-116.02558,34.12868],[-116.01184,34.12713],[-116.00607,34.12501],[-116.0169,34.12502],[-116.0233,34.12569],[-116.03435,34.12628],[-116.0416,34.12749],[-116.05439,34.12852],[-116.06554,34.13051],[-116.07414,34.13063],[-116.07398,34.13318]]]}},{"type":"Feature","properties":{"c":"zone"},"geometry":{"type":"Polygon","coordinates":[[[-115.99214,34.12501],[-115.98507,34.12027],[-115.98679,34.11881],[-115.97698,34.11477],[-115.96376,34.1101],[-115.96498,34.10757],[-115.97602,34.11124],[-115.98572,34.11564],[-116.00085,34.12021],[-116.00085,34.12299],[-115.99978,34.12256],[-115.99694,34.12501],[-115.99214,34.12501]],[[-115.9976,34.12211],[-115.98866,34.11952],[-115.99516,34.12375],[-115.9976,34.12211]]]}},{"type":"Feature","properties":{"c":"zone"},"geometry":{"type":"Polygon","coordinates":[[[-115.99855,34.11682],[-115.99761,34.11542],[-116.00084,34.11406],[-116.00084,34.11635],[-115.99855,34.11682]]]}},{"type":"Feature","properties":{"c":"zone"},"geometry":{"type":"Polygon","coordinates":[[[-115.97815,34.11046],[-115.98549,34.10661],[-115.98983,34.10581],[-115.99058,34.10771],[-115.99827,34.10598],[-115.99906,34.10866],[-115.99836,34.11055],[-115.98568,34.11321],[-115.98556,34.10888],[-115.98381,34.10927],[-115.97916,34.11187],[-115.97815,34.11046]]]}},{"type":"Feature","properties":{"c":"zone"},"geometry":{"type":"Polygon","coordinates":[[[-119.31032,38.24993],[-119.3068,38.24992],[-119.31068,38.24323],[-119.31108,38.236],[-119.31571,38.23195],[-119.32034,38.22318],[-119.3199,38.21596],[-119.32271,38.21071],[-119.32277,38.20842],[-119.32412,38.20515],[-119.32695,38.2059],[-119.32582,38.20845],[-119.32569,38.21166],[-119.32355,38.21502],[-119.32297,38.22558],[-119.32438,38.22668],[-119.31933,38.23111],[-119.31975,38.23621],[-119.31921,38.23992],[-119.31178,38.24671],[-119.31032,38.24993]]]}},{"type":"Feature","properties":{"c":"zone"},"geometry":{"type":"Polygon","coordinates":[[[-119.31032,38.2305],[-119.30827,38.23129],[-119.3032,38.22363],[-119.3055,38.2227],[-119.31032,38.2305]]]}},{"type":"Feature","properties":{"c":"zone"},"geometry":{"type":"Polygon","coordinates":[[[-119.29796,38.22227],[-119.29437,38.21929],[-119.29037,38.21394],[-119.29237,38.2128],[-119.29971,38.22103],[-119.29796,38.22227]]]}},{"type":"Feature","properties":{"c":"zone"},"geometry":{"type":"Polygon","coordinates":[[[-119.27887,38.24993],[-119.27635,38.24992],[-119.27764,38.24275],[-119.28008,38.23695],[-119.28079,38.22963],[-119.27967,38.22689],[-119.27991,38.22118],[-119.27948,38.21787],[-119.2771,38.21415],[-119.27756,38.2079],[-119.28126,38.20464],[-119.28123,38.19677],[-119.28415,38.1968],[-119.28422,38.20975],[-119.28602,38.21004],[-119.28515,38.21342],[-119.28691,38.22236],[-119.28351,38.23044],[-119.28236,38.2374],[-119.27887,38.24993]]]}},{"type":"Feature","properties":{"c":"zone"},"geometry":{"type":"Polygon","coordinates":[[[-119.25516,38.24993],[-119.25181,38.24993],[-119.25439,38.24766],[-119.2573,38.24127],[-119.25819,38.23735],[-119.26056,38.23766],[-119.25965,38.24205],[-119.25649,38.24873],[-119.25516,38.24993]]]}},{"type":"Feature","properties":{"c":"zone"},"geometry":{"type":"Polygon","coordinates":[[[-119.251,38.22946],[-119.251,38.22594],[-119.25503,38.21771],[-119.25801,38.21494],[-119.25986,38.216],[-119.25615,38.22022],[-119.25354,38.2265],[-119.251,38.22946]]]}},{"type":"Feature","properties":{"c":"zone"},"geometry":{"type":"Polygon","coordinates":[[[-119.29051,38.18946],[-119.28786,38.18925],[-119.28835,38.18526],[-119.28382,38.1769],[-119.28308,38.17868],[-119.28047,38.17805],[-119.28184,38.17426],[-119.27697,38.16983],[-119.27188,38.16797],[-119.27303,38.16595],[-119.26756,38.15971],[-119.26984,38.15832],[-119.28251,38.17137],[-119.28308,38.16837],[-119.28137,38.16144],[-119.27637,38.15439],[-119.2652,38.14295],[-119.26305,38.136],[-119.26575,38.13544],[-119.26822,38.14262],[-119.2808,38.15566],[-119.28458,38.16098],[-119.28583,38.16952],[-119.28516,38.17311],[-119.29115,38.18475],[-119.29051,38.18946]]]}},{"type":"Feature","properties":{"c":"zone"},"geometry":{"type":"Polygon","coordinates":[[[-118.45811,34.99999],[-118.47151,34.99394],[-118.48612,34.9899],[-118.50093,34.98483],[-118.50093,34.99053],[-118.46745,34.99999],[-118.45811,34.99999]]]}},{"type":"Feature","properties":{"c":"zone"},"geometry":{"type":"Polygon","coordinates":[[[-117.50025,37.1214],[-117.49767,37.12315],[-117.48696,37.11336],[-117.48255,37.10773],[-117.45014,37.07641],[-117.43577,37.06394],[-117.43422,37.06143],[-117.42418,37.0538],[-117.42461,37.0564],[-117.42718,37.05897],[-117.42483,37.0604],[-117.42245,37.05798],[-117.42187,37.05486],[-117.41325,37.04758],[-117.40767,37.03925],[-117.40021,37.03254],[-117.39912,37.03073],[-117.38538,37.02012],[-117.38303,37.01649],[-117.37592,37.0096],[-117.37592,37.00508],[-117.37786,37.00694],[-117.3825,37.00731],[-117.37907,37.00308],[-117.37787,36.99994],[-117.38102,36.99994],[-117.38198,37.00222],[-117.38656,37.00732],[-117.38697,37.01235],[-117.38268,37.01188],[-117.3902,37.01941],[-117.39346,37.02098],[-117.39738,37.02398],[-117.39751,37.02558],[-117.40188,37.02907],[-117.40289,37.03075],[-117.41104,37.03725],[-117.41706,37.0434],[-117.41903,37.04625],[-117.43198,37.05538],[-117.43425,37.05538],[-117.43932,37.06009],[-117.43912,37.06206],[-117.45073,37.07268],[-117.45063,37.07118],[-117.45267,37.07042],[-117.45756,37.07893],[-117.48433,37.10488],[-117.48995,37.11182],[-117.50025,37.1214]]]}},{"type":"Feature","properties":{"c":"zone"},"geometry":{"type":"Polygon","coordinates":[[[-118.25095,37.19019],[-118.25095,37.19172],[-118.2493,37.19278],[-118.2458,37.18929],[-118.23541,37.18276],[-118.23016,37.17809],[-118.22613,37.17655],[-118.22371,37.17474],[-118.22264,37.17319],[-118.21848,37.17173],[-118.21406,37.16523],[-118.21327,37.16168],[-118.21603,37.1612],[-118.21772,37.16538],[-118.2206,37.16653],[-118.22582,37.17303],[-118.2279,37.17483],[-118.23228,37.17649],[-118.25095,37.19019]]]}},{"type":"Feature","properties":{"c":"zone"},"geometry":{"type":"Polygon","coordinates":[[[-118.25095,37.22505],[-118.25095,37.22921],[-118.24023,37.22302],[-118.23711,37.21945],[-118.23785,37.2153],[-118.23113,37.20904],[-118.22637,37.20694],[-118.22442,37.20318],[-118.23166,37.20116],[-118.2342,37.20418],[-118.23593,37.20279],[-118.23346,37.19784],[-118.2359,37.19711],[-118.24913,37.22339],[-118.25095,37.22505]]]}},{"type":"Feature","properties":{"c":"zone"},"geometry":{"type":"Polygon","coordinates":[[[-118.25095,37.20152],[-118.24931,37.20159],[-118.24899,37.19844],[-118.2479,37.19444],[-118.24958,37.19407],[-118.25095,37.19857],[-118.25095,37.20152]]]}},{"type":"Feature","properties":{"c":"zone"},"geometry":{"type":"Polygon","coordinates":[[[-123.18341,39.16068],[-123.18611,39.16382],[-123.19353,39.17728],[-123.19459,39.1818],[-123.20083,39.1957],[-123.20367,39.19989],[-123.20617,39.20124],[-123.21371,39.21073],[-123.22133,39.22948],[-123.22403,39.23454],[-123.22778,39.23935],[-123.23352,39.2499],[-123.22943,39.2499],[-123.22331,39.23922],[-123.22118,39.23644],[-123.21228,39.22191],[-123.19584,39.19348],[-123.1882,39.18153],[-123.18663,39.17604],[-123.17749,39.15835],[-123.17652,39.1556],[-123.17163,39.14786],[-123.16625,39.14182],[-123.16291,39.13383],[-123.1609,39.12728],[-123.15926,39.12491],[-123.16284,39.12491],[-123.16547,39.12801],[-123.16542,39.13075],[-123.16947,39.13937],[-123.17674,39.14699],[-123.17707,39.15001],[-123.18341,39.16068]]]}},{"type":"Feature","properties":{"c":"zone"},"geometry":{"type":"Polygon","coordinates":[[[-118.08772,36.63303],[-118.08427,36.63338],[-118.08269,36.62495],[-118.08656,36.62495],[-118.08772,36.63303]]]}},{"type":"Feature","properties":{"c":"zone"},"geometry":{"type":"Polygon","coordinates":[[[-118.07561,36.67968],[-118.07221,36.68052],[-118.06812,36.66897],[-118.0692,36.66018],[-118.06445,36.64678],[-118.06493,36.64431],[-118.06311,36.63625],[-118.06157,36.634],[-118.06129,36.63035],[-118.06584,36.63014],[-118.0663,36.63502],[-118.0687,36.64485],[-118.06829,36.64657],[-118.07272,36.65866],[-118.07212,36.67038],[-118.07561,36.67968]]]}},{"type":"Feature","properties":{"c":"zone"},"geometry":{"type":"Polygon","coordinates":[[[-118.12594,36.74832],[-118.12514,36.74994],[-118.12261,36.74994],[-118.1239,36.7451],[-118.12347,36.743],[-118.12594,36.73839],[-118.12384,36.73384],[-118.12169,36.73379],[-118.1189,36.72429],[-118.11878,36.72059],[-118.11519,36.71359],[-118.11415,36.70845],[-118.11211,36.70532],[-118.11001,36.70405],[-118.10802,36.70858],[-118.10617,36.70799],[-118.10814,36.70389],[-118.10753,36.69929],[-118.09678,36.68688],[-118.09458,36.68238],[-118.09461,36.67839],[-118.09163,36.66989],[-118.09197,36.66319],[-118.09083,36.66043],[-118.09266,36.6589],[-118.09188,36.65199],[-118.08751,36.64834],[-118.08559,36.64799],[-118.08256,36.64024],[-118.07847,36.63607],[-118.06957,36.62495],[-118.07388,36.62495],[-118.08076,36.63376],[-118.08566,36.63869],[-118.08836,36.64518],[-118.09008,36.64643],[-118.08881,36.63637],[-118.09254,36.63613],[-118.09378,36.64497],[-118.09599,36.65305],[-118.09604,36.67086],[-118.0975,36.67481],[-118.10617,36.68102],[-118.10784,36.6855],[-118.10867,36.69509],[-118.11307,36.701],[-118.11533,36.69833],[-118.11968,36.70729],[-118.12331,36.70962],[-118.12594,36.71971],[-118.12594,36.74832]]]}},{"type":"Feature","properties":{"c":"zone"},"geometry":{"type":"Polygon","coordinates":[[[-118.11126,36.72768],[-118.10926,36.72792],[-118.10847,36.72323],[-118.10521,36.71941],[-118.1069,36.71843],[-118.11042,36.72268],[-118.11126,36.72768]]]}},{"type":"Feature","properties":{"c":"zone"},"geometry":{"type":"Polygon","coordinates":[[[-118.12014,36.68769],[-118.11654,36.68855],[-118.11516,36.68519],[-118.11185,36.68157],[-118.11444,36.68003],[-118.11902,36.68489],[-118.12014,36.68769]]]}},{"type":"Feature","properties":{"c":"zone"},"geometry":{"type":"Polygon","coordinates":[[[-118.11635,36.74994],[-118.11245,36.74994],[-118.10943,36.74381],[-118.10473,36.73168],[-118.10098,36.72513],[-118.09536,36.71149],[-118.09431,36.70613],[-118.09769,36.70566],[-118.09872,36.71039],[-118.10515,36.72509],[-118.10855,36.73061],[-118.11392,36.74564],[-118.11635,36.74994]]]}},{"type":"Feature","properties":{"c":"zone"},"geometry":{"type":"Polygon","coordinates":[[[-123.00113,38.3048],[-122.99029,38.29332],[-122.99428,38.29112],[-122.99878,38.29737],[-123.00112,38.29435],[-123.00113,38.3048]]]}},{"type":"Feature","properties":{"c":"zone"},"geometry":{"type":"Polygon","coordinates":[[[-116.00085,34.13584],[-115.99703,34.13004],[-115.99214,34.12501],[-115.99694,34.12501],[-116.00085,34.1304],[-116.00085,34.13584]]]}},{"type":"Feature","properties":{"c":"zone"},"geometry":{"type":"Polygon","coordinates":[[[-117.87591,34.4597],[-117.85738,34.45883],[-117.84059,34.45228],[-117.81096,34.45291],[-117.79869,34.4499],[-117.79973,34.44714],[-117.80749,34.44892],[-117.79496,34.42444],[-117.75594,34.40758],[-117.75091,34.40424],[-117.7509,34.3995],[-117.75965,34.40257],[-117.77264,34.41002],[-117.79746,34.41921],[-117.79997,34.41631],[-117.81756,34.4212],[-117.81853,34.42449],[-117.87591,34.44675],[-117.87591,34.4597]]]}},{"type":"Feature","properties":{"c":"zone"},"geometry":{"type":"Polygon","coordinates":[[[-119.27707,34.28336],[-119.26656,34.28101],[-119.25096,34.28153],[-119.25096,34.27824],[-119.267,34.27823],[-119.28141,34.28074],[-119.30072,34.28068],[-119.30018,34.28314],[-119.27707,34.28336]]]}},{"type":"Feature","properties":{"c":"zone"},"geometry":{"type":"Polygon","coordinates":[[[-122.11545,38.12493],[-122.11267,38.12162],[-122.11475,38.1204],[-122.10549,38.10319],[-122.10251,38.09483],[-122.09921,38.08913],[-122.09563,38.07292],[-122.10232,38.07188],[-122.10975,38.10204],[-122.11593,38.11523],[-122.12037,38.12116],[-122.12149,38.12493],[-122.11545,38.12493]]]}},{"type":"Feature","properties":{"c":"zone"},"geometry":{"type":"Polygon","coordinates":[[[-122.09435,38.04908],[-122.09145,38.04565],[-122.07264,38.03041],[-122.06981,38.0243],[-122.06164,38.01587],[-122.05845,38.01191],[-122.05326,38.00257],[-122.05214,37.99994],[-122.05912,37.99994],[-122.07036,38.01501],[-122.08298,38.03062],[-122.09835,38.04819],[-122.09435,38.04908]]]}},{"type":"Feature","properties":{"c":"zone"},"geometry":{"type":"Polygon","coordinates":[[[-117.77578,35.88797],[-117.77345,35.88793],[-117.77449,35.87496],[-117.78065,35.87497],[-117.77955,35.88293],[-117.77578,35.88797]]]}},{"type":"Feature","properties":{"c":"zone"},"geometry":{"type":"Polygon","coordinates":[[[-117.773,35.89048],[-117.76576,35.88739],[-117.76057,35.87496],[-117.7645,35.87496],[-117.77057,35.88013],[-117.773,35.89048]]]}},{"type":"Feature","properties":{"c":"zone"},"geometry":{"type":"Polygon","coordinates":[[[-117.79085,35.90886],[-117.78761,35.90805],[-117.79006,35.89825],[-117.78157,35.89086],[-117.78555,35.89918],[-117.78697,35.92255],[-117.78423,35.92265],[-117.7826,35.91681],[-117.7802,35.92212],[-117.78328,35.9287],[-117.7813,35.92955],[-117.77821,35.92373],[-117.77519,35.94516],[-117.77734,35.95118],[-117.77303,35.96622],[-117.77691,35.96983],[-117.77742,35.98164],[-117.77587,35.98676],[-117.76523,35.99752],[-117.76241,35.99599],[-117.77277,35.98486],[-117.77316,35.97069],[-117.77121,35.96894],[-117.76597,35.97702],[-117.7629,35.97705],[-117.76247,35.97159],[-117.7587,35.97036],[-117.77319,35.95098],[-117.77017,35.94271],[-117.77253,35.92665],[-117.78209,35.91208],[-117.78125,35.89756],[-117.77746,35.88802],[-117.78043,35.88749],[-117.78381,35.87698],[-117.78961,35.87869],[-117.7884,35.88652],[-117.79327,35.89894],[-117.79085,35.90886]]]}},{"type":"Feature","properties":{"c":"zone"},"geometry":{"type":"Polygon","coordinates":[[[-117.77415,35.90745],[-117.77229,35.90814],[-117.76895,35.9019],[-117.7711,35.90117],[-117.77415,35.90745]]]}},{"type":"Feature","properties":{"c":"zone"},"geometry":{"type":"Polygon","coordinates":[[[-117.87592,35.88997],[-117.87592,35.89347],[-117.85609,35.88249],[-117.85157,35.87496],[-117.85653,35.87496],[-117.85939,35.87684],[-117.86239,35.88186],[-117.87592,35.88997]]]}},{"type":"Feature","properties":{"c":"zone"},"geometry":{"type":"Polygon","coordinates":[[[-122.05214,37.99994],[-122.0522,37.99598],[-122.04144,37.98195],[-122.03286,37.97138],[-122.03198,37.96869],[-122.02264,37.95611],[-122.01483,37.94911],[-122.01053,37.94393],[-122.00797,37.93945],[-122.00581,37.92708],[-122.00262,37.92211],[-122.00109,37.921],[-122.00108,37.91666],[-122.00582,37.92011],[-122.00943,37.92578],[-122.01011,37.92874],[-122.01078,37.93573],[-122.01333,37.94197],[-122.01831,37.94807],[-122.02489,37.9538],[-122.03124,37.96167],[-122.03845,37.97284],[-122.05912,37.99994],[-122.05214,37.99994]]]}},{"type":"Feature","properties":{"c":"zone"},"geometry":{"type":"Polygon","coordinates":[[[-122.02141,37.94725],[-122.01951,37.94808],[-122.01408,37.93986],[-122.01596,37.93902],[-122.02141,37.94725]]]}},{"type":"Feature","properties":{"c":"zone"},"geometry":{"type":"Polygon","coordinates":[[[-116.75087,33.22145],[-116.75087,33.22438],[-116.71811,33.20209],[-116.7123,33.19886],[-116.70429,33.19202],[-116.70615,33.19041],[-116.71295,33.19615],[-116.74672,33.21843],[-116.75087,33.22145]]]}},{"type":"Feature","properties":{"c":"zone"},"geometry":{"type":"Polygon","coordinates":[[[-116.65254,33.14817],[-116.6387,33.13673],[-116.62586,33.12799],[-116.62587,33.12505],[-116.64542,33.13775],[-116.65494,33.14623],[-116.65254,33.14817]]]}},{"type":"Feature","properties":{"c":"zone"},"geometry":{"type":"Polygon","coordinates":[[[-120.1496,41.49793],[-120.14729,41.4985],[-120.14589,41.49539],[-120.14999,41.49003],[-120.15369,41.48024],[-120.15362,41.47305],[-120.1562,41.47303],[-120.15609,41.48119],[-120.15231,41.49102],[-120.14876,41.49585],[-120.1496,41.49793]]]}},{"type":"Feature","properties":{"c":"zone"},"geometry":{"type":"Polygon","coordinates":[[[-120.1725,41.4444],[-120.16944,41.44632],[-120.15598,41.43487],[-120.15524,41.42918],[-120.15146,41.42388],[-120.15174,41.4171],[-120.14954,41.41292],[-120.14991,41.40273],[-120.14367,41.39834],[-120.14418,41.39277],[-120.13959,41.38508],[-120.14157,41.38195],[-120.1393,41.37491],[-120.14359,41.37491],[-120.14566,41.38242],[-120.14402,41.38486],[-120.14857,41.39205],[-120.14787,41.39705],[-120.15366,41.40105],[-120.15408,41.40966],[-120.15344,41.41283],[-120.15571,41.41672],[-120.15551,41.42342],[-120.15879,41.42788],[-120.16075,41.43414],[-120.1725,41.4444]]]}},{"type":"Feature","properties":{"c":"zone"},"geometry":{"type":"Polygon","coordinates":[[[-120.16095,41.44693],[-120.16115,41.44945],[-120.16576,41.45757],[-120.16606,41.46141],[-120.1625,41.46149],[-120.16213,41.45803],[-120.15804,41.45327],[-120.15758,41.44817],[-120.15488,41.44544],[-120.15408,41.44177],[-120.15756,41.44124],[-120.15832,41.44429],[-120.16095,41.44693]]]}},{"type":"Feature","properties":{"c":"zone"},"geometry":{"type":"Polygon","coordinates":[[[-120.15513,41.46897],[-120.15309,41.47016],[-120.14697,41.46407],[-120.14914,41.46284],[-120.15513,41.46897]]]}},{"type":"Feature","properties":{"c":"zone"},"geometry":{"type":"Polygon","coordinates":[[[-120.17054,41.49992],[-120.16635,41.49991],[-120.17115,41.49489],[-120.17188,41.49238],[-120.17421,41.49276],[-120.17329,41.49604],[-120.17046,41.49892],[-120.17054,41.49992]]]}},{"type":"Feature","properties":{"c":"zone"},"geometry":{"type":"Polygon","coordinates":[[[-120.20007,41.49992],[-120.19618,41.49992],[-120.19626,41.49845],[-120.19299,41.49609],[-120.18779,41.48849],[-120.18438,41.48598],[-120.18006,41.47842],[-120.17881,41.46109],[-120.17809,41.45886],[-120.17881,41.45349],[-120.18251,41.45368],[-120.18219,41.45898],[-120.1833,41.46238],[-120.18518,41.48002],[-120.18781,41.48452],[-120.19138,41.48715],[-120.19667,41.49484],[-120.20013,41.49757],[-120.20007,41.49992]]]}},{"type":"Feature","properties":{"c":"zone"},"geometry":{"type":"Polygon","coordinates":[[[-120.17357,41.48104],[-120.17069,41.48252],[-120.15993,41.47132],[-120.15626,41.46866],[-120.15373,41.45759],[-120.1575,41.45724],[-120.15927,41.46674],[-120.16296,41.46948],[-120.17357,41.48104]]]}},{"type":"Feature","properties":{"c":"zone"},"geometry":{"type":"Polygon","coordinates":[[[-117.24618,35.12498],[-117.24103,35.12498],[-117.23185,35.11698],[-117.22864,35.1161],[-117.22154,35.11137],[-117.21442,35.10418],[-117.20634,35.10293],[-117.21279,35.10735],[-117.21656,35.11262],[-117.22396,35.11874],[-117.22982,35.12254],[-117.24103,35.12498],[-117.22787,35.12499],[-117.22137,35.12082],[-117.21275,35.11354],[-117.21049,35.10962],[-117.20122,35.10296],[-117.19805,35.10571],[-117.19177,35.10109],[-117.18826,35.10462],[-117.18336,35.10117],[-117.17002,35.08715],[-117.15982,35.07988],[-117.15311,35.07296],[-117.15576,35.07121],[-117.16239,35.07811],[-117.17294,35.0855],[-117.18501,35.09801],[-117.18694,35.09645],[-117.17931,35.08859],[-117.18062,35.08689],[-117.17295,35.08126],[-117.16544,35.07416],[-117.16806,35.07234],[-117.17595,35.07987],[-117.18407,35.08618],[-117.18966,35.09246],[-117.19195,35.09671],[-117.19686,35.0981],[-117.20367,35.09691],[-117.20739,35.09991],[-117.21568,35.10159],[-117.22273,35.10428],[-117.239,35.11933],[-117.24618,35.12498]]]}},{"type":"Feature","properties":{"c":"zone"},"geometry":{"type":"Polygon","coordinates":[[[-117.2509,35.12498],[-117.24986,35.12497],[-117.24619,35.12223],[-117.2424,35.11632],[-117.24396,35.11569],[-117.23604,35.10787],[-117.23873,35.10608],[-117.24566,35.11281],[-117.2473,35.11189],[-117.25089,35.11621],[-117.2509,35.12498]]]}},{"type":"Feature","properties":{"c":"zone"},"geometry":{"type":"Polygon","coordinates":[[[-117.15212,35.06543],[-117.14537,35.05783],[-117.14717,35.05679],[-117.15399,35.06436],[-117.15212,35.06543]]]}},{"type":"Feature","properties":{"c":"zone"},"geometry":{"type":"Polygon","coordinates":[[[-117.13471,35.03823],[-117.13068,35.03359],[-117.12778,35.03206],[-117.12589,35.02967],[-117.12589,35.02535],[-117.12934,35.02968],[-117.13157,35.03076],[-117.13689,35.03693],[-117.13471,35.03823]]]}},{"type":"Feature","properties":{"c":"zone"},"geometry":{"type":"Polygon","coordinates":[[[-121.74808,36.99996],[-121.73955,36.99996],[-121.73164,36.98958],[-121.71414,36.97695],[-121.70434,36.97172],[-121.7017,36.96611],[-121.68839,36.95645],[-121.6697,36.94013],[-121.65022,36.92741],[-121.64057,36.9224],[-121.63102,36.92039],[-121.62601,36.91829],[-121.62605,36.90916],[-121.63144,36.91045],[-121.64095,36.91465],[-121.64982,36.92363],[-121.6663,36.93106],[-121.67542,36.93943],[-121.70296,36.9615],[-121.71021,36.96845],[-121.7153,36.96946],[-121.71935,36.97562],[-121.73783,36.99016],[-121.74808,36.99996]]]}},{"type":"Feature","properties":{"c":"zone"},"geometry":{"type":"Polygon","coordinates":[[[-121.67228,36.99997],[-121.66822,36.99997],[-121.65857,36.98827],[-121.65378,36.98311],[-121.64938,36.98128],[-121.64784,36.97896],[-121.62607,36.96491],[-121.62607,36.95991],[-121.63448,36.96333],[-121.6373,36.96536],[-121.63654,36.96758],[-121.64765,36.97503],[-121.65935,36.98016],[-121.662,36.98627],[-121.67228,36.99997]]]}},{"type":"Feature","properties":{"c":"zone"},"geometry":{"type":"Polygon","coordinates":[[[-121.75108,36.94956],[-121.74685,36.94581],[-121.7402,36.94151],[-121.74151,36.9398],[-121.74734,36.94251],[-121.75107,36.94614],[-121.75108,36.94956]]]}},{"type":"Feature","properties":{"c":"zone"},"geometry":{"type":"Polygon","coordinates":[[[-121.80105,36.98735],[-121.79751,36.98753],[-121.77151,36.97372],[-121.7738,36.97218],[-121.78243,36.97189],[-121.78494,36.9699],[-121.77913,36.96469],[-121.78133,36.96278],[-121.79972,36.97917],[-121.80105,36.98735]]]}},{"type":"Feature","properties":{"c":"zone"},"geometry":{"type":"Polygon","coordinates":[[[-121.76458,36.95863],[-121.75741,36.95548],[-121.75107,36.9506],[-121.75107,36.94549],[-121.75948,36.95288],[-121.76648,36.95661],[-121.76458,36.95863]]]}},{"type":"Feature","properties":{"c":"zone"},"geometry":{"type":"Polygon","coordinates":[[[-119.6508,35.12498],[-119.64141,35.11626],[-119.63935,35.11629],[-119.64696,35.12497],[-119.64024,35.12498],[-119.62597,35.11276],[-119.62597,35.10809],[-119.634,35.11455],[-119.63843,35.11089],[-119.62597,35.10075],[-119.62597,35.09522],[-119.66282,35.12499],[-119.6508,35.12498]]]}},{"type":"Feature","properties":{"c":"zone"},"geometry":{"type":"Polygon","coordinates":[[[-116.24887,33.82202],[-116.25085,33.82529],[-116.25085,33.83387],[-116.2448,33.82375],[-116.24887,33.82202]]]}},{"type":"Feature","properties":{"c":"zone"},"geometry":{"type":"Polygon","coordinates":[[[-116.25085,33.79696],[-116.23125,33.78125],[-116.19392,33.75004],[-116.20038,33.75004],[-116.24173,33.77926],[-116.25085,33.78434],[-116.25085,33.79696]]]}},{"type":"Feature","properties":{"c":"zone"},"geometry":{"type":"Polygon","coordinates":[[[-116.25085,33.81019],[-116.25085,33.81881],[-116.24276,33.80497],[-116.2468,33.80306],[-116.25085,33.81019]]]}},{"type":"Feature","properties":{"c":"zone"},"geometry":{"type":"Polygon","coordinates":[[[-116.24523,33.87502],[-116.24092,33.87502],[-116.2371,33.84574],[-116.23233,33.83119],[-116.2282,33.82702],[-116.22703,33.81662],[-116.22124,33.80662],[-116.21645,33.80652],[-116.21472,33.79855],[-116.20508,33.7873],[-116.19963,33.78567],[-116.19625,33.78223],[-116.19622,33.77802],[-116.18792,33.76961],[-116.18386,33.77193],[-116.16411,33.75004],[-116.17218,33.75004],[-116.18268,33.75728],[-116.19778,33.77275],[-116.22394,33.80199],[-116.22999,33.81333],[-116.23945,33.82193],[-116.24735,33.84023],[-116.24294,33.84153],[-116.23581,33.82621],[-116.24171,33.84631],[-116.24523,33.87502]]]}},{"type":"Feature","properties":{"c":"zone"},"geometry":{"type":"Polygon","coordinates":[[[-116.2074,33.79734],[-116.20223,33.80052],[-116.19233,33.79117],[-116.19676,33.78781],[-116.2074,33.79734]]]}},{"type":"Feature","properties":{"c":"zone"},"geometry":{"type":"Polygon","coordinates":[[[-116.18105,33.82581],[-116.17672,33.82757],[-116.15847,33.79781],[-116.15464,33.78878],[-116.15209,33.77285],[-116.14313,33.75003],[-116.14806,33.75003],[-116.15688,33.77283],[-116.15924,33.78682],[-116.16454,33.79938],[-116.18105,33.82581]]]}},{"type":"Feature","properties":{"c":"zone"},"geometry":{"type":"Polygon","coordinates":[[[-117.5009,35.49578],[-117.49676,35.49555],[-117.48087,35.49997],[-117.46752,35.49998],[-117.48304,35.49502],[-117.49124,35.48929],[-117.46644,35.48935],[-117.46006,35.49495],[-117.4415,35.49461],[-117.43994,35.49282],[-117.4552,35.48036],[-117.47086,35.48039],[-117.48259,35.48635],[-117.4903,35.48606],[-117.5009,35.48485],[-117.5009,35.49578]]]}},{"type":"Feature","properties":{"c":"zone"},"geometry":{"type":"Polygon","coordinates":[[[-117.44134,35.43582],[-117.43567,35.43693],[-117.43324,35.43013],[-117.45107,35.41232],[-117.47192,35.38992],[-117.47718,35.39788],[-117.46091,35.41081],[-117.45653,35.41737],[-117.44556,35.42741],[-117.44134,35.43582]]]}},{"type":"Feature","properties":{"c":"zone"},"geometry":{"type":"Polygon","coordinates":[[[-117.00089,35.60224],[-116.97831,35.60395],[-116.94976,35.60829],[-116.92554,35.60998],[-116.89477,35.60625],[-116.87589,35.60857],[-116.87588,35.59654],[-116.89404,35.59524],[-116.92949,35.59648],[-116.93047,35.59456],[-116.91814,35.5913],[-116.90912,35.58583],[-116.90605,35.58534],[-116.89843,35.59283],[-116.89397,35.59382],[-116.89152,35.58693],[-116.90792,35.58111],[-116.92368,35.58768],[-116.93679,35.58823],[-116.94109,35.59136],[-116.93776,35.59902],[-116.95174,35.59728],[-116.96904,35.60075],[-117.00089,35.59809],[-117.00089,35.60224]]]}},{"type":"Feature","properties":{"c":"zone"},"geometry":{"type":"Polygon","coordinates":[[[-116.92772,35.62498],[-116.92077,35.62498],[-116.90921,35.61631],[-116.91196,35.61391],[-116.92772,35.62498]]]}},{"type":"Feature","properties":{"c":"zone"},"geometry":{"type":"Polygon","coordinates":[[[-116.94539,35.57459],[-116.93507,35.57294],[-116.92295,35.57423],[-116.9095,35.57403],[-116.9092,35.57115],[-116.93721,35.56938],[-116.9456,35.57103],[-116.94539,35.57459]]]}},{"type":"Feature","properties":{"c":"zone"},"geometry":{"type":"Polygon","coordinates":[[[-116.92101,34.75001],[-116.91906,34.74322],[-116.91394,34.73327],[-116.90806,34.72586],[-116.90123,34.71828],[-116.89709,34.71451],[-116.89555,34.70868],[-116.89806,34.70621],[-116.89879,34.7111],[-116.91556,34.7296],[-116.91432,34.72338],[-116.90293,34.70611],[-116.9004,34.70412],[-116.8919,34.69302],[-116.87992,34.67831],[-116.87588,34.67536],[-116.87588,34.67114],[-116.88224,34.67637],[-116.89523,34.691],[-116.90205,34.70115],[-116.90389,34.70252],[-116.91749,34.72211],[-116.91955,34.72721],[-116.92465,34.72673],[-116.9296,34.74322],[-116.92627,34.74391],[-116.91977,34.73696],[-116.92217,34.74184],[-116.92429,34.75001],[-116.92101,34.75001]]]}},{"type":"Feature","properties":{"c":"zone"},"geometry":{"type":"Polygon","coordinates":[[[-117.68035,35.75603],[-117.67821,35.756],[-117.67825,35.74997],[-117.68088,35.74997],[-117.68035,35.75603]]]}},{"type":"Feature","properties":{"c":"zone"},"geometry":{"type":"Polygon","coordinates":[[[-117.71366,35.81075],[-117.71138,35.81078],[-117.71024,35.79107],[-117.71247,35.79091],[-117.71366,35.81075]]]}},{"type":"Feature","properties":{"c":"zone"},"geometry":{"type":"Polygon","coordinates":[[[-117.73567,35.81594],[-117.73353,35.81611],[-117.73218,35.80588],[-117.73435,35.80572],[-117.73567,35.81594]]]}},{"type":"Feature","properties":{"c":"zone"},"geometry":{"type":"Polygon","coordinates":[[[-117.72267,35.81279],[-117.72052,35.80277],[-117.72264,35.80265],[-117.72529,35.81236],[-117.72813,35.81887],[-117.7287,35.82614],[-117.72653,35.82625],[-117.72533,35.81727],[-117.72267,35.81279]]]}},{"type":"Feature","properties":{"c":"zone"},"geometry":{"type":"Polygon","coordinates":[[[-117.74754,35.84981],[-117.74417,35.8499],[-117.74392,35.8321],[-117.747,35.83066],[-117.74691,35.82407],[-117.74385,35.82357],[-117.74415,35.81561],[-117.73962,35.81564],[-117.73909,35.80431],[-117.74376,35.80629],[-117.74359,35.79644],[-117.74699,35.79634],[-117.74715,35.81656],[-117.74951,35.81908],[-117.74944,35.80898],[-117.75092,35.80602],[-117.75091,35.84848],[-117.74752,35.84167],[-117.74754,35.84981]]]}},{"type":"Feature","properties":{"c":"zone"},"geometry":{"type":"Polygon","coordinates":[[[-117.75091,35.75633],[-117.74903,35.7558],[-117.74801,35.74996],[-117.75091,35.74996],[-117.75091,35.75633]]]}},{"type":"Feature","properties":{"c":"zone"},"geometry":{"type":"Polygon","coordinates":[[[-116.69767,33.95807],[-116.69126,33.95842],[-116.67614,33.95037],[-116.66719,33.94997],[-116.65898,33.94881],[-116.64333,33.94816],[-116.62586,33.94538],[-116.62586,33.94253],[-116.64202,33.94509],[-116.66664,33.94621],[-116.66589,33.93811],[-116.66305,33.93432],[-116.65246,33.92729],[-116.64181,33.92699],[-116.63244,33.92448],[-116.62586,33.92092],[-116.62586,33.91762],[-116.63485,33.92253],[-116.64983,33.9246],[-116.66073,33.92304],[-116.67977,33.9279],[-116.68815,33.92678],[-116.6975,33.92679],[-116.69749,33.92947],[-116.6874,33.92954],[-116.6824,33.9314],[-116.66192,33.92621],[-116.6567,33.9261],[-116.66799,33.92953],[-116.67176,33.93184],[-116.67889,33.93386],[-116.68741,33.9395],[-116.68521,33.94194],[-116.67546,33.93603],[-116.67034,33.93425],[-116.66482,33.93155],[-116.66919,33.93701],[-116.66983,33.94213],[-116.67283,33.94347],[-116.67082,33.94673],[-116.67517,33.94782],[-116.68707,33.94789],[-116.69346,33.94346],[-116.69916,33.94283],[-116.70666,33.94311],[-116.70877,33.94477],[-116.7197,33.94526],[-116.72094,33.93932],[-116.72776,33.93479],[-116.73564,33.93518],[-116.74421,33.92813],[-116.75086,33.92823],[-116.75086,33.93417],[-116.74236,33.93693],[-116.73403,33.93856],[-116.71978,33.94934],[-116.71977,33.95064],[-116.72671,33.9546],[-116.73122,33.95254],[-116.74236,33.95232],[-116.74773,33.95088],[-116.75086,33.95133],[-116.75086,33.95456],[-116.73721,33.95839],[-116.72476,33.95675],[-116.71722,33.95293],[-116.71298,33.95424],[-116.70112,33.9491],[-116.69767,33.95807]]]}},{"type":"Feature","properties":{"c":"zone"},"geometry":{"type":"Polygon","coordinates":[[[-116.69538,33.94157],[-116.69379,33.93981],[-116.7006,33.93551],[-116.70208,33.93725],[-116.69538,33.94157]]]}},{"type":"Feature","properties":{"c":"zone"},"geometry":{"type":"Polygon","coordinates":[[[-118.83634,37.63735],[-118.83459,37.63895],[-118.82673,37.63229],[-118.8169,37.62496],[-118.82467,37.62495],[-118.83634,37.63735]]]}},{"type":"Feature","properties":{"c":"zone"},"geometry":{"type":"Polygon","coordinates":[[[-118.86256,37.68781],[-118.85932,37.70096],[-118.85691,37.70091],[-118.85647,37.6932],[-118.85944,37.68747],[-118.85826,37.68033],[-118.85532,37.67625],[-118.85409,37.67155],[-118.84767,37.66933],[-118.84982,37.67423],[-118.84912,37.67725],[-118.84643,37.67689],[-118.8465,37.67474],[-118.83986,37.66589],[-118.83916,37.66284],[-118.83658,37.66079],[-118.83322,37.6556],[-118.82836,37.65127],[-118.82446,37.64156],[-118.82043,37.6375],[-118.82345,37.63574],[-118.82872,37.64101],[-118.83126,37.64852],[-118.83268,37.65131],[-118.83586,37.65375],[-118.83815,37.65844],[-118.84073,37.65647],[-118.83512,37.64902],[-118.83836,37.64781],[-118.84073,37.65136],[-118.84392,37.65139],[-118.84415,37.65912],[-118.85004,37.66698],[-118.85811,37.67053],[-118.85851,37.67528],[-118.86116,37.68032],[-118.86256,37.68781]]]}},{"type":"Feature","properties":{"c":"zone"},"geometry":{"type":"Polygon","coordinates":[[[-118.86572,37.67226],[-118.86342,37.67353],[-118.85837,37.66316],[-118.85771,37.65913],[-118.8539,37.65142],[-118.85422,37.64912],[-118.8493,37.64585],[-118.84035,37.64236],[-118.84057,37.6378],[-118.83783,37.63536],[-118.84035,37.63219],[-118.83013,37.62495],[-118.83454,37.62495],[-118.84108,37.62976],[-118.84822,37.63686],[-118.85047,37.64325],[-118.86434,37.64674],[-118.86755,37.64925],[-118.87047,37.64806],[-118.87598,37.65458],[-118.87598,37.66038],[-118.8653,37.6513],[-118.866,37.66004],[-118.86328,37.66592],[-118.86572,37.67226]]]}},{"type":"Feature","properties":{"c":"zone"},"geometry":{"type":"Polygon","coordinates":[[[-118.87598,37.64691],[-118.87312,37.64797],[-118.87047,37.64515],[-118.8697,37.64044],[-118.86629,37.63686],[-118.86842,37.6359],[-118.87598,37.6392],[-118.87598,37.64691]]]}},{"type":"Feature","properties":{"c":"zone"},"geometry":{"type":"Polygon","coordinates":[[[-118.87375,37.72724],[-118.8706,37.72685],[-118.87436,37.71167],[-118.87598,37.70812],[-118.87598,37.71745],[-118.87375,37.72724]]]}},{"type":"Feature","properties":{"c":"zone"},"geometry":{"type":"Polygon","coordinates":[[[-118.86342,37.72683],[-118.86098,37.72713],[-118.86022,37.7117],[-118.86356,37.71158],[-118.86464,37.71788],[-118.86342,37.72683]]]}},{"type":"Feature","properties":{"c":"zone"},"geometry":{"type":"Polygon","coordinates":[[[-118.87576,37.68925],[-118.87328,37.68952],[-118.87038,37.67312],[-118.87265,37.67255],[-118.87436,37.67888],[-118.87598,37.67587],[-118.87598,37.68133],[-118.8749,37.68358],[-118.87576,37.68925]]]}},{"type":"Feature","properties":{"c":"zone"},"geometry":{"type":"Polygon","coordinates":[[[-118.8169,37.62496],[-118.82022,37.64215],[-118.81651,37.64691],[-118.81638,37.64951],[-118.82125,37.64593],[-118.823,37.6477],[-118.81981,37.65066],[-118.82137,37.65592],[-118.82805,37.6645],[-118.82064,37.66604],[-118.81261,37.65817],[-118.81103,37.65538],[-118.80986,37.64832],[-118.80423,37.64054],[-118.80321,37.63326],[-118.80481,37.62985],[-118.80418,37.62495],[-118.8169,37.62496]],[[-118.81315,37.64267],[-118.81326,37.63678],[-118.81082,37.63313],[-118.80929,37.62873],[-118.80765,37.63906],[-118.81315,37.64267]]]}},{"type":"Feature","properties":{"c":"zone"},"geometry":{"type":"Polygon","coordinates":[[[-117.30969,33.62505],[-117.30405,33.62504],[-117.28992,33.61774],[-117.27491,33.60843],[-117.25088,33.5904],[-117.25088,33.58694],[-117.27959,33.60793],[-117.30969,33.62505]]]}},{"type":"Feature","properties":{"c":"zone"},"geometry":{"type":"Polygon","coordinates":[[[-123.37614,39.43875],[-123.36165,39.42751],[-123.35477,39.41888],[-123.35443,39.41183],[-123.3499,39.40614],[-123.33277,39.38181],[-123.33068,39.38035],[-123.32765,39.37491],[-123.33169,39.37491],[-123.33734,39.38236],[-123.34435,39.39077],[-123.35477,39.40741],[-123.35918,39.41231],[-123.37614,39.43391],[-123.37614,39.43875]]]}},{"type":"Feature","properties":{"c":"zone"},"geometry":{"type":"Polygon","coordinates":[[[-117.12582,35.7479],[-117.123,35.74942],[-117.11514,35.73968],[-117.10897,35.73525],[-117.09403,35.71846],[-117.08822,35.71],[-117.07721,35.70119],[-117.06182,35.69161],[-117.05608,35.68628],[-117.05871,35.68447],[-117.0636,35.68892],[-117.0806,35.6998],[-117.09066,35.70814],[-117.0997,35.7202],[-117.11254,35.73408],[-117.11779,35.7378],[-117.12582,35.7479]]]}},{"type":"Feature","properties":{"c":"zone"},"geometry":{"type":"Polygon","coordinates":[[[-117.01061,35.66984],[-117.00089,35.6692],[-117.00089,35.66655],[-117.01083,35.66715],[-117.01061,35.66984]]]}},{"type":"Feature","properties":{"c":"zone"},"geometry":{"type":"Polygon","coordinates":[[[-118.65495,34.9437],[-118.62594,34.95474],[-118.62594,34.93554],[-118.64683,34.92964],[-118.67177,34.92813],[-118.67522,34.92401],[-118.69254,34.91439],[-118.71359,34.90518],[-118.75094,34.88819],[-118.75094,34.89264],[-118.73923,34.89999],[-118.71426,34.91078],[-118.69285,34.9181],[-118.68267,34.92512],[-118.68264,34.93453],[-118.65495,34.9437]]]}},{"type":"Feature","properties":{"c":"zone"},"geometry":{"type":"Polygon","coordinates":[[[-118.62593,34.91108],[-118.62593,34.9033],[-118.62976,34.89896],[-118.64037,34.89352],[-118.65389,34.87997],[-118.65822,34.87499],[-118.66367,34.875],[-118.64396,34.89614],[-118.6328,34.90184],[-118.62593,34.91108]]]}},{"type":"Feature","properties":{"c":"zone"},"geometry":{"type":"Polygon","coordinates":[[[-119.75694,38.79563],[-119.76632,38.77925],[-119.76873,38.78008],[-119.75892,38.79632],[-119.75694,38.79563]]]}},{"type":"Feature","properties":{"c":"zone"},"geometry":{"type":"Polygon","coordinates":[[[-119.78509,38.78487],[-119.79217,38.77322],[-119.79418,38.77381],[-119.78684,38.78554],[-119.78509,38.78487]]]}},{"type":"Feature","properties":{"c":"zone"},"geometry":{"type":"Polygon","coordinates":[[[-119.78188,38.78023],[-119.78775,38.77176],[-119.78948,38.76579],[-119.79185,38.76622],[-119.78991,38.77264],[-119.78411,38.78108],[-119.78188,38.78023]]]}},{"type":"Feature","properties":{"c":"zone"},"geometry":{"type":"Polygon","coordinates":[[[-119.79465,38.7791],[-119.79566,38.76373],[-119.79814,38.76382],[-119.79716,38.77914],[-119.79465,38.7791]]]}},{"type":"Feature","properties":{"c":"zone"},"geometry":{"type":"Polygon","coordinates":[[[-119.78279,38.77486],[-119.7818,38.76892],[-119.78441,38.76546],[-119.78521,38.76102],[-119.78788,38.76123],[-119.78464,38.77508],[-119.78279,38.77486]]]}},{"type":"Feature","properties":{"c":"zone"},"geometry":{"type":"Polygon","coordinates":[[[-119.80822,38.77489],[-119.81016,38.7674],[-119.80649,38.75189],[-119.80512,38.74993],[-119.80916,38.74993],[-119.81303,38.76689],[-119.8107,38.77528],[-119.80822,38.77489]]]}},{"type":"Feature","properties":{"c":"zone"},"geometry":{"type":"Polygon","coordinates":[[[-119.82036,38.87493],[-119.81823,38.87223],[-119.81873,38.86877],[-119.81547,38.86468],[-119.8112,38.8641],[-119.80852,38.86172],[-119.80852,38.85711],[-119.79955,38.84662],[-119.80059,38.84012],[-119.79756,38.83698],[-119.79531,38.83302],[-119.79672,38.82468],[-119.79618,38.81417],[-119.80088,38.80961],[-119.80661,38.80723],[-119.80916,38.80296],[-119.81053,38.7899],[-119.8161,38.78737],[-119.82025,38.77894],[-119.81476,38.76526],[-119.81793,38.7645],[-119.8209,38.77259],[-119.82503,38.77851],[-119.81869,38.78963],[-119.814,38.79125],[-119.81327,38.80224],[-119.81187,38.80583],[-119.80846,38.80942],[-119.8032,38.81155],[-119.79944,38.81503],[-119.80105,38.82497],[-119.79961,38.82764],[-119.80077,38.83595],[-119.80402,38.83833],[-119.80698,38.84761],[-119.81144,38.85554],[-119.81239,38.86133],[-119.81757,38.86213],[-119.82245,38.86797],[-119.82217,38.871],[-119.82468,38.87493],[-119.82036,38.87493]]]}},{"type":"Feature","properties":{"c":"zone"},"geometry":{"type":"Polygon","coordinates":[[[-116.78404,34.92378],[-116.77182,34.9188],[-116.76714,34.91623],[-116.75951,34.90886],[-116.75088,34.90365],[-116.75088,34.8962],[-116.76214,34.90718],[-116.77132,34.91536],[-116.77542,34.91738],[-116.78561,34.92122],[-116.78404,34.92378]]]}},{"type":"Feature","properties":{"c":"zone"},"geometry":{"type":"Polygon","coordinates":[[[-117.82453,33.92333],[-117.81426,33.92061],[-117.81104,33.92096],[-117.80941,33.92068],[-117.80663,33.91909],[-117.80581,33.91822],[-117.79951,33.91628],[-117.79405,33.9151],[-117.79017,33.91479],[-117.78142,33.9127],[-117.7807,33.91084],[-117.77092,33.90608],[-117.75742,33.90028],[-117.75848,33.89863],[-117.7509,33.89545],[-117.7509,33.89223],[-117.7539,33.89317],[-117.7695,33.90056],[-117.78088,33.90554],[-117.78468,33.90669],[-117.78867,33.90736],[-117.79186,33.90719],[-117.79691,33.90826],[-117.80971,33.91447],[-117.81269,33.91491],[-117.82169,33.91886],[-117.82768,33.92084],[-117.83099,33.92285],[-117.83269,33.92335],[-117.83379,33.92435],[-117.83971,33.92722],[-117.84323,33.92755],[-117.84483,33.92963],[-117.85251,33.93338],[-117.85537,33.93547],[-117.8709,33.93818],[-117.8759,33.94029],[-117.87591,33.94529],[-117.86763,33.94352],[-117.86112,33.94278],[-117.85897,33.94187],[-117.85643,33.94029],[-117.85372,33.93787],[-117.84229,33.93229],[-117.83965,33.93034],[-117.83504,33.92823],[-117.83253,33.92769],[-117.82453,33.92333]]]}},{"type":"Feature","properties":{"c":"zone"},"geometry":{"type":"Polygon","coordinates":[[[-117.08766,34.12503],[-117.07225,34.12086],[-117.05241,34.11986],[-117.03422,34.11691],[-117.00087,34.1073],[-117.00088,34.10231],[-117.03419,34.11256],[-117.05235,34.11573],[-117.07974,34.11788],[-117.09882,34.12503],[-117.08766,34.12503]]]}},{"type":"Feature","properties":{"c":"zone"},"geometry":{"type":"Polygon","coordinates":[[[-117.12588,34.10595],[-117.12589,34.11195],[-117.09552,34.10568],[-117.03434,34.08691],[-117.00087,34.07181],[-117.00087,34.06128],[-117.02324,34.0658],[-117.05257,34.07769],[-117.10362,34.09232],[-117.1011,34.09819],[-117.12588,34.10595]]]}},{"type":"Feature","properties":{"c":"zone"},"geometry":{"type":"Polygon","coordinates":[[[-117.04028,34.06482],[-117.05411,34.0518],[-117.05891,34.04566],[-117.07197,34.04104],[-117.07285,34.04194],[-117.0538,34.05481],[-117.04164,34.06584],[-117.04028,34.06482]]]}},{"type":"Feature","properties":{"c":"zone"},"geometry":{"type":"Polygon","coordinates":[[[-117.06961,34.04735],[-117.09184,34.03378],[-117.09733,34.03378],[-117.10434,34.03229],[-117.10303,34.03411],[-117.08671,34.04057],[-117.0867,34.0418],[-117.07698,34.04729],[-117.06961,34.04735]]]}},{"type":"Feature","properties":{"c":"zone"},"geometry":{"type":"Polygon","coordinates":[[[-117.07131,34.03377],[-117.07415,34.03113],[-117.08383,34.01955],[-117.09436,34.01583],[-117.09609,34.01664],[-117.08565,34.02039],[-117.08298,34.02579],[-117.0793,34.03009],[-117.07358,34.03376],[-117.07131,34.03377]]]}},{"type":"Feature","properties":{"c":"zone"},"geometry":{"type":"Polygon","coordinates":[[[-116.4367,34.25003],[-116.43418,34.24619],[-116.43595,34.24207],[-116.43689,34.22225],[-116.43789,34.21895],[-116.43708,34.2099],[-116.43765,34.20776],[-116.43613,34.20005],[-116.43058,34.18624],[-116.42778,34.18422],[-116.42677,34.18148],[-116.42263,34.17889],[-116.42209,34.17382],[-116.41991,34.17559],[-116.418,34.17391],[-116.41876,34.17318],[-116.41768,34.16779],[-116.41821,34.1631],[-116.41989,34.16321],[-116.4197,34.16756],[-116.42135,34.16544],[-116.42391,34.16598],[-116.42539,34.16301],[-116.42496,34.16083],[-116.42565,34.1586],[-116.42914,34.15945],[-116.42809,34.16274],[-116.425,34.16877],[-116.42608,34.17806],[-116.42911,34.17929],[-116.42914,34.17234],[-116.42827,34.17336],[-116.42637,34.17221],[-116.42971,34.16789],[-116.43185,34.16689],[-116.43307,34.16548],[-116.43485,34.16649],[-116.43301,34.16885],[-116.43341,34.18434],[-116.43938,34.19892],[-116.44082,34.20572],[-116.44234,34.20644],[-116.44164,34.21729],[-116.4443,34.2181],[-116.44062,34.22732],[-116.44008,34.24039],[-116.43937,34.24541],[-116.44367,34.24114],[-116.44483,34.24321],[-116.4503,34.23456],[-116.44332,34.24023],[-116.44154,34.239],[-116.44247,34.23819],[-116.44381,34.22714],[-116.44585,34.22726],[-116.44488,34.23607],[-116.44756,34.23006],[-116.44692,34.22814],[-116.44721,34.22465],[-116.4484,34.22414],[-116.44926,34.22591],[-116.44901,34.22871],[-116.45006,34.22947],[-116.44983,34.23323],[-116.45225,34.23301],[-116.45284,34.23678],[-116.44958,34.24177],[-116.45245,34.24255],[-116.45135,34.24538],[-116.44839,34.24922],[-116.4468,34.24835],[-116.44545,34.25003],[-116.4367,34.25003]]]}},{"type":"Feature","properties":{"c":"zone"},"geometry":{"type":"Polygon","coordinates":[[[-116.39452,34.13418],[-116.39448,34.13138],[-116.40023,34.13125],[-116.40825,34.13052],[-116.42685,34.12742],[-116.44664,34.12503],[-116.46297,34.12503],[-116.45107,34.1277],[-116.44593,34.12796],[-116.43021,34.12979],[-116.42088,34.13217],[-116.39885,34.13423],[-116.39452,34.13418]]]}},{"type":"Feature","properties":{"c":"zone"},"geometry":{"type":"Polygon","coordinates":[[[-116.38826,34.1341],[-116.38599,34.13059],[-116.3873,34.12993],[-116.38966,34.1334],[-116.38826,34.1341]]]}},{"type":"Feature","properties":{"c":"zone"},"geometry":{"type":"Polygon","coordinates":[[[-116.46297,34.12503],[-116.44664,34.12503],[-116.45438,34.12438],[-116.46325,34.12165],[-116.47299,34.11319],[-116.459,34.11701],[-116.45779,34.11432],[-116.48008,34.10761],[-116.4962,34.09995],[-116.50086,34.09672],[-116.50086,34.10039],[-116.49887,34.10173],[-116.47973,34.11113],[-116.47665,34.11438],[-116.46638,34.12309],[-116.46297,34.12503]]]}},{"type":"Feature","properties":{"c":"zone"},"geometry":{"type":"Polygon","coordinates":[[[-116.40198,34.03836],[-116.39856,34.0384],[-116.39841,34.02503],[-116.39364,34.01241],[-116.39327,34.00002],[-116.39676,34.00002],[-116.39703,34.01177],[-116.40184,34.02451],[-116.40198,34.03836]]]}},{"type":"Feature","properties":{"c":"zone"},"geometry":{"type":"Polygon","coordinates":[[[-116.39947,34.12309],[-116.3942,34.12303],[-116.3879,34.11245],[-116.38579,34.10513],[-116.37586,34.08862],[-116.37585,34.08017],[-116.37885,34.08698],[-116.38059,34.08642],[-116.38089,34.09056],[-116.38751,34.10186],[-116.38943,34.10103],[-116.39011,34.10513],[-116.39329,34.10864],[-116.39864,34.09709],[-116.40076,34.09782],[-116.3947,34.1108],[-116.39948,34.12058],[-116.39947,34.12309]]]}},{"type":"Feature","properties":{"c":"zone"},"geometry":{"type":"Polygon","coordinates":[[[-116.41445,34.12502],[-116.41108,34.12502],[-116.40917,34.09776],[-116.40946,34.09053],[-116.41065,34.08834],[-116.41117,34.07768],[-116.41202,34.06849],[-116.41217,34.05579],[-116.41538,34.05582],[-116.41535,34.06884],[-116.41379,34.09049],[-116.41227,34.0949],[-116.41445,34.12502]]]}},{"type":"Feature","properties":{"c":"zone"},"geometry":{"type":"Polygon","coordinates":[[[-115.78521,32.66515],[-115.77123,32.67513],[-115.76265,32.68041],[-115.761,32.67814],[-115.76935,32.67288],[-115.78304,32.66293],[-115.78521,32.66515]]]}},{"type":"Feature","properties":{"c":"zone"},"geometry":{"type":"Polygon","coordinates":[[[-115.87585,32.72028],[-115.8743,32.72576],[-115.86639,32.74046],[-115.85973,32.75006],[-115.85424,32.75006],[-115.85408,32.7478],[-115.85625,32.74515],[-115.86169,32.74133],[-115.86496,32.73657],[-115.87074,32.72578],[-115.87585,32.71],[-115.87585,32.72028]]]}},{"type":"Feature","properties":{"c":"zone"},"geometry":{"type":"Polygon","coordinates":[[[-115.85767,32.70295],[-115.84727,32.71422],[-115.84892,32.72071],[-115.84877,32.72804],[-115.84481,32.73917],[-115.83455,32.74751],[-115.83356,32.75006],[-115.83026,32.75006],[-115.83159,32.74586],[-115.84179,32.73777],[-115.84534,32.72734],[-115.84551,32.72067],[-115.84416,32.7157],[-115.8446,32.71232],[-115.85517,32.70126],[-115.85767,32.70295]]]}},{"type":"Feature","properties":{"c":"zone"},"geometry":{"type":"Polygon","coordinates":[[[-115.81621,32.73259],[-115.81558,32.73522],[-115.80906,32.73414],[-115.80197,32.73167],[-115.80307,32.72938],[-115.81015,32.73172],[-115.81621,32.73259]]]}},{"type":"Feature","properties":{"c":"zone"},"geometry":{"type":"Polygon","coordinates":[[[-115.83683,32.70382],[-115.82747,32.7154],[-115.81937,32.72072],[-115.8177,32.71834],[-115.82499,32.71355],[-115.83393,32.70248],[-115.83683,32.70382]]]}},{"type":"Feature","properties":{"c":"zone"},"geometry":{"type":"Polygon","coordinates":[[[-115.87585,32.69429],[-115.87585,32.69526],[-115.87448,32.69779],[-115.87484,32.70296],[-115.87345,32.70554],[-115.87073,32.70452],[-115.87172,32.70296],[-115.87154,32.69824],[-115.86551,32.69873],[-115.8682,32.7031],[-115.87283,32.71439],[-115.86977,32.71531],[-115.86585,32.70587],[-115.86312,32.71093],[-115.86269,32.715],[-115.85954,32.71489],[-115.86,32.70996],[-115.86426,32.70266],[-115.86041,32.69708],[-115.85655,32.68268],[-115.84977,32.67518],[-115.84638,32.66848],[-115.8442,32.65822],[-115.83166,32.64442],[-115.83342,32.63955],[-115.83831,32.6392],[-115.84092,32.64373],[-115.84084,32.64943],[-115.84793,32.65747],[-115.85027,32.66853],[-115.85477,32.67258],[-115.85771,32.67933],[-115.86355,32.68432],[-115.86474,32.68741],[-115.87585,32.69429]]]}},{"type":"Feature","properties":{"c":"zone"},"geometry":{"type":"Polygon","coordinates":[[[-115.7679,32.71371],[-115.7651,32.71263],[-115.77119,32.70249],[-115.7779,32.69588],[-115.7839,32.68778],[-115.78472,32.68367],[-115.80007,32.67025],[-115.8047,32.65157],[-115.80839,32.6459],[-115.81124,32.64707],[-115.80733,32.65377],[-115.80839,32.65749],[-115.80644,32.66308],[-115.82625,32.64786],[-115.82854,32.64978],[-115.80796,32.66563],[-115.80546,32.67002],[-115.80633,32.67155],[-115.80058,32.67594],[-115.79949,32.67601],[-115.78916,32.68378],[-115.78727,32.68877],[-115.78035,32.69738],[-115.77504,32.70267],[-115.7679,32.71371]]]}},{"type":"Feature","properties":{"c":"zone"},"geometry":{"type":"Polygon","coordinates":[[[-115.87585,32.68793],[-115.8755,32.68843],[-115.8726,32.68737],[-115.87585,32.68133],[-115.87585,32.68793]]]}},{"type":"Feature","properties":{"c":"zone"},"geometry":{"type":"Polygon","coordinates":[[[-115.75824,32.68719],[-115.75616,32.68987],[-115.75555,32.69387],[-115.75389,32.69562],[-115.75085,32.70639],[-115.75085,32.69001],[-115.75464,32.68538],[-115.75824,32.68719]]]}},{"type":"Feature","properties":{"c":"zone"},"geometry":{"type":"Polygon","coordinates":[[[-115.77828,32.64376],[-115.77758,32.64676],[-115.76844,32.65628],[-115.76807,32.66016],[-115.76899,32.66223],[-115.77529,32.65861],[-115.77745,32.65667],[-115.77448,32.6545],[-115.77547,32.6509],[-115.78086,32.64355],[-115.78464,32.64329],[-115.77996,32.65197],[-115.78402,32.65493],[-115.77774,32.66046],[-115.75955,32.67059],[-115.75329,32.67513],[-115.75096,32.6734],[-115.75811,32.66796],[-115.76555,32.6639],[-115.7634,32.65721],[-115.76519,32.6552],[-115.76367,32.65293],[-115.76511,32.64755],[-115.75775,32.65108],[-115.75085,32.65896],[-115.75085,32.65212],[-115.75333,32.64921],[-115.76055,32.6451],[-115.76965,32.64442],[-115.76686,32.65245],[-115.76886,32.64997],[-115.77071,32.64962],[-115.77441,32.64638],[-115.77511,32.64398],[-115.77828,32.64376]]]}},{"type":"Feature","properties":{"c":"zone"},"geometry":{"type":"Polygon","coordinates":[[[-115.87585,32.67752],[-115.85718,32.66926],[-115.8515,32.65998],[-115.85863,32.65844],[-115.87585,32.66852],[-115.87585,32.67752]]]}},{"type":"Feature","properties":{"c":"zone"},"geometry":{"type":"Polygon","coordinates":[[[-115.84117,32.67164],[-115.83864,32.67985],[-115.84026,32.68113],[-115.83921,32.68845],[-115.8374,32.69225],[-115.83081,32.69615],[-115.82692,32.7051],[-115.8217,32.70462],[-115.82324,32.69553],[-115.82016,32.69387],[-115.82159,32.69195],[-115.82092,32.68901],[-115.82877,32.68186],[-115.83198,32.68268],[-115.83494,32.68084],[-115.83799,32.67092],[-115.84117,32.67164]],[[-115.83139,32.68638],[-115.82788,32.68617],[-115.82625,32.6907],[-115.82641,32.69741],[-115.83147,32.68956],[-115.83169,32.68759],[-115.83601,32.68671],[-115.8366,32.68317],[-115.83139,32.68638]]]}},{"type":"Feature","properties":{"c":"zone"},"geometry":{"type":"Polygon","coordinates":[[[-115.80489,32.68765],[-115.79318,32.69693],[-115.791,32.69523],[-115.80265,32.68573],[-115.80489,32.68765]]]}},{"type":"Feature","properties":{"c":"zone"},"geometry":{"type":"Polygon","coordinates":[[[-115.80185,32.71146],[-115.79811,32.70543],[-115.79758,32.70267],[-115.79571,32.70155],[-115.79382,32.69736],[-115.79667,32.69632],[-115.79793,32.69845],[-115.80125,32.6988],[-115.80079,32.70217],[-115.80179,32.7057],[-115.80472,32.71019],[-115.80185,32.71146]]]}},{"type":"Feature","properties":{"c":"zone"},"geometry":{"type":"Polygon","coordinates":[[[-115.87585,32.64955],[-115.87585,32.65347],[-115.8724,32.65064],[-115.85768,32.6411],[-115.85471,32.63794],[-115.85838,32.63765],[-115.86047,32.63965],[-115.87585,32.64955]]]}},{"type":"Feature","properties":{"c":"zone"},"geometry":{"type":"Polygon","coordinates":[[[-115.87585,32.64034],[-115.87585,32.64558],[-115.8689,32.63684],[-115.87278,32.63654],[-115.87585,32.64034]]]}},{"type":"Feature","properties":{"c":"zone"},"geometry":{"type":"Polygon","coordinates":[[[-120.22778,34.73262],[-120.2158,34.72973],[-120.20469,34.72598],[-120.19297,34.71941],[-120.18843,34.71532],[-120.19022,34.71395],[-120.19541,34.71765],[-120.20655,34.72424],[-120.21646,34.72757],[-120.22572,34.7302],[-120.2348,34.7311],[-120.23448,34.73318],[-120.22778,34.73262]]]}},{"type":"Feature","properties":{"c":"zone"},"geometry":{"type":"Polygon","coordinates":[[[-118.37592,34.09184],[-118.37678,34.09063],[-118.37923,34.08931],[-118.38448,34.08826],[-118.38669,34.08722],[-118.3906,34.08634],[-118.3943,34.08611],[-118.39604,34.08563],[-118.39688,34.08794],[-118.39396,34.08909],[-118.38442,34.09058],[-118.3792,34.09251],[-118.37592,34.09546],[-118.37592,34.09184]]]}},{"type":"Feature","properties":{"c":"zone"},"geometry":{"type":"Polygon","coordinates":[[[-118.37895,34.03226],[-118.37592,34.02516],[-118.37592,34.01942],[-118.38275,34.02723],[-118.38654,34.03343],[-118.39084,34.04147],[-118.38787,34.04251],[-118.3822,34.03199],[-118.38277,34.03571],[-118.38465,34.04032],[-118.38543,34.04468],[-118.3856,34.04989],[-118.38524,34.05711],[-118.38187,34.05709],[-118.38234,34.04838],[-118.38209,34.04554],[-118.37964,34.03689],[-118.37895,34.03226]]]}},{"type":"Feature","properties":{"c":"zone"},"geometry":{"type":"Polygon","coordinates":[[[-118.4548,34.04553],[-118.45953,34.04277],[-118.45789,34.0409],[-118.47056,34.03632],[-118.47492,34.03539],[-118.48261,34.03087],[-118.49848,34.03066],[-118.49851,34.03333],[-118.48385,34.03349],[-118.48092,34.03492],[-118.48616,34.03543],[-118.49918,34.03437],[-118.4994,34.03637],[-118.50093,34.03623],[-118.50093,34.03888],[-118.49132,34.03925],[-118.48773,34.04058],[-118.48481,34.04057],[-118.48045,34.04165],[-118.47332,34.04152],[-118.47167,34.04287],[-118.4773,34.04474],[-118.48061,34.04479],[-118.48518,34.04564],[-118.49344,34.04545],[-118.49346,34.04794],[-118.48949,34.04805],[-118.48636,34.04852],[-118.48121,34.04754],[-118.47801,34.04752],[-118.47089,34.04555],[-118.46285,34.04489],[-118.45437,34.04837],[-118.44669,34.0504],[-118.43516,34.05215],[-118.41947,34.06226],[-118.41153,34.06556],[-118.3938,34.07557],[-118.39194,34.07327],[-118.40623,34.06531],[-118.40623,34.0641],[-118.41744,34.06014],[-118.43399,34.04961],[-118.44901,34.0471],[-118.4548,34.04553]]]}},{"type":"Feature","properties":{"c":"zone"},"geometry":{"type":"Polygon","coordinates":[[[-118.9243,34.45197],[-118.92375,34.44927],[-118.92313,34.425],[-118.92266,34.42177],[-118.921,34.41656],[-118.91284,34.4108],[-118.90741,34.41067],[-118.90608,34.41007],[-118.90451,34.40787],[-118.90154,34.4069],[-118.89758,34.40369],[-118.89606,34.40081],[-118.89228,34.39901],[-118.88396,34.39695],[-118.88048,34.39777],[-118.87594,34.39828],[-118.87594,34.39494],[-118.88013,34.39503],[-118.88276,34.39426],[-118.88526,34.39434],[-118.89365,34.39647],[-118.89736,34.39826],[-118.90268,34.39998],[-118.9066,34.40368],[-118.90881,34.40824],[-118.9129,34.40802],[-118.91447,34.40839],[-118.91939,34.41153],[-118.92366,34.41486],[-118.92573,34.42022],[-118.9266,34.42667],[-118.9272,34.44955],[-118.93145,34.44848],[-118.93524,34.44529],[-118.93981,34.44546],[-118.94348,34.44725],[-118.9472,34.44524],[-118.95369,34.43943],[-118.9591,34.43513],[-118.9659,34.4248],[-118.97187,34.4213],[-118.9789,34.4198],[-118.98617,34.4223],[-118.99,34.41915],[-118.99334,34.41872],[-119.00095,34.41932],[-119.00095,34.42371],[-118.99213,34.42316],[-118.98736,34.42785],[-118.97716,34.42453],[-118.96867,34.43358],[-118.94825,34.44994],[-118.9422,34.45077],[-118.93616,34.44954],[-118.93259,34.45224],[-118.92898,34.45288],[-118.9243,34.45197]]]}},{"type":"Feature","properties":{"c":"zone"},"geometry":{"type":"Polygon","coordinates":[[[-117.19316,32.755],[-117.18866,32.75006],[-117.19454,32.75006],[-117.19516,32.75249],[-117.19766,32.75557],[-117.19846,32.75704],[-117.19909,32.7593],[-117.20196,32.76152],[-117.20294,32.76483],[-117.20485,32.76739],[-117.20585,32.76975],[-117.2065,32.77033],[-117.20813,32.7731],[-117.21001,32.77821],[-117.20483,32.77972],[-117.20388,32.77801],[-117.2017,32.77551],[-117.1976,32.76766],[-117.1963,32.76326],[-117.1955,32.75822],[-117.19476,32.75683],[-117.19316,32.755]]]}},{"type":"Feature","properties":{"c":"zone"},"geometry":{"type":"Polygon","coordinates":[[[-117.24063,32.84263],[-117.23454,32.83824],[-117.23066,32.83401],[-117.22937,32.83043],[-117.22596,32.82344],[-117.22302,32.81832],[-117.21634,32.81147],[-117.21216,32.80488],[-117.20799,32.80213],[-117.20921,32.80057],[-117.2055,32.79503],[-117.2008,32.7889],[-117.20372,32.78744],[-117.20841,32.79376],[-117.21379,32.80218],[-117.21528,32.80335],[-117.2241,32.81494],[-117.23887,32.8291],[-117.24482,32.837],[-117.25383,32.84622],[-117.25851,32.84806],[-117.26379,32.85194],[-117.26166,32.85399],[-117.2569,32.85057],[-117.24483,32.84539],[-117.24063,32.84263]],[[-117.23703,32.83192],[-117.23179,32.82791],[-117.23282,32.8305],[-117.23421,32.83255],[-117.23685,32.83518],[-117.24093,32.83825],[-117.24443,32.84188],[-117.24606,32.8427],[-117.24197,32.83852],[-117.23703,32.83192]]]}},{"type":"Feature","properties":{"c":"zone"},"geometry":{"type":"Polygon","coordinates":[[[-117.18439,32.74586],[-117.18215,32.74579],[-117.17916,32.7468],[-117.17754,32.74604],[-117.17616,32.74484],[-117.1737,32.74146],[-117.17349,32.73979],[-117.1695,32.73542],[-117.16833,32.73372],[-117.16328,32.73029],[-117.16527,32.72824],[-117.17068,32.73181],[-117.17502,32.73714],[-117.17879,32.74087],[-117.17985,32.74139],[-117.1821,32.74012],[-117.17977,32.73416],[-117.17937,32.73165],[-117.17952,32.72851],[-117.18076,32.72122],[-117.1836,32.71722],[-117.18686,32.71419],[-117.18685,32.71108],[-117.1917,32.7013],[-117.19877,32.69035],[-117.19983,32.68734],[-117.20047,32.68289],[-117.204,32.68319],[-117.20251,32.68964],[-117.19349,32.70393],[-117.1902,32.71346],[-117.19023,32.7291],[-117.19088,32.72978],[-117.19251,32.73556],[-117.19286,32.73904],[-117.19376,32.74259],[-117.19377,32.74663],[-117.19454,32.75006],[-117.18866,32.75006],[-117.18637,32.7471],[-117.18544,32.74624],[-117.18439,32.74586]],[[-117.18688,32.72893],[-117.18686,32.71827],[-117.18392,32.72197],[-117.18364,32.72272],[-117.18303,32.72783],[-117.18322,32.73146],[-117.18442,32.73487],[-117.18479,32.73817],[-117.18634,32.7417],[-117.18805,32.74425],[-117.18984,32.74506],[-117.19054,32.74493],[-117.19052,32.74277],[-117.18965,32.73943],[-117.1893,32.73601],[-117.18688,32.72893]]]}},{"type":"Feature","properties":{"c":"zone"},"geometry":{"type":"Polygon","coordinates":[[[-117.16896,32.7191],[-117.16872,32.71611],[-117.16939,32.71468],[-117.16904,32.71085],[-117.16976,32.70568],[-117.16894,32.69725],[-117.16953,32.69222],[-117.17317,32.68212],[-117.17621,32.67705],[-117.1775,32.67378],[-117.18185,32.67592],[-117.1752,32.68385],[-117.17087,32.69633],[-117.17324,32.69727],[-117.17276,32.70017],[-117.17287,32.70733],[-117.1723,32.71099],[-117.17263,32.71446],[-117.17194,32.71573],[-117.17229,32.71843],[-117.17214,32.71953],[-117.17261,32.72163],[-117.16958,32.72222],[-117.16882,32.71985],[-117.16896,32.7191]]]}},{"type":"Feature","properties":{"c":"zone"},"geometry":{"type":"Polygon","coordinates":[[[-117.1646,32.71954],[-117.16379,32.71856],[-117.16336,32.71357],[-117.16194,32.70934],[-117.16377,32.70936],[-117.16471,32.7125],[-117.16516,32.7167],[-117.16703,32.71766],[-117.16908,32.72151],[-117.16623,32.72252],[-117.1646,32.71954]]]}},{"type":"Feature","properties":{"c":"zone"},"geometry":{"type":"Polygon","coordinates":[[[-122.49438,38.21831],[-122.49419,38.21922],[-122.49247,38.219],[-122.49292,38.21675],[-122.49283,38.21562],[-122.49108,38.21423],[-122.49064,38.21256],[-122.48803,38.20994],[-122.485,38.20791],[-122.47919,38.20298],[-122.47984,38.20232],[-122.47671,38.19915],[-122.47362,38.19732],[-122.46568,38.19171],[-122.46529,38.19881],[-122.46357,38.1987],[-122.46398,38.19208],[-122.46373,38.19013],[-122.46085,38.18603],[-122.4542,38.18006],[-122.4414,38.17239],[-122.4358,38.1695],[-122.42911,38.16458],[-122.43241,38.16154],[-122.44233,38.16812],[-122.45282,38.17381],[-122.45545,38.17268],[-122.42902,38.12492],[-122.43396,38.12492],[-122.45929,38.17038],[-122.46085,38.17253],[-122.46408,38.18117],[-122.46636,38.1824],[-122.47497,38.18585],[-122.47288,38.18872],[-122.46931,38.18708],[-122.46838,38.18794],[-122.47706,38.19321],[-122.49418,38.2119],[-122.4959,38.21326],[-122.49763,38.21605],[-122.4996,38.21463],[-122.50111,38.21593],[-122.50111,38.22784],[-122.50027,38.22609],[-122.49671,38.22237],[-122.49794,38.22164],[-122.49438,38.21831]]]}},{"type":"Feature","properties":{"c":"zone"},"geometry":{"type":"Polygon","coordinates":[[[-122.71456,38.46665],[-122.71441,38.46804],[-122.71646,38.47193],[-122.71889,38.47472],[-122.72143,38.4762],[-122.72355,38.48],[-122.72449,38.48283],[-122.72529,38.48397],[-122.72823,38.48672],[-122.73013,38.49068],[-122.73237,38.49368],[-122.73831,38.49992],[-122.73319,38.49992],[-122.7283,38.49458],[-122.73011,38.49792],[-122.72572,38.49876],[-122.72406,38.49541],[-122.72267,38.49556],[-122.71638,38.48866],[-122.71799,38.49576],[-122.72144,38.49992],[-122.71728,38.49992],[-122.71467,38.49707],[-122.71311,38.49077],[-122.71242,38.48162],[-122.70777,38.47314],[-122.7052,38.46974],[-122.70316,38.47815],[-122.69965,38.47792],[-122.7019,38.4685],[-122.70302,38.46634],[-122.70325,38.4652],[-122.70333,38.46161],[-122.70183,38.4583],[-122.70246,38.45689],[-122.70141,38.4559],[-122.69574,38.45213],[-122.693,38.44597],[-122.69038,38.44363],[-122.68974,38.44208],[-122.68712,38.43195],[-122.68467,38.42819],[-122.68086,38.42379],[-122.67837,38.42154],[-122.67532,38.4201],[-122.67283,38.41815],[-122.6676,38.41029],[-122.66338,38.40731],[-122.66021,38.40345],[-122.65788,38.39997],[-122.65394,38.39639],[-122.64929,38.38975],[-122.64711,38.38489],[-122.64019,38.37492],[-122.65383,38.37492],[-122.65494,38.37605],[-122.65256,38.37732],[-122.65352,38.38122],[-122.65381,38.38392],[-122.65434,38.38526],[-122.65676,38.38519],[-122.65688,38.3875],[-122.65785,38.38918],[-122.65806,38.39088],[-122.66194,38.3958],[-122.6631,38.39668],[-122.66411,38.39832],[-122.66444,38.3996],[-122.66637,38.40115],[-122.67226,38.40489],[-122.67694,38.40653],[-122.67759,38.40702],[-122.67799,38.40956],[-122.67864,38.4108],[-122.68037,38.41658],[-122.68589,38.42247],[-122.69244,38.43019],[-122.69804,38.4389],[-122.70403,38.45056],[-122.70843,38.45334],[-122.70688,38.45428],[-122.70845,38.45583],[-122.71132,38.45961],[-122.71479,38.46259],[-122.71255,38.4644],[-122.71456,38.46665]]]}},{"type":"Feature","properties":{"c":"zone"},"geometry":{"type":"Polygon","coordinates":[[[-122.50707,38.24073],[-122.50645,38.23632],[-122.50599,38.23522],[-122.50388,38.2315],[-122.50111,38.22784],[-122.50111,38.21593],[-122.50374,38.21844],[-122.50518,38.22026],[-122.5082,38.22888],[-122.51089,38.23211],[-122.51362,38.2361],[-122.5158,38.23812],[-122.52045,38.24076],[-122.51982,38.23659],[-122.52328,38.2363],[-122.52427,38.2431],[-122.52464,38.244],[-122.52589,38.24597],[-122.53034,38.24992],[-122.51272,38.24992],[-122.51013,38.24804],[-122.50724,38.24255],[-122.50707,38.24073]]]}},{"type":"Feature","properties":{"c":"zone"},"geometry":{"type":"Polygon","coordinates":[[[-122.60881,38.33503],[-122.60479,38.33123],[-122.60096,38.32426],[-122.59545,38.31878],[-122.59302,38.31436],[-122.58775,38.30911],[-122.58374,38.30433],[-122.5759,38.30057],[-122.577,38.29923],[-122.57304,38.29561],[-122.5727,38.2949],[-122.57004,38.29217],[-122.56338,38.28844],[-122.55197,38.27878],[-122.54591,38.27422],[-122.54232,38.27236],[-122.54156,38.27102],[-122.53927,38.26854],[-122.53422,38.26632],[-122.52562,38.26075],[-122.52393,38.25875],[-122.51915,38.25522],[-122.51591,38.25388],[-122.5143,38.25122],[-122.51272,38.24992],[-122.53034,38.24992],[-122.53157,38.25088],[-122.52912,38.25291],[-122.53511,38.25826],[-122.5365,38.26023],[-122.53894,38.26025],[-122.53966,38.2639],[-122.54517,38.26976],[-122.55922,38.27939],[-122.56314,38.28356],[-122.56557,38.28499],[-122.56853,38.28785],[-122.57243,38.29009],[-122.5757,38.29357],[-122.58415,38.30017],[-122.58569,38.30155],[-122.58925,38.306],[-122.60312,38.31598],[-122.60708,38.32],[-122.6085,38.32287],[-122.61262,38.32734],[-122.61373,38.32912],[-122.62611,38.33422],[-122.62611,38.33585],[-122.62529,38.33695],[-122.62049,38.33493],[-122.62023,38.33567],[-122.62203,38.33829],[-122.62611,38.34113],[-122.62611,38.35327],[-122.6241,38.35123],[-122.62277,38.34592],[-122.62188,38.34403],[-122.61706,38.34123],[-122.60881,38.33503]]]}},{"type":"Feature","properties":{"c":"zone"},"geometry":{"type":"Polygon","coordinates":[[[-122.54789,38.26581],[-122.55038,38.26389],[-122.5569,38.26936],[-122.56193,38.27522],[-122.55904,38.27677],[-122.55419,38.27109],[-122.54789,38.26581]]]}},{"type":"Feature","properties":{"c":"zone"},"geometry":{"type":"Polygon","coordinates":[[[-122.62922,38.34288],[-122.63979,38.34926],[-122.64571,38.3547],[-122.64963,38.35956],[-122.65055,38.36076],[-122.64832,38.36183],[-122.6509,38.36343],[-122.6473,38.36691],[-122.64906,38.36861],[-122.65102,38.37186],[-122.65232,38.3727],[-122.65382,38.37492],[-122.64138,38.37492],[-122.6382,38.37201],[-122.63782,38.37034],[-122.63803,38.36405],[-122.63188,38.35758],[-122.62611,38.35327],[-122.62611,38.34113],[-122.62922,38.34288]]]}},{"type":"Feature","properties":{"c":"zone"},"geometry":{"type":"Polygon","coordinates":[[[-122.62702,38.33464],[-122.62611,38.33585],[-122.62611,38.33422],[-122.62702,38.33464]]]}},{"type":"Feature","properties":{"c":"zone"},"geometry":{"type":"Polygon","coordinates":[[[-117.61649,35.76658],[-117.61602,35.76947],[-117.61646,35.77188],[-117.61382,35.77245],[-117.61328,35.76936],[-117.61228,35.76738],[-117.61372,35.76578],[-117.61361,35.76426],[-117.61405,35.76216],[-117.61337,35.7593],[-117.61442,35.75637],[-117.61412,35.75423],[-117.61685,35.75406],[-117.6172,35.75646],[-117.61668,35.75772],[-117.61649,35.75969],[-117.61702,35.76322],[-117.61871,35.76496],[-117.62016,35.76811],[-117.62112,35.77115],[-117.62047,35.77534],[-117.61875,35.77908],[-117.61615,35.77839],[-117.61784,35.77463],[-117.6182,35.77274],[-117.61784,35.76957],[-117.61649,35.76658]]]}},{"type":"Feature","properties":{"c":"zone"},"geometry":{"type":"Polygon","coordinates":[[[-117.60878,35.77015],[-117.60943,35.77279],[-117.61057,35.77415],[-117.61156,35.77635],[-117.61312,35.77855],[-117.61074,35.77966],[-117.60656,35.77286],[-117.60615,35.77074],[-117.60878,35.77015]]]}},{"type":"Feature","properties":{"c":"zone"},"geometry":{"type":"Polygon","coordinates":[[[-117.60197,35.62534],[-117.60334,35.62526],[-117.60355,35.62747],[-117.59828,35.62781],[-117.5956,35.62841],[-117.58578,35.63279],[-117.58375,35.63531],[-117.58022,35.63867],[-117.57916,35.63914],[-117.57556,35.64215],[-117.57263,35.64413],[-117.57077,35.64524],[-117.56908,35.6435],[-117.5737,35.64052],[-117.577,35.63735],[-117.57836,35.63698],[-117.58431,35.63091],[-117.5946,35.62633],[-117.59785,35.62561],[-117.60197,35.62534]]]}},{"type":"Feature","properties":{"c":"zone"},"geometry":{"type":"Polygon","coordinates":[[[-117.57826,35.77442],[-117.5807,35.77341],[-117.58332,35.77623],[-117.58708,35.77956],[-117.58774,35.78205],[-117.59151,35.78554],[-117.59184,35.78696],[-117.5896,35.78824],[-117.58477,35.78272],[-117.58331,35.78013],[-117.57988,35.77694],[-117.57826,35.77442]]]}},{"type":"Feature","properties":{"c":"zone"},"geometry":{"type":"Polygon","coordinates":[[[-117.65456,35.63612],[-117.65726,35.63574],[-117.65753,35.63759],[-117.65611,35.64141],[-117.65533,35.64483],[-117.65506,35.64833],[-117.65425,35.65089],[-117.65434,35.6526],[-117.6516,35.6527],[-117.65176,35.64744],[-117.65345,35.64088],[-117.65478,35.63745],[-117.65456,35.63612]]]}},{"type":"Feature","properties":{"c":"zone"},"geometry":{"type":"Polygon","coordinates":[[[-117.61532,35.85678],[-117.61516,35.85606],[-117.61377,35.85621],[-117.61347,35.85431],[-117.61397,35.85033],[-117.61669,35.85059],[-117.61629,35.85475],[-117.61761,35.85456],[-117.61804,35.85656],[-117.61808,35.85975],[-117.61981,35.86307],[-117.61976,35.86658],[-117.62101,35.86834],[-117.62171,35.87075],[-117.62147,35.87341],[-117.62084,35.87496],[-117.61766,35.87496],[-117.61871,35.87329],[-117.61896,35.87105],[-117.61845,35.86914],[-117.61711,35.86721],[-117.6169,35.86277],[-117.61618,35.86149],[-117.61429,35.85987],[-117.61537,35.85904],[-117.61532,35.85678]]]}},{"type":"Feature","properties":{"c":"zone"},"geometry":{"type":"Polygon","coordinates":[[[-117.61805,35.83288],[-117.62058,35.8327],[-117.62564,35.8352],[-117.62367,35.84087],[-117.62351,35.84213],[-117.62392,35.84482],[-117.62326,35.84668],[-117.62173,35.84866],[-117.61942,35.84747],[-117.62077,35.84574],[-117.62126,35.84428],[-117.62079,35.84191],[-117.61928,35.83874],[-117.61648,35.83589],[-117.61547,35.83362],[-117.61805,35.83288]]]}},{"type":"Feature","properties":{"c":"zone"},"geometry":{"type":"Polygon","coordinates":[[[-117.36716,35.56539],[-117.36795,35.56448],[-117.37019,35.56577],[-117.36905,35.56708],[-117.36707,35.57103],[-117.36492,35.5724],[-117.36331,35.57059],[-117.36487,35.56968],[-117.36716,35.56539]]]}},{"type":"Feature","properties":{"c":"zone"},"geometry":{"type":"Polygon","coordinates":[[[-118.44999,34.67881],[-118.43541,34.67452],[-118.42404,34.67061],[-118.40741,34.66833],[-118.39858,34.66672],[-118.38997,34.6645],[-118.37793,34.6602],[-118.37593,34.6593],[-118.37593,34.64884],[-118.37738,34.65004],[-118.38688,34.65362],[-118.38806,34.6545],[-118.40931,34.66239],[-118.41206,34.66286],[-118.41908,34.66585],[-118.42955,34.66968],[-118.44714,34.67394],[-118.4605,34.67786],[-118.46534,34.67972],[-118.46811,34.68107],[-118.46976,34.68412],[-118.49522,34.69264],[-118.50093,34.69418],[-118.50093,34.69911],[-118.49392,34.6979],[-118.48853,34.69544],[-118.48094,34.69316],[-118.47637,34.69143],[-118.47123,34.68871],[-118.4652,34.68639],[-118.45932,34.68275],[-118.44999,34.67881]]]}},{"type":"Feature","properties":{"c":"zone"},"geometry":{"type":"Polygon","coordinates":[[[-117.37091,35.56879],[-117.37133,35.56776],[-117.37393,35.56847],[-117.37352,35.5705],[-117.3759,35.57223],[-117.3759,35.58089],[-117.37419,35.58096],[-117.37419,35.58401],[-117.37145,35.58402],[-117.37142,35.58098],[-117.37165,35.57846],[-117.37225,35.57661],[-117.37218,35.57472],[-117.36802,35.57356],[-117.36905,35.57089],[-117.37091,35.56879]]]}},{"type":"Feature","properties":{"c":"zone"},"geometry":{"type":"Polygon","coordinates":[[[-118.12591,34.20217],[-118.12592,34.20817],[-118.12436,34.20765],[-118.12309,34.2049],[-118.12164,34.2033],[-118.11749,34.20307],[-118.11292,34.20108],[-118.11042,34.19911],[-118.10823,34.1962],[-118.10544,34.19455],[-118.10419,34.19443],[-118.10315,34.19378],[-118.1013,34.18885],[-118.09422,34.18599],[-118.09226,34.18441],[-118.08852,34.18445],[-118.09188,34.18745],[-118.09304,34.18887],[-118.09514,34.18924],[-118.0963,34.1902],[-118.09799,34.19024],[-118.09986,34.19129],[-118.10139,34.19334],[-118.09896,34.19484],[-118.09665,34.19361],[-118.09431,34.19338],[-118.09308,34.19216],[-118.09021,34.19048],[-118.08782,34.18773],[-118.08337,34.18727],[-118.0816,34.18664],[-118.07071,34.18656],[-118.06892,34.18549],[-118.06313,34.18697],[-118.05813,34.18538],[-118.05065,34.18195],[-118.04687,34.17834],[-118.04382,34.17703],[-118.03066,34.17795],[-118.02781,34.17665],[-118.02137,34.17938],[-118.01825,34.17941],[-118.01704,34.179],[-118.01512,34.17735],[-118.013,34.17673],[-118.01032,34.17685],[-118.00683,34.17767],[-118.00203,34.1811],[-118.00091,34.18118],[-118.00091,34.17722],[-118.00152,34.17729],[-118.00503,34.17484],[-118.01011,34.17364],[-118.01369,34.17364],[-118.01741,34.1753],[-118.01869,34.17659],[-118.01967,34.17629],[-118.02148,34.17428],[-118.0273,34.16993],[-118.0279,34.16904],[-118.02916,34.16839],[-118.03426,34.16688],[-118.03904,34.1668],[-118.04107,34.16823],[-118.04337,34.16686],[-118.04665,34.16681],[-118.04872,34.16812],[-118.05309,34.1695],[-118.05691,34.17164],[-118.05827,34.17305],[-118.06024,34.17288],[-118.06562,34.17355],[-118.07285,34.17514],[-118.07661,34.17543],[-118.07832,34.17649],[-118.07885,34.17896],[-118.08148,34.18175],[-118.0833,34.1822],[-118.08564,34.1815],[-118.08878,34.17952],[-118.09119,34.17914],[-118.09362,34.18017],[-118.0948,34.18207],[-118.09676,34.18366],[-118.10163,34.18533],[-118.10446,34.18804],[-118.1055,34.19147],[-118.10711,34.19197],[-118.10916,34.19203],[-118.11497,34.19387],[-118.12144,34.19833],[-118.12591,34.20044],[-118.12591,34.20217]]]}},{"type":"Feature","properties":{"c":"zone"},"geometry":{"type":"Polygon","coordinates":[[[-118.42142,34.73144],[-118.41085,34.72519],[-118.40286,34.72328],[-118.39541,34.72241],[-118.39571,34.71967],[-118.4035,34.72059],[-118.40961,34.72183],[-118.43007,34.72717],[-118.4384,34.73146],[-118.44664,34.72848],[-118.45661,34.72739],[-118.45829,34.72736],[-118.46023,34.72778],[-118.46376,34.7293],[-118.46536,34.72959],[-118.47039,34.72977],[-118.47451,34.72931],[-118.47995,34.72813],[-118.49051,34.72334],[-118.49849,34.7206],[-118.50019,34.72038],[-118.50071,34.7231],[-118.49814,34.72351],[-118.49581,34.72436],[-118.4883,34.72731],[-118.48139,34.73061],[-118.47914,34.73124],[-118.47199,34.73242],[-118.46509,34.73233],[-118.46266,34.7319],[-118.4591,34.73037],[-118.45701,34.73012],[-118.4499,34.73162],[-118.4469,34.73285],[-118.44019,34.73641],[-118.43848,34.73688],[-118.43609,34.73691],[-118.43379,34.73652],[-118.42792,34.73352],[-118.42142,34.73144]]]}},{"type":"Feature","properties":{"c":"zone"},"geometry":{"type":"Polygon","coordinates":[[[-117.57242,35.74765],[-117.56761,35.74499],[-117.56848,35.74309],[-117.56805,35.74147],[-117.56739,35.74059],[-117.56464,35.74094],[-117.56191,35.7408],[-117.56197,35.73993],[-117.56137,35.7393],[-117.55841,35.73716],[-117.5596,35.73607],[-117.55391,35.73066],[-117.55027,35.72858],[-117.54784,35.7265],[-117.54644,35.72641],[-117.53425,35.7171],[-117.52954,35.71276],[-117.52894,35.71104],[-117.53159,35.71048],[-117.53203,35.71184],[-117.53615,35.71548],[-117.54531,35.72187],[-117.55208,35.72562],[-117.5538,35.72768],[-117.55666,35.72991],[-117.56056,35.72881],[-117.5602,35.72649],[-117.56285,35.72593],[-117.56486,35.72621],[-117.56551,35.72568],[-117.56551,35.72473],[-117.56631,35.72337],[-117.57041,35.72192],[-117.5692,35.72003],[-117.56492,35.71619],[-117.55912,35.70846],[-117.55512,35.70521],[-117.55324,35.70171],[-117.54939,35.69865],[-117.54703,35.69725],[-117.54495,35.6951],[-117.54074,35.69193],[-117.53606,35.68921],[-117.53293,35.68824],[-117.53234,35.68954],[-117.52881,35.69256],[-117.52095,35.69805],[-117.51974,35.70057],[-117.51725,35.70276],[-117.51532,35.70118],[-117.51739,35.69941],[-117.51858,35.69688],[-117.51953,35.69611],[-117.51696,35.6957],[-117.51772,35.69251],[-117.51565,35.69531],[-117.51366,35.69649],[-117.51124,35.69896],[-117.50808,35.70072],[-117.50324,35.70151],[-117.50197,35.70226],[-117.50091,35.70361],[-117.50091,35.70014],[-117.50241,35.69938],[-117.50725,35.69859],[-117.50958,35.69719],[-117.5118,35.69483],[-117.51352,35.69391],[-117.5151,35.69163],[-117.51862,35.68832],[-117.51804,35.68743],[-117.5182,35.68545],[-117.51756,35.6837],[-117.51811,35.68192],[-117.52171,35.68277],[-117.52112,35.68102],[-117.51315,35.67394],[-117.50958,35.67675],[-117.50891,35.67789],[-117.5089,35.67896],[-117.50824,35.68091],[-117.50741,35.6823],[-117.5032,35.68796],[-117.50091,35.69054],[-117.5009,35.68673],[-117.50184,35.68533],[-117.5009,35.68592],[-117.5009,35.68121],[-117.50488,35.6779],[-117.50666,35.67448],[-117.50883,35.67154],[-117.5092,35.67049],[-117.50375,35.66647],[-117.50254,35.66589],[-117.50297,35.66785],[-117.5009,35.668],[-117.5009,35.66184],[-117.50404,35.66403],[-117.50493,35.6638],[-117.50653,35.66262],[-117.50801,35.66075],[-117.50993,35.66177],[-117.51203,35.66369],[-117.51461,35.66534],[-117.51888,35.65991],[-117.52001,35.6604],[-117.52063,35.65988],[-117.52213,35.65738],[-117.52535,35.65354],[-117.53176,35.64845],[-117.53081,35.64786],[-117.53512,35.64297],[-117.54053,35.63759],[-117.54897,35.63384],[-117.55089,35.63242],[-117.55896,35.62809],[-117.56155,35.62702],[-117.56285,35.62622],[-117.56385,35.62496],[-117.56841,35.62496],[-117.56651,35.62672],[-117.56481,35.6303],[-117.56078,35.63209],[-117.55887,35.63261],[-117.55627,35.6343],[-117.55435,35.63687],[-117.55178,35.63802],[-117.54895,35.63912],[-117.54809,35.63766],[-117.54779,35.63767],[-117.54246,35.63945],[-117.54014,35.64192],[-117.53794,35.64769],[-117.53643,35.64727],[-117.53477,35.64954],[-117.52853,35.65392],[-117.52478,35.65814],[-117.52269,35.66136],[-117.51798,35.66519],[-117.51646,35.66709],[-117.51556,35.669],[-117.5173,35.6697],[-117.51917,35.66937],[-117.51976,35.67154],[-117.52673,35.67188],[-117.52724,35.6717],[-117.52795,35.67061],[-117.53037,35.67165],[-117.52917,35.67339],[-117.5272,35.6742],[-117.52925,35.67702],[-117.52689,35.67815],[-117.52378,35.67387],[-117.52087,35.67372],[-117.52167,35.67575],[-117.52401,35.67737],[-117.52557,35.6793],[-117.52785,35.68083],[-117.52925,35.68243],[-117.53007,35.68077],[-117.53333,35.67819],[-117.54109,35.67336],[-117.5436,35.67577],[-117.54429,35.67566],[-117.54571,35.67517],[-117.54723,35.67413],[-117.55014,35.67123],[-117.5544,35.66945],[-117.55694,35.66892],[-117.56128,35.66666],[-117.56646,35.66553],[-117.56909,35.66541],[-117.57347,35.66438],[-117.57416,35.66654],[-117.5698,35.66755],[-117.56695,35.66773],[-117.56242,35.6687],[-117.55812,35.67093],[-117.55542,35.67152],[-117.55193,35.67294],[-117.5493,35.67559],[-117.54725,35.67701],[-117.54236,35.67859],[-117.54009,35.68019],[-117.53833,35.681],[-117.53872,35.68162],[-117.53303,35.68411],[-117.53673,35.68684],[-117.5436,35.69098],[-117.5475,35.69406],[-117.54885,35.69557],[-117.55203,35.69759],[-117.55669,35.70175],[-117.55843,35.70283],[-117.55973,35.7055],[-117.56201,35.70796],[-117.56541,35.71255],[-117.56596,35.71301],[-117.56984,35.71423],[-117.56862,35.71615],[-117.56931,35.71673],[-117.57239,35.7164],[-117.5742,35.71693],[-117.57659,35.71822],[-117.581,35.71961],[-117.58282,35.71924],[-117.58368,35.71838],[-117.58581,35.71977],[-117.58495,35.72063],[-117.58447,35.72167],[-117.58378,35.72213],[-117.58027,35.72215],[-117.57825,35.72174],[-117.57895,35.72428],[-117.57558,35.72501],[-117.57867,35.72903],[-117.57926,35.73024],[-117.58068,35.72932],[-117.58428,35.72831],[-117.58512,35.73043],[-117.58393,35.73073],[-117.58237,35.73322],[-117.58363,35.73627],[-117.58682,35.73586],[-117.58825,35.73525],[-117.59098,35.73535],[-117.59053,35.74153],[-117.59488,35.74247],[-117.59416,35.7447],[-117.59431,35.74596],[-117.59138,35.74587],[-117.59091,35.74663],[-117.59217,35.74812],[-117.59436,35.74996],[-117.59004,35.74996],[-117.58963,35.7491],[-117.58869,35.74831],[-117.58948,35.74996],[-117.58605,35.74996],[-117.58522,35.74794],[-117.58403,35.74818],[-117.58371,35.7471],[-117.5814,35.74503],[-117.57596,35.74653],[-117.57918,35.74996],[-117.57328,35.74996],[-117.57143,35.74847],[-117.57242,35.74765]],[[-117.57257,35.73682],[-117.56939,35.73471],[-117.56806,35.73306],[-117.57172,35.73141],[-117.5736,35.73417],[-117.57818,35.73771],[-117.57693,35.73553],[-117.57342,35.73121],[-117.57281,35.7284],[-117.57385,35.7272],[-117.57285,35.7256],[-117.57241,35.72414],[-117.56861,35.72507],[-117.56879,35.72664],[-117.56811,35.72847],[-117.5673,35.72912],[-117.56596,35.7289],[-117.56553,35.72927],[-117.56518,35.72915],[-117.56435,35.73157],[-117.56485,35.73309],[-117.56421,35.73482],[-117.56474,35.73581],[-117.56571,35.73644],[-117.56572,35.73484],[-117.56503,35.73388],[-117.56741,35.73277],[-117.56861,35.73443],[-117.56865,35.73615],[-117.56924,35.73703],[-117.57389,35.73887],[-117.57609,35.74106],[-117.57747,35.74056],[-117.57257,35.73682]],[[-117.52549,35.68403],[-117.525,35.68561],[-117.52169,35.68915],[-117.5206,35.69205],[-117.51967,35.69601],[-117.52514,35.69232],[-117.53007,35.68819],[-117.53078,35.68554],[-117.52953,35.68497],[-117.52549,35.68403]]]}},{"type":"Feature","properties":{"c":"zone"},"geometry":{"type":"Polygon","coordinates":[[[-117.52355,35.71485],[-117.52478,35.71287],[-117.52838,35.71403],[-117.53188,35.71576],[-117.53043,35.71765],[-117.52716,35.71603],[-117.52355,35.71485]]]}},{"type":"Feature","properties":{"c":"zone"},"geometry":{"type":"Polygon","coordinates":[[[-122.32891,37.12496],[-122.3382,37.12496],[-122.33724,37.13201],[-122.32891,37.12496]]]}},{"type":"Feature","properties":{"c":"zone"},"geometry":{"type":"Polygon","coordinates":[[[-118.31501,34.62519],[-118.33392,34.63187],[-118.34987,34.63634],[-118.35868,34.63931],[-118.36299,34.64083],[-118.36694,34.64268],[-118.37252,34.64612],[-118.37593,34.64884],[-118.37593,34.6593],[-118.36038,34.65223],[-118.35083,34.64881],[-118.34496,34.6463],[-118.33656,34.64353],[-118.32657,34.63809],[-118.31969,34.63588],[-118.31158,34.63393],[-118.30621,34.63209],[-118.30371,34.63091],[-118.29941,34.62769],[-118.29209,34.62499],[-118.31501,34.62519]]]}},{"type":"Feature","properties":{"c":"zone"},"geometry":{"type":"Polygon","coordinates":[[[-122.35505,37.22601],[-122.35338,37.22315],[-122.35074,37.22322],[-122.35153,37.22882],[-122.35262,37.2332],[-122.34928,37.23354],[-122.34814,37.22927],[-122.34756,37.22458],[-122.34593,37.22205],[-122.3441,37.21694],[-122.34431,37.2119],[-122.34363,37.20993],[-122.34026,37.20497],[-122.33894,37.20213],[-122.33754,37.20054],[-122.33658,37.19735],[-122.33527,37.1951],[-122.33392,37.19174],[-122.33382,37.19025],[-122.33459,37.18593],[-122.33403,37.18382],[-122.33392,37.18183],[-122.33197,37.17843],[-122.32756,37.17357],[-122.32621,37.17186],[-122.32563,37.17053],[-122.32517,37.16233],[-122.32445,37.15917],[-122.32302,37.15718],[-122.31982,37.15378],[-122.31895,37.1524],[-122.31683,37.1481],[-122.31528,37.14371],[-122.31438,37.14222],[-122.31334,37.13859],[-122.31159,37.13546],[-122.30666,37.13037],[-122.30286,37.12496],[-122.32227,37.12496],[-122.3241,37.12753],[-122.32828,37.13225],[-122.33013,37.13494],[-122.3329,37.13955],[-122.33559,37.14517],[-122.33952,37.14489],[-122.34047,37.15438],[-122.34029,37.1569],[-122.34129,37.16282],[-122.34575,37.16819],[-122.34745,37.17253],[-122.34911,37.1753],[-122.34975,37.17852],[-122.35033,37.17949],[-122.3521,37.18116],[-122.35332,37.18316],[-122.35751,37.19255],[-122.36082,37.19768],[-122.36486,37.20208],[-122.36637,37.20446],[-122.36792,37.2094],[-122.3683,37.21291],[-122.37037,37.21509],[-122.37118,37.2171],[-122.37227,37.21818],[-122.37298,37.22025],[-122.37482,37.22271],[-122.3761,37.22535],[-122.3761,37.23555],[-122.37519,37.23158],[-122.37511,37.22877],[-122.3729,37.22657],[-122.37173,37.22392],[-122.36975,37.22123],[-122.36896,37.2192],[-122.3692,37.22227],[-122.36842,37.2252],[-122.36689,37.22782],[-122.36394,37.23092],[-122.36429,37.2326],[-122.36526,37.23466],[-122.36631,37.23616],[-122.36871,37.23826],[-122.37016,37.24144],[-122.37063,37.24355],[-122.36988,37.24802],[-122.36998,37.24866],[-122.37092,37.24995],[-122.36409,37.24995],[-122.3594,37.24102],[-122.35816,37.23205],[-122.35505,37.22601]],[[-122.36546,37.21838],[-122.36544,37.21726],[-122.36459,37.21504],[-122.36485,37.21165],[-122.36423,37.20893],[-122.36308,37.20728],[-122.35882,37.20577],[-122.35524,37.19614],[-122.3548,37.19424],[-122.35018,37.18427],[-122.34914,37.18258],[-122.34748,37.18105],[-122.34661,37.17966],[-122.34594,37.17784],[-122.34577,37.17609],[-122.34436,37.17383],[-122.34358,37.1732],[-122.34124,37.17221],[-122.33721,37.17192],[-122.33754,37.17597],[-122.34182,37.18881],[-122.34265,37.19024],[-122.34708,37.19542],[-122.35182,37.20012],[-122.36022,37.21214],[-122.36276,37.2179],[-122.36282,37.22202],[-122.3633,37.2245],[-122.36338,37.22699],[-122.36512,37.22438],[-122.36575,37.22209],[-122.36546,37.21838]]]}},{"type":"Feature","properties":{"c":"zone"},"geometry":{"type":"Polygon","coordinates":[[[-122.32668,37.11405],[-122.32784,37.11538],[-122.3383,37.12422],[-122.3382,37.12495],[-122.3289,37.12495],[-122.31945,37.11748],[-122.31772,37.11558],[-122.32573,37.11268],[-122.32668,37.11405]]]}},{"type":"Feature","properties":{"c":"zone"},"geometry":{"type":"Polygon","coordinates":[[[-122.26299,37.07661],[-122.26708,37.07824],[-122.2685,37.08218],[-122.27023,37.0854],[-122.27338,37.08938],[-122.27492,37.09224],[-122.277,37.09436],[-122.27873,37.09734],[-122.27619,37.09849],[-122.27197,37.09364],[-122.27033,37.09064],[-122.26717,37.08665],[-122.26532,37.08321],[-122.26299,37.07661]]]}},{"type":"Feature","properties":{"c":"zone"},"geometry":{"type":"Polygon","coordinates":[[[-118.49652,34.68704],[-118.49552,34.68616],[-118.49018,34.68336],[-118.48278,34.67995],[-118.48174,34.6791],[-118.48098,34.67761],[-118.4795,34.67605],[-118.47461,34.67468],[-118.47237,34.67386],[-118.47132,34.67311],[-118.4686,34.67224],[-118.46517,34.66838],[-118.45966,34.66313],[-118.46212,34.66128],[-118.46781,34.6667],[-118.47063,34.66998],[-118.47844,34.67287],[-118.48551,34.67432],[-118.48837,34.67553],[-118.49118,34.67724],[-118.49691,34.68135],[-118.50093,34.68365],[-118.50093,34.68852],[-118.49874,34.68912],[-118.49652,34.68704]]]}},{"type":"Feature","properties":{"c":"zone"},"geometry":{"type":"Polygon","coordinates":[[[-117.50337,35.6721],[-117.50538,35.6736],[-117.5009,35.67781],[-117.5009,35.67421],[-117.50337,35.6721]]]}},{"type":"Feature","properties":{"c":"zone"},"geometry":{"type":"Polygon","coordinates":[[[-117.50337,35.6721],[-117.50538,35.6736],[-117.5009,35.67781],[-117.5009,35.67421],[-117.50337,35.6721]]]}},{"type":"Feature","properties":{"c":"zone"},"geometry":{"type":"Polygon","coordinates":[[[-117.69451,35.73419],[-117.69973,35.72574],[-117.70187,35.72663],[-117.69889,35.73172],[-117.6997,35.74996],[-117.69739,35.74996],[-117.69403,35.74212],[-117.69451,35.73419]]]}},{"type":"Feature","properties":{"c":"zone"},"geometry":{"type":"Polygon","coordinates":[[[-117.69119,35.65606],[-117.6939,35.65576],[-117.69423,35.65805],[-117.69413,35.65991],[-117.69139,35.65981],[-117.69119,35.65606]]]}},{"type":"Feature","properties":{"c":"zone"},"geometry":{"type":"Polygon","coordinates":[[[-122.33949,37.49994],[-122.34366,37.49994],[-122.35229,37.51005],[-122.35702,37.51366],[-122.35922,37.5161],[-122.3714,37.53284],[-122.37397,37.53501],[-122.3761,37.53747],[-122.3761,37.54212],[-122.37398,37.53983],[-122.36678,37.53383],[-122.36513,37.5297],[-122.35663,37.51802],[-122.35433,37.5154],[-122.34828,37.51079],[-122.34607,37.50766],[-122.33949,37.49994]]]}},{"type":"Feature","properties":{"c":"zone"},"geometry":{"type":"Polygon","coordinates":[[[-122.21537,37.36966],[-122.2109,37.36666],[-122.20774,37.36543],[-122.2025,37.36248],[-122.20051,37.36045],[-122.20279,37.35885],[-122.20328,37.3593],[-122.20876,37.36103],[-122.20789,37.35919],[-122.20556,37.35781],[-122.20049,37.35328],[-122.19595,37.35023],[-122.1928,37.3466],[-122.19042,37.34467],[-122.18826,37.34233],[-122.18352,37.33935],[-122.18124,37.33323],[-122.17856,37.33117],[-122.17633,37.32891],[-122.17151,37.32331],[-122.16609,37.31893],[-122.16513,37.31836],[-122.16271,37.31783],[-122.16183,37.31567],[-122.15959,37.3137],[-122.15683,37.31197],[-122.15225,37.30748],[-122.14584,37.30329],[-122.14399,37.30106],[-122.14039,37.29849],[-122.13823,37.29774],[-122.13146,37.29285],[-122.12703,37.28906],[-122.12609,37.28817],[-122.12609,37.28383],[-122.12929,37.28676],[-122.13371,37.28992],[-122.1354,37.29181],[-122.13987,37.29522],[-122.14247,37.29629],[-122.15527,37.30612],[-122.15819,37.30744],[-122.16325,37.31283],[-122.16504,37.31331],[-122.16647,37.31416],[-122.16699,37.31484],[-122.16714,37.31611],[-122.17298,37.32006],[-122.17656,37.32418],[-122.17991,37.32289],[-122.18343,37.32982],[-122.18586,37.33129],[-122.18784,37.33424],[-122.19387,37.34028],[-122.19468,37.34191],[-122.19776,37.34476],[-122.20096,37.34662],[-122.20284,37.34969],[-122.20987,37.35642],[-122.21524,37.3627],[-122.21932,37.36386],[-122.22237,37.36632],[-122.22336,37.36748],[-122.22519,37.37254],[-122.22673,37.37495],[-122.22019,37.37495],[-122.21537,37.36966]]]}},{"type":"Feature","properties":{"c":"zone"},"geometry":{"type":"Polygon","coordinates":[[[-117.603,35.60916],[-117.60353,35.60814],[-117.60605,35.609],[-117.60662,35.61018],[-117.60536,35.6112],[-117.60526,35.61377],[-117.60246,35.61433],[-117.60021,35.61306],[-117.60218,35.61075],[-117.603,35.60916]]]}},{"type":"Feature","properties":{"c":"zone"},"geometry":{"type":"Polygon","coordinates":[[[-117.57505,35.60057],[-117.57624,35.60001],[-117.57761,35.60194],[-117.57251,35.60454],[-117.56304,35.61249],[-117.56037,35.61396],[-117.55884,35.61211],[-117.56289,35.60959],[-117.57065,35.6029],[-117.57505,35.60057]]]}},{"type":"Feature","properties":{"c":"zone"},"geometry":{"type":"Polygon","coordinates":[[[-122.30141,37.12193],[-122.29921,37.11664],[-122.29524,37.10878],[-122.29829,37.10998],[-122.3092,37.1161],[-122.31344,37.11678],[-122.31614,37.12201],[-122.31746,37.12265],[-122.32048,37.12229],[-122.32227,37.12495],[-122.30285,37.12495],[-122.30141,37.12193]]]}},{"type":"Feature","properties":{"c":"zone"},"geometry":{"type":"Polygon","coordinates":[[[-122.22019,37.37495],[-122.22673,37.37495],[-122.2289,37.3788],[-122.23126,37.38179],[-122.23792,37.38898],[-122.24924,37.40223],[-122.25109,37.40384],[-122.25109,37.40864],[-122.24774,37.40492],[-122.24146,37.40028],[-122.23959,37.3967],[-122.23666,37.39307],[-122.23369,37.3914],[-122.23247,37.38938],[-122.22019,37.37495]]]}},{"type":"Feature","properties":{"c":"zone"},"geometry":{"type":"Polygon","coordinates":[[[-122.25991,37.41837],[-122.25109,37.40864],[-122.25109,37.40384],[-122.26607,37.4204],[-122.27175,37.42714],[-122.27735,37.43145],[-122.2787,37.43306],[-122.28361,37.43588],[-122.29122,37.44332],[-122.29535,37.4479],[-122.29958,37.45153],[-122.30293,37.45386],[-122.30656,37.45792],[-122.30794,37.46014],[-122.31453,37.46551],[-122.32308,37.47486],[-122.32407,37.47664],[-122.32493,37.47748],[-122.32633,37.47808],[-122.328,37.4796],[-122.33357,37.48811],[-122.34366,37.49994],[-122.33949,37.49994],[-122.32679,37.48518],[-122.32186,37.48345],[-122.31852,37.48081],[-122.31685,37.48056],[-122.31537,37.47984],[-122.31208,37.47545],[-122.30886,37.47386],[-122.3015,37.46727],[-122.30079,37.46632],[-122.3006,37.46508],[-122.29989,37.46437],[-122.29852,37.46332],[-122.29514,37.46166],[-122.29291,37.45919],[-122.29074,37.45902],[-122.28799,37.45722],[-122.28647,37.45601],[-122.28498,37.45396],[-122.28166,37.45236],[-122.28047,37.4515],[-122.27955,37.45032],[-122.27209,37.44508],[-122.26825,37.44019],[-122.26587,37.43917],[-122.26479,37.43785],[-122.26186,37.43557],[-122.25917,37.43442],[-122.255,37.43155],[-122.25275,37.42842],[-122.2557,37.42695],[-122.25835,37.4304],[-122.26111,37.43214],[-122.26412,37.43344],[-122.26742,37.43604],[-122.26825,37.43716],[-122.27056,37.43806],[-122.27463,37.44318],[-122.28217,37.44847],[-122.28378,37.45018],[-122.28734,37.45191],[-122.28921,37.45433],[-122.29028,37.45516],[-122.29217,37.45643],[-122.29425,37.45662],[-122.29553,37.45722],[-122.29742,37.45958],[-122.30071,37.46119],[-122.30214,37.46228],[-122.30341,37.46151],[-122.2977,37.45579],[-122.29382,37.45253],[-122.29127,37.44947],[-122.28907,37.44837],[-122.28672,37.44644],[-122.28296,37.44164],[-122.2812,37.44037],[-122.27866,37.43752],[-122.27404,37.43429],[-122.26845,37.42817],[-122.26485,37.42544],[-122.25991,37.41837]]]}},{"type":"Feature","properties":{"c":"zone"},"geometry":{"type":"Polygon","coordinates":[[[-117.5009,35.61704],[-117.5009,35.61976],[-117.49326,35.62496],[-117.48948,35.62496],[-117.49742,35.61903],[-117.5009,35.61704]]]}},{"type":"Feature","properties":{"c":"zone"},"geometry":{"type":"Polygon","coordinates":[[[-117.40582,35.60314],[-117.39808,35.5934],[-117.3897,35.58782],[-117.38401,35.58355],[-117.38179,35.58224],[-117.38079,35.582],[-117.3804,35.58347],[-117.37923,35.58488],[-117.37696,35.58364],[-117.37794,35.58212],[-117.37705,35.58084],[-117.3759,35.58089],[-117.3759,35.57223],[-117.37675,35.57291],[-117.37615,35.57452],[-117.37646,35.57481],[-117.37695,35.57518],[-117.38065,35.57574],[-117.38188,35.57686],[-117.38247,35.57801],[-117.38628,35.58161],[-117.38656,35.5824],[-117.39147,35.58611],[-117.39924,35.59124],[-117.401,35.59208],[-117.40306,35.59541],[-117.40872,35.60204],[-117.4111,35.60182],[-117.41223,35.6046],[-117.41344,35.60661],[-117.4156,35.6089],[-117.41971,35.612],[-117.42183,35.6145],[-117.42612,35.61766],[-117.43303,35.62422],[-117.43369,35.62496],[-117.42891,35.62496],[-117.42776,35.62437],[-117.42666,35.62342],[-117.42757,35.62273],[-117.42408,35.61915],[-117.41524,35.61317],[-117.40582,35.60314]]]}},{"type":"Feature","properties":{"c":"zone"},"geometry":{"type":"Polygon","coordinates":[[[-117.61518,35.60293],[-117.61426,35.60116],[-117.60991,35.59528],[-117.60882,35.59025],[-117.60712,35.58499],[-117.60977,35.58443],[-117.6115,35.58978],[-117.61249,35.59447],[-117.61666,35.60009],[-117.61744,35.60156],[-117.62355,35.59796],[-117.62513,35.59978],[-117.61859,35.60365],[-117.61582,35.60804],[-117.61339,35.60702],[-117.61495,35.60455],[-117.61518,35.60293]]]}},{"type":"Feature","properties":{"c":"zone"},"geometry":{"type":"Polygon","coordinates":[[[-117.40091,35.60735],[-117.40172,35.60825],[-117.40534,35.60986],[-117.40605,35.61052],[-117.40708,35.61474],[-117.40879,35.61778],[-117.40949,35.61996],[-117.41288,35.62496],[-117.4098,35.62496],[-117.40654,35.62063],[-117.40634,35.61883],[-117.40466,35.61586],[-117.40394,35.61386],[-117.40191,35.61115],[-117.39987,35.60997],[-117.3987,35.60867],[-117.40091,35.60735]]]}},{"type":"Feature","properties":{"c":"zone"},"geometry":{"type":"Polygon","coordinates":[[[-117.45167,35.62402],[-117.45053,35.62341],[-117.44915,35.62173],[-117.44482,35.61846],[-117.44189,35.617],[-117.44349,35.61519],[-117.44666,35.6168],[-117.45202,35.62073],[-117.45334,35.62225],[-117.45633,35.6237],[-117.45707,35.62305],[-117.45966,35.62496],[-117.45346,35.62496],[-117.45167,35.62402]]]}},{"type":"Feature","properties":{"c":"zone"},"geometry":{"type":"Polygon","coordinates":[[[-117.47085,35.61441],[-117.46404,35.60652],[-117.45744,35.60049],[-117.45481,35.59613],[-117.45386,35.59371],[-117.4494,35.59164],[-117.44878,35.59102],[-117.4462,35.58611],[-117.44437,35.58127],[-117.44126,35.57753],[-117.43898,35.57376],[-117.43687,35.5714],[-117.43333,35.5684],[-117.43531,35.56686],[-117.43899,35.56997],[-117.44127,35.57254],[-117.4436,35.57636],[-117.44677,35.5802],[-117.44877,35.58535],[-117.45121,35.58991],[-117.45613,35.59232],[-117.45736,35.59531],[-117.45977,35.59928],[-117.46622,35.60518],[-117.47189,35.61154],[-117.47607,35.61694],[-117.48649,35.60955],[-117.49393,35.60283],[-117.49587,35.60441],[-117.48842,35.61113],[-117.4825,35.6151],[-117.47732,35.61905],[-117.47875,35.62125],[-117.4823,35.62496],[-117.47868,35.62496],[-117.47642,35.62242],[-117.47369,35.61804],[-117.47085,35.61441]]]}},{"type":"Feature","properties":{"c":"zone"},"geometry":{"type":"Polygon","coordinates":[[[-117.39963,35.57],[-117.39754,35.56733],[-117.39498,35.56325],[-117.38932,35.55675],[-117.39144,35.55535],[-117.39351,35.55743],[-117.39658,35.5613],[-117.39941,35.56411],[-117.40007,35.5653],[-117.40165,35.56619],[-117.40445,35.56652],[-117.40964,35.57018],[-117.41155,35.56818],[-117.41371,35.56955],[-117.41104,35.57234],[-117.41075,35.57327],[-117.41281,35.57359],[-117.41332,35.5768],[-117.41436,35.57938],[-117.41412,35.58112],[-117.4152,35.58642],[-117.4217,35.59428],[-117.42649,35.59916],[-117.42844,35.602],[-117.42605,35.60309],[-117.42416,35.60034],[-117.4195,35.59561],[-117.41185,35.5867],[-117.40806,35.58297],[-117.40698,35.58122],[-117.4064,35.57795],[-117.40662,35.57616],[-117.40515,35.57521],[-117.40265,35.5743],[-117.40338,35.57297],[-117.39963,35.57]]]}},{"type":"Feature","properties":{"c":"zone"},"geometry":{"type":"Polygon","coordinates":[[[-117.41854,35.55332],[-117.42128,35.55326],[-117.42134,35.55498],[-117.42203,35.55689],[-117.42349,35.55736],[-117.4234,35.55965],[-117.42136,35.5629],[-117.4238,35.56988],[-117.42381,35.57153],[-117.4253,35.57672],[-117.42571,35.58211],[-117.42793,35.58602],[-117.43101,35.58915],[-117.43257,35.59125],[-117.44024,35.59769],[-117.44757,35.60508],[-117.4508,35.60873],[-117.45312,35.61297],[-117.46064,35.61929],[-117.46595,35.62496],[-117.46243,35.62496],[-117.45861,35.62079],[-117.4432,35.60795],[-117.44535,35.60639],[-117.43819,35.59916],[-117.4305,35.59271],[-117.42878,35.59045],[-117.42551,35.58708],[-117.42251,35.5819],[-117.42278,35.57933],[-117.42259,35.57704],[-117.42104,35.57233],[-117.42108,35.57024],[-117.41841,35.56288],[-117.42003,35.55897],[-117.41866,35.55545],[-117.41854,35.55332]]]}},{"type":"Feature","properties":{"c":"zone"},"geometry":{"type":"Polygon","coordinates":[[[-117.52254,35.59834],[-117.52257,35.598],[-117.51515,35.60124],[-117.51389,35.59926],[-117.52348,35.59512],[-117.52567,35.59144],[-117.5396,35.58185],[-117.54567,35.57957],[-117.55372,35.57734],[-117.55666,35.57679],[-117.56534,35.57643],[-117.57705,35.57871],[-117.58253,35.5793],[-117.59235,35.58172],[-117.59158,35.58386],[-117.58187,35.58147],[-117.57662,35.58091],[-117.56498,35.57865],[-117.56221,35.57863],[-117.55446,35.57948],[-117.54668,35.58164],[-117.54121,35.58366],[-117.52771,35.59295],[-117.52559,35.59699],[-117.52487,35.60021],[-117.52081,35.60228],[-117.51523,35.60606],[-117.50721,35.61363],[-117.50625,35.61599],[-117.50561,35.61667],[-117.50412,35.61793],[-117.5009,35.61976],[-117.5009,35.61704],[-117.50307,35.61557],[-117.50407,35.61434],[-117.50495,35.61235],[-117.51338,35.60442],[-117.51915,35.6005],[-117.5225,35.59892],[-117.52254,35.59834]]]}},{"type":"Feature","properties":{"c":"zone"},"geometry":{"type":"Polygon","coordinates":[[[-117.4098,35.62496],[-117.41288,35.62496],[-117.4152,35.62888],[-117.41267,35.62973],[-117.4098,35.62496]]]}},{"type":"Feature","properties":{"c":"zone"},"geometry":{"type":"Polygon","coordinates":[[[-117.45346,35.62496],[-117.45541,35.62496],[-117.45497,35.62563],[-117.45346,35.62496]]]}},{"type":"Feature","properties":{"c":"zone"},"geometry":{"type":"Polygon","coordinates":[[[-117.49783,35.66258],[-117.49478,35.66333],[-117.49422,35.66184],[-117.49147,35.65869],[-117.48601,35.65406],[-117.47994,35.65012],[-117.47732,35.64973],[-117.47765,35.64824],[-117.47836,35.64698],[-117.47535,35.64503],[-117.47107,35.64397],[-117.47017,35.64609],[-117.46653,35.64992],[-117.4643,35.65158],[-117.46241,35.64997],[-117.46459,35.64833],[-117.46766,35.64503],[-117.45829,35.64065],[-117.45524,35.64142],[-117.45471,35.63949],[-117.45361,35.63873],[-117.45023,35.63746],[-117.4435,35.6356],[-117.4425,35.63501],[-117.44182,35.63376],[-117.43775,35.6316],[-117.43631,35.62994],[-117.43207,35.62756],[-117.42891,35.62496],[-117.43369,35.62496],[-117.43778,35.628],[-117.44015,35.62891],[-117.4478,35.63414],[-117.45532,35.63671],[-117.46329,35.63995],[-117.46526,35.63762],[-117.46585,35.63514],[-117.46475,35.63409],[-117.46309,35.63084],[-117.46204,35.62973],[-117.45558,35.62496],[-117.45966,35.62496],[-117.46399,35.62815],[-117.46553,35.62983],[-117.46701,35.63282],[-117.47074,35.63572],[-117.47341,35.63953],[-117.47713,35.63677],[-117.47928,35.63325],[-117.48026,35.63228],[-117.48314,35.63038],[-117.48948,35.62496],[-117.49326,35.62496],[-117.48511,35.63193],[-117.48226,35.6338],[-117.47914,35.63833],[-117.47714,35.63973],[-117.47637,35.64071],[-117.48008,35.64318],[-117.481,35.64348],[-117.48337,35.6469],[-117.48776,35.6508],[-117.49121,35.65513],[-117.49283,35.65666],[-117.49533,35.6558],[-117.49695,35.65844],[-117.5009,35.66184],[-117.5009,35.668],[-117.50025,35.66804],[-117.49783,35.66258]]]}},{"type":"Feature","properties":{"c":"zone"},"geometry":{"type":"Polygon","coordinates":[[[-117.5009,35.68121],[-117.5009,35.68592],[-117.49723,35.68865],[-117.49601,35.6899],[-117.49482,35.69192],[-117.49248,35.69357],[-117.4907,35.69188],[-117.49267,35.69051],[-117.49369,35.68871],[-117.49679,35.68585],[-117.49776,35.68367],[-117.5009,35.68121]]]}},{"type":"Feature","properties":{"c":"zone"},"geometry":{"type":"Polygon","coordinates":[[[-117.56922,35.61942],[-117.57413,35.61559],[-117.5778,35.61135],[-117.57823,35.61039],[-117.5824,35.60578],[-117.58926,35.6005],[-117.58876,35.59828],[-117.59146,35.59789],[-117.59253,35.59634],[-117.59493,35.59741],[-117.59336,35.59951],[-117.59273,35.60092],[-117.59338,35.6029],[-117.59445,35.60372],[-117.59521,35.60288],[-117.59639,35.60232],[-117.59676,35.60184],[-117.59697,35.59997],[-117.59668,35.59895],[-117.59373,35.5959],[-117.59077,35.59354],[-117.59281,35.59205],[-117.59577,35.59441],[-117.59902,35.59777],[-117.59972,35.59975],[-117.59958,35.60107],[-117.60147,35.59933],[-117.60243,35.59798],[-117.60366,35.59706],[-117.60669,35.59297],[-117.60904,35.5941],[-117.6058,35.59847],[-117.60459,35.59935],[-117.59885,35.60592],[-117.59502,35.60876],[-117.5933,35.61053],[-117.59093,35.61178],[-117.5884,35.61415],[-117.58193,35.61752],[-117.57961,35.61822],[-117.57906,35.61875],[-117.5789,35.61974],[-117.58037,35.61955],[-117.58841,35.61693],[-117.5928,35.61418],[-117.59487,35.61235],[-117.59601,35.61058],[-117.59843,35.61161],[-117.59713,35.61365],[-117.59475,35.61575],[-117.59095,35.61828],[-117.58796,35.61967],[-117.58123,35.62167],[-117.57309,35.62321],[-117.56841,35.62496],[-117.56385,35.62496],[-117.56551,35.6239],[-117.56724,35.62053],[-117.56922,35.61942]],[[-117.59364,35.60551],[-117.58979,35.608],[-117.5859,35.60938],[-117.58441,35.61095],[-117.58079,35.61379],[-117.57971,35.61595],[-117.58475,35.61343],[-117.58716,35.61185],[-117.58912,35.61009],[-117.5918,35.60859],[-117.59458,35.60608],[-117.59364,35.60551]]]}},{"type":"Feature","properties":{"c":"zone"},"geometry":{"type":"Polygon","coordinates":[[[-117.5009,35.68673],[-117.50091,35.69055],[-117.49867,35.69247],[-117.49747,35.69469],[-117.49497,35.6938],[-117.49633,35.69131],[-117.49924,35.68877],[-117.49964,35.68783],[-117.5009,35.68673]]]}},{"type":"Feature","properties":{"c":"zone"},"geometry":{"type":"Polygon","coordinates":[[[-117.50091,35.70014],[-117.50091,35.70361],[-117.50051,35.70426],[-117.49743,35.70811],[-117.49592,35.70904],[-117.49493,35.71054],[-117.4918,35.71309],[-117.49088,35.71612],[-117.48719,35.71952],[-117.48626,35.72203],[-117.48367,35.7213],[-117.48485,35.71836],[-117.48845,35.71509],[-117.48928,35.7121],[-117.49177,35.70838],[-117.49535,35.70664],[-117.49909,35.70157],[-117.50091,35.70014]]]}},{"type":"Feature","properties":{"c":"zone"},"geometry":{"type":"Polygon","coordinates":[[[-117.5009,35.67421],[-117.5009,35.67781],[-117.49912,35.67906],[-117.49564,35.68617],[-117.49311,35.68533],[-117.49666,35.67807],[-117.49934,35.67596],[-117.5009,35.67421]]]}},{"type":"Feature","properties":{"c":"zone"},"geometry":{"type":"Polygon","coordinates":[[[-117.47943,35.62496],[-117.4823,35.62496],[-117.48391,35.62648],[-117.48184,35.62794],[-117.47868,35.62496],[-117.47943,35.62496]]]}},{"type":"Feature","properties":{"c":"zone"},"geometry":{"type":"Polygon","coordinates":[[[-117.46654,35.62579],[-117.46842,35.62777],[-117.46625,35.62913],[-117.46243,35.62496],[-117.46595,35.62496],[-117.46654,35.62579]]]}},{"type":"Feature","properties":{"c":"zone"},"geometry":{"type":"Polygon","coordinates":[[[-117.41919,35.64102],[-117.42023,35.63896],[-117.42446,35.64038],[-117.43107,35.6439],[-117.44138,35.65048],[-117.44353,35.65148],[-117.44744,35.65397],[-117.45252,35.65626],[-117.46746,35.66131],[-117.46642,35.66337],[-117.45128,35.65825],[-117.44583,35.65578],[-117.4253,35.64338],[-117.41919,35.64102]]]}},{"type":"Feature","properties":{"c":"zone"},"geometry":{"type":"Polygon","coordinates":[[[-117.6974,35.74997],[-117.6997,35.74996],[-117.69982,35.7534],[-117.70237,35.75343],[-117.70102,35.75909],[-117.7015,35.76302],[-117.7011,35.76885],[-117.69859,35.76884],[-117.69863,35.76202],[-117.69834,35.75959],[-117.6979,35.7587],[-117.6974,35.74997]]]}},{"type":"Feature","properties":{"c":"zone"},"geometry":{"type":"Polygon","coordinates":[[[-117.66311,35.87363],[-117.66059,35.87291],[-117.66397,35.86506],[-117.66656,35.86577],[-117.66322,35.87353],[-117.66621,35.87187],[-117.66723,35.86911],[-117.66989,35.86966],[-117.66887,35.87256],[-117.66799,35.87358],[-117.66537,35.87495],[-117.6624,35.87495],[-117.66311,35.87363]]]}},{"type":"Feature","properties":{"c":"zone"},"geometry":{"type":"Polygon","coordinates":[[[-122.49717,37.49744],[-122.49858,37.49995],[-122.49176,37.49995],[-122.49118,37.49628],[-122.49561,37.49473],[-122.49717,37.49744]]]}},{"type":"Feature","properties":{"c":"zone"},"geometry":{"type":"Polygon","coordinates":[[[-122.3762,37.26112],[-122.37678,37.2674],[-122.37771,37.27031],[-122.38095,37.27412],[-122.38199,37.27662],[-122.38533,37.28261],[-122.38569,37.28482],[-122.38539,37.28857],[-122.38734,37.2965],[-122.38724,37.29805],[-122.38685,37.29872],[-122.38692,37.30017],[-122.38786,37.30522],[-122.39017,37.30943],[-122.3911,37.31355],[-122.39309,37.31593],[-122.39401,37.31776],[-122.40089,37.32168],[-122.39863,37.3238],[-122.39809,37.32473],[-122.39821,37.32536],[-122.40453,37.3318],[-122.40248,37.33557],[-122.39113,37.32746],[-122.38805,37.32371],[-122.38439,37.32071],[-122.38218,37.31821],[-122.38129,37.3166],[-122.37875,37.31489],[-122.37777,37.31046],[-122.3761,37.30819],[-122.3761,37.30408],[-122.3765,37.3008],[-122.3761,37.29842],[-122.3762,37.26112]]]}},{"type":"Feature","properties":{"c":"zone"},"geometry":{"type":"Polygon","coordinates":[[[-117.65187,35.76303],[-117.65444,35.76225],[-117.65503,35.76356],[-117.65532,35.76451],[-117.65523,35.76666],[-117.65668,35.77143],[-117.65737,35.77254],[-117.65754,35.77459],[-117.65923,35.78139],[-117.66054,35.78305],[-117.66176,35.78562],[-117.66332,35.79413],[-117.66672,35.79828],[-117.66695,35.80098],[-117.66785,35.80269],[-117.66623,35.80362],[-117.66405,35.80041],[-117.66365,35.79783],[-117.66106,35.79461],[-117.65938,35.78672],[-117.65785,35.78488],[-117.65663,35.78275],[-117.65548,35.77693],[-117.6548,35.77506],[-117.65471,35.77306],[-117.65417,35.77237],[-117.65254,35.76722],[-117.65259,35.76477],[-117.65187,35.76303]]]}},{"type":"Feature","properties":{"c":"zone"},"geometry":{"type":"Polygon","coordinates":[[[-117.63726,35.80628],[-117.63858,35.80434],[-117.64277,35.80673],[-117.64107,35.80848],[-117.63726,35.80628]]]}},{"type":"Feature","properties":{"c":"zone"},"geometry":{"type":"Polygon","coordinates":[[[-117.65018,35.83119],[-117.65001,35.82756],[-117.64934,35.82637],[-117.6469,35.81917],[-117.64691,35.81826],[-117.64551,35.81376],[-117.6455,35.81237],[-117.64496,35.81019],[-117.64313,35.80612],[-117.63737,35.79783],[-117.63569,35.79355],[-117.6333,35.79083],[-117.63136,35.78779],[-117.63379,35.78676],[-117.63692,35.78883],[-117.63758,35.79128],[-117.64201,35.79634],[-117.64465,35.79998],[-117.64523,35.80468],[-117.64756,35.80927],[-117.64958,35.81705],[-117.6496,35.81867],[-117.65197,35.82573],[-117.65264,35.82687],[-117.65297,35.83067],[-117.65914,35.82503],[-117.66121,35.82648],[-117.65396,35.83309],[-117.65007,35.83229],[-117.65018,35.83119]]]}},{"type":"Feature","properties":{"c":"zone"},"geometry":{"type":"Polygon","coordinates":[[[-117.71042,35.85917],[-117.70881,35.85667],[-117.70723,35.85254],[-117.70589,35.85101],[-117.70497,35.84859],[-117.70342,35.84093],[-117.70398,35.8358],[-117.70381,35.83306],[-117.70281,35.8307],[-117.70066,35.82708],[-117.7003,35.8254],[-117.70044,35.82025],[-117.70197,35.81323],[-117.70141,35.80833],[-117.7017,35.80349],[-117.70444,35.80353],[-117.70418,35.80835],[-117.70471,35.81346],[-117.70318,35.82038],[-117.70322,35.82627],[-117.70533,35.82983],[-117.70649,35.83259],[-117.70671,35.83583],[-117.70643,35.83882],[-117.70996,35.83876],[-117.70997,35.84364],[-117.71152,35.84383],[-117.71126,35.84528],[-117.71212,35.84538],[-117.71028,35.85305],[-117.71139,35.85588],[-117.71322,35.85891],[-117.71462,35.85896],[-117.71483,35.85499],[-117.71756,35.85516],[-117.7174,35.85701],[-117.71809,35.85697],[-117.71916,35.86507],[-117.71877,35.86786],[-117.71905,35.86903],[-117.71814,35.87241],[-117.71545,35.87199],[-117.71401,35.871],[-117.71454,35.86817],[-117.71408,35.86525],[-117.71312,35.8641],[-117.71042,35.85917]]]}},{"type":"Feature","properties":{"c":"zone"},"geometry":{"type":"Polygon","coordinates":[[[-117.64598,35.8402],[-117.64755,35.83873],[-117.64573,35.83732],[-117.64319,35.83695],[-117.64175,35.83624],[-117.64139,35.83517],[-117.64015,35.83432],[-117.63774,35.83161],[-117.63616,35.82785],[-117.63592,35.82768],[-117.63553,35.83154],[-117.63279,35.83156],[-117.63143,35.827],[-117.6273,35.82273],[-117.62591,35.82273],[-117.62591,35.81041],[-117.62867,35.81358],[-117.63008,35.81468],[-117.63174,35.81714],[-117.63368,35.81823],[-117.63648,35.81859],[-117.63637,35.82081],[-117.63267,35.82031],[-117.62963,35.81865],[-117.63081,35.8225],[-117.63284,35.8239],[-117.63683,35.82525],[-117.63824,35.82635],[-117.63919,35.82787],[-117.63975,35.82968],[-117.64342,35.83346],[-117.64457,35.83377],[-117.6455,35.83296],[-117.65178,35.83697],[-117.65357,35.83527],[-117.65804,35.83208],[-117.65925,35.83076],[-117.66144,35.83209],[-117.65993,35.83368],[-117.6555,35.83687],[-117.65383,35.83941],[-117.65163,35.84177],[-117.64949,35.84029],[-117.64841,35.84123],[-117.64765,35.84267],[-117.64513,35.8418],[-117.64598,35.8402]]]}},{"type":"Feature","properties":{"c":"zone"},"geometry":{"type":"Polygon","coordinates":[[[-117.67189,35.85755],[-117.67146,35.8557],[-117.66998,35.85405],[-117.66732,35.8556],[-117.66628,35.8544],[-117.66495,35.85191],[-117.66388,35.85123],[-117.66284,35.8498],[-117.66106,35.84925],[-117.66182,35.84767],[-117.6593,35.84605],[-117.65798,35.84751],[-117.65472,35.84626],[-117.6559,35.84395],[-117.65394,35.84345],[-117.651,35.8456],[-117.64918,35.84395],[-117.65679,35.83832],[-117.66108,35.83584],[-117.66255,35.83747],[-117.66625,35.8389],[-117.66588,35.83958],[-117.66655,35.84399],[-117.66809,35.8449],[-117.66896,35.84789],[-117.66987,35.84886],[-117.6711,35.85126],[-117.67289,35.85362],[-117.6766,35.85631],[-117.68071,35.85764],[-117.68091,35.85723],[-117.68054,35.85477],[-117.68104,35.85115],[-117.68074,35.84984],[-117.68092,35.84685],[-117.68197,35.84296],[-117.68132,35.839],[-117.68402,35.83867],[-117.68471,35.84311],[-117.68444,35.8454],[-117.68365,35.84705],[-117.68349,35.84968],[-117.6838,35.85116],[-117.68328,35.85438],[-117.68359,35.85768],[-117.68313,35.85877],[-117.67963,35.86359],[-117.67656,35.86534],[-117.67339,35.86575],[-117.6716,35.86408],[-117.67448,35.8622],[-117.67096,35.85893],[-117.67204,35.85821],[-117.67189,35.85755]]]}},{"type":"Feature","properties":{"c":"zone"},"geometry":{"type":"Polygon","coordinates":[[[-117.67675,35.86684],[-117.67818,35.86629],[-117.67962,35.86436],[-117.68131,35.86313],[-117.68219,35.8621],[-117.68222,35.86099],[-117.68495,35.86104],[-117.68686,35.86215],[-117.68956,35.86253],[-117.68918,35.86423],[-117.68827,35.86538],[-117.68763,35.86746],[-117.68978,35.86838],[-117.6923,35.85986],[-117.69494,35.86046],[-117.69413,35.86278],[-117.6948,35.86303],[-117.6937,35.86513],[-117.69346,35.86647],[-117.69524,35.867],[-117.69587,35.86642],[-117.69664,35.86474],[-117.69921,35.86551],[-117.69806,35.86782],[-117.69664,35.86954],[-117.69744,35.87185],[-117.69933,35.87167],[-117.69953,35.87425],[-117.69918,35.87495],[-117.69149,35.87495],[-117.69472,35.87232],[-117.69441,35.871],[-117.69082,35.87362],[-117.68934,35.87227],[-117.6877,35.87347],[-117.6881,35.87495],[-117.68117,35.87495],[-117.68465,35.87215],[-117.68565,35.87011],[-117.68294,35.87105],[-117.6806,35.87312],[-117.67848,35.87171],[-117.68104,35.86941],[-117.68405,35.86825],[-117.68191,35.86693],[-117.67802,35.86897],[-117.67747,35.87192],[-117.67647,35.87495],[-117.67018,35.87495],[-117.67237,35.87298],[-117.67441,35.87224],[-117.67524,35.86807],[-117.67572,35.86735],[-117.67675,35.86684]]]}},{"type":"Feature","properties":{"c":"zone"},"geometry":{"type":"Polygon","coordinates":[[[-117.66907,35.84146],[-117.67143,35.84034],[-117.67311,35.84266],[-117.67452,35.84736],[-117.6755,35.84949],[-117.67598,35.85199],[-117.67326,35.85224],[-117.6729,35.85025],[-117.67199,35.84828],[-117.67065,35.84365],[-117.66907,35.84146]]]}},{"type":"Feature","properties":{"c":"zone"},"geometry":{"type":"Polygon","coordinates":[[[-117.71216,35.83112],[-117.71488,35.83087],[-117.71605,35.83666],[-117.71593,35.83915],[-117.71528,35.84116],[-117.7159,35.84369],[-117.71323,35.84417],[-117.71254,35.84119],[-117.71329,35.83676],[-117.71216,35.83112]]]}},{"type":"Feature","properties":{"c":"zone"},"geometry":{"type":"Polygon","coordinates":[[[-118.24462,34.24661],[-118.24053,34.24395],[-118.23499,34.2435],[-118.23348,34.24018],[-118.23008,34.24168],[-118.22848,34.24141],[-118.22737,34.23828],[-118.22604,34.2381],[-118.22504,34.23759],[-118.22043,34.23046],[-118.21876,34.23027],[-118.21618,34.22886],[-118.21282,34.2297],[-118.20754,34.22634],[-118.20667,34.22519],[-118.19904,34.22278],[-118.19484,34.22028],[-118.19129,34.21472],[-118.18962,34.21366],[-118.18862,34.21247],[-118.18725,34.21219],[-118.18459,34.21072],[-118.18094,34.20712],[-118.17895,34.20433],[-118.17659,34.20298],[-118.17029,34.20386],[-118.16264,34.20544],[-118.15653,34.20493],[-118.15567,34.20421],[-118.1533,34.20358],[-118.14815,34.20387],[-118.14786,34.2012],[-118.15378,34.20085],[-118.15478,34.20109],[-118.15546,34.19961],[-118.15655,34.19825],[-118.15969,34.19802],[-118.16251,34.20058],[-118.16461,34.20056],[-118.16622,34.20164],[-118.17733,34.19946],[-118.17885,34.19977],[-118.18059,34.20103],[-118.18285,34.20482],[-118.18583,34.20714],[-118.18719,34.20893],[-118.19026,34.20998],[-118.19213,34.21184],[-118.19391,34.21287],[-118.1976,34.21837],[-118.20035,34.21888],[-118.20495,34.22114],[-118.20763,34.2212],[-118.21464,34.22566],[-118.21682,34.22455],[-118.21997,34.2261],[-118.22042,34.22756],[-118.22221,34.22785],[-118.22464,34.22953],[-118.22614,34.23127],[-118.22815,34.23213],[-118.22913,34.23441],[-118.23066,34.23624],[-118.23067,34.23809],[-118.23204,34.23769],[-118.23426,34.23585],[-118.23838,34.23584],[-118.24105,34.23756],[-118.24207,34.24029],[-118.24513,34.24338],[-118.24728,34.24304],[-118.25092,34.24421],[-118.25092,34.25],[-118.24721,34.24589],[-118.24462,34.24661]]]}},{"type":"Feature","properties":{"c":"zone"},"geometry":{"type":"Polygon","coordinates":[[[-118.12884,34.20245],[-118.13073,34.20291],[-118.13196,34.2036],[-118.13272,34.2047],[-118.13457,34.20509],[-118.13864,34.20723],[-118.13934,34.20901],[-118.13828,34.21007],[-118.14369,34.21258],[-118.14202,34.21499],[-118.13556,34.21221],[-118.13412,34.21085],[-118.13034,34.20905],[-118.12592,34.20817],[-118.12592,34.20044],[-118.12884,34.20245]]]}},{"type":"Feature","properties":{"c":"zone"},"geometry":{"type":"Polygon","coordinates":[[[-122.37639,37.22559],[-122.37845,37.22805],[-122.37861,37.23128],[-122.37947,37.23498],[-122.38317,37.24101],[-122.38503,37.24327],[-122.3869,37.24741],[-122.38865,37.24995],[-122.38472,37.24995],[-122.38365,37.24832],[-122.38191,37.24446],[-122.38017,37.24236],[-122.3762,37.23587],[-122.3761,37.22535],[-122.37639,37.22559]]]}},{"type":"Feature","properties":{"c":"zone"},"geometry":{"type":"Polygon","coordinates":[[[-122.48516,37.50784],[-122.49106,37.51238],[-122.49267,37.51409],[-122.50255,37.51879],[-122.5006,37.52105],[-122.49041,37.51617],[-122.48853,37.51425],[-122.48287,37.50991],[-122.48516,37.50784]]]}},{"type":"Feature","properties":{"c":"zone"},"geometry":{"type":"Polygon","coordinates":[[[-122.49176,37.49995],[-122.49858,37.49995],[-122.50173,37.504],[-122.50863,37.51002],[-122.5164,37.52137],[-122.52001,37.52497],[-122.51745,37.52669],[-122.51628,37.52571],[-122.50948,37.51904],[-122.50567,37.51589],[-122.50122,37.51132],[-122.49911,37.50839],[-122.49685,37.50637],[-122.4931,37.50198],[-122.49176,37.49995]]]}},{"type":"Feature","properties":{"c":"zone"},"geometry":{"type":"Polygon","coordinates":[[[-122.38474,37.24998],[-122.38866,37.24997],[-122.39377,37.2549],[-122.39894,37.25883],[-122.40067,37.26055],[-122.40163,37.26215],[-122.40409,37.26507],[-122.41077,37.27915],[-122.40958,37.28467],[-122.40575,37.27849],[-122.40337,37.27344],[-122.40101,37.26951],[-122.39775,37.26203],[-122.39138,37.25688],[-122.38623,37.25206],[-122.38474,37.24998]]]}},{"type":"Feature","properties":{"c":"zone"},"geometry":{"type":"Polygon","coordinates":[[[-122.36682,37.24998],[-122.37094,37.24998],[-122.37413,37.25519],[-122.376,37.26003],[-122.3761,37.29842],[-122.37441,37.29213],[-122.37474,37.28816],[-122.37543,37.28506],[-122.3753,37.27968],[-122.3726,37.27129],[-122.37112,37.26553],[-122.3699,37.26255],[-122.36868,37.25723],[-122.36687,37.25416],[-122.36456,37.25129],[-122.36411,37.24998],[-122.36682,37.24998]]]}},{"type":"Feature","properties":{"c":"zone"},"geometry":{"type":"Polygon","coordinates":[[[-122.3761,37.30819],[-122.3756,37.3065],[-122.3761,37.30408],[-122.3761,37.30819]]]}}]}