{"type":"FeatureCollection","features":[{"type":"Feature","properties":{"c":"zone"},"geometry":{"type":"Polygon","coordinates":[[[-121.92439,37.45417],[-121.92475,37.45396],[-121.92792,37.45524],[-121.92879,37.45685],[-121.9302,37.45659],[-121.93303,37.45497],[-121.93332,37.45592],[-121.93252,37.45744],[-121.93219,37.46019],[-121.93473,37.46049],[-121.93591,37.46213],[-121.93945,37.46254],[-121.94108,37.46494],[-121.94403,37.46556],[-121.94449,37.46632],[-121.94423,37.46842],[-121.94532,37.46922],[-121.9466,37.46848],[-121.94707,37.4675],[-121.94619,37.46434],[-121.94636,37.46346],[-121.94758,37.46216],[-121.94942,37.46146],[-121.9516,37.46141],[-121.96089,37.46351],[-121.97238,37.46043],[-121.97504,37.45999],[-121.97996,37.46024],[-121.9917,37.46355],[-121.99568,37.466],[-121.99812,37.46675],[-122.01751,37.46298],[-122.02576,37.46317],[-122.03323,37.46232],[-122.03546,37.46169],[-122.04415,37.45638],[-122.04689,37.4562],[-122.04831,37.45657],[-122.08171,37.47795],[-122.10963,37.49754],[-122.28149,37.70828],[-122.33683,37.78757],[-122.37386,37.88365],[-122.30816,37.89827],[-122.3026,37.89846],[-122.3084,37.89779],[-122.30859,37.89695],[-122.30687,37.89305],[-122.30533,37.88735],[-122.30344,37.88744],[-122.30238,37.88235],[-122.30342,37.88214],[-122.30153,37.87625],[-122.30049,37.87647],[-122.29859,37.8705],[-122.2996,37.87028],[-122.29915,37.86903],[-122.30023,37.86883],[-122.29937,37.86621],[-122.30056,37.86597],[-122.29621,37.85257],[-122.29401,37.85249],[-122.29344,37.8511],[-122.29136,37.85153],[-122.29084,37.85005],[-122.29252,37.84971],[-122.29217,37.84876],[-122.29467,37.84825],[-122.2927,37.8425],[-122.29188,37.8427],[-122.29136,37.84104],[-122.29058,37.84118],[-122.28953,37.83797],[-122.29037,37.83722],[-122.28711,37.8282],[-122.28613,37.82841],[-122.28468,37.8227],[-122.2839,37.82253],[-122.28453,37.82085],[-122.28227,37.82032],[-122.28286,37.81875],[-122.28168,37.81851],[-122.28227,37.81691],[-122.28032,37.81643],[-122.282,37.81173],[-122.28829,37.81336],[-122.28933,37.81038],[-122.29385,37.81141],[-122.29797,37.80617],[-122.29028,37.80439],[-122.29047,37.80352],[-122.2835,37.80143],[-122.28115,37.80021],[-122.28146,37.79972],[-122.27796,37.79832],[-122.27338,37.79672],[-122.273,37.7974],[-122.27317,37.79663],[-122.27194,37.79615],[-122.27142,37.79672],[-122.27178,37.79608],[-122.26943,37.79514],[-122.26908,37.7957],[-122.26788,37.79522],[-122.26749,37.79585],[-122.26653,37.79547],[-122.26597,37.79639],[-122.26209,37.79506],[-122.2611,37.79681],[-122.25999,37.79639],[-122.25973,37.79867],[-122.26162,37.79948],[-122.2627,37.80123],[-122.26082,37.80409],[-122.26206,37.80514],[-122.26331,37.80746],[-122.26225,37.81053],[-122.26118,37.81035],[-122.26117,37.80695],[-122.25988,37.80689],[-122.25879,37.80483],[-122.2574,37.80524],[-122.25601,37.80704],[-122.25306,37.80714],[-122.24994,37.80896],[-122.24923,37.80844],[-122.25082,37.80489],[-122.25346,37.80375],[-122.2544,37.80222],[-122.25474,37.80036],[-122.25749,37.79987],[-122.25924,37.79849],[-122.25949,37.79615],[-122.25671,37.79364],[-122.2575,37.79307],[-122.25594,37.79172],[-122.25411,37.79304],[-122.25246,37.79155],[-122.25335,37.79093],[-122.25286,37.79055],[-122.23906,37.78412],[-122.24004,37.78302],[-122.23639,37.77561],[-122.22459,37.77048],[-122.22394,37.77132],[-122.22226,37.76986],[-122.2215,37.76809],[-122.21819,37.76772],[-122.21493,37.76633],[-122.20123,37.75504],[-122.19989,37.75586],[-122.20096,37.75481],[-122.1979,37.75224],[-122.19671,37.75303],[-122.19593,37.75243],[-122.19672,37.75024],[-122.19619,37.74741],[-122.19664,37.7402],[-122.18872,37.73142],[-122.19189,37.73011],[-122.18637,37.7275],[-122.19274,37.72981],[-122.19729,37.72807],[-122.19635,37.72621],[-122.18643,37.72145],[-122.18507,37.71686],[-122.18699,37.71631],[-122.18425,37.71094],[-122.18925,37.70894],[-122.18393,37.70066],[-122.17883,37.70276],[-122.17692,37.69975],[-122.17421,37.70095],[-122.16782,37.69172],[-122.16242,37.69278],[-122.16681,37.69142],[-122.1638,37.69061],[-122.1578,37.68637],[-122.15459,37.68548],[-122.15117,37.68582],[-122.15476,37.68526],[-122.15789,37.68601],[-122.1641,37.69014],[-122.1668,37.69091],[-122.16704,37.69063],[-122.16104,37.68201],[-122.15486,37.67538],[-122.14729,37.67862],[-122.14703,37.67839],[-122.15465,37.67479],[-122.14691,37.66703],[-122.14583,37.66754],[-122.14681,37.66671],[-122.13819,37.65732],[-122.14066,37.65683],[-122.13891,37.65503],[-122.13845,37.65163],[-122.13774,37.65054],[-122.13738,37.6431],[-122.13311,37.63896],[-122.13268,37.63388],[-122.13191,37.63389],[-122.13189,37.63333],[-122.12921,37.63335],[-122.12909,37.63079],[-122.12465,37.62746],[-122.12953,37.62565],[-122.12931,37.6252],[-122.12998,37.62497],[-122.13021,37.62271],[-122.12672,37.62255],[-122.12531,37.62296],[-122.11306,37.62127],[-122.10348,37.6184],[-122.10223,37.61522],[-122.101,37.61594],[-122.10061,37.61767],[-122.09843,37.61769],[-122.09374,37.61363],[-122.09403,37.61321],[-122.09708,37.61289],[-122.09728,37.60561],[-122.09076,37.60565],[-122.08841,37.6079],[-122.08841,37.60857],[-122.09022,37.61015],[-122.08978,37.6104],[-122.08756,37.60854],[-122.08095,37.61143],[-122.0782,37.61369],[-122.07113,37.61357],[-122.07332,37.61705],[-122.07069,37.61348],[-122.06822,37.61342],[-122.06621,37.61492],[-122.06543,37.61468],[-122.06214,37.61714],[-122.06519,37.6145],[-122.06616,37.61444],[-122.06799,37.61305],[-122.07841,37.61304],[-122.08157,37.61047],[-122.07909,37.60874],[-122.0786,37.60583],[-122.07901,37.60584],[-122.07981,37.60892],[-122.0818,37.61],[-122.08536,37.60903],[-122.08815,37.60706],[-122.09145,37.60043],[-122.09112,37.59527],[-122.0917,37.59235],[-122.09122,37.58921],[-122.08882,37.58923],[-122.08882,37.59179],[-122.08949,37.59296],[-122.09025,37.59293],[-122.09028,37.59417],[-122.08817,37.59424],[-122.08811,37.59334],[-122.08672,37.59408],[-122.08709,37.59539],[-122.08616,37.5941],[-122.08415,37.59493],[-122.08413,37.59455],[-122.08746,37.59303],[-122.08572,37.5911],[-122.08533,37.58854],[-122.08473,37.58822],[-122.0827,37.58883],[-122.08506,37.58784],[-122.08234,37.58323],[-122.0811,37.58365],[-122.08105,37.58309],[-122.08526,37.58164],[-122.08415,37.57874],[-122.08495,37.5785],[-122.08569,37.57927],[-122.0865,37.5814],[-122.08935,37.58107],[-122.09159,37.57971],[-122.09037,37.57902],[-122.08698,37.5787],[-122.08587,37.57401],[-122.08317,37.57525],[-122.08153,37.57198],[-122.07714,37.57071],[-122.07532,37.56941],[-122.07814,37.56621],[-122.07662,37.56569],[-122.0683,37.56555],[-122.06028,37.57498],[-122.05971,37.57404],[-122.06707,37.56485],[-122.06517,37.56345],[-122.06421,37.56048],[-122.06587,37.55905],[-122.06793,37.55503],[-122.06977,37.55419],[-122.06896,37.55288],[-122.06975,37.55018],[-122.07003,37.54693],[-122.06946,37.5441],[-122.06463,37.53475],[-122.06381,37.52985],[-122.06251,37.52868],[-122.05589,37.52626],[-122.05586,37.525],[-122.05771,37.52437],[-122.05693,37.52288],[-122.05776,37.52264],[-122.05721,37.52154],[-122.05791,37.52131],[-122.05716,37.52001],[-122.05673,37.51975],[-122.05362,37.52085],[-122.05019,37.51414],[-122.0386,37.51794],[-122.03203,37.51461],[-122.02586,37.52192],[-122.00888,37.51393],[-121.98919,37.49535],[-121.98525,37.49773],[-121.97679,37.49385],[-121.97413,37.49388],[-121.96997,37.49195],[-121.968,37.49361],[-121.96286,37.49041],[-121.95951,37.4893],[-121.9577,37.48919],[-121.95889,37.48779],[-121.95133,37.4882],[-121.95139,37.49178],[-121.9542,37.49553],[-121.95421,37.49675],[-121.95085,37.49189],[-121.95037,37.4878],[-121.94714,37.48821],[-121.94599,37.48396],[-121.94556,37.48193],[-121.94775,37.48071],[-121.94771,37.48006],[-121.94967,37.47924],[-121.94933,37.47861],[-121.94656,37.4772],[-121.94474,37.47305],[-121.94252,37.4722],[-121.93979,37.46963],[-121.93834,37.4689],[-121.93646,37.4663],[-121.93434,37.4646],[-121.933,37.46417],[-121.93247,37.46341],[-121.92749,37.46507],[-121.92431,37.45855],[-121.92401,37.45657],[-121.92507,37.45445],[-121.92439,37.45417]],[[-122.28793,37.77635],[-122.28864,37.77618],[-122.28888,37.77449],[-122.28748,37.77247],[-122.28602,37.77172],[-122.28116,37.77127],[-122.27865,37.76984],[-122.27507,37.76994],[-122.27016,37.76876],[-122.26096,37.76469],[-122.25676,37.76474],[-122.25146,37.76248],[-122.24871,37.7587],[-122.24535,37.75649],[-122.234,37.75387],[-122.23015,37.75495],[-122.22915,37.75617],[-122.23016,37.75842],[-122.23,37.76465],[-122.23209,37.7668],[-122.25012,37.77448],[-122.25228,37.77496],[-122.25418,37.77435],[-122.25853,37.77556],[-122.26444,37.7759],[-122.28793,37.77635]]]}},{"type":"Feature","properties":{"c":"zone"},"geometry":{"type":"MultiPolygon","coordinates":[[[[-122.21934,38.0608],[-122.21156,38.06071],[-122.19835,38.05715],[-122.19224,38.05659],[-122.18866,38.05571],[-122.18304,38.05355],[-122.17569,38.04739],[-122.16817,38.03722],[-122.16538,38.03522],[-122.16144,38.03405],[-122.15,38.03207],[-122.14161,38.03206],[-122.13243,38.03454],[-122.12546,38.03564],[-122.12378,38.03623],[-122.12129,38.03842],[-122.1187,38.03529],[-122.11999,38.03359],[-122.12019,38.032],[-122.12162,38.0313],[-122.12274,38.02995],[-122.121,38.02856],[-122.12223,38.02643],[-122.12287,38.02616],[-122.12434,38.02703],[-122.12727,38.02561],[-122.12838,38.02709],[-122.12959,38.02654],[-122.12953,38.02592],[-122.13067,38.02527],[-122.1345,38.02395],[-122.13524,38.02485],[-122.13657,38.02447],[-122.13625,38.02377],[-122.13743,38.02342],[-122.13697,38.02228],[-122.13826,38.02123],[-122.13835,38.02062],[-122.14041,38.02042],[-122.1406,38.01935],[-122.14131,38.02093],[-122.14445,38.02031],[-122.14532,38.02095],[-122.14592,38.0207],[-122.14585,38.02011],[-122.16156,38.02594],[-122.16948,38.02971],[-122.1711,38.03195],[-122.1736,38.03375],[-122.17349,38.03591],[-122.17466,38.03682],[-122.17498,38.03858],[-122.17876,38.04426],[-122.1833,38.04753],[-122.18412,38.04892],[-122.19088,38.05246],[-122.19882,38.0531],[-122.21383,38.05658],[-122.21501,38.05747],[-122.22412,38.05722],[-122.22426,38.05616],[-122.22283,38.05605],[-122.22449,38.05611],[-122.22512,38.06097],[-122.21934,38.0608]]],[[[-122.22532,38.06098],[-122.22483,38.05616],[-122.22591,38.05636],[-122.22628,38.06101],[-122.22532,38.06098]]],[[[-122.2842,38.06159],[-122.2646,38.05939],[-122.24489,38.06388],[-122.24314,38.06394],[-122.22653,38.061],[-122.22614,38.05635],[-122.23418,38.05704],[-122.23563,38.05777],[-122.23598,38.0574],[-122.2397,38.05809],[-122.24365,38.05813],[-122.24871,38.05627],[-122.25105,38.05437],[-122.25192,38.053],[-122.25463,38.05243],[-122.25545,38.05142],[-122.2538,38.05134],[-122.25714,38.0512],[-122.25967,38.05176],[-122.2623,38.05092],[-122.26204,38.04972],[-122.26258,38.04966],[-122.26275,38.04876],[-122.26202,38.04823],[-122.26284,38.04226],[-122.26326,38.04268],[-122.26444,38.04207],[-122.26344,38.04107],[-122.26371,38.04072],[-122.26521,38.03967],[-122.26966,38.03831],[-122.27388,38.03851],[-122.27308,38.03767],[-122.2744,38.03646],[-122.27496,38.03664],[-122.27456,38.03562],[-122.27503,38.03292],[-122.27615,38.02979],[-122.27748,38.02816],[-122.27931,38.02731],[-122.28189,38.02284],[-122.28313,38.0219],[-122.2866,38.0209],[-122.2883,38.02165],[-122.28893,38.02136],[-122.28867,38.02042],[-122.28903,38.02047],[-122.29273,38.0154],[-122.29699,38.01127],[-122.29881,38.01026],[-122.30537,38.01045],[-122.30931,38.00987],[-122.31614,38.01145],[-122.32315,38.00592],[-122.32942,38.00188],[-122.3322,38.00089],[-122.33362,38.00068],[-122.33467,38.00118],[-122.33544,38.00063],[-122.33654,38.00073],[-122.33641,38.00137],[-122.33693,38.00157],[-122.33737,38.00088],[-122.33909,38.00126],[-122.33952,38.00241],[-122.34077,38.00161],[-122.3421,38.00188],[-122.3421,38.00276],[-122.34351,38.00319],[-122.34471,38.00474],[-122.34451,38.00403],[-122.34501,38.0034],[-122.34568,38.00406],[-122.34769,38.00249],[-122.34929,38.00226],[-122.34921,38.00293],[-122.34784,38.00368],[-122.34803,38.00424],[-122.34619,38.00537],[-122.34908,38.00547],[-122.35126,38.00687],[-122.35136,38.00627],[-122.35194,38.0058],[-122.35263,38.00602],[-122.35301,38.00526],[-122.35429,38.00624],[-122.35418,38.00591],[-122.3552,38.00631],[-122.35447,38.00589],[-122.35521,38.00595],[-122.35562,38.00507],[-122.35636,38.00525],[-122.35601,38.00533],[-122.3565,38.00609],[-122.35617,38.00665],[-122.35664,38.00672],[-122.35826,38.00581],[-122.35846,38.00509],[-122.35937,38.00525],[-122.35932,38.00639],[-122.3611,38.00739],[-122.36081,38.00783],[-122.36326,38.00841],[-122.36296,38.00847],[-122.36338,38.0089],[-122.36266,38.00933],[-122.3638,38.0104],[-122.36434,38.01248],[-122.36653,38.01219],[-122.36791,38.00816],[-122.36792,38.00687],[-122.36502,37.99824],[-122.36408,37.99726],[-122.36122,37.99593],[-122.3576,37.99169],[-122.357,37.99162],[-122.35756,37.98402],[-122.35812,37.9827],[-122.35799,37.97889],[-122.3582,37.97734],[-122.36168,37.97505],[-122.36811,37.97402],[-122.37297,37.96986],[-122.37394,37.96763],[-122.37398,37.95921],[-122.37625,37.95837],[-122.37383,37.95838],[-122.37378,37.95791],[-122.37602,37.95709],[-122.38007,37.95748],[-122.38053,37.95695],[-122.38036,37.95643],[-122.37774,37.95641],[-122.37732,37.95434],[-122.37731,37.9554],[-122.37619,37.95507],[-122.37546,37.95681],[-122.37392,37.95741],[-122.37395,37.95398],[-122.38055,37.95394],[-122.3818,37.95296],[-122.37857,37.9525],[-122.3789,37.94777],[-122.37587,37.94725],[-122.37602,37.94432],[-122.37388,37.94441],[-122.37503,37.94286],[-122.37505,37.94385],[-122.37738,37.94417],[-122.37647,37.94439],[-122.37685,37.94685],[-122.379,37.94737],[-122.38022,37.94715],[-122.38045,37.94507],[-122.38078,37.94612],[-122.38253,37.94616],[-122.38196,37.94603],[-122.38301,37.94559],[-122.38514,37.9459],[-122.38581,37.94554],[-122.38482,37.94207],[-122.3824,37.94204],[-122.38158,37.93898],[-122.38541,37.9388],[-122.38595,37.93972],[-122.38601,37.94145],[-122.38762,37.94198],[-122.38767,37.93901],[-122.38724,37.93886],[-122.38759,37.93873],[-122.38756,37.93765],[-122.38523,37.93743],[-122.38503,37.93792],[-122.38496,37.93725],[-122.38784,37.9371],[-122.38828,37.94178],[-122.38885,37.94184],[-122.38835,37.94226],[-122.39007,37.94426],[-122.38946,37.94516],[-122.3885,37.94526],[-122.38885,37.94582],[-122.39241,37.94804],[-122.39394,37.94687],[-122.39557,37.94728],[-122.40528,37.95365],[-122.40497,37.95425],[-122.40584,37.95506],[-122.40771,37.95444],[-122.41051,37.95607],[-122.41196,37.95626],[-122.41234,37.95694],[-122.41127,37.96022],[-122.41289,37.96294],[-122.4151,37.9633],[-122.41896,37.96221],[-122.42435,37.96513],[-122.42788,37.96562],[-122.42874,37.96542],[-122.42909,37.96483],[-122.42891,37.9632],[-122.4273,37.96198],[-122.42752,37.9612],[-122.42624,37.961],[-122.42561,37.95949],[-122.42452,37.9591],[-122.42418,37.95789],[-122.42471,37.95746],[-122.42411,37.95647],[-122.4222,37.95582],[-122.42143,37.95478],[-122.42046,37.955],[-122.41939,37.95391],[-122.41964,37.95302],[-122.41903,37.95311],[-122.41839,37.95249],[-122.41857,37.95096],[-122.42211,37.9477],[-122.42222,37.94674],[-122.4202,37.94613],[-122.41948,37.94681],[-122.41831,37.9468],[-122.41475,37.94575],[-122.4111,37.94288],[-122.41016,37.94017],[-122.41103,37.93928],[-122.41102,37.93834],[-122.41309,37.936],[-122.41246,37.93522],[-122.41048,37.93431],[-122.40947,37.93256],[-122.40538,37.93265],[-122.40532,37.93222],[-122.40303,37.93178],[-122.39915,37.93194],[-122.39941,37.92987],[-122.39694,37.92981],[-122.39406,37.92799],[-122.3906,37.92494],[-122.39043,37.92334],[-122.39089,37.92266],[-122.38863,37.92264],[-122.38784,37.92221],[-122.38742,37.92121],[-122.38621,37.92061],[-122.38575,37.92106],[-122.38602,37.92005],[-122.38397,37.91721],[-122.38224,37.91681],[-122.38375,37.91386],[-122.38685,37.91112],[-122.38636,37.91011],[-122.38445,37.91025],[-122.38209,37.91239],[-122.37797,37.91274],[-122.37752,37.91243],[-122.37803,37.91113],[-122.37746,37.9103],[-122.37627,37.91137],[-122.37492,37.9107],[-122.3761,37.90959],[-122.3753,37.9095],[-122.37301,37.9075],[-122.3716,37.90699],[-122.37284,37.90671],[-122.37003,37.90597],[-122.36823,37.90459],[-122.36753,37.90456],[-122.36793,37.90613],[-122.36759,37.9062],[-122.36707,37.90463],[-122.36753,37.90666],[-122.36718,37.90663],[-122.36675,37.90467],[-122.36693,37.9063],[-122.36628,37.90476],[-122.3665,37.90635],[-122.36616,37.90639],[-122.36583,37.90481],[-122.3661,37.9064],[-122.36569,37.90644],[-122.36537,37.90487],[-122.36395,37.90523],[-122.36356,37.90584],[-122.36418,37.90779],[-122.36546,37.90853],[-122.36717,37.91109],[-122.37067,37.91379],[-122.37022,37.91508],[-122.3721,37.91761],[-122.37755,37.92053],[-122.37805,37.92279],[-122.38255,37.92339],[-122.38464,37.92451],[-122.38517,37.92583],[-122.38431,37.92745],[-122.38462,37.92827],[-122.38524,37.9285],[-122.38474,37.929],[-122.38707,37.92975],[-122.38625,37.93066],[-122.38742,37.93189],[-122.38549,37.93339],[-122.38563,37.93244],[-122.38467,37.93293],[-122.38406,37.93279],[-122.38404,37.93236],[-122.38278,37.93258],[-122.38467,37.932],[-122.38402,37.93134],[-122.38502,37.93043],[-122.38141,37.93383],[-122.38152,37.9335],[-122.38113,37.93368],[-122.38153,37.93294],[-122.38082,37.93323],[-122.3811,37.93385],[-122.37963,37.93545],[-122.37891,37.93519],[-122.37847,37.93744],[-122.37673,37.93892],[-122.37686,37.93961],[-122.37569,37.9403],[-122.37399,37.9425],[-122.37415,37.94129],[-122.3766,37.93806],[-122.37797,37.93759],[-122.37743,37.93746],[-122.37874,37.93593],[-122.37884,37.93495],[-122.38102,37.93254],[-122.38292,37.92937],[-122.38231,37.9299],[-122.38227,37.92926],[-122.38136,37.93005],[-122.37988,37.93207],[-122.37987,37.93158],[-122.3791,37.93219],[-122.37991,37.93133],[-122.37943,37.93125],[-122.37712,37.93342],[-122.37778,37.93196],[-122.37586,37.933],[-122.37572,37.93209],[-122.37444,37.93154],[-122.36929,37.93133],[-122.36924,37.9308],[-122.36506,37.93082],[-122.36509,37.92939],[-122.36292,37.92941],[-122.36291,37.92811],[-122.36197,37.92812],[-122.36193,37.92673],[-122.35999,37.92664],[-122.35987,37.92535],[-122.3558,37.92533],[-122.35573,37.92407],[-122.35491,37.92407],[-122.35514,37.92236],[-122.34736,37.92212],[-122.34653,37.92282],[-122.34563,37.92227],[-122.34268,37.92192],[-122.34256,37.92145],[-122.34772,37.92157],[-122.34814,37.92086],[-122.34899,37.921],[-122.34897,37.9204],[-122.34635,37.91967],[-122.34485,37.91857],[-122.33816,37.91823],[-122.3381,37.91527],[-122.33552,37.91453],[-122.33531,37.91375],[-122.33437,37.91345],[-122.33284,37.91476],[-122.33362,37.91063],[-122.33046,37.91138],[-122.32891,37.91426],[-122.32645,37.91366],[-122.3251,37.91465],[-122.32341,37.91348],[-122.32107,37.91065],[-122.32104,37.9112],[-122.32017,37.91083],[-122.31887,37.91127],[-122.31787,37.91077],[-122.31421,37.9054],[-122.31475,37.9052],[-122.31515,37.90584],[-122.3169,37.90508],[-122.31503,37.90219],[-122.31255,37.90294],[-122.31154,37.90136],[-122.31025,37.9011],[-122.30871,37.90132],[-122.30915,37.90194],[-122.3057,37.90337],[-122.30413,37.90109],[-122.30288,37.89852],[-122.30816,37.89827],[-122.37386,37.88365],[-122.4037,37.90719],[-122.43186,37.9282],[-122.44115,37.95444],[-122.44138,37.97416],[-122.35273,38.06946],[-122.2842,38.06159]]]]}},{"type":"Feature","properties":{"c":"zone"},"geometry":{"type":"MultiPolygon","coordinates":[[[[-124.03705,41.51202],[-124.03578,41.51175],[-124.03681,41.51039],[-124.03931,41.51018],[-124.03705,41.51202]]],[[[-124.00314,41.52447],[-123.99895,41.52278],[-123.99871,41.52232],[-123.99937,41.52027],[-123.99902,41.5197],[-123.99865,41.52065],[-123.99885,41.51958],[-123.99829,41.51983],[-123.99841,41.51949],[-123.99794,41.5194],[-123.99758,41.52081],[-123.99653,41.52176],[-123.99599,41.52159],[-123.9971,41.51969],[-123.99622,41.52046],[-123.99621,41.52105],[-123.99546,41.52122],[-123.99345,41.52049],[-123.99381,41.51963],[-124.00039,41.51755],[-123.99816,41.50859],[-123.9973,41.5072],[-123.99528,41.5055],[-123.99299,41.50492],[-123.99091,41.50528],[-123.98758,41.50777],[-123.97737,41.51152],[-123.97576,41.51277],[-123.97276,41.51335],[-123.96877,41.5136],[-123.96743,41.51252],[-123.96671,41.51262],[-123.96486,41.51094],[-123.96284,41.50814],[-123.96255,41.50595],[-123.96341,41.50113],[-123.96393,41.50069],[-123.96484,41.49749],[-123.96462,41.49213],[-123.96412,41.49025],[-123.96215,41.48858],[-123.95608,41.48622],[-123.95028,41.48285],[-123.94717,41.48016],[-123.94581,41.47747],[-123.94302,41.47375],[-123.94442,41.47116],[-123.94816,41.46779],[-123.94824,41.46629],[-123.94757,41.4654],[-123.9491,41.46549],[-123.94976,41.46684],[-123.94936,41.46862],[-123.94768,41.46983],[-123.94738,41.47104],[-123.94565,41.47231],[-123.94484,41.47374],[-123.94494,41.4747],[-123.95075,41.48122],[-123.95325,41.48338],[-123.96438,41.48733],[-123.9665,41.4923],[-123.96751,41.49617],[-123.9674,41.49813],[-123.96631,41.50033],[-123.96656,41.50242],[-123.96902,41.50355],[-123.96999,41.50474],[-123.97156,41.50553],[-123.97012,41.50366],[-123.97195,41.50579],[-123.97491,41.50785],[-123.97712,41.50861],[-123.97838,41.50855],[-123.98078,41.50679],[-123.98418,41.50327],[-123.98423,41.50286],[-123.98342,41.50307],[-123.98452,41.50298],[-123.98492,41.50248],[-123.98594,41.50259],[-123.98832,41.50176],[-123.99359,41.50227],[-123.99697,41.50152],[-123.99755,41.50119],[-123.99667,41.50031],[-123.99841,41.50019],[-123.99893,41.49891],[-124.00072,41.49809],[-124.00038,41.49897],[-124.0008,41.4989],[-124.00105,41.49794],[-124.0022,41.49813],[-124.00241,41.49712],[-124.00336,41.49675],[-124.00394,41.49693],[-124.00254,41.49719],[-124.00281,41.49747],[-124.00218,41.49782],[-124.00349,41.49758],[-124.00222,41.49823],[-124.00122,41.49797],[-124.00139,41.49849],[-124.00055,41.49957],[-123.99961,41.49944],[-123.99883,41.5004],[-123.99742,41.50059],[-123.99793,41.5012],[-123.99618,41.50204],[-123.99697,41.50358],[-123.99877,41.50468],[-124.00055,41.50709],[-124.00169,41.51078],[-124.00303,41.5127],[-124.00473,41.51408],[-124.00612,41.51444],[-124.00879,41.51497],[-124.01518,41.51517],[-124.01972,41.51655],[-124.02004,41.51595],[-124.019,41.51617],[-124.02014,41.51545],[-124.02408,41.51506],[-124.02512,41.51319],[-124.02348,41.51273],[-124.02351,41.51238],[-124.02292,41.51274],[-124.01971,41.51238],[-124.02574,41.51197],[-124.02729,41.50941],[-124.0269,41.50896],[-124.02786,41.5086],[-124.02963,41.50683],[-124.03116,41.50277],[-124.03219,41.50225],[-124.03162,41.50714],[-124.02949,41.5093],[-124.02845,41.51113],[-124.02836,41.51256],[-124.02872,41.51413],[-124.03226,41.52003],[-124.02727,41.51982],[-124.01371,41.52361],[-124.00718,41.52455],[-124.00314,41.52447]]],[[[-123.99032,41.52638],[-123.98959,41.52584],[-123.98975,41.5254],[-123.99238,41.52331],[-123.992,41.52299],[-123.98909,41.52322],[-123.98882,41.52394],[-123.98832,41.52381],[-123.98918,41.5223],[-123.98897,41.522],[-123.99039,41.52131],[-123.99078,41.5206],[-123.99329,41.52071],[-123.99647,41.52183],[-123.99509,41.52257],[-123.99434,41.52388],[-123.99269,41.52476],[-123.99212,41.52591],[-123.99032,41.52638]]],[[[-124.13389,41.8791],[-124.13099,41.87832],[-124.12948,41.87848],[-124.12747,41.8778],[-124.12613,41.87666],[-124.12753,41.87624],[-124.12859,41.87684],[-124.13025,41.87665],[-124.12919,41.87581],[-124.13105,41.87622],[-124.13416,41.87813],[-124.1372,41.87911],[-124.1369,41.88043],[-124.13389,41.8791]]],[[[-124.18819,41.99811],[-124.18737,41.99656],[-124.18506,41.99623],[-124.1847,41.9945],[-124.18207,41.99355],[-124.18137,41.99185],[-124.18008,41.99188],[-124.17738,41.99339],[-124.17619,41.99316],[-124.17747,41.99275],[-124.17777,41.99304],[-124.17842,41.99197],[-124.1804,41.99066],[-124.18128,41.99062],[-124.18247,41.99135],[-124.18332,41.9927],[-124.18586,41.99298],[-124.18648,41.99431],[-124.18622,41.99533],[-124.19096,41.99454],[-124.19065,41.99503],[-124.19137,41.99573],[-124.19403,41.99723],[-124.19847,41.99827],[-124.18819,41.99811]]],[[[-124.208,41.99616],[-124.20808,41.9948],[-124.20746,41.99317],[-124.20824,41.9922],[-124.20804,41.99055],[-124.20743,41.98943],[-124.20563,41.98964],[-124.20467,41.98812],[-124.20576,41.98731],[-124.20465,41.98378],[-124.2033,41.98304],[-124.2018,41.98309],[-124.20156,41.98249],[-124.19982,41.98264],[-124.19935,41.98184],[-124.19821,41.98153],[-124.19988,41.98205],[-124.20366,41.98206],[-124.20454,41.98103],[-124.20451,41.97688],[-124.20307,41.97562],[-124.20287,41.97598],[-124.20243,41.97501],[-124.20144,41.97481],[-124.2009,41.97332],[-124.20226,41.97107],[-124.20128,41.9689],[-124.20186,41.96845],[-124.20149,41.96834],[-124.20252,41.96502],[-124.20281,41.96531],[-124.20321,41.96467],[-124.20354,41.96514],[-124.20362,41.96469],[-124.20411,41.96468],[-124.20334,41.96383],[-124.20421,41.96294],[-124.20387,41.96255],[-124.20362,41.96311],[-124.20295,41.96266],[-124.20373,41.95947],[-124.20582,41.95997],[-124.2063,41.95883],[-124.20576,41.95835],[-124.20627,41.95847],[-124.20677,41.957],[-124.20751,41.95635],[-124.20755,41.95562],[-124.20705,41.95574],[-124.20665,41.9543],[-124.20801,41.95436],[-124.20785,41.95352],[-124.20876,41.95363],[-124.20742,41.95261],[-124.20844,41.95251],[-124.2088,41.95157],[-124.20768,41.94962],[-124.20799,41.94937],[-124.20427,41.94857],[-124.20399,41.94919],[-124.20349,41.94908],[-124.2035,41.94858],[-124.20272,41.94862],[-124.20046,41.94735],[-124.19961,41.94836],[-124.19927,41.94793],[-124.19894,41.94887],[-124.19838,41.94858],[-124.19973,41.94749],[-124.20015,41.9463],[-124.19955,41.94579],[-124.19986,41.94543],[-124.19878,41.94452],[-124.19715,41.94409],[-124.19686,41.94501],[-124.1951,41.94606],[-124.19433,41.94496],[-124.19265,41.94441],[-124.18963,41.94177],[-124.18737,41.94058],[-124.18466,41.93671],[-124.18074,41.9354],[-124.18088,41.93458],[-124.17845,41.93444],[-124.17915,41.93432],[-124.17824,41.93368],[-124.17902,41.93363],[-124.17758,41.93264],[-124.17725,41.93355],[-124.17737,41.93234],[-124.17573,41.93235],[-124.17669,41.93209],[-124.17514,41.93189],[-124.17583,41.93188],[-124.17544,41.93141],[-124.17495,41.93161],[-124.1718,41.92902],[-124.16954,41.92797],[-124.16936,41.92656],[-124.17033,41.92652],[-124.17003,41.9262],[-124.16872,41.92645],[-124.16873,41.92749],[-124.16845,41.92659],[-124.16672,41.92697],[-124.16726,41.92639],[-124.16648,41.92594],[-124.16797,41.92597],[-124.16603,41.92557],[-124.16872,41.92604],[-124.17003,41.92474],[-124.16962,41.92292],[-124.17029,41.92339],[-124.17002,41.92281],[-124.17087,41.92162],[-124.17035,41.92134],[-124.16936,41.92286],[-124.16841,41.92253],[-124.16918,41.92135],[-124.16824,41.921],[-124.16864,41.92041],[-124.16967,41.92023],[-124.16849,41.91929],[-124.16966,41.91927],[-124.1692,41.91818],[-124.17003,41.91657],[-124.16943,41.91647],[-124.1689,41.9182],[-124.16908,41.91771],[-124.16805,41.91751],[-124.1688,41.91708],[-124.16737,41.91683],[-124.16796,41.91685],[-124.168,41.91623],[-124.16899,41.91614],[-124.16901,41.91513],[-124.16828,41.91512],[-124.16883,41.9149],[-124.16875,41.91446],[-124.16928,41.91448],[-124.16868,41.91373],[-124.16995,41.91406],[-124.1702,41.91347],[-124.1713,41.9146],[-124.17679,41.91499],[-124.1789,41.91593],[-124.18046,41.91597],[-124.18577,41.91471],[-124.18878,41.91478],[-124.18579,41.91465],[-124.17935,41.91582],[-124.1779,41.91508],[-124.17312,41.91452],[-124.1701,41.91321],[-124.16723,41.9127],[-124.16722,41.91359],[-124.16656,41.91431],[-124.16275,41.91484],[-124.16076,41.91588],[-124.15836,41.91551],[-124.15653,41.9158],[-124.1554,41.91682],[-124.15161,41.91852],[-124.15683,41.91545],[-124.16079,41.9155],[-124.16312,41.9143],[-124.16624,41.91403],[-124.16674,41.91326],[-124.16532,41.91317],[-124.16465,41.91219],[-124.16143,41.91047],[-124.1605,41.91015],[-124.15957,41.91075],[-124.16043,41.91037],[-124.15972,41.90965],[-124.15942,41.91029],[-124.15759,41.90977],[-124.15756,41.90943],[-124.15955,41.90933],[-124.15758,41.90598],[-124.15385,41.90661],[-124.15748,41.90592],[-124.157,41.90396],[-124.15511,41.90458],[-124.14835,41.9041],[-124.15032,41.90363],[-124.15347,41.90416],[-124.15122,41.90353],[-124.15243,41.90265],[-124.15117,41.90237],[-124.15236,41.90236],[-124.15304,41.90248],[-124.15487,41.90445],[-124.15603,41.90434],[-124.15727,41.90364],[-124.15732,41.90186],[-124.15647,41.90174],[-124.15681,41.90124],[-124.15339,41.89596],[-124.15054,41.8933],[-124.14647,41.88826],[-124.14491,41.8874],[-124.14623,41.88815],[-124.14569,41.88532],[-124.14198,41.88288],[-124.13699,41.88046],[-124.1373,41.87915],[-124.13807,41.87932],[-124.14178,41.88059],[-124.14692,41.88352],[-124.1503,41.88723],[-124.15603,41.89569],[-124.15641,41.89604],[-124.15683,41.89575],[-124.15641,41.89623],[-124.16006,41.90036],[-124.16105,41.90248],[-124.1617,41.90698],[-124.16257,41.90833],[-124.16792,41.91093],[-124.17324,41.91209],[-124.17343,41.91181],[-124.17098,41.91138],[-124.17381,41.91157],[-124.17164,41.91064],[-124.17306,41.90999],[-124.17195,41.90937],[-124.17082,41.90986],[-124.17033,41.91061],[-124.16905,41.90981],[-124.16932,41.90944],[-124.17014,41.90962],[-124.17034,41.9092],[-124.16989,41.9087],[-124.16814,41.9083],[-124.16893,41.90807],[-124.17103,41.90874],[-124.17266,41.9085],[-124.17116,41.9072],[-124.1705,41.90731],[-124.17064,41.90673],[-124.16994,41.90682],[-124.1693,41.90799],[-124.16851,41.90754],[-124.16707,41.90808],[-124.16825,41.90745],[-124.16846,41.90666],[-124.1678,41.90715],[-124.16637,41.90722],[-124.16732,41.90672],[-124.16494,41.90624],[-124.16513,41.90585],[-124.16588,41.90614],[-124.16709,41.90568],[-124.16551,41.90453],[-124.16917,41.90481],[-124.16608,41.90394],[-124.16719,41.90388],[-124.16533,41.90325],[-124.16776,41.90327],[-124.16679,41.90233],[-124.16758,41.90254],[-124.1669,41.9018],[-124.16497,41.90124],[-124.16783,41.90169],[-124.166,41.9007],[-124.16681,41.90054],[-124.16369,41.89953],[-124.1634,41.89894],[-124.16369,41.89863],[-124.16441,41.8993],[-124.1659,41.89953],[-124.16867,41.90149],[-124.17038,41.90197],[-124.17061,41.90167],[-124.16905,41.90097],[-124.16868,41.8994],[-124.16931,41.89873],[-124.17062,41.89928],[-124.17019,41.89815],[-124.17152,41.89776],[-124.17299,41.89805],[-124.17381,41.89913],[-124.17315,41.9003],[-124.1738,41.89952],[-124.17434,41.89963],[-124.17547,41.89786],[-124.17692,41.8978],[-124.17653,41.89699],[-124.17823,41.89684],[-124.17832,41.89578],[-124.17769,41.89479],[-124.17861,41.89405],[-124.17752,41.89373],[-124.17719,41.89396],[-124.17749,41.89417],[-124.17617,41.894],[-124.17478,41.89454],[-124.1734,41.8965],[-124.17442,41.89475],[-124.17173,41.89553],[-124.17079,41.896],[-124.17074,41.89703],[-124.16882,41.89788],[-124.16724,41.89934],[-124.16756,41.89835],[-124.16657,41.89864],[-124.169,41.89594],[-124.16878,41.89493],[-124.16786,41.89437],[-124.17254,41.89406],[-124.172,41.89379],[-124.17314,41.89347],[-124.17551,41.89044],[-124.17265,41.88947],[-124.16955,41.89095],[-124.16833,41.89102],[-124.16592,41.89273],[-124.16527,41.89396],[-124.16379,41.89436],[-124.16518,41.89364],[-124.16435,41.89346],[-124.16457,41.89308],[-124.167,41.89132],[-124.16637,41.89099],[-124.16684,41.89112],[-124.16789,41.8899],[-124.16735,41.88974],[-124.16795,41.8895],[-124.16803,41.88865],[-124.16743,41.88886],[-124.16827,41.88805],[-124.1675,41.88768],[-124.16955,41.8872],[-124.16906,41.88633],[-124.16673,41.8869],[-124.16664,41.88638],[-124.16771,41.88549],[-124.1672,41.88489],[-124.1692,41.88425],[-124.17006,41.88448],[-124.17023,41.88548],[-124.17111,41.88557],[-124.1714,41.88501],[-124.17072,41.88396],[-124.16933,41.88317],[-124.16678,41.88328],[-124.1653,41.88286],[-124.16326,41.88317],[-124.16076,41.88146],[-124.16002,41.88155],[-124.15967,41.88036],[-124.16346,41.88294],[-124.16527,41.88257],[-124.17021,41.88335],[-124.17142,41.88442],[-124.17134,41.88605],[-124.17296,41.88821],[-124.1759,41.88957],[-124.17692,41.89064],[-124.17877,41.8907],[-124.17658,41.89026],[-124.1773,41.88955],[-124.18066,41.89029],[-124.17836,41.8889],[-124.17493,41.88886],[-124.17375,41.88831],[-124.17314,41.88743],[-124.17455,41.88828],[-124.17619,41.88753],[-124.17473,41.8868],[-124.17681,41.88653],[-124.17632,41.88599],[-124.17684,41.88571],[-124.17618,41.88469],[-124.17651,41.88415],[-124.17618,41.88267],[-124.17811,41.88131],[-124.17837,41.88037],[-124.18321,41.88227],[-124.18525,41.88167],[-124.18523,41.88039],[-124.18275,41.87917],[-124.18435,41.87908],[-124.18439,41.87826],[-124.18544,41.87864],[-124.18525,41.8781],[-124.18333,41.87712],[-124.18424,41.8763],[-124.18525,41.8767],[-124.18521,41.87576],[-124.18593,41.87452],[-124.18017,41.87474],[-124.17972,41.87435],[-124.18281,41.87376],[-124.1824,41.8734],[-124.18295,41.87323],[-124.18252,41.87307],[-124.18517,41.87184],[-124.18535,41.87136],[-124.18749,41.87105],[-124.18729,41.87074],[-124.18805,41.87045],[-124.18621,41.86933],[-124.18692,41.86905],[-124.18881,41.86976],[-124.18791,41.86936],[-124.18875,41.86929],[-124.18873,41.86855],[-124.18925,41.86845],[-124.18901,41.86774],[-124.18947,41.86739],[-124.18829,41.86677],[-124.18659,41.86706],[-124.18348,41.86581],[-124.18346,41.86491],[-124.18699,41.86539],[-124.18738,41.86444],[-124.1883,41.86382],[-124.18652,41.86405],[-124.18676,41.8637],[-124.18638,41.86367],[-124.18613,41.86265],[-124.18652,41.86253],[-124.186,41.8617],[-124.18794,41.86108],[-124.18532,41.86114],[-124.18469,41.85945],[-124.18316,41.86034],[-124.18442,41.86044],[-124.18447,41.86077],[-124.18281,41.86067],[-124.18141,41.86128],[-124.18116,41.86194],[-124.18124,41.86094],[-124.18317,41.85993],[-124.18399,41.85822],[-124.1817,41.85614],[-124.18319,41.85475],[-124.18264,41.85459],[-124.1832,41.85372],[-124.18153,41.8537],[-124.18132,41.85485],[-124.1802,41.85432],[-124.17998,41.85404],[-124.18075,41.85374],[-124.18014,41.8522],[-124.17851,41.85251],[-124.17904,41.85172],[-124.17545,41.84921],[-124.17544,41.84839],[-124.17449,41.84797],[-124.17485,41.84759],[-124.17319,41.8464],[-124.17262,41.845],[-124.17178,41.84525],[-124.17296,41.84268],[-124.17219,41.84189],[-124.17283,41.84176],[-124.17293,41.84053],[-124.17369,41.83951],[-124.17304,41.8351],[-124.17577,41.83312],[-124.17536,41.83246],[-124.17325,41.83301],[-124.17102,41.83214],[-124.16963,41.83149],[-124.16976,41.83073],[-124.16857,41.83019],[-124.17177,41.83025],[-124.17432,41.82858],[-124.17452,41.82817],[-124.17377,41.82701],[-124.17434,41.82484],[-124.17748,41.82084],[-124.1776,41.81929],[-124.17429,41.81635],[-124.17073,41.81827],[-124.1698,41.81935],[-124.16986,41.81744],[-124.17124,41.81458],[-124.17042,41.81407],[-124.1701,41.81295],[-124.1682,41.81145],[-124.16786,41.81023],[-124.16701,41.80986],[-124.16712,41.8091],[-124.16616,41.80818],[-124.16725,41.80884],[-124.16941,41.80906],[-124.17008,41.80811],[-124.1713,41.80771],[-124.17373,41.80907],[-124.17643,41.80981],[-124.17687,41.81108],[-124.17822,41.81213],[-124.17941,41.81197],[-124.1799,41.81028],[-124.18054,41.81069],[-124.18095,41.81186],[-124.18119,41.81051],[-124.18329,41.8102],[-124.18349,41.80962],[-124.18272,41.80878],[-124.18578,41.8097],[-124.1867,41.8081],[-124.18488,41.80552],[-124.18276,41.80422],[-124.18118,41.80424],[-124.17989,41.80282],[-124.1812,41.80304],[-124.18059,41.80151],[-124.18289,41.80247],[-124.18244,41.8008],[-124.18419,41.80173],[-124.18428,41.80069],[-124.18318,41.79778],[-124.18705,41.79981],[-124.18686,41.79811],[-124.18764,41.79883],[-124.18886,41.79637],[-124.18974,41.79738],[-124.18842,41.80042],[-124.18709,41.80143],[-124.187,41.80245],[-124.18746,41.80353],[-124.18989,41.80558],[-124.18867,41.80388],[-124.19,41.8031],[-124.19063,41.80373],[-124.19033,41.80461],[-124.19107,41.80515],[-124.19182,41.80432],[-124.19244,41.80449],[-124.19163,41.80319],[-124.19204,41.80289],[-124.19394,41.8047],[-124.19425,41.8045],[-124.1937,41.80342],[-124.19563,41.80317],[-124.19569,41.80213],[-124.19771,41.80358],[-124.19721,41.80214],[-124.19805,41.80233],[-124.19842,41.80195],[-124.19925,41.80251],[-124.19907,41.8021],[-124.20001,41.80225],[-124.20202,41.80125],[-124.20158,41.80006],[-124.20008,41.79893],[-124.20017,41.79843],[-124.20066,41.79837],[-124.2013,41.79688],[-124.20369,41.79589],[-124.20293,41.79348],[-124.20067,41.79037],[-124.20023,41.7881],[-124.19942,41.78745],[-124.20008,41.78769],[-124.20063,41.78727],[-124.20176,41.7901],[-124.20343,41.79124],[-124.20354,41.79156],[-124.20304,41.7914],[-124.2033,41.79194],[-124.20462,41.79239],[-124.20729,41.79488],[-124.2093,41.79586],[-124.209,41.79488],[-124.20948,41.79471],[-124.21012,41.79537],[-124.21,41.79458],[-124.21219,41.79605],[-124.21207,41.7965],[-124.21275,41.7961],[-124.21184,41.79518],[-124.21269,41.79496],[-124.21234,41.79522],[-124.21325,41.79734],[-124.21287,41.79771],[-124.21349,41.79774],[-124.21453,41.79934],[-124.21478,41.80071],[-124.2117,41.80144],[-124.21127,41.80094],[-124.21152,41.80154],[-124.21069,41.80115],[-124.21143,41.80176],[-124.21084,41.80167],[-124.21102,41.80192],[-124.20954,41.80277],[-124.2082,41.80243],[-124.2079,41.8029],[-124.20823,41.80343],[-124.20984,41.80378],[-124.21086,41.80343],[-124.21184,41.80375],[-124.21195,41.80311],[-124.21257,41.80302],[-124.21372,41.80433],[-124.21441,41.80385],[-124.21567,41.80476],[-124.21708,41.80493],[-124.21753,41.80581],[-124.21702,41.80641],[-124.2172,41.80698],[-124.21808,41.8087],[-124.21927,41.80972],[-124.21727,41.80898],[-124.21728,41.81104],[-124.21638,41.81072],[-124.21648,41.81165],[-124.2157,41.81185],[-124.21674,41.81472],[-124.21741,41.81419],[-124.21698,41.81423],[-124.21657,41.81342],[-124.21661,41.81249],[-124.21795,41.8134],[-124.21751,41.81211],[-124.21822,41.81246],[-124.2185,41.81197],[-124.21821,41.81018],[-124.21895,41.81026],[-124.21966,41.8111],[-124.21966,41.81161],[-124.21878,41.8117],[-124.21893,41.81257],[-124.22094,41.81071],[-124.22029,41.81254],[-124.21915,41.81283],[-124.21919,41.81323],[-124.21999,41.81329],[-124.22116,41.81162],[-124.22117,41.81069],[-124.22047,41.80975],[-124.22187,41.80977],[-124.22155,41.80867],[-124.22228,41.80932],[-124.22241,41.80863],[-124.22293,41.80878],[-124.22266,41.80786],[-124.22091,41.80617],[-124.22073,41.80526],[-124.22257,41.80733],[-124.22217,41.80624],[-124.2225,41.80621],[-124.22406,41.80851],[-124.22397,41.8075],[-124.22426,41.80782],[-124.22437,41.80739],[-124.22309,41.80634],[-124.2242,41.80635],[-124.22479,41.80726],[-124.22525,41.80717],[-124.22459,41.80568],[-124.22531,41.80617],[-124.22476,41.80525],[-124.22532,41.80539],[-124.22583,41.80465],[-124.22531,41.8038],[-124.22616,41.80461],[-124.22613,41.80379],[-124.22852,41.80606],[-124.22655,41.8031],[-124.22634,41.80194],[-124.22815,41.8032],[-124.22786,41.80261],[-124.22914,41.80332],[-124.22838,41.80156],[-124.2278,41.80158],[-124.22608,41.79942],[-124.22734,41.79901],[-124.22693,41.79818],[-124.22802,41.79822],[-124.22834,41.79673],[-124.22897,41.79677],[-124.22855,41.79618],[-124.22933,41.79556],[-124.23055,41.79787],[-124.23115,41.7982],[-124.23056,41.79692],[-124.23183,41.79817],[-124.23009,41.79491],[-124.23058,41.79474],[-124.23204,41.79602],[-124.23079,41.79468],[-124.23296,41.79692],[-124.2332,41.79733],[-124.23269,41.79716],[-124.2334,41.7983],[-124.23345,41.79761],[-124.23427,41.7983],[-124.23476,41.79813],[-124.23124,41.79438],[-124.22896,41.79112],[-124.22774,41.78821],[-124.22835,41.78886],[-124.22936,41.789],[-124.22876,41.78787],[-124.22722,41.78685],[-124.22712,41.78627],[-124.2249,41.7841],[-124.22504,41.7832],[-124.22384,41.78152],[-124.22119,41.77925],[-124.22081,41.77817],[-124.22305,41.77949],[-124.22172,41.77735],[-124.22186,41.77599],[-124.22084,41.77497],[-124.22082,41.77387],[-124.22274,41.77441],[-124.22243,41.77511],[-124.22275,41.77656],[-124.22526,41.77975],[-124.22521,41.78058],[-124.22607,41.78077],[-124.22549,41.78127],[-124.22691,41.78166],[-124.22728,41.78127],[-124.22791,41.782],[-124.2275,41.78259],[-124.22841,41.78339],[-124.22808,41.78375],[-124.22978,41.78684],[-124.22986,41.7887],[-124.22952,41.78883],[-124.23023,41.79072],[-124.23523,41.79839],[-124.2334,41.79407],[-124.23399,41.79427],[-124.23483,41.79565],[-124.23454,41.79465],[-124.23551,41.79555],[-124.23405,41.79369],[-124.23586,41.79348],[-124.23521,41.79246],[-124.23548,41.79212],[-124.23656,41.79368],[-124.2362,41.79189],[-124.23688,41.79229],[-124.23704,41.79137],[-124.23855,41.79313],[-124.23861,41.79402],[-124.23774,41.79338],[-124.23889,41.79546],[-124.23822,41.795],[-124.23791,41.79545],[-124.23893,41.79643],[-124.23877,41.79585],[-124.23974,41.7955],[-124.23936,41.79431],[-124.2395,41.79383],[-124.23996,41.79405],[-124.23944,41.79323],[-124.24007,41.79382],[-124.24022,41.79323],[-124.23931,41.79151],[-124.23948,41.7912],[-124.23996,41.79169],[-124.24002,41.78853],[-124.24076,41.78813],[-124.2409,41.78725],[-124.24197,41.78722],[-124.24069,41.7858],[-124.242,41.78621],[-124.24254,41.78691],[-124.24223,41.78613],[-124.24291,41.78615],[-124.24252,41.78573],[-124.24378,41.78607],[-124.24418,41.78495],[-124.24364,41.78457],[-124.24362,41.7832],[-124.24381,41.78461],[-124.2441,41.78398],[-124.24477,41.78389],[-124.24406,41.7823],[-124.24456,41.78292],[-124.24545,41.78293],[-124.24741,41.78505],[-124.24796,41.78485],[-124.24793,41.7841],[-124.24854,41.78403],[-124.25045,41.78496],[-124.25084,41.78582],[-124.25102,41.78527],[-124.25131,41.78558],[-124.25105,41.78483],[-124.25221,41.78532],[-124.25174,41.78425],[-124.25292,41.78507],[-124.25272,41.78402],[-124.25334,41.7851],[-124.25444,41.78506],[-124.25488,41.78335],[-124.25569,41.78301],[-124.25291,41.7803],[-124.25344,41.77906],[-124.24944,41.77643],[-124.24961,41.77522],[-124.2503,41.77524],[-124.25031,41.77474],[-124.24842,41.77489],[-124.24782,41.77356],[-124.24801,41.77159],[-124.24664,41.77066],[-124.24623,41.77324],[-124.24726,41.77487],[-124.24573,41.77512],[-124.24583,41.77648],[-124.24545,41.77542],[-124.24478,41.77528],[-124.24437,41.7759],[-124.24451,41.77502],[-124.24194,41.77303],[-124.2414,41.77364],[-124.24118,41.77529],[-124.24131,41.77332],[-124.24066,41.77259],[-124.23873,41.77303],[-124.23761,41.77387],[-124.23797,41.77285],[-124.23708,41.77274],[-124.23744,41.77353],[-124.2369,41.77363],[-124.23622,41.7756],[-124.23678,41.7737],[-124.23607,41.77221],[-124.23426,41.7721],[-124.2349,41.77187],[-124.23328,41.7711],[-124.23204,41.76975],[-124.23179,41.77036],[-124.23082,41.77031],[-124.23083,41.772],[-124.23005,41.76957],[-124.22922,41.7696],[-124.22913,41.76888],[-124.22803,41.76824],[-124.22689,41.76839],[-124.22641,41.76734],[-124.22575,41.7671],[-124.22514,41.76763],[-124.22361,41.76784],[-124.22463,41.76952],[-124.22325,41.76836],[-124.2228,41.76736],[-124.22063,41.76712],[-124.22032,41.76776],[-124.21895,41.767],[-124.21875,41.76746],[-124.21736,41.76747],[-124.21713,41.76806],[-124.21679,41.76729],[-124.21578,41.76778],[-124.21498,41.76894],[-124.21525,41.76959],[-124.21448,41.76847],[-124.21517,41.76723],[-124.21435,41.76628],[-124.21384,41.76441],[-124.2146,41.76469],[-124.21602,41.76694],[-124.21743,41.76575],[-124.21683,41.76417],[-124.21739,41.76461],[-124.21805,41.76413],[-124.21989,41.76429],[-124.21692,41.76116],[-124.21655,41.75998],[-124.21763,41.76069],[-124.21797,41.76162],[-124.21899,41.76174],[-124.21926,41.76261],[-124.22167,41.76384],[-124.22227,41.76305],[-124.22191,41.762],[-124.22289,41.76403],[-124.22328,41.76402],[-124.22344,41.76287],[-124.22409,41.76362],[-124.22489,41.7633],[-124.22591,41.7639],[-124.226,41.76342],[-124.22675,41.76376],[-124.22729,41.76347],[-124.22733,41.76295],[-124.22418,41.76113],[-124.22227,41.75943],[-124.22145,41.75698],[-124.22046,41.75616],[-124.21547,41.75446],[-124.21365,41.75209],[-124.21183,41.7512],[-124.21187,41.75035],[-124.20981,41.75007],[-124.2091,41.75043],[-124.20906,41.7512],[-124.20839,41.75095],[-124.20764,41.75155],[-124.20676,41.75094],[-124.2061,41.75124],[-124.20719,41.75337],[-124.19876,41.7579],[-124.19879,41.7592],[-124.19995,41.76062],[-124.20226,41.76137],[-124.20343,41.76228],[-124.2057,41.76647],[-124.20699,41.76613],[-124.20855,41.76646],[-124.20528,41.76733],[-124.205,41.76777],[-124.20614,41.76984],[-124.2046,41.77009],[-124.2044,41.77062],[-124.20423,41.7703],[-124.2053,41.76937],[-124.2047,41.76799],[-124.2025,41.76728],[-124.20187,41.76559],[-124.20098,41.7654],[-124.19937,41.76602],[-124.19874,41.76701],[-124.19961,41.7692],[-124.19947,41.77033],[-124.19909,41.76997],[-124.19904,41.77049],[-124.19857,41.7705],[-124.19622,41.76889],[-124.19534,41.76907],[-124.19657,41.77025],[-124.19679,41.77087],[-124.19622,41.77139],[-124.19744,41.77202],[-124.19755,41.77324],[-124.19858,41.77396],[-124.19856,41.7747],[-124.19564,41.7721],[-124.19479,41.77258],[-124.19206,41.77281],[-124.19103,41.77437],[-124.18886,41.77447],[-124.18907,41.77533],[-124.18867,41.77538],[-124.19023,41.77708],[-124.19021,41.77804],[-124.18847,41.7773],[-124.18809,41.77578],[-124.18661,41.77539],[-124.18152,41.77885],[-124.18156,41.77946],[-124.18079,41.77952],[-124.18111,41.77903],[-124.1806,41.77885],[-124.18479,41.77581],[-124.18326,41.77562],[-124.18329,41.77488],[-124.18281,41.77551],[-124.18079,41.773],[-124.18242,41.77325],[-124.18278,41.77274],[-124.18376,41.77269],[-124.18448,41.77153],[-124.18465,41.77005],[-124.18342,41.76943],[-124.18172,41.76675],[-124.18117,41.76762],[-124.18043,41.76766],[-124.18067,41.76853],[-124.1788,41.76816],[-124.17855,41.76882],[-124.17779,41.76888],[-124.17758,41.76929],[-124.17809,41.76994],[-124.17777,41.77037],[-124.17674,41.76982],[-124.177,41.77156],[-124.17399,41.76991],[-124.17582,41.77138],[-124.17662,41.77272],[-124.17529,41.77182],[-124.17715,41.77329],[-124.1774,41.77492],[-124.17882,41.77646],[-124.17825,41.77688],[-124.17666,41.77588],[-124.17602,41.77406],[-124.17426,41.77201],[-124.17312,41.77208],[-124.17252,41.77259],[-124.1729,41.77451],[-124.17243,41.7746],[-124.17204,41.7756],[-124.17495,41.77909],[-124.17461,41.77938],[-124.17181,41.77707],[-124.17156,41.77636],[-124.1704,41.77596],[-124.16966,41.77642],[-124.17015,41.77813],[-124.16912,41.77695],[-124.16819,41.7774],[-124.16743,41.77633],[-124.16719,41.7774],[-124.16785,41.77832],[-124.16593,41.77735],[-124.16667,41.77813],[-124.16584,41.77812],[-124.1659,41.77906],[-124.16329,41.77681],[-124.1662,41.78116],[-124.16606,41.78267],[-124.1679,41.78391],[-124.16425,41.78417],[-124.16507,41.78576],[-124.16457,41.78612],[-124.16336,41.78403],[-124.16337,41.78325],[-124.16442,41.78351],[-124.16533,41.78291],[-124.16434,41.78011],[-124.1604,41.77718],[-124.1604,41.77662],[-124.15772,41.77562],[-124.15699,41.77632],[-124.15715,41.77565],[-124.15666,41.77524],[-124.155,41.77561],[-124.15496,41.77476],[-124.15547,41.77468],[-124.15377,41.77365],[-124.15368,41.77311],[-124.15726,41.77353],[-124.15848,41.77423],[-124.16073,41.77412],[-124.16116,41.77365],[-124.16101,41.77301],[-124.16145,41.77318],[-124.16237,41.77206],[-124.16397,41.77204],[-124.16467,41.77132],[-124.16097,41.76805],[-124.15784,41.76645],[-124.15811,41.76614],[-124.15968,41.76542],[-124.15995,41.76596],[-124.16194,41.76625],[-124.16303,41.76591],[-124.16311,41.76544],[-124.16235,41.76484],[-124.16288,41.7642],[-124.16492,41.76575],[-124.166,41.76563],[-124.16509,41.7649],[-124.16479,41.76336],[-124.16356,41.7626],[-124.16298,41.76109],[-124.16162,41.76031],[-124.1591,41.7604],[-124.15896,41.75989],[-124.15977,41.75969],[-124.15936,41.75951],[-124.15983,41.75947],[-124.15966,41.75905],[-124.15893,41.75917],[-124.15871,41.76003],[-124.15834,41.7596],[-124.15786,41.75975],[-124.15801,41.7589],[-124.15742,41.75868],[-124.15861,41.75885],[-124.15771,41.75773],[-124.15961,41.75804],[-124.1602,41.75774],[-124.16018,41.75718],[-124.15913,41.75684],[-124.1598,41.75684],[-124.15925,41.75602],[-124.15944,41.75507],[-124.15722,41.75413],[-124.15619,41.75416],[-124.15486,41.75508],[-124.15254,41.75475],[-124.1538,41.7548],[-124.15503,41.75387],[-124.1543,41.75316],[-124.15412,41.75213],[-124.15342,41.75185],[-124.15325,41.7505],[-124.15137,41.7503],[-124.15368,41.75002],[-124.15548,41.75077],[-124.1573,41.74945],[-124.15762,41.74866],[-124.15635,41.74821],[-124.15595,41.7475],[-124.15227,41.74707],[-124.15104,41.74614],[-124.15247,41.74276],[-124.15085,41.74069],[-124.15072,41.73853],[-124.14903,41.73624],[-124.15045,41.73446],[-124.15024,41.73342],[-124.14722,41.73125],[-124.14735,41.72883],[-124.14607,41.72655],[-124.14503,41.72595],[-124.14431,41.72429],[-124.14458,41.72109],[-124.14401,41.72052],[-124.14394,41.71812],[-124.14334,41.71742],[-124.14398,41.71711],[-124.14394,41.71615],[-124.14425,41.71668],[-124.14436,41.71637],[-124.14368,41.71506],[-124.14498,41.71382],[-124.14421,41.71299],[-124.14376,41.7131],[-124.14333,41.71222],[-124.14488,41.71317],[-124.14292,41.709],[-124.14453,41.70645],[-124.14351,41.70586],[-124.14354,41.70407],[-124.14203,41.70035],[-124.1392,41.70051],[-124.14141,41.69977],[-124.14165,41.69923],[-124.14115,41.69798],[-124.14152,41.6968],[-124.1425,41.69612],[-124.14308,41.69626],[-124.14326,41.69534],[-124.14206,41.69497],[-124.14152,41.6937],[-124.14172,41.69223],[-124.1432,41.69076],[-124.14174,41.69051],[-124.14121,41.68982],[-124.14188,41.68867],[-124.14334,41.68782],[-124.14183,41.68617],[-124.1398,41.68535],[-124.13949,41.6843],[-124.14063,41.68329],[-124.14054,41.68246],[-124.13823,41.68075],[-124.13782,41.67874],[-124.1381,41.67807],[-124.13769,41.6776],[-124.13823,41.67578],[-124.13915,41.67487],[-124.13882,41.67444],[-124.14098,41.67234],[-124.13859,41.67177],[-124.13764,41.67063],[-124.13827,41.66707],[-124.13633,41.6656],[-124.13602,41.66395],[-124.13463,41.66172],[-124.13495,41.66007],[-124.13458,41.65696],[-124.12939,41.65293],[-124.12787,41.65371],[-124.12633,41.65577],[-124.12749,41.65387],[-124.12716,41.65373],[-124.12807,41.65345],[-124.1275,41.65345],[-124.12867,41.65249],[-124.12702,41.65091],[-124.12523,41.64673],[-124.12379,41.64617],[-124.12245,41.64359],[-124.11978,41.64111],[-124.11895,41.63767],[-124.11905,41.6338],[-124.11611,41.63025],[-124.11551,41.62868],[-124.11488,41.6251],[-124.11542,41.62146],[-124.11489,41.6205],[-124.11426,41.62031],[-124.11434,41.61939],[-124.11307,41.61758],[-124.11516,41.61608],[-124.11512,41.61509],[-124.1137,41.61576],[-124.11104,41.61439],[-124.10718,41.60985],[-124.105,41.60838],[-124.10454,41.60713],[-124.10491,41.60632],[-124.10145,41.6047],[-124.10053,41.60606],[-124.09892,41.60708],[-124.09833,41.60865],[-124.09682,41.61025],[-124.09741,41.6126],[-124.09602,41.6118],[-124.09441,41.61364],[-124.09311,41.61435],[-124.09014,41.62076],[-124.08953,41.62137],[-124.0877,41.62125],[-124.08467,41.62257],[-124.08199,41.62674],[-124.0802,41.62751],[-124.08078,41.62691],[-124.08046,41.6256],[-124.08206,41.62116],[-124.08108,41.61969],[-124.08296,41.62065],[-124.08585,41.62024],[-124.08719,41.61949],[-124.0883,41.61816],[-124.08838,41.61576],[-124.09304,41.61315],[-124.09511,41.60904],[-124.09447,41.60844],[-124.09535,41.60826],[-124.09707,41.60555],[-124.09869,41.60458],[-124.09828,41.60347],[-124.09926,41.60353],[-124.09978,41.60307],[-124.10053,41.59874],[-124.10064,41.59578],[-124.09889,41.59465],[-124.09772,41.5946],[-124.09816,41.59413],[-124.09765,41.59351],[-124.0957,41.59252],[-124.09649,41.59182],[-124.09456,41.59119],[-124.09548,41.59094],[-124.09561,41.5903],[-124.09385,41.59006],[-124.09449,41.58914],[-124.09275,41.58786],[-124.09286,41.58719],[-124.09206,41.58599],[-124.09057,41.58497],[-124.08844,41.58439],[-124.08771,41.58354],[-124.08455,41.58285],[-124.08437,41.58225],[-124.08935,41.58224],[-124.08916,41.58264],[-124.09045,41.58342],[-124.0919,41.58379],[-124.09211,41.58322],[-124.09313,41.58298],[-124.09249,41.58394],[-124.09308,41.58404],[-124.09355,41.58487],[-124.09461,41.5839],[-124.095,41.58403],[-124.09586,41.58457],[-124.0947,41.58573],[-124.09508,41.58616],[-124.09468,41.58663],[-124.09524,41.5866],[-124.09522,41.58742],[-124.09674,41.5899],[-124.0986,41.59041],[-124.09971,41.59021],[-124.09852,41.59135],[-124.0992,41.59279],[-124.10293,41.59471],[-124.10414,41.59438],[-124.1023,41.59174],[-124.10025,41.59058],[-124.10068,41.58942],[-124.0977,41.58704],[-124.09687,41.58449],[-124.0983,41.58314],[-124.09959,41.5809],[-124.10181,41.5792],[-124.0995,41.57709],[-124.09974,41.57637],[-124.10107,41.57603],[-124.1008,41.5752],[-124.10177,41.574],[-124.10076,41.57192],[-124.10147,41.5711],[-124.10093,41.56937],[-124.09935,41.56681],[-124.09851,41.56672],[-124.09757,41.56573],[-124.09891,41.56491],[-124.09856,41.56422],[-124.09885,41.56379],[-124.09733,41.56412],[-124.09577,41.56292],[-124.09566,41.56243],[-124.09613,41.56231],[-124.09558,41.56089],[-124.09612,41.56047],[-124.09492,41.55967],[-124.09485,41.55856],[-124.09301,41.5563],[-124.09306,41.55511],[-124.09173,41.55358],[-124.09009,41.55319],[-124.08894,41.5516],[-124.0865,41.5512],[-124.08335,41.5494],[-124.08285,41.54844],[-124.08047,41.5478],[-124.08027,41.5472],[-124.07826,41.54752],[-124.07501,41.54589],[-124.07426,41.54648],[-124.07248,41.54678],[-124.07048,41.54566],[-124.0689,41.54561],[-124.06546,41.54631],[-124.06321,41.54734],[-124.06247,41.54706],[-124.06045,41.54818],[-124.06139,41.55094],[-124.06129,41.5524],[-124.06266,41.55281],[-124.06191,41.55321],[-124.06198,41.55403],[-124.06304,41.55423],[-124.06412,41.55632],[-124.06704,41.55916],[-124.07063,41.55942],[-124.06925,41.56043],[-124.07001,41.5614],[-124.07334,41.56122],[-124.07225,41.56214],[-124.07254,41.5627],[-124.07159,41.56317],[-124.07186,41.5642],[-124.07319,41.56471],[-124.07225,41.56529],[-124.07212,41.56605],[-124.07253,41.5663],[-124.07248,41.56742],[-124.0731,41.56785],[-124.07123,41.56946],[-124.07372,41.57013],[-124.07571,41.56988],[-124.07676,41.57058],[-124.08,41.57012],[-124.08041,41.57062],[-124.07956,41.57056],[-124.07968,41.57101],[-124.07691,41.57169],[-124.07741,41.57264],[-124.07649,41.57288],[-124.07653,41.57235],[-124.07558,41.57151],[-124.07486,41.57177],[-124.07524,41.57244],[-124.07235,41.57199],[-124.07235,41.57309],[-124.07068,41.57115],[-124.07056,41.57147],[-124.06931,41.57116],[-124.06846,41.57168],[-124.06858,41.57213],[-124.06827,41.57188],[-124.0674,41.57266],[-124.06639,41.57206],[-124.06651,41.57138],[-124.06557,41.57393],[-124.06667,41.57068],[-124.06567,41.56959],[-124.06709,41.56956],[-124.06756,41.56884],[-124.0691,41.56817],[-124.06876,41.56641],[-124.06741,41.56456],[-124.06714,41.56586],[-124.06617,41.56706],[-124.0657,41.56699],[-124.06558,41.56643],[-124.06642,41.56576],[-124.06567,41.56568],[-124.06648,41.565],[-124.06629,41.56419],[-124.06261,41.56203],[-124.06105,41.56281],[-124.06115,41.56374],[-124.0604,41.56384],[-124.05932,41.56511],[-124.05878,41.56655],[-124.05713,41.56694],[-124.05645,41.56808],[-124.0536,41.5697],[-124.05177,41.57008],[-124.05224,41.56973],[-124.05167,41.56957],[-124.05109,41.57022],[-124.05162,41.56944],[-124.05384,41.56928],[-124.05622,41.5677],[-124.05678,41.56653],[-124.05565,41.56565],[-124.05476,41.56575],[-124.05471,41.56526],[-124.05512,41.5618],[-124.0545,41.56129],[-124.05514,41.56121],[-124.05504,41.56066],[-124.05623,41.55919],[-124.05569,41.55728],[-124.05611,41.55607],[-124.0522,41.55813],[-124.05183,41.5577],[-124.04868,41.55744],[-124.04981,41.55775],[-124.05108,41.55739],[-124.05047,41.55704],[-124.05147,41.55634],[-124.05162,41.55569],[-124.04908,41.5563],[-124.05184,41.55556],[-124.05287,41.55463],[-124.05259,41.55431],[-124.05393,41.5543],[-124.05462,41.55372],[-124.0523,41.54812],[-124.05163,41.54769],[-124.05198,41.54685],[-124.05098,41.54613],[-124.05028,41.54629],[-124.0503,41.54562],[-124.04872,41.54446],[-124.04592,41.54484],[-124.04638,41.54389],[-124.04771,41.54301],[-124.04733,41.54218],[-124.04565,41.54106],[-124.04111,41.53968],[-124.04746,41.53947],[-124.0482,41.53922],[-124.04851,41.53825],[-124.04708,41.53623],[-124.03689,41.5261],[-124.03505,41.52359],[-124.03382,41.52343],[-124.03434,41.52415],[-124.03349,41.52427],[-124.03387,41.52444],[-124.03351,41.52469],[-124.03253,41.52381],[-124.03301,41.52413],[-124.03313,41.52364],[-124.03218,41.52315],[-124.03189,41.52353],[-124.03198,41.52264],[-124.03125,41.52304],[-124.03163,41.52253],[-124.02983,41.52263],[-124.03117,41.52232],[-124.03249,41.52321],[-124.03409,41.52324],[-124.03268,41.52286],[-124.03316,41.52257],[-124.03224,41.52102],[-124.03341,41.52292],[-124.03476,41.52295],[-124.03322,41.52032],[-124.03235,41.52001],[-124.02879,41.51407],[-124.02856,41.51179],[-124.0331,41.51244],[-124.03701,41.51216],[-124.03812,41.51513],[-124.04241,41.51969],[-124.04254,41.52083],[-124.04464,41.52369],[-124.04722,41.52574],[-124.04589,41.52398],[-124.05224,41.52191],[-124.05717,41.51914],[-124.05741,41.51949],[-124.05691,41.52005],[-124.05779,41.52061],[-124.05655,41.52051],[-124.05457,41.52171],[-124.05339,41.52375],[-124.04804,41.52565],[-124.04758,41.52744],[-124.04827,41.52857],[-124.04995,41.52979],[-124.05028,41.52947],[-124.05293,41.53011],[-124.05487,41.5314],[-124.05627,41.53154],[-124.05645,41.53228],[-124.05753,41.53291],[-124.06505,41.53498],[-124.06663,41.53464],[-124.06671,41.53363],[-124.06747,41.53424],[-124.06868,41.53414],[-124.07009,41.53245],[-124.07057,41.5326],[-124.0704,41.53365],[-124.0724,41.53455],[-124.07304,41.53423],[-124.0747,41.53578],[-124.0793,41.53406],[-124.08074,41.53051],[-124.08203,41.52976],[-124.08141,41.52913],[-124.08203,41.52781],[-124.08158,41.52578],[-124.08203,41.52548],[-124.08168,41.52516],[-124.08222,41.52393],[-124.08117,41.52305],[-124.08103,41.5211],[-124.08058,41.52074],[-124.08071,41.52],[-124.0811,41.52],[-124.08056,41.5188],[-124.08103,41.51616],[-124.08172,41.51565],[-124.08075,41.51509],[-124.08047,41.51404],[-124.08101,41.51001],[-124.08007,41.50891],[-124.0785,41.50832],[-124.07874,41.5077],[-124.07818,41.50785],[-124.07739,41.50685],[-124.07654,41.50477],[-124.07667,41.50313],[-124.07502,41.50166],[-124.07426,41.50008],[-124.07385,41.49879],[-124.07398,41.49687],[-124.07474,41.49606],[-124.07514,41.49456],[-124.0743,41.49349],[-124.07446,41.49311],[-124.07316,41.49271],[-124.07152,41.48956],[-124.07108,41.48756],[-124.07114,41.484],[-124.07052,41.48374],[-124.07009,41.4823],[-124.0691,41.48134],[-124.06892,41.47987],[-124.06817,41.47901],[-124.06785,41.47698],[-124.06831,41.47579],[-124.06602,41.47148],[-124.06411,41.46456],[-124.38786,41.46386],[-124.37604,41.4745],[-124.36096,41.48615],[-124.36613,41.49733],[-124.37358,41.511],[-124.37937,41.52427],[-124.3829,41.53441],[-124.38573,41.54467],[-124.38783,41.55502],[-124.38931,41.56657],[-124.39659,41.58084],[-124.40151,41.59262],[-124.42504,41.60165],[-124.44847,41.61303],[-124.46671,41.62387],[-124.4819,41.63454],[-124.49559,41.641],[-124.50697,41.64707],[-124.51792,41.65357],[-124.5284,41.6605],[-124.54476,41.67292],[-124.55676,41.6836],[-124.5651,41.69201],[-124.57424,41.70231],[-124.58382,41.71066],[-124.59236,41.71895],[-124.60527,41.73348],[-124.61219,41.74259],[-124.61847,41.75195],[-124.62408,41.76154],[-124.62902,41.77135],[-124.63327,41.78133],[-124.63681,41.79146],[-124.64114,41.80862],[-124.64276,41.81902],[-124.64366,41.82947],[-124.64353,41.84709],[-124.64247,41.85753],[-124.64069,41.86792],[-124.6361,41.88504],[-124.631,41.89848],[-124.62466,41.91161],[-124.6171,41.92439],[-124.61066,41.93369],[-124.60107,41.94568],[-124.59315,41.95433],[-124.58167,41.96536],[-124.57164,41.97382],[-124.58328,41.98555],[-124.21165,41.99847],[-124.20497,41.99837],[-124.20723,41.99733],[-124.208,41.99616]]],[[[-124.19798,41.91214],[-124.19789,41.91134],[-124.19727,41.91206],[-124.19807,41.91339],[-124.19798,41.91214]]],[[[-124.19593,41.90423],[-124.19664,41.90397],[-124.1962,41.9029],[-124.19771,41.90228],[-124.19744,41.90094],[-124.19798,41.90094],[-124.1978,41.89997],[-124.19656,41.89979],[-124.19647,41.90103],[-124.19433,41.90246],[-124.19458,41.90297],[-124.19416,41.90352],[-124.19646,41.90533],[-124.19656,41.90592],[-124.19584,41.90676],[-124.19869,41.90823],[-124.19593,41.90423]]],[[[-124.19931,41.90041],[-124.201,41.8989],[-124.201,41.89783],[-124.19993,41.89819],[-124.19976,41.89748],[-124.20118,41.89659],[-124.20082,41.8957],[-124.19976,41.89561],[-124.19887,41.89739],[-124.19931,41.90041]]],[[[-124.19656,41.89766],[-124.19611,41.89801],[-124.197,41.89961],[-124.19709,41.89792],[-124.19656,41.89766]]],[[[-124.19416,41.89783],[-124.19389,41.89766],[-124.19353,41.8989],[-124.19433,41.89863],[-124.19416,41.89783]]],[[[-124.19647,41.89588],[-124.19753,41.89463],[-124.19682,41.89374],[-124.19576,41.89437],[-124.19567,41.89597],[-124.19647,41.89588]]],[[[-124.19327,41.89392],[-124.19176,41.89179],[-124.19184,41.89117],[-124.19318,41.89072],[-124.19336,41.88974],[-124.19282,41.8893],[-124.19087,41.89081],[-124.19087,41.89152],[-124.19273,41.89419],[-124.19451,41.8957],[-124.19416,41.89454],[-124.19327,41.89392]]],[[[-124.19549,41.88983],[-124.19576,41.88957],[-124.19504,41.88877],[-124.19407,41.88912],[-124.19549,41.88983]]],[[[-124.19611,41.88974],[-124.19611,41.89028],[-124.19673,41.89037],[-124.19673,41.88939],[-124.19531,41.88841],[-124.19611,41.88974]]],[[[-124.19842,41.89028],[-124.19887,41.89028],[-124.19896,41.88974],[-124.19762,41.88726],[-124.19718,41.88726],[-124.19736,41.88859],[-124.19842,41.89028]]],[[[-124.19949,41.88823],[-124.2002,41.88868],[-124.20038,41.88717],[-124.20082,41.8869],[-124.20029,41.88583],[-124.1994,41.88574],[-124.19949,41.88823]]],[[[-124.20477,41.88697],[-124.20527,41.88699],[-124.20462,41.88628],[-124.20477,41.88697]]],[[[-124.20482,41.8877],[-124.20518,41.8877],[-124.20509,41.88726],[-124.20473,41.88726],[-124.20482,41.8877]]],[[[-124.20425,41.88926],[-124.20402,41.88956],[-124.20482,41.89046],[-124.20491,41.88894],[-124.20425,41.88926]]],[[[-124.20361,41.89019],[-124.2042,41.89134],[-124.20411,41.89037],[-124.20361,41.89019]]],[[[-124.20322,41.89117],[-124.20291,41.89166],[-124.2034,41.89268],[-124.20393,41.89277],[-124.20322,41.89117]]],[[[-124.20029,41.8917],[-124.20011,41.89063],[-124.19896,41.89063],[-124.19931,41.89277],[-124.20011,41.89268],[-124.20029,41.8917]]],[[[-124.2034,41.89339],[-124.20331,41.89392],[-124.20376,41.8941],[-124.20447,41.89374],[-124.20438,41.89339],[-124.2034,41.89339]]],[[[-124.20073,41.9021],[-124.20136,41.90183],[-124.20082,41.90157],[-124.20073,41.9021]]],[[[-124.19789,41.88041],[-124.19744,41.88059],[-124.19744,41.88139],[-124.19816,41.88272],[-124.19949,41.88308],[-124.19967,41.88174],[-124.19789,41.88041]]],[[[-124.19976,41.87579],[-124.19922,41.87659],[-124.19993,41.8765],[-124.19976,41.87579]]],[[[-124.19789,41.8709],[-124.19824,41.8717],[-124.1978,41.87321],[-124.19833,41.87366],[-124.19976,41.8717],[-124.19789,41.8709]]],[[[-124.19887,41.86966],[-124.19897,41.87037],[-124.1994,41.87054],[-124.19887,41.86966]]],[[[-124.23065,41.80136],[-124.22955,41.79904],[-124.2309,41.8],[-124.23006,41.79829],[-124.23259,41.80121],[-124.23291,41.80106],[-124.23228,41.80028],[-124.23273,41.80055],[-124.2326,41.79995],[-124.22983,41.79734],[-124.22859,41.79738],[-124.22959,41.80024],[-124.23065,41.80136]]],[[[-124.20337,41.74438],[-124.20327,41.74395],[-124.20264,41.74423],[-124.20337,41.74438]]],[[[-124.18533,41.74012],[-124.18518,41.73965],[-124.18408,41.74004],[-124.18533,41.74012]]]]}},{"type":"Feature","properties":{"c":"zone"},"geometry":{"type":"MultiPolygon","coordinates":[[[[-124.40063,40.43235],[-124.39726,40.43107],[-124.39499,40.43115],[-124.39643,40.43086],[-124.39597,40.42984],[-124.3952,40.42944],[-124.39573,40.42899],[-124.39535,40.42968],[-124.39668,40.42908],[-124.39735,40.4308],[-124.40024,40.4314],[-124.40063,40.43235]]],[[[-124.36478,40.46679],[-124.36688,40.46568],[-124.36575,40.4667],[-124.36352,40.46724],[-124.36478,40.46679]]],[[[-124.2696,40.59552],[-124.26785,40.59443],[-124.26949,40.59404],[-124.27315,40.59408],[-124.27481,40.59471],[-124.27455,40.59532],[-124.27369,40.59502],[-124.2696,40.59552]]],[[[-124.19847,40.61432],[-124.19332,40.6126],[-124.18835,40.60828],[-124.18511,40.60612],[-124.18145,40.60479],[-124.18044,40.60387],[-124.1799,40.60436],[-124.18025,40.60378],[-124.17915,40.60327],[-124.17379,40.6021],[-124.16658,40.59764],[-124.16389,40.59649],[-124.1629,40.59531],[-124.16233,40.5921],[-124.16255,40.59071],[-124.16644,40.58696],[-124.16737,40.5882],[-124.17229,40.58935],[-124.17759,40.59256],[-124.18029,40.59493],[-124.18249,40.59561],[-124.18616,40.60006],[-124.18874,40.6015],[-124.19029,40.60335],[-124.19908,40.60678],[-124.20201,40.6084],[-124.2047,40.61116],[-124.20269,40.61461],[-124.19847,40.61432]]],[[[-124.2019,40.69937],[-124.20236,40.69903],[-124.20278,40.69926],[-124.2019,40.69937]]],[[[-124.16119,40.76194],[-124.16238,40.7618],[-124.16178,40.76136],[-124.16332,40.7614],[-124.16328,40.7608],[-124.16362,40.76073],[-124.16341,40.76137],[-124.16395,40.76118],[-124.16236,40.76199],[-124.16065,40.76437],[-124.1602,40.76433],[-124.16007,40.76369],[-124.16088,40.76307],[-124.16119,40.76194]]],[[[-124.16615,40.76211],[-124.16497,40.76223],[-124.1641,40.76136],[-124.16436,40.76087],[-124.16705,40.76079],[-124.16998,40.75834],[-124.17237,40.75895],[-124.17216,40.75957],[-124.17119,40.75954],[-124.17082,40.76045],[-124.16858,40.7616],[-124.16962,40.76388],[-124.16937,40.76545],[-124.16877,40.76539],[-124.16706,40.76259],[-124.16615,40.76211]]],[[[-124.13894,40.79516],[-124.13914,40.79625],[-124.1386,40.79602],[-124.13894,40.79516]]],[[[-124.14349,40.79755],[-124.14335,40.79718],[-124.1444,40.79645],[-124.1444,40.79466],[-124.14492,40.79441],[-124.14526,40.79704],[-124.14482,40.79754],[-124.14349,40.79755]]],[[[-124.1508,40.80292],[-124.14953,40.80286],[-124.15085,40.80171],[-124.1514,40.80243],[-124.1508,40.80292]]],[[[-124.14715,40.8031],[-124.1474,40.80262],[-124.1482,40.80303],[-124.14715,40.8031]]],[[[-124.14961,40.80368],[-124.1495,40.8032],[-124.15032,40.8032],[-124.14961,40.80368]]],[[[-124.08812,40.86598],[-124.08897,40.86539],[-124.08876,40.86596],[-124.08812,40.86598]]],[[[-124.08986,40.9178],[-124.08564,40.91751],[-124.08299,40.91638],[-124.08252,40.91548],[-124.08291,40.91381],[-124.08206,40.91169],[-124.08234,40.91139],[-124.08258,40.91263],[-124.08324,40.91037],[-124.0828,40.91252],[-124.08333,40.9141],[-124.0849,40.91066],[-124.08409,40.90938],[-124.0822,40.90844],[-124.08033,40.90825],[-124.07691,40.90953],[-124.07684,40.90877],[-124.08006,40.90729],[-124.08314,40.90782],[-124.08474,40.90874],[-124.08573,40.91082],[-124.08405,40.91435],[-124.08412,40.91605],[-124.08631,40.91691],[-124.08736,40.91698],[-124.08625,40.91649],[-124.08914,40.91708],[-124.09284,40.91625],[-124.0933,40.91713],[-124.08986,40.9178]]],[[[-124.0998,41.15747],[-124.09649,41.15577],[-124.09601,41.15488],[-124.09595,41.15382],[-124.09664,41.15324],[-124.09831,41.15342],[-124.09859,41.15295],[-124.09855,41.15336],[-124.09933,41.15304],[-124.09967,41.15336],[-124.09994,41.15281],[-124.09861,41.15277],[-124.09792,41.15195],[-124.09782,41.15031],[-124.09945,41.1487],[-124.09835,41.14606],[-124.09967,41.14801],[-124.09951,41.14899],[-124.09826,41.15016],[-124.09834,41.1519],[-124.09917,41.15249],[-124.09932,41.15214],[-124.0986,41.15195],[-124.10077,41.15089],[-124.0998,41.15156],[-124.10082,41.15292],[-124.10042,41.15166],[-124.10096,41.15147],[-124.10202,41.15555],[-124.10085,41.15729],[-124.0998,41.15747]]],[[[-124.10263,41.17646],[-124.10235,41.17604],[-124.1019,41.17644],[-124.10162,41.17611],[-124.10245,41.17561],[-124.10315,41.17645],[-124.10263,41.17646]]],[[[-124.04435,41.30905],[-124.04205,41.30796],[-124.04079,41.30648],[-124.04118,41.30513],[-124.04072,41.3045],[-124.04311,41.30324],[-124.04261,41.30266],[-124.04419,41.30253],[-124.04403,41.30194],[-124.04457,41.30206],[-124.0443,41.30142],[-124.04398,41.30174],[-124.04406,41.30087],[-124.04497,41.30157],[-124.04557,41.30144],[-124.04468,41.30025],[-124.04729,41.30151],[-124.0468,41.30095],[-124.04697,41.30049],[-124.04646,41.30057],[-124.0472,41.30003],[-124.04103,41.30006],[-124.0384,41.30073],[-124.03397,41.29897],[-124.03314,41.29796],[-124.03108,41.29732],[-124.03025,41.29652],[-124.0299,41.29436],[-124.02833,41.29251],[-124.02839,41.29034],[-124.02907,41.29012],[-124.03038,41.2906],[-124.03103,41.29433],[-124.03213,41.29576],[-124.03262,41.29584],[-124.03242,41.29522],[-124.03326,41.29582],[-124.03223,41.29427],[-124.03325,41.29519],[-124.03441,41.29543],[-124.0338,41.29516],[-124.03433,41.29472],[-124.033,41.29305],[-124.03535,41.29494],[-124.03741,41.2958],[-124.03832,41.29691],[-124.04188,41.29793],[-124.04891,41.29887],[-124.05033,41.2984],[-124.05231,41.29616],[-124.0558,41.28917],[-124.0571,41.28827],[-124.05874,41.28794],[-124.05859,41.28897],[-124.05668,41.29006],[-124.05358,41.29638],[-124.05057,41.29982],[-124.04696,41.30214],[-124.04434,41.30302],[-124.04408,41.305],[-124.04512,41.30629],[-124.04521,41.3076],[-124.04506,41.30871],[-124.04426,41.30873],[-124.04525,41.30901],[-124.04435,41.30905]]],[[[-124.06233,41.31401],[-124.05756,41.31146],[-124.05293,41.31053],[-124.05084,41.31051],[-124.04888,41.31116],[-124.04832,41.31154],[-124.04831,41.31223],[-124.04674,41.31334],[-124.04763,41.31202],[-124.04752,41.31126],[-124.04676,41.31093],[-124.04744,41.31069],[-124.047,41.31063],[-124.04636,41.30914],[-124.04603,41.30961],[-124.04668,41.31013],[-124.04662,41.31074],[-124.04578,41.31079],[-124.04629,41.31113],[-124.04644,41.31212],[-124.0445,41.31313],[-124.04461,41.31379],[-124.04412,41.31382],[-124.044,41.31445],[-124.04417,41.31321],[-124.04632,41.31197],[-124.04608,41.31108],[-124.04524,41.31142],[-124.04568,41.31061],[-124.04639,41.31054],[-124.04574,41.30954],[-124.04608,41.30907],[-124.04538,41.309],[-124.04578,41.30884],[-124.04527,41.30622],[-124.04899,41.30773],[-124.0506,41.30889],[-124.05619,41.30927],[-124.06244,41.31289],[-124.06289,41.31345],[-124.06233,41.31401]]],[[[-123.94579,41.46395],[-123.94529,41.46318],[-123.94364,41.46306],[-123.94078,41.4639],[-123.94039,41.46472],[-123.93963,41.46471],[-123.93677,41.46291],[-123.93796,41.4623],[-123.93865,41.46352],[-123.93979,41.46367],[-123.94122,41.46271],[-123.94416,41.46187],[-123.94861,41.46469],[-123.94902,41.46538],[-123.94757,41.4654],[-123.94579,41.46395]]],[[[-124.38786,41.46386],[-124.06411,41.46456],[-124.06419,41.46377],[-124.0623,41.46344],[-124.06401,41.46344],[-124.06583,41.46204],[-124.06535,41.46119],[-124.06574,41.45886],[-124.06491,41.45362],[-124.06557,41.45127],[-124.06272,41.44518],[-124.06243,41.44361],[-124.06028,41.44166],[-124.05823,41.4412],[-124.05936,41.44071],[-124.05936,41.4371],[-124.05819,41.43529],[-124.05674,41.43478],[-124.05846,41.43509],[-124.05887,41.43373],[-124.05868,41.43165],[-124.0595,41.42892],[-124.05934,41.42788],[-124.05892,41.42791],[-124.05943,41.42768],[-124.05916,41.4271],[-124.06002,41.42488],[-124.06029,41.42142],[-124.0612,41.41947],[-124.06076,41.41856],[-124.06117,41.41857],[-124.06164,41.41754],[-124.06178,41.41439],[-124.06262,41.4123],[-124.0625,41.41105],[-124.06339,41.4072],[-124.06218,41.40701],[-124.06347,41.40667],[-124.06396,41.40575],[-124.06362,41.40381],[-124.06108,41.40182],[-124.05966,41.4017],[-124.06112,41.40175],[-124.06364,41.40353],[-124.0637,41.40293],[-124.06492,41.40188],[-124.06533,41.39665],[-124.06451,41.39644],[-124.0653,41.39646],[-124.06667,41.39346],[-124.06774,41.38653],[-124.06648,41.38658],[-124.06544,41.38729],[-124.06627,41.38651],[-124.0675,41.38619],[-124.06764,41.38554],[-124.06592,41.38409],[-124.06658,41.38384],[-124.06585,41.38255],[-124.0651,41.38236],[-124.06598,41.3825],[-124.06732,41.38455],[-124.06817,41.38435],[-124.07452,41.35745],[-124.07317,41.35798],[-124.07383,41.35852],[-124.07291,41.35859],[-124.07273,41.35916],[-124.07374,41.35948],[-124.07345,41.35985],[-124.07244,41.35981],[-124.07324,41.36144],[-124.07228,41.36098],[-124.07161,41.36161],[-124.07114,41.36409],[-124.07144,41.36558],[-124.07087,41.36616],[-124.07013,41.36384],[-124.07044,41.36145],[-124.07002,41.36118],[-124.07049,41.36105],[-124.07073,41.36038],[-124.07011,41.36011],[-124.07068,41.35991],[-124.0709,41.35889],[-124.0703,41.35856],[-124.07094,41.35839],[-124.07009,41.35755],[-124.07127,41.35758],[-124.07139,41.35686],[-124.0709,41.35646],[-124.07151,41.35613],[-124.07087,41.3557],[-124.07196,41.35586],[-124.07192,41.3555],[-124.0726,41.35568],[-124.07265,41.3551],[-124.07361,41.35514],[-124.07293,41.35453],[-124.07286,41.35364],[-124.07116,41.35326],[-124.07217,41.35238],[-124.07134,41.35196],[-124.07212,41.3517],[-124.07128,41.35102],[-124.06995,41.35143],[-124.06898,41.3538],[-124.06809,41.35439],[-124.0687,41.35204],[-124.06748,41.35114],[-124.06849,41.35118],[-124.06883,41.35076],[-124.06706,41.34961],[-124.06823,41.34982],[-124.06855,41.34948],[-124.06951,41.35023],[-124.06974,41.34982],[-124.07021,41.34996],[-124.07038,41.34938],[-124.07109,41.34947],[-124.07101,41.34861],[-124.07194,41.34922],[-124.07286,41.34869],[-124.07296,41.34975],[-124.07452,41.34978],[-124.07486,41.35044],[-124.07388,41.35086],[-124.07481,41.35119],[-124.07447,41.35192],[-124.07508,41.35282],[-124.07566,41.35281],[-124.07629,41.35207],[-124.07639,41.35031],[-124.07699,41.34975],[-124.07764,41.34742],[-124.07678,41.34777],[-124.07697,41.34713],[-124.07535,41.34711],[-124.07732,41.34657],[-124.07537,41.34611],[-124.07643,41.34577],[-124.07543,41.34515],[-124.07415,41.34486],[-124.07281,41.3452],[-124.07128,41.34469],[-124.07275,41.34481],[-124.07384,41.34431],[-124.07311,41.34297],[-124.07325,41.3423],[-124.07338,41.34307],[-124.07468,41.34432],[-124.0755,41.34409],[-124.07829,41.34525],[-124.07859,41.34501],[-124.07846,41.3438],[-124.07768,41.34357],[-124.0788,41.34316],[-124.07923,41.34246],[-124.07954,41.34168],[-124.07921,41.34106],[-124.08208,41.33293],[-124.08167,41.3325],[-124.08201,41.33253],[-124.08367,41.32851],[-124.08448,41.32361],[-124.08591,41.32234],[-124.0858,41.3219],[-124.08417,41.32116],[-124.08457,41.32068],[-124.08426,41.3202],[-124.087,41.31193],[-124.08787,41.30451],[-124.09109,41.29643],[-124.09078,41.29358],[-124.0904,41.29356],[-124.08885,41.29421],[-124.08898,41.29644],[-124.08212,41.29729],[-124.0815,41.29821],[-124.08222,41.29895],[-124.08304,41.30157],[-124.08293,41.30269],[-124.08182,41.30263],[-124.07973,41.30085],[-124.07573,41.29909],[-124.07491,41.29824],[-124.0741,41.29875],[-124.07284,41.29827],[-124.07246,41.29769],[-124.07296,41.29683],[-124.07244,41.29601],[-124.06851,41.29416],[-124.06588,41.2899],[-124.06463,41.29025],[-124.06501,41.28958],[-124.06417,41.28869],[-124.06239,41.28881],[-124.0649,41.28824],[-124.05878,41.28896],[-124.05894,41.28791],[-124.06585,41.2869],[-124.06667,41.28477],[-124.07062,41.28467],[-124.06694,41.28456],[-124.0667,41.28395],[-124.06603,41.28446],[-124.06471,41.28449],[-124.06454,41.28388],[-124.06337,41.28364],[-124.06221,41.28453],[-124.06247,41.28285],[-124.06209,41.28313],[-124.06089,41.28216],[-124.06063,41.28296],[-124.061,41.28331],[-124.06018,41.28447],[-124.0586,41.28422],[-124.05869,41.28479],[-124.05908,41.2846],[-124.05944,41.28505],[-124.05886,41.28567],[-124.05759,41.28465],[-124.05542,41.28501],[-124.05835,41.28211],[-124.05816,41.28146],[-124.06406,41.27784],[-124.06891,41.27579],[-124.07071,41.2743],[-124.07253,41.27497],[-124.07259,41.27575],[-124.07383,41.27565],[-124.07412,41.27684],[-124.0733,41.27888],[-124.07587,41.28043],[-124.07836,41.28518],[-124.08188,41.28661],[-124.08408,41.28573],[-124.0858,41.28619],[-124.08715,41.28533],[-124.08717,41.28464],[-124.088,41.28393],[-124.08904,41.28367],[-124.09133,41.28191],[-124.09272,41.28174],[-124.0938,41.27881],[-124.09342,41.27822],[-124.08879,41.2757],[-124.08788,41.27447],[-124.08853,41.27317],[-124.09081,41.27243],[-124.0904,41.27152],[-124.09075,41.27069],[-124.0894,41.26962],[-124.09018,41.26801],[-124.0894,41.26492],[-124.08863,41.2638],[-124.08978,41.26252],[-124.09104,41.26207],[-124.0913,41.26146],[-124.09088,41.26007],[-124.09135,41.25861],[-124.09317,41.25804],[-124.09359,41.25889],[-124.09492,41.25911],[-124.09398,41.26018],[-124.09639,41.26119],[-124.09644,41.26304],[-124.09554,41.26359],[-124.09712,41.26464],[-124.09737,41.26628],[-124.09979,41.26613],[-124.09818,41.26362],[-124.09905,41.25952],[-124.09713,41.25785],[-124.09703,41.25707],[-124.09593,41.25582],[-124.09673,41.25464],[-124.09675,41.25334],[-124.09444,41.25244],[-124.09186,41.25274],[-124.08977,41.25113],[-124.08969,41.25022],[-124.08916,41.24997],[-124.08937,41.24938],[-124.08868,41.24906],[-124.08926,41.24854],[-124.08886,41.24785],[-124.08989,41.24642],[-124.08802,41.2439],[-124.08599,41.24338],[-124.08565,41.24285],[-124.08355,41.23834],[-124.08333,41.23745],[-124.08381,41.23565],[-124.08252,41.2347],[-124.08213,41.23324],[-124.08359,41.23054],[-124.08359,41.22883],[-124.08419,41.22775],[-124.08713,41.22562],[-124.08768,41.22467],[-124.08708,41.22443],[-124.08785,41.22465],[-124.08771,41.22272],[-124.08975,41.22268],[-124.0923,41.22098],[-124.09185,41.22202],[-124.09308,41.22204],[-124.0938,41.22266],[-124.09357,41.22318],[-124.09784,41.221],[-124.10044,41.22052],[-124.10424,41.22071],[-124.10397,41.22134],[-124.10626,41.22204],[-124.10753,41.22137],[-124.10886,41.22173],[-124.10958,41.22044],[-124.11052,41.21998],[-124.1118,41.21642],[-124.11219,41.21276],[-124.11125,41.20735],[-124.11163,41.20741],[-124.11174,41.20644],[-124.11092,41.20565],[-124.1112,41.2044],[-124.11061,41.20421],[-124.11158,41.20328],[-124.11118,41.20128],[-124.11168,41.20116],[-124.112,41.20018],[-124.11114,41.19789],[-124.11005,41.19663],[-124.11116,41.19539],[-124.11106,41.19475],[-124.10837,41.19382],[-124.11068,41.19287],[-124.11061,41.19056],[-124.10975,41.18933],[-124.1098,41.18791],[-124.10846,41.1877],[-124.10978,41.18609],[-124.10897,41.18448],[-124.10786,41.1836],[-124.10837,41.18284],[-124.10777,41.18238],[-124.10878,41.18224],[-124.1079,41.18146],[-124.10787,41.17956],[-124.10451,41.17712],[-124.10447,41.17586],[-124.10335,41.17632],[-124.10267,41.17556],[-124.10405,41.17453],[-124.10415,41.17363],[-124.10396,41.17299],[-124.10342,41.17349],[-124.10263,41.17276],[-124.10297,41.17255],[-124.10258,41.17225],[-124.10339,41.17177],[-124.10333,41.17077],[-124.1029,41.17021],[-124.10233,41.17039],[-124.10275,41.16993],[-124.10219,41.16908],[-124.10502,41.16604],[-124.10394,41.16529],[-124.10172,41.16502],[-124.10142,41.16449],[-124.10373,41.16444],[-124.10567,41.16497],[-124.10275,41.16247],[-124.10167,41.16066],[-124.10229,41.16012],[-124.1014,41.15889],[-124.0998,41.15827],[-124.10221,41.15607],[-124.10895,41.1544],[-124.11062,41.15583],[-124.11267,41.15534],[-124.1135,41.15672],[-124.11643,41.15768],[-124.1177,41.15885],[-124.11774,41.15962],[-124.11542,41.16053],[-124.11812,41.15983],[-124.11942,41.16021],[-124.11865,41.16139],[-124.1195,41.16211],[-124.11908,41.16295],[-124.1197,41.16398],[-124.12212,41.1642],[-124.12499,41.16515],[-124.12469,41.1661],[-124.12531,41.1668],[-124.12738,41.16662],[-124.12948,41.16462],[-124.12895,41.16204],[-124.1282,41.16171],[-124.12858,41.16126],[-124.12765,41.1601],[-124.12946,41.1604],[-124.13139,41.16193],[-124.13428,41.16125],[-124.13479,41.15962],[-124.13423,41.1592],[-124.13487,41.15917],[-124.13519,41.15858],[-124.14075,41.14528],[-124.14441,41.14199],[-124.1464,41.14091],[-124.14612,41.14026],[-124.14651,41.13999],[-124.14683,41.14074],[-124.14898,41.14028],[-124.15083,41.14092],[-124.15311,41.14071],[-124.15333,41.14117],[-124.15469,41.14112],[-124.15824,41.14261],[-124.1607,41.14115],[-124.16184,41.14127],[-124.16111,41.14065],[-124.16127,41.14],[-124.16167,41.1402],[-124.16345,41.13835],[-124.16128,41.1357],[-124.16201,41.13453],[-124.16007,41.13303],[-124.161,41.1326],[-124.16175,41.13282],[-124.16174,41.13222],[-124.16351,41.1304],[-124.1653,41.12999],[-124.16228,41.12744],[-124.16116,41.12536],[-124.15946,41.12415],[-124.15855,41.12201],[-124.15869,41.12045],[-124.16055,41.11961],[-124.159,41.11744],[-124.15942,41.11354],[-124.15913,41.11184],[-124.15989,41.11077],[-124.16072,41.11045],[-124.1616,41.10854],[-124.16093,41.10719],[-124.16113,41.10557],[-124.15987,41.10461],[-124.16227,41.10237],[-124.16235,41.10142],[-124.16309,41.10112],[-124.16222,41.10104],[-124.15997,41.09918],[-124.16006,41.0985],[-124.1591,41.09766],[-124.15935,41.09623],[-124.15798,41.0946],[-124.15729,41.09171],[-124.1555,41.09097],[-124.15526,41.0899],[-124.15563,41.08916],[-124.15398,41.0885],[-124.15432,41.08842],[-124.15428,41.08656],[-124.15635,41.08552],[-124.15736,41.08567],[-124.15771,41.08639],[-124.15789,41.08579],[-124.15935,41.0859],[-124.15953,41.0855],[-124.15869,41.08481],[-124.15753,41.08539],[-124.15702,41.08515],[-124.15721,41.08485],[-124.15597,41.08459],[-124.15565,41.08292],[-124.15632,41.08105],[-124.15555,41.08022],[-124.15529,41.07801],[-124.1544,41.07753],[-124.1559,41.07627],[-124.15692,41.07625],[-124.15626,41.07548],[-124.1576,41.07433],[-124.15951,41.07371],[-124.1586,41.07341],[-124.15921,41.07242],[-124.15744,41.07071],[-124.15757,41.06998],[-124.15903,41.06964],[-124.15833,41.06813],[-124.15764,41.0678],[-124.15716,41.06818],[-124.15556,41.06747],[-124.15623,41.06719],[-124.1557,41.06671],[-124.15476,41.06717],[-124.15391,41.06869],[-124.15278,41.06865],[-124.15004,41.06699],[-124.1501,41.06606],[-124.1496,41.0654],[-124.151,41.06403],[-124.14863,41.06296],[-124.14827,41.06197],[-124.14726,41.06254],[-124.14632,41.06242],[-124.14724,41.06238],[-124.14794,41.06161],[-124.14821,41.05952],[-124.14883,41.05864],[-124.14869,41.05762],[-124.14702,41.05694],[-124.14579,41.05746],[-124.145,41.05713],[-124.14433,41.05769],[-124.14008,41.05734],[-124.13667,41.05554],[-124.13451,41.05545],[-124.13424,41.05425],[-124.13288,41.05361],[-124.13272,41.05286],[-124.12932,41.05178],[-124.12753,41.04974],[-124.12523,41.04928],[-124.1243,41.04796],[-124.12562,41.04714],[-124.12534,41.04659],[-124.12388,41.04668],[-124.1238,41.0457],[-124.12264,41.04431],[-124.12112,41.04371],[-124.1202,41.04236],[-124.11896,41.04203],[-124.12011,41.04102],[-124.12047,41.03973],[-124.1212,41.03947],[-124.11874,41.03895],[-124.11835,41.03698],[-124.11881,41.03584],[-124.11764,41.03608],[-124.11542,41.03176],[-124.11287,41.03203],[-124.11292,41.03144],[-124.11189,41.03093],[-124.1121,41.03002],[-124.11112,41.02986],[-124.10965,41.02796],[-124.10784,41.02746],[-124.10718,41.02505],[-124.10661,41.0255],[-124.10523,41.02537],[-124.10303,41.02454],[-124.10664,41.02429],[-124.10703,41.02353],[-124.10561,41.02337],[-124.10683,41.02159],[-124.10634,41.02066],[-124.10437,41.02082],[-124.10233,41.01988],[-124.10164,41.02032],[-124.10061,41.02008],[-124.1002,41.01946],[-124.10133,41.01933],[-124.10148,41.01878],[-124.09742,41.01722],[-124.09634,41.01529],[-124.09304,41.01506],[-124.09258,41.01376],[-124.09066,41.01271],[-124.0905,41.01168],[-124.08948,41.01137],[-124.09141,41.0107],[-124.08881,41.01038],[-124.08606,41.00871],[-124.08528,41.00876],[-124.08639,41.00851],[-124.08978,41.01025],[-124.09145,41.0106],[-124.09235,41.01026],[-124.09098,41.01025],[-124.09004,41.00916],[-124.09252,41.00905],[-124.09381,41.00957],[-124.0928,41.00839],[-124.09154,41.00793],[-124.091,41.0072],[-124.09115,41.00652],[-124.09044,41.00629],[-124.09169,41.00433],[-124.09301,41.0045],[-124.09201,41.00422],[-124.09223,41.00376],[-124.09358,41.00338],[-124.09493,41.00431],[-124.09559,41.00603],[-124.09715,41.00714],[-124.09793,41.00746],[-124.1013,41.00723],[-124.10288,41.00846],[-124.10292,41.00908],[-124.10392,41.00876],[-124.10328,41.00948],[-124.10274,41.00921],[-124.10446,41.01031],[-124.1082,41.00966],[-124.10792,41.01002],[-124.10851,41.01032],[-124.10954,41.00993],[-124.11172,40.99903],[-124.11081,40.99864],[-124.11107,40.99808],[-124.10989,40.99807],[-124.10914,40.99722],[-124.10835,40.99712],[-124.11136,40.99771],[-124.11157,40.99832],[-124.11242,40.99622],[-124.11185,40.99505],[-124.11017,40.9945],[-124.11164,40.99443],[-124.1115,40.99274],[-124.1105,40.99126],[-124.10932,40.99113],[-124.11002,40.9907],[-124.10883,40.98983],[-124.10965,40.98988],[-124.11094,40.99088],[-124.11153,40.9921],[-124.11257,40.99209],[-124.11273,40.99317],[-124.11314,40.99276],[-124.11509,40.98533],[-124.11472,40.98468],[-124.11535,40.9845],[-124.11708,40.97749],[-124.11751,40.97738],[-124.11895,40.96815],[-124.12052,40.96416],[-124.12011,40.96302],[-124.11973,40.96341],[-124.11957,40.96302],[-124.11887,40.96319],[-124.11968,40.96278],[-124.11804,40.96227],[-124.11892,40.96204],[-124.11892,40.96164],[-124.11754,40.96085],[-124.11655,40.96107],[-124.11634,40.95896],[-124.11739,40.96011],[-124.11923,40.96048],[-124.12032,40.96201],[-124.12094,40.96173],[-124.12288,40.95643],[-124.1232,40.95341],[-124.12362,40.95354],[-124.12473,40.94999],[-124.12362,40.94832],[-124.125,40.94912],[-124.12612,40.94604],[-124.12575,40.94556],[-124.12631,40.94539],[-124.12684,40.94414],[-124.12821,40.93835],[-124.12763,40.9374],[-124.12811,40.93548],[-124.1275,40.93311],[-124.11802,40.92859],[-124.11418,40.92558],[-124.11231,40.92524],[-124.1104,40.92605],[-124.1082,40.92493],[-124.10837,40.92406],[-124.10931,40.92394],[-124.10896,40.92353],[-124.10476,40.92354],[-124.10565,40.92277],[-124.10867,40.92193],[-124.10928,40.9225],[-124.10943,40.92084],[-124.1103,40.92323],[-124.11091,40.92314],[-124.11135,40.92422],[-124.11209,40.92454],[-124.11107,40.92237],[-124.11058,40.91884],[-124.10982,40.91882],[-124.10957,40.91932],[-124.10876,40.91903],[-124.10812,40.91829],[-124.10906,40.91804],[-124.10642,40.91745],[-124.10635,40.91673],[-124.10693,40.91666],[-124.10149,40.9158],[-124.09844,40.91575],[-124.0937,40.91694],[-124.09317,40.91613],[-124.09696,40.91481],[-124.10062,40.91443],[-124.10382,40.91552],[-124.10926,40.91622],[-124.11103,40.91753],[-124.11293,40.92251],[-124.11392,40.92392],[-124.11494,40.92435],[-124.11573,40.92412],[-124.11657,40.92267],[-124.11796,40.92313],[-124.11836,40.92268],[-124.12074,40.92245],[-124.12465,40.9211],[-124.12448,40.92026],[-124.12313,40.91953],[-124.12314,40.91865],[-124.12174,40.91812],[-124.12048,40.91845],[-124.12037,40.91737],[-124.11961,40.91707],[-124.11989,40.9163],[-124.11883,40.91652],[-124.11869,40.91566],[-124.11633,40.91511],[-124.11509,40.91255],[-124.1138,40.91187],[-124.11353,40.91092],[-124.11163,40.90918],[-124.11054,40.90713],[-124.11112,40.90576],[-124.11254,40.90442],[-124.1149,40.90377],[-124.11434,40.90337],[-124.11246,40.90386],[-124.11149,40.90338],[-124.11307,40.90359],[-124.1152,40.90256],[-124.11333,40.90238],[-124.11318,40.90186],[-124.11429,40.90069],[-124.11519,40.90042],[-124.11519,40.89801],[-124.11613,40.89637],[-124.11654,40.89374],[-124.11918,40.89118],[-124.11916,40.88985],[-124.11988,40.88877],[-124.11895,40.88733],[-124.1192,40.88483],[-124.11724,40.88102],[-124.11843,40.87942],[-124.12109,40.87821],[-124.122,40.87677],[-124.11958,40.87741],[-124.11548,40.87688],[-124.11534,40.87644],[-124.11952,40.87712],[-124.12029,40.87677],[-124.12016,40.87634],[-124.11881,40.87541],[-124.11816,40.87592],[-124.11733,40.87567],[-124.11661,40.87337],[-124.11312,40.87143],[-124.11187,40.86966],[-124.11086,40.86933],[-124.10609,40.86986],[-124.10586,40.86852],[-124.10544,40.86844],[-124.1029,40.8687],[-124.10123,40.87096],[-124.10082,40.86989],[-124.10077,40.87127],[-124.09973,40.87245],[-124.09732,40.87286],[-124.09771,40.87457],[-124.0974,40.87499],[-124.09494,40.87525],[-124.09719,40.87495],[-124.09664,40.87298],[-124.0993,40.87145],[-124.09865,40.8693],[-124.09733,40.8683],[-124.09782,40.86696],[-124.09415,40.86621],[-124.09408,40.86558],[-124.09292,40.86496],[-124.09273,40.86416],[-124.0916,40.86327],[-124.09004,40.86395],[-124.08952,40.86472],[-124.08917,40.86456],[-124.089,40.86517],[-124.08824,40.86501],[-124.08847,40.86435],[-124.08769,40.86405],[-124.08616,40.86431],[-124.08326,40.86134],[-124.08373,40.86223],[-124.08323,40.86287],[-124.08386,40.86346],[-124.08327,40.86423],[-124.08256,40.8642],[-124.08181,40.86341],[-124.08231,40.86261],[-124.08156,40.86193],[-124.08174,40.86155],[-124.07997,40.86198],[-124.07715,40.86134],[-124.07662,40.86227],[-124.07559,40.86183],[-124.07536,40.86244],[-124.0747,40.86218],[-124.07335,40.86076],[-124.07338,40.86023],[-124.07407,40.86025],[-124.07453,40.85929],[-124.07339,40.85787],[-124.07417,40.85775],[-124.07416,40.85733],[-124.07258,40.85613],[-124.07286,40.8558],[-124.07227,40.85569],[-124.07262,40.85493],[-124.07189,40.85415],[-124.07229,40.85314],[-124.07141,40.85222],[-124.07186,40.85125],[-124.07013,40.84904],[-124.07053,40.84829],[-124.06927,40.84697],[-124.0692,40.84612],[-124.06788,40.84519],[-124.06793,40.8446],[-124.06697,40.84366],[-124.06665,40.84233],[-124.06858,40.8418],[-124.0691,40.84223],[-124.06907,40.84173],[-124.07028,40.8423],[-124.07076,40.84198],[-124.07103,40.84237],[-124.07587,40.84245],[-124.07346,40.84168],[-124.07491,40.84218],[-124.07408,40.84112],[-124.0742,40.8398],[-124.07348,40.83869],[-124.07354,40.83814],[-124.07447,40.83774],[-124.07313,40.83757],[-124.07264,40.83673],[-124.0734,40.83502],[-124.07397,40.83499],[-124.07308,40.8348],[-124.07308,40.83388],[-124.07394,40.83313],[-124.07519,40.8332],[-124.07565,40.8326],[-124.0755,40.83154],[-124.07488,40.83131],[-124.07637,40.83054],[-124.0759,40.83007],[-124.07642,40.82884],[-124.07621,40.82778],[-124.07766,40.82259],[-124.078,40.82232],[-124.07799,40.82304],[-124.07812,40.8226],[-124.08029,40.82198],[-124.08069,40.82389],[-124.0803,40.8257],[-124.08148,40.829],[-124.0826,40.82923],[-124.08241,40.83014],[-124.08291,40.82934],[-124.08292,40.82983],[-124.08442,40.82943],[-124.08563,40.82796],[-124.08558,40.82591],[-124.08597,40.82533],[-124.08534,40.82564],[-124.08596,40.8249],[-124.08388,40.82702],[-124.08285,40.82677],[-124.08298,40.82521],[-124.08229,40.82426],[-124.08257,40.82313],[-124.08223,40.8225],[-124.08288,40.82199],[-124.08277,40.82115],[-124.08361,40.82127],[-124.08424,40.82038],[-124.08559,40.82005],[-124.08637,40.82104],[-124.08763,40.82002],[-124.08907,40.81967],[-124.08998,40.81868],[-124.08962,40.81781],[-124.09089,40.81735],[-124.09188,40.81606],[-124.09341,40.81602],[-124.09386,40.81532],[-124.09315,40.81558],[-124.09274,40.81504],[-124.09466,40.81441],[-124.09542,40.81296],[-124.0951,40.81007],[-124.09589,40.80431],[-124.09585,40.80355],[-124.09517,40.80286],[-124.09298,40.80274],[-124.09173,40.80322],[-124.09162,40.80731],[-124.09215,40.80842],[-124.09326,40.80918],[-124.09291,40.81094],[-124.09176,40.8109],[-124.09116,40.81011],[-124.08959,40.80948],[-124.08647,40.81017],[-124.08632,40.81066],[-124.08618,40.81006],[-124.08469,40.80951],[-124.08504,40.80916],[-124.08471,40.80843],[-124.08669,40.80816],[-124.08863,40.80597],[-124.08872,40.8049],[-124.08722,40.80231],[-124.08742,40.8003],[-124.08633,40.79939],[-124.08674,40.79886],[-124.08786,40.7989],[-124.08937,40.79811],[-124.08979,40.79686],[-124.08921,40.79613],[-124.09016,40.79498],[-124.08954,40.79166],[-124.08987,40.79157],[-124.08901,40.79079],[-124.08959,40.79017],[-124.08931,40.7895],[-124.08841,40.78912],[-124.08707,40.78971],[-124.08807,40.78859],[-124.08793,40.788],[-124.0867,40.78718],[-124.08526,40.78728],[-124.08557,40.78521],[-124.0858,40.78486],[-124.0863,40.78507],[-124.08557,40.78471],[-124.08418,40.78505],[-124.08395,40.78469],[-124.0836,40.78506],[-124.08318,40.78433],[-124.08504,40.78436],[-124.08294,40.78415],[-124.08223,40.78294],[-124.08286,40.78248],[-124.08327,40.78323],[-124.08408,40.78215],[-124.08362,40.78133],[-124.08212,40.78054],[-124.0837,40.78114],[-124.08412,40.78182],[-124.08418,40.7825],[-124.08335,40.78383],[-124.084,40.78391],[-124.08495,40.7829],[-124.08451,40.78261],[-124.08497,40.78254],[-124.08495,40.78137],[-124.08302,40.77928],[-124.08343,40.77913],[-124.08318,40.77787],[-124.0828,40.77795],[-124.08308,40.77714],[-124.08271,40.77623],[-124.08421,40.77769],[-124.08418,40.77728],[-124.0847,40.77776],[-124.08512,40.77757],[-124.08732,40.77875],[-124.08823,40.78035],[-124.09104,40.7807],[-124.09189,40.78153],[-124.09232,40.78111],[-124.09293,40.78185],[-124.09652,40.78324],[-124.09564,40.78358],[-124.09779,40.78379],[-124.10076,40.78509],[-124.10284,40.78542],[-124.10379,40.78486],[-124.10503,40.78511],[-124.10588,40.78445],[-124.10589,40.78372],[-124.1066,40.78385],[-124.10749,40.78292],[-124.10794,40.78356],[-124.10651,40.78547],[-124.10663,40.78636],[-124.10827,40.78703],[-124.11108,40.78705],[-124.11629,40.78591],[-124.11821,40.78497],[-124.11854,40.78334],[-124.11802,40.78163],[-124.11805,40.77913],[-124.11848,40.77772],[-124.11455,40.77674],[-124.11788,40.77703],[-124.12079,40.77604],[-124.12178,40.77517],[-124.12436,40.77507],[-124.12497,40.77447],[-124.12524,40.77473],[-124.12475,40.77533],[-124.12513,40.77545],[-124.12636,40.77361],[-124.12703,40.77355],[-124.12711,40.77417],[-124.12819,40.77439],[-124.12704,40.77434],[-124.12696,40.77369],[-124.12655,40.77366],[-124.12522,40.7756],[-124.12644,40.77524],[-124.12605,40.77602],[-124.12541,40.77651],[-124.12255,40.77698],[-124.12088,40.7786],[-124.12013,40.78005],[-124.12116,40.78389],[-124.12184,40.78373],[-124.12056,40.78515],[-124.1212,40.78686],[-124.12058,40.78716],[-124.12112,40.78744],[-124.12148,40.78931],[-124.12243,40.79011],[-124.12243,40.79078],[-124.12283,40.79075],[-124.12284,40.79177],[-124.12391,40.79407],[-124.12382,40.79613],[-124.12484,40.79844],[-124.12748,40.79946],[-124.12797,40.7978],[-124.1286,40.7978],[-124.12914,40.79812],[-124.12906,40.79999],[-124.13004,40.8],[-124.13022,40.79953],[-124.13073,40.80019],[-124.1312,40.79941],[-124.13216,40.79923],[-124.13219,40.79868],[-124.13254,40.79917],[-124.13225,40.80057],[-124.1316,40.8008],[-124.13307,40.8009],[-124.13319,40.80147],[-124.13517,40.80159],[-124.13579,40.8013],[-124.13581,40.80055],[-124.13532,40.80018],[-124.13583,40.80019],[-124.13584,40.79938],[-124.13685,40.80089],[-124.1384,40.80007],[-124.13813,40.79921],[-124.13866,40.79853],[-124.13793,40.7975],[-124.13885,40.79653],[-124.1394,40.79674],[-124.13999,40.79882],[-124.13969,40.8012],[-124.1391,40.80201],[-124.13991,40.80197],[-124.13978,40.80237],[-124.14038,40.80248],[-124.14224,40.801],[-124.14203,40.7984],[-124.1425,40.79807],[-124.14257,40.79859],[-124.14321,40.79791],[-124.14445,40.79819],[-124.14387,40.79917],[-124.14412,40.8007],[-124.14519,40.80097],[-124.14581,40.80014],[-124.14658,40.80081],[-124.14585,40.80115],[-124.14602,40.80157],[-124.14468,40.80172],[-124.14363,40.80241],[-124.14334,40.80354],[-124.14407,40.80415],[-124.14919,40.80276],[-124.14916,40.80364],[-124.14838,40.80381],[-124.14912,40.80402],[-124.14733,40.80432],[-124.14623,40.80528],[-124.14676,40.80666],[-124.14802,40.80712],[-124.14754,40.80738],[-124.15032,40.80746],[-124.1603,40.80549],[-124.16684,40.8053],[-124.16674,40.80482],[-124.16753,40.80422],[-124.16722,40.80219],[-124.17086,40.80116],[-124.17102,40.80031],[-124.17195,40.79967],[-124.1715,40.79735],[-124.17394,40.79703],[-124.17528,40.79624],[-124.17573,40.79501],[-124.17507,40.79456],[-124.17507,40.79335],[-124.17665,40.79345],[-124.1775,40.79201],[-124.17852,40.79142],[-124.17903,40.78993],[-124.17851,40.78979],[-124.17851,40.7892],[-124.17987,40.78863],[-124.18025,40.78766],[-124.17998,40.78735],[-124.18106,40.78611],[-124.18076,40.78576],[-124.18204,40.78497],[-124.18593,40.77986],[-124.18949,40.77751],[-124.19006,40.77572],[-124.18684,40.77645],[-124.18781,40.77579],[-124.18774,40.77465],[-124.19049,40.77401],[-124.19133,40.76948],[-124.19112,40.76507],[-124.18745,40.76483],[-124.18609,40.76367],[-124.18555,40.76433],[-124.18438,40.76404],[-124.18532,40.76656],[-124.18713,40.76747],[-124.18759,40.76843],[-124.1855,40.76843],[-124.18514,40.76729],[-124.18323,40.76678],[-124.18381,40.76588],[-124.18323,40.7651],[-124.18215,40.76592],[-124.18186,40.76518],[-124.1825,40.76433],[-124.18231,40.76393],[-124.18011,40.76433],[-124.18036,40.76342],[-124.17945,40.76282],[-124.1812,40.76224],[-124.18249,40.76274],[-124.18353,40.76225],[-124.18426,40.7611],[-124.18504,40.76106],[-124.18476,40.75941],[-124.1864,40.76009],[-124.18715,40.7599],[-124.18828,40.75822],[-124.18918,40.75912],[-124.18885,40.75822],[-124.18929,40.75789],[-124.18886,40.75773],[-124.1893,40.75675],[-124.18799,40.75776],[-124.18817,40.75694],[-124.18772,40.75708],[-124.18745,40.75598],[-124.18552,40.75551],[-124.18452,40.75629],[-124.18411,40.7561],[-124.18422,40.75482],[-124.18187,40.75283],[-124.18033,40.75292],[-124.18086,40.75431],[-124.17945,40.75389],[-124.17904,40.75276],[-124.17786,40.75268],[-124.17762,40.75314],[-124.17671,40.75292],[-124.17544,40.75348],[-124.17428,40.75439],[-124.17292,40.75653],[-124.17258,40.75867],[-124.17126,40.75877],[-124.17013,40.75812],[-124.17077,40.75677],[-124.17007,40.75521],[-124.16902,40.75432],[-124.16877,40.75321],[-124.17127,40.75418],[-124.17305,40.75225],[-124.17234,40.75079],[-124.17257,40.7501],[-124.17455,40.75117],[-124.17628,40.75037],[-124.17671,40.74953],[-124.17783,40.74983],[-124.17975,40.74896],[-124.17931,40.74757],[-124.17817,40.74704],[-124.1764,40.74377],[-124.17675,40.74196],[-124.17865,40.74083],[-124.17973,40.73671],[-124.1786,40.73683],[-124.17968,40.73598],[-124.17951,40.73482],[-124.18032,40.73448],[-124.17838,40.73211],[-124.1806,40.73116],[-124.18064,40.73248],[-124.18154,40.73268],[-124.18129,40.73113],[-124.1822,40.7315],[-124.18201,40.73114],[-124.18254,40.73104],[-124.183,40.72989],[-124.18298,40.73092],[-124.18335,40.7309],[-124.186,40.72879],[-124.18732,40.73018],[-124.18772,40.73256],[-124.1877,40.73002],[-124.18639,40.72776],[-124.18547,40.72782],[-124.18468,40.72929],[-124.18142,40.72885],[-124.17974,40.73067],[-124.17737,40.73038],[-124.1777,40.7298],[-124.17923,40.72978],[-124.18013,40.72879],[-124.17934,40.72987],[-124.17777,40.73013],[-124.17971,40.73056],[-124.1812,40.72874],[-124.1846,40.72915],[-124.1851,40.72804],[-124.18461,40.72779],[-124.18664,40.72772],[-124.18793,40.73005],[-124.18811,40.73275],[-124.18853,40.73279],[-124.18815,40.73128],[-124.18844,40.73065],[-124.19065,40.7327],[-124.19022,40.73648],[-124.18948,40.73847],[-124.19273,40.7375],[-124.19476,40.73795],[-124.19548,40.73945],[-124.19394,40.74099],[-124.19457,40.74186],[-124.19451,40.74467],[-124.19567,40.74546],[-124.19617,40.74504],[-124.19857,40.74575],[-124.20149,40.74318],[-124.20145,40.74246],[-124.20099,40.74193],[-124.20035,40.74209],[-124.20061,40.74173],[-124.19984,40.74038],[-124.20023,40.74019],[-124.19957,40.73913],[-124.19729,40.73693],[-124.19493,40.73543],[-124.19595,40.73506],[-124.19573,40.73442],[-124.1967,40.73427],[-124.1981,40.73541],[-124.19972,40.73359],[-124.20009,40.73502],[-124.19937,40.73653],[-124.20057,40.73708],[-124.20248,40.73623],[-124.20238,40.73538],[-124.20297,40.73476],[-124.20349,40.73485],[-124.20363,40.73585],[-124.20943,40.73534],[-124.20932,40.73446],[-124.20711,40.73327],[-124.20642,40.7323],[-124.20909,40.7333],[-124.20912,40.73207],[-124.21012,40.73203],[-124.21037,40.73332],[-124.21185,40.73386],[-124.21353,40.73261],[-124.21372,40.73301],[-124.21494,40.73012],[-124.21527,40.72497],[-124.21436,40.72536],[-124.21452,40.72474],[-124.21529,40.72463],[-124.21585,40.72311],[-124.21598,40.71495],[-124.21228,40.71061],[-124.21001,40.70604],[-124.20935,40.70629],[-124.20847,40.70564],[-124.20416,40.69976],[-124.20266,40.69879],[-124.20302,40.69848],[-124.20177,40.69809],[-124.20001,40.69671],[-124.19729,40.69346],[-124.19936,40.69147],[-124.19847,40.68986],[-124.19746,40.68938],[-124.19675,40.68623],[-124.198,40.68538],[-124.19817,40.68416],[-124.19899,40.6834],[-124.19869,40.68209],[-124.19936,40.68185],[-124.19976,40.68096],[-124.19862,40.67959],[-124.19747,40.67689],[-124.19795,40.67464],[-124.19757,40.6739],[-124.19781,40.6733],[-124.1998,40.67231],[-124.19988,40.67087],[-124.2003,40.67078],[-124.20073,40.6718],[-124.20147,40.67223],[-124.20132,40.6756],[-124.20223,40.67297],[-124.20261,40.67343],[-124.20225,40.67402],[-124.20329,40.67382],[-124.20252,40.6738],[-124.20294,40.67451],[-124.20271,40.67504],[-124.20318,40.67425],[-124.20511,40.67345],[-124.20591,40.67017],[-124.20688,40.6692],[-124.2082,40.66881],[-124.20888,40.67013],[-124.213,40.67206],[-124.2168,40.67269],[-124.21844,40.67354],[-124.21906,40.67346],[-124.21918,40.6726],[-124.21974,40.67251],[-124.2213,40.6735],[-124.21999,40.67415],[-124.22007,40.67479],[-124.2221,40.67502],[-124.22272,40.67579],[-124.22347,40.67558],[-124.22364,40.67601],[-124.22542,40.67634],[-124.22948,40.67961],[-124.23168,40.67834],[-124.23115,40.67977],[-124.23026,40.68029],[-124.23016,40.68119],[-124.23124,40.68227],[-124.23309,40.68633],[-124.233,40.68783],[-124.23353,40.6884],[-124.23381,40.68719],[-124.23516,40.68658],[-124.23515,40.68809],[-124.23559,40.68862],[-124.2373,40.68896],[-124.23402,40.69087],[-124.23728,40.69221],[-124.24139,40.69334],[-124.24177,40.69218],[-124.2414,40.69064],[-124.24288,40.69164],[-124.24232,40.69378],[-124.24333,40.69416],[-124.24695,40.69456],[-124.24738,40.69425],[-124.24999,40.69528],[-124.25372,40.69599],[-124.25816,40.69545],[-124.25941,40.69616],[-124.27013,40.69826],[-124.27352,40.69796],[-124.27564,40.69677],[-124.27651,40.69537],[-124.27569,40.69286],[-124.27657,40.68928],[-124.27588,40.68757],[-124.27471,40.68737],[-124.27318,40.68854],[-124.27138,40.68808],[-124.272,40.6898],[-124.27137,40.69027],[-124.27153,40.68928],[-124.27052,40.68857],[-124.27044,40.68764],[-124.26956,40.68769],[-124.2691,40.68906],[-124.2691,40.68707],[-124.26815,40.68721],[-124.26653,40.68629],[-124.26522,40.68694],[-124.26562,40.68603],[-124.26514,40.68573],[-124.26586,40.68556],[-124.2635,40.68262],[-124.26269,40.68242],[-124.26226,40.68134],[-124.25885,40.67907],[-124.25683,40.67859],[-124.25782,40.67795],[-124.25509,40.67329],[-124.2549,40.67145],[-124.25159,40.66583],[-124.25179,40.66531],[-124.24993,40.66484],[-124.24906,40.66564],[-124.24805,40.66563],[-124.24821,40.66499],[-124.24759,40.66457],[-124.24784,40.66418],[-124.24718,40.6637],[-124.24797,40.66306],[-124.24786,40.66264],[-124.24055,40.65609],[-124.23528,40.65322],[-124.23454,40.65182],[-124.23503,40.65086],[-124.23412,40.65105],[-124.23313,40.64988],[-124.23336,40.64942],[-124.23209,40.64864],[-124.23128,40.64695],[-124.22991,40.64641],[-124.22792,40.64757],[-124.22795,40.64611],[-124.22655,40.64567],[-124.22663,40.64303],[-124.22763,40.64444],[-124.22876,40.64409],[-124.22865,40.6431],[-124.22911,40.64297],[-124.22838,40.64273],[-124.22802,40.64122],[-124.2274,40.64066],[-124.22915,40.64167],[-124.22981,40.64275],[-124.23134,40.64291],[-124.23318,40.64188],[-124.23376,40.6392],[-124.23431,40.63892],[-124.23107,40.6382],[-124.22526,40.63518],[-124.22502,40.63457],[-124.22567,40.63489],[-124.2262,40.63366],[-124.22897,40.63376],[-124.2278,40.63511],[-124.22894,40.63602],[-124.23308,40.6368],[-124.23446,40.63633],[-124.23596,40.63739],[-124.2366,40.63699],[-124.23643,40.63808],[-124.23733,40.63772],[-124.23837,40.63818],[-124.23947,40.63659],[-124.2397,40.63711],[-124.24041,40.63659],[-124.24085,40.63712],[-124.24138,40.63658],[-124.2438,40.6365],[-124.24449,40.63692],[-124.24434,40.63627],[-124.24513,40.63607],[-124.24562,40.63655],[-124.24608,40.63572],[-124.24958,40.63316],[-124.24975,40.63256],[-124.2507,40.63265],[-124.25093,40.63118],[-124.25177,40.63103],[-124.25169,40.63056],[-124.2523,40.63043],[-124.2527,40.6314],[-124.25335,40.63088],[-124.25338,40.63007],[-124.2543,40.63077],[-124.25467,40.63004],[-124.25498,40.63059],[-124.25624,40.63013],[-124.25609,40.62951],[-124.25462,40.62925],[-124.2503,40.63044],[-124.24895,40.63329],[-124.24615,40.63535],[-124.24178,40.63619],[-124.23837,40.63576],[-124.23583,40.63329],[-124.23528,40.63147],[-124.2292,40.63008],[-124.22526,40.62999],[-124.22382,40.6287],[-124.22566,40.62991],[-124.22631,40.62975],[-124.22568,40.62896],[-124.22669,40.62966],[-124.22866,40.62954],[-124.22734,40.62822],[-124.22765,40.6279],[-124.22993,40.62968],[-124.23506,40.63091],[-124.23216,40.62782],[-124.2311,40.62601],[-124.23118,40.6253],[-124.23294,40.62797],[-124.23258,40.62683],[-124.23446,40.62867],[-124.23538,40.62839],[-124.23712,40.62987],[-124.2398,40.63043],[-124.2403,40.62971],[-124.24143,40.6298],[-124.24308,40.63048],[-124.24339,40.6288],[-124.24427,40.63078],[-124.2467,40.63165],[-124.24754,40.63109],[-124.24708,40.63071],[-124.24798,40.63035],[-124.24175,40.62636],[-124.23915,40.62517],[-124.23635,40.62463],[-124.23298,40.62274],[-124.22933,40.62218],[-124.22401,40.62046],[-124.21562,40.61912],[-124.21071,40.61758],[-124.20703,40.61565],[-124.20276,40.61462],[-124.20475,40.6112],[-124.21679,40.61299],[-124.21718,40.6124],[-124.21743,40.61308],[-124.22482,40.61373],[-124.23041,40.61538],[-124.23506,40.61448],[-124.24227,40.61579],[-124.24735,40.61534],[-124.25632,40.61979],[-124.26032,40.62036],[-124.26543,40.61997],[-124.26602,40.61941],[-124.26092,40.61878],[-124.25801,40.61789],[-124.25793,40.61652],[-124.25959,40.61649],[-124.2598,40.61589],[-124.26,40.6162],[-124.26237,40.6158],[-124.26204,40.61548],[-124.25374,40.61544],[-124.25349,40.61519],[-124.25445,40.61507],[-124.25363,40.6142],[-124.25071,40.6127],[-124.25369,40.61354],[-124.25475,40.61459],[-124.25524,40.61442],[-124.25416,40.6136],[-124.25501,40.61363],[-124.25429,40.61299],[-124.25499,40.61269],[-124.25469,40.61224],[-124.25566,40.61182],[-124.25504,40.6112],[-124.25668,40.61126],[-124.25649,40.61005],[-124.255,40.60893],[-124.25402,40.60902],[-124.2545,40.60849],[-124.25397,40.60739],[-124.25453,40.60638],[-124.25511,40.60649],[-124.25643,40.60884],[-124.25879,40.60774],[-124.2603,40.60827],[-124.26065,40.6093],[-124.26105,40.60901],[-124.26368,40.60968],[-124.26011,40.60767],[-124.2573,40.60691],[-124.25874,40.6072],[-124.25815,40.60638],[-124.25941,40.60642],[-124.26106,40.60713],[-124.26133,40.6067],[-124.26066,40.60641],[-124.2626,40.60646],[-124.26253,40.60728],[-124.26346,40.60806],[-124.26428,40.60768],[-124.26259,40.60689],[-124.26467,40.60744],[-124.26487,40.60682],[-124.26758,40.60647],[-124.26674,40.60568],[-124.26573,40.60554],[-124.26618,40.60526],[-124.26617,40.6039],[-124.26708,40.60397],[-124.26779,40.6028],[-124.26891,40.60244],[-124.27006,40.60243],[-124.27051,40.60302],[-124.27095,40.60099],[-124.27163,40.60165],[-124.27264,40.60148],[-124.27079,40.59967],[-124.27175,40.60019],[-124.27147,40.59926],[-124.27196,40.5985],[-124.27143,40.59752],[-124.27264,40.59721],[-124.27202,40.59716],[-124.2724,40.5968],[-124.27184,40.59576],[-124.2736,40.59642],[-124.27507,40.59613],[-124.27463,40.5955],[-124.2749,40.59475],[-124.2762,40.59582],[-124.27996,40.59576],[-124.27582,40.59497],[-124.27446,40.59419],[-124.27441,40.59372],[-124.26896,40.59281],[-124.2685,40.59114],[-124.27214,40.58944],[-124.2748,40.5901],[-124.27578,40.58985],[-124.27573,40.59029],[-124.27674,40.59038],[-124.27709,40.59008],[-124.27813,40.59035],[-124.27969,40.58962],[-124.28185,40.59255],[-124.28409,40.5934],[-124.28864,40.59302],[-124.28935,40.5925],[-124.28843,40.59151],[-124.28906,40.59014],[-124.29057,40.58925],[-124.29228,40.58967],[-124.29358,40.58927],[-124.29345,40.58831],[-124.29414,40.58825],[-124.29388,40.58764],[-124.29456,40.58612],[-124.2958,40.58469],[-124.29758,40.5842],[-124.2982,40.58479],[-124.29839,40.58365],[-124.29921,40.5834],[-124.30218,40.58482],[-124.30236,40.5859],[-124.30346,40.58534],[-124.30471,40.58586],[-124.30578,40.58932],[-124.30768,40.58921],[-124.30802,40.5876],[-124.30944,40.5867],[-124.3112,40.58737],[-124.31268,40.58924],[-124.31366,40.58977],[-124.31422,40.58946],[-124.31458,40.58785],[-124.31551,40.58648],[-124.31835,40.58419],[-124.31877,40.58282],[-124.32154,40.58179],[-124.31732,40.5823],[-124.31991,40.58161],[-124.32199,40.58162],[-124.3204,40.58124],[-124.32031,40.58062],[-124.32299,40.58019],[-124.32255,40.57903],[-124.32329,40.57871],[-124.32439,40.57982],[-124.32478,40.57964],[-124.32438,40.5788],[-124.32582,40.57915],[-124.32566,40.57755],[-124.32655,40.57772],[-124.32686,40.57903],[-124.32782,40.5789],[-124.32766,40.57804],[-124.32845,40.57754],[-124.32875,40.57842],[-124.32934,40.5784],[-124.32981,40.57699],[-124.33038,40.57718],[-124.33033,40.57803],[-124.33209,40.57699],[-124.3327,40.57743],[-124.33258,40.57807],[-124.33418,40.57839],[-124.33579,40.57751],[-124.33548,40.5765],[-124.33638,40.57688],[-124.33609,40.57635],[-124.33647,40.57566],[-124.33713,40.5762],[-124.33791,40.57575],[-124.33852,40.5742],[-124.33903,40.57509],[-124.33989,40.57496],[-124.34039,40.57433],[-124.34025,40.57509],[-124.34068,40.57533],[-124.34589,40.57435],[-124.34637,40.57376],[-124.34572,40.57165],[-124.34604,40.57207],[-124.34675,40.57178],[-124.34747,40.57219],[-124.34804,40.57366],[-124.34901,40.57299],[-124.34896,40.57396],[-124.35007,40.57157],[-124.35045,40.5723],[-124.3511,40.57078],[-124.35199,40.57014],[-124.3533,40.5664],[-124.35512,40.56354],[-124.35475,40.5632],[-124.35543,40.56299],[-124.3571,40.55883],[-124.35513,40.55897],[-124.35004,40.55822],[-124.34914,40.55727],[-124.34692,40.55781],[-124.34783,40.55762],[-124.34813,40.55701],[-124.34932,40.55701],[-124.3493,40.55593],[-124.34974,40.55681],[-124.35207,40.55705],[-124.35333,40.55643],[-124.35322,40.55685],[-124.35473,40.55748],[-124.35613,40.55712],[-124.35666,40.55749],[-124.35827,40.55689],[-124.35802,40.55661],[-124.36011,40.55252],[-124.3603,40.55125],[-124.36098,40.5508],[-124.36066,40.54979],[-124.36144,40.54988],[-124.36319,40.54536],[-124.36391,40.54484],[-124.36445,40.54237],[-124.36271,40.54173],[-124.36202,40.54048],[-124.36142,40.54104],[-124.36029,40.54108],[-124.35916,40.54034],[-124.35632,40.54039],[-124.35567,40.53982],[-124.3543,40.54016],[-124.34986,40.53747],[-124.34894,40.53667],[-124.34903,40.53596],[-124.35069,40.53756],[-124.35327,40.53906],[-124.35406,40.53906],[-124.35427,40.53954],[-124.35883,40.53969],[-124.36081,40.54025],[-124.36169,40.53997],[-124.36496,40.54136],[-124.36692,40.53959],[-124.36799,40.53718],[-124.36863,40.53678],[-124.36715,40.53575],[-124.36814,40.53612],[-124.36815,40.53564],[-124.36884,40.53554],[-124.36865,40.53465],[-124.37086,40.53157],[-124.37386,40.52917],[-124.37382,40.52797],[-124.37643,40.52384],[-124.37873,40.52201],[-124.37669,40.52005],[-124.37649,40.51821],[-124.37695,40.51996],[-124.37944,40.52126],[-124.3825,40.51813],[-124.3836,40.5137],[-124.38292,40.51316],[-124.38365,40.51345],[-124.38424,40.51207],[-124.38588,40.5116],[-124.38706,40.51018],[-124.38556,40.50801],[-124.38612,40.50701],[-124.38569,40.50589],[-124.38643,40.50522],[-124.38654,40.50282],[-124.38364,40.50105],[-124.38236,40.50083],[-124.3833,40.50068],[-124.3826,40.49966],[-124.38258,40.49742],[-124.38422,40.49117],[-124.38356,40.49054],[-124.38429,40.49076],[-124.3854,40.48851],[-124.3861,40.48687],[-124.38543,40.48645],[-124.38616,40.4867],[-124.38891,40.47899],[-124.38517,40.47967],[-124.38899,40.47861],[-124.38951,40.47767],[-124.38928,40.47697],[-124.38796,40.47513],[-124.38373,40.47457],[-124.38277,40.47382],[-124.38101,40.47138],[-124.38192,40.47158],[-124.38319,40.47099],[-124.38309,40.47064],[-124.38055,40.47085],[-124.37957,40.47192],[-124.37811,40.47235],[-124.37633,40.47151],[-124.37313,40.47113],[-124.3726,40.47073],[-124.37288,40.47047],[-124.37193,40.47067],[-124.37037,40.46938],[-124.37018,40.46791],[-124.37069,40.46743],[-124.3702,40.46623],[-124.36846,40.46588],[-124.36998,40.46558],[-124.36677,40.46547],[-124.36833,40.46483],[-124.37015,40.46482],[-124.37343,40.46624],[-124.37575,40.468],[-124.37819,40.46797],[-124.3801,40.46859],[-124.38108,40.46833],[-124.38231,40.46938],[-124.38284,40.46923],[-124.3844,40.47006],[-124.38521,40.47134],[-124.39114,40.47317],[-124.393,40.46845],[-124.39309,40.46783],[-124.39265,40.46758],[-124.39356,40.46727],[-124.39454,40.46522],[-124.39444,40.46447],[-124.39365,40.46426],[-124.39486,40.46447],[-124.39827,40.45899],[-124.39876,40.45732],[-124.39971,40.45651],[-124.39897,40.45591],[-124.39952,40.4556],[-124.39912,40.45515],[-124.40074,40.45457],[-124.40092,40.45342],[-124.40178,40.45233],[-124.40137,40.45202],[-124.40199,40.45197],[-124.40361,40.44966],[-124.40459,40.44917],[-124.40552,40.44694],[-124.40823,40.44372],[-124.40863,40.44245],[-124.40856,40.44167],[-124.40813,40.44164],[-124.40891,40.44066],[-124.40869,40.43919],[-124.40916,40.43837],[-124.40785,40.43624],[-124.40405,40.43452],[-124.40261,40.43273],[-124.40057,40.43188],[-124.4015,40.42962],[-124.40088,40.42819],[-124.40101,40.42603],[-124.40143,40.42552],[-124.4009,40.4251],[-124.40056,40.42542],[-124.40001,40.42264],[-124.3991,40.42111],[-124.39949,40.42036],[-124.39907,40.41873],[-124.39813,40.41756],[-124.39834,40.41727],[-124.39733,40.41684],[-124.39631,40.41514],[-124.39428,40.41385],[-124.39312,40.41231],[-124.39234,40.41234],[-124.39298,40.41208],[-124.39186,40.40938],[-124.39123,40.40933],[-124.39187,40.40912],[-124.39172,40.40837],[-124.38962,40.40667],[-124.38909,40.40531],[-124.38553,40.40447],[-124.38433,40.40354],[-124.38417,40.40286],[-124.38268,40.40245],[-124.38158,40.40097],[-124.37918,40.40002],[-124.37816,40.39883],[-124.37769,40.39691],[-124.37418,40.39455],[-124.37342,40.39463],[-124.37394,40.39432],[-124.37239,40.39344],[-124.37072,40.3916],[-124.37052,40.39055],[-124.36826,40.38874],[-124.36732,40.38647],[-124.36624,40.3868],[-124.36545,40.38862],[-124.36265,40.38968],[-124.36466,40.38836],[-124.36582,40.38649],[-124.36572,40.3859],[-124.36698,40.38528],[-124.3663,40.384],[-124.36626,40.38148],[-124.36548,40.37966],[-124.36433,40.37831],[-124.36379,40.37836],[-124.36418,40.37815],[-124.36405,40.37692],[-124.36323,40.37559],[-124.36227,40.36985],[-124.35979,40.36838],[-124.35662,40.36965],[-124.35613,40.36932],[-124.3594,40.36805],[-124.36098,40.36832],[-124.36173,40.36662],[-124.36164,40.36601],[-124.36075,40.36545],[-124.36133,40.36544],[-124.36162,40.36425],[-124.36109,40.36334],[-124.36126,40.36025],[-124.36156,40.3605],[-124.36173,40.35825],[-124.36215,40.35789],[-124.36169,40.35487],[-124.36138,40.35604],[-124.36061,40.35364],[-124.35981,40.35316],[-124.35884,40.35403],[-124.35965,40.35284],[-124.35807,40.35193],[-124.35787,40.35134],[-124.35703,40.35138],[-124.35727,40.35075],[-124.35615,40.35006],[-124.35733,40.3506],[-124.35733,40.35121],[-124.35809,40.35116],[-124.36112,40.35311],[-124.36063,40.35202],[-124.36161,40.34738],[-124.36089,40.34519],[-124.36121,40.34415],[-124.36042,40.34316],[-124.36133,40.34238],[-124.35969,40.33972],[-124.36005,40.33922],[-124.3587,40.33756],[-124.35765,40.33752],[-124.35834,40.33732],[-124.35763,40.33718],[-124.35784,40.33685],[-124.35748,40.33645],[-124.35723,40.33671],[-124.35684,40.33589],[-124.35632,40.33608],[-124.35598,40.3353],[-124.35438,40.33444],[-124.35483,40.33375],[-124.35339,40.33279],[-124.35267,40.3297],[-124.35162,40.32824],[-124.3517,40.3266],[-124.35072,40.32493],[-124.35011,40.32466],[-124.35006,40.32213],[-124.34912,40.32048],[-124.34824,40.32015],[-124.34753,40.32189],[-124.3478,40.32028],[-124.34538,40.32093],[-124.34258,40.32064],[-124.34611,40.32047],[-124.3478,40.31936],[-124.34782,40.3179],[-124.34717,40.31666],[-124.34604,40.31656],[-124.34729,40.31643],[-124.34737,40.31445],[-124.34799,40.31315],[-124.34776,40.31252],[-124.34854,40.31196],[-124.35314,40.30514],[-124.35268,40.30239],[-124.35349,40.29986],[-124.35353,40.29608],[-124.35223,40.29529],[-124.34989,40.29522],[-124.3485,40.29634],[-124.3488,40.29537],[-124.34489,40.29487],[-124.33879,40.29264],[-124.33438,40.29241],[-124.3285,40.2959],[-124.32802,40.29843],[-124.32541,40.30082],[-124.32399,40.30336],[-124.32079,40.30528],[-124.31971,40.30462],[-124.32118,40.30371],[-124.31918,40.30315],[-124.31946,40.30424],[-124.31729,40.30531],[-124.3165,40.30662],[-124.31533,40.30662],[-124.31473,40.30721],[-124.31287,40.30708],[-124.31221,40.30754],[-124.31038,40.30716],[-124.30983,40.30646],[-124.30659,40.30495],[-124.30306,40.30762],[-124.30166,40.3098],[-124.29903,40.30948],[-124.29719,40.30871],[-124.29742,40.30582],[-124.29645,40.30568],[-124.29742,40.30525],[-124.29823,40.30105],[-124.29992,40.2984],[-124.30074,40.29805],[-124.30555,40.29698],[-124.30806,40.29826],[-124.30829,40.2978],[-124.31042,40.29807],[-124.31335,40.29918],[-124.31741,40.29888],[-124.32304,40.29612],[-124.32759,40.29212],[-124.32796,40.29084],[-124.32975,40.28887],[-124.33396,40.28758],[-124.33818,40.28769],[-124.3457,40.28997],[-124.34884,40.29038],[-124.35399,40.28972],[-124.35659,40.28812],[-124.35897,40.28435],[-124.3591,40.28462],[-124.35963,40.28407],[-124.35939,40.28285],[-124.35979,40.28328],[-124.36034,40.28255],[-124.36026,40.28075],[-124.36118,40.28003],[-124.36106,40.27848],[-124.36178,40.27739],[-124.36142,40.27659],[-124.36185,40.27655],[-124.36221,40.27513],[-124.36225,40.2735],[-124.36142,40.27291],[-124.36286,40.27086],[-124.36163,40.26773],[-124.36159,40.2648],[-124.3618,40.26313],[-124.36305,40.26202],[-124.36253,40.26047],[-124.36052,40.25788],[-124.35912,40.25703],[-124.3576,40.25682],[-124.35587,40.25805],[-124.354,40.25827],[-124.3533,40.2596],[-124.35224,40.2603],[-124.35396,40.25813],[-124.35676,40.25738],[-124.35705,40.25636],[-124.35493,40.25473],[-124.35034,40.24936],[-124.34614,40.24755],[-124.34128,40.24365],[-124.33592,40.24185],[-124.33353,40.24043],[-124.33333,40.24068],[-124.33317,40.24016],[-124.33166,40.23981],[-124.33133,40.24047],[-124.33141,40.23983],[-124.33032,40.23967],[-124.32872,40.23812],[-124.3282,40.2382],[-124.32681,40.2372],[-124.32562,40.23597],[-124.32528,40.23475],[-124.32453,40.23458],[-124.3252,40.23434],[-124.32512,40.23343],[-124.32362,40.23178],[-124.32323,40.23033],[-124.32246,40.23061],[-124.32312,40.22986],[-124.32149,40.22802],[-124.32081,40.22814],[-124.32112,40.22772],[-124.32036,40.22673],[-124.31368,40.22285],[-124.3104,40.21971],[-124.30946,40.21967],[-124.30681,40.22163],[-124.30676,40.22269],[-124.30466,40.22341],[-124.30648,40.22248],[-124.30622,40.22151],[-124.30851,40.21935],[-124.30955,40.21903],[-124.3069,40.21673],[-124.30443,40.21561],[-124.30465,40.21539],[-124.30348,40.21402],[-124.29787,40.21121],[-124.29784,40.21067],[-124.2967,40.20974],[-124.29538,40.20879],[-124.29488,40.20892],[-124.29521,40.20859],[-124.29425,40.20752],[-124.29367,40.20761],[-124.29413,40.20727],[-124.29201,40.2064],[-124.29215,40.20606],[-124.29089,40.20532],[-124.28979,40.20378],[-124.28619,40.20255],[-124.28293,40.20066],[-124.28143,40.20288],[-124.28087,40.20305],[-124.28231,40.20056],[-124.2807,40.19992],[-124.27674,40.1998],[-124.2743,40.19914],[-124.27234,40.1971],[-124.27013,40.19573],[-124.26916,40.19388],[-124.26838,40.19419],[-124.2688,40.19361],[-124.26761,40.19317],[-124.26554,40.19106],[-124.26182,40.18942],[-124.25652,40.18559],[-124.25284,40.18629],[-124.25442,40.18395],[-124.25262,40.18415],[-124.24865,40.18145],[-124.24731,40.18119],[-124.24431,40.17953],[-124.24318,40.17989],[-124.24348,40.17942],[-124.24284,40.17887],[-124.23583,40.1765],[-124.23487,40.17545],[-124.23313,40.17508],[-124.23201,40.17336],[-124.23094,40.17263],[-124.22908,40.17255],[-124.22811,40.17339],[-124.22832,40.17259],[-124.22971,40.17176],[-124.22921,40.17104],[-124.22837,40.17102],[-124.22682,40.1699],[-124.22557,40.16823],[-124.22267,40.16739],[-124.22077,40.16636],[-124.21831,40.16418],[-124.21637,40.16339],[-124.21468,40.16185],[-124.21167,40.15748],[-124.21103,40.15743],[-124.20944,40.15869],[-124.20798,40.15857],[-124.20672,40.15913],[-124.21017,40.15646],[-124.20793,40.15471],[-124.20548,40.15186],[-124.20392,40.15119],[-124.20255,40.14847],[-124.20149,40.14756],[-124.20187,40.14737],[-124.2012,40.14694],[-124.20136,40.14622],[-124.20021,40.14497],[-124.19853,40.14456],[-124.19725,40.14273],[-124.19668,40.14364],[-124.19346,40.14042],[-124.19306,40.13862],[-124.19268,40.13808],[-124.19197,40.13809],[-124.19219,40.1377],[-124.19001,40.13761],[-124.19019,40.13721],[-124.18903,40.13605],[-124.18668,40.13499],[-124.18588,40.13524],[-124.18332,40.13367],[-124.18266,40.13275],[-124.17776,40.13241],[-124.17785,40.13193],[-124.17674,40.132],[-124.17623,40.13113],[-124.17386,40.13156],[-124.17335,40.13342],[-124.17216,40.13412],[-124.17179,40.13312],[-124.17291,40.1305],[-124.17131,40.13019],[-124.17006,40.12779],[-124.1691,40.12702],[-124.16853,40.12539],[-124.16702,40.12387],[-124.16047,40.12201],[-124.15428,40.12095],[-124.15102,40.11878],[-124.14816,40.11791],[-124.14514,40.11776],[-124.14384,40.1194],[-124.14218,40.12037],[-124.14392,40.11867],[-124.14391,40.11785],[-124.13868,40.11681],[-124.13348,40.11378],[-124.12951,40.11325],[-124.12168,40.1089],[-124.11986,40.10939],[-124.12117,40.10853],[-124.11835,40.10663],[-124.11424,40.10589],[-124.11414,40.10548],[-124.11075,40.10465],[-124.10922,40.10337],[-124.10561,40.09838],[-124.10517,40.0983],[-124.10513,40.09743],[-124.10215,40.09436],[-124.10099,40.09501],[-124.09923,40.09501],[-124.10089,40.09481],[-124.10181,40.094],[-124.09614,40.0888],[-124.09404,40.08572],[-124.09316,40.08541],[-124.09325,40.08457],[-124.09215,40.08351],[-124.09246,40.08325],[-124.09197,40.08273],[-124.08952,40.08145],[-124.08792,40.07975],[-124.08668,40.07937],[-124.08554,40.07764],[-124.08541,40.07654],[-124.08319,40.07446],[-124.08368,40.07348],[-124.08305,40.07148],[-124.08131,40.06897],[-124.07918,40.07007],[-124.08099,40.06855],[-124.0789,40.06405],[-124.07901,40.05331],[-124.07858,40.04855],[-124.07834,40.04734],[-124.07729,40.04699],[-124.07712,40.04609],[-124.07476,40.04557],[-124.07736,40.04582],[-124.07823,40.04647],[-124.07854,40.0453],[-124.07758,40.04487],[-124.07909,40.04454],[-124.07936,40.04308],[-124.08031,40.0424],[-124.07844,40.0398],[-124.07915,40.03776],[-124.07797,40.03711],[-124.07879,40.03321],[-124.0781,40.03289],[-124.07861,40.03294],[-124.07917,40.03224],[-124.07894,40.03068],[-124.07746,40.02988],[-124.07584,40.0275],[-124.07512,40.02724],[-124.07476,40.02613],[-124.07364,40.02612],[-124.07264,40.0255],[-124.07247,40.02598],[-124.07182,40.02481],[-124.07126,40.02494],[-124.07138,40.0242],[-124.06894,40.02152],[-124.06701,40.02224],[-124.06735,40.02291],[-124.06706,40.0236],[-124.06548,40.02525],[-124.06153,40.02595],[-124.05422,40.02423],[-124.05199,40.0228],[-124.04931,40.02193],[-124.04745,40.02015],[-124.04506,40.01962],[-124.04314,40.01805],[-124.04251,40.01689],[-124.03877,40.01612],[-124.03563,40.01378],[-124.03513,40.014],[-124.03538,40.0132],[-124.03227,40.0109],[-124.02896,40.006],[-124.02275,40.00162],[-124.39179,40.00439],[-124.39785,40.01002],[-124.40756,40.01759],[-124.42835,40.02995],[-124.44446,40.03793],[-124.459,40.04632],[-124.4763,40.05805],[-124.49277,40.07138],[-124.50109,40.07712],[-124.51383,40.08329],[-124.52495,40.08936],[-124.54588,40.1028],[-124.55877,40.11266],[-124.57074,40.12318],[-124.57922,40.13162],[-124.58944,40.14318],[-124.5964,40.1522],[-124.60274,40.16148],[-124.61187,40.17747],[-124.61915,40.19401],[-124.62453,40.21098],[-124.62796,40.22824],[-124.62929,40.24218],[-124.62989,40.26931],[-124.62933,40.27978],[-124.62818,40.28945],[-124.64791,40.30215],[-124.66393,40.31458],[-124.67848,40.32803],[-124.69145,40.34239],[-124.69843,40.35141],[-124.70479,40.36069],[-124.71395,40.37668],[-124.72125,40.39322],[-124.72665,40.41019],[-124.73009,40.42745],[-124.73142,40.44138],[-124.73129,40.45884],[-124.72975,40.47276],[-124.72604,40.48999],[-124.72166,40.50355],[-124.71606,40.51685],[-124.70925,40.52982],[-124.70337,40.53929],[-124.69684,40.54851],[-124.6897,40.55746],[-124.68194,40.56611],[-124.6707,40.57713],[-124.65847,40.58754],[-124.64531,40.59726],[-124.63079,40.60656],[-124.61109,40.63129],[-124.59974,40.64364],[-124.56074,40.71419],[-124.55068,40.73111],[-124.51724,40.78228],[-124.50321,40.80102],[-124.49983,40.81305],[-124.49481,40.82649],[-124.48857,40.83963],[-124.48113,40.85241],[-124.47252,40.86479],[-124.46021,40.87954],[-124.44625,40.89341],[-124.43089,40.90655],[-124.42543,40.91472],[-124.41299,40.93543],[-124.39903,40.96422],[-124.40553,40.97325],[-124.41151,40.9827],[-124.42002,40.99892],[-124.42663,41.01565],[-124.42966,41.02587],[-124.43172,41.03481],[-124.4376,41.04703],[-124.44157,41.05707],[-124.44577,41.07067],[-124.44872,41.08446],[-124.45038,41.09837],[-124.45076,41.11312],[-124.44996,41.12612],[-124.45006,41.14159],[-124.44926,41.15205],[-124.44631,41.16936],[-124.44252,41.18303],[-124.43602,41.19979],[-124.42944,41.21284],[-124.41955,41.22862],[-124.40917,41.24214],[-124.41865,41.25595],[-124.42756,41.27206],[-124.43458,41.28869],[-124.4388,41.30229],[-124.44229,41.31955],[-124.44378,41.33697],[-124.44324,41.35442],[-124.44136,41.36832],[-124.4382,41.38208],[-124.43376,41.39564],[-124.42808,41.40894],[-124.42302,41.4187],[-124.41522,41.43137],[-124.40627,41.44361],[-124.3962,41.45534],[-124.38786,41.46386]]],[[[-124.10396,41.24488],[-124.10535,41.24188],[-124.10639,41.23745],[-124.10749,41.23659],[-124.1089,41.23665],[-124.10848,41.23592],[-124.10693,41.23542],[-124.10626,41.23362],[-124.10605,41.22947],[-124.10659,41.22812],[-124.10601,41.22794],[-124.10561,41.22902],[-124.10419,41.22692],[-124.1029,41.2266],[-124.10118,41.22759],[-124.1017,41.22663],[-124.10123,41.22585],[-124.10037,41.22514],[-124.09941,41.22505],[-124.09898,41.22597],[-124.09676,41.2267],[-124.09616,41.22966],[-124.09649,41.23068],[-124.09489,41.23106],[-124.09484,41.23269],[-124.09346,41.23407],[-124.0951,41.23623],[-124.09728,41.23678],[-124.0997,41.23669],[-124.09868,41.23666],[-124.09871,41.23713],[-124.09739,41.23812],[-124.09651,41.23788],[-124.09704,41.23879],[-124.0955,41.23954],[-124.09635,41.2414],[-124.09915,41.24161],[-124.10047,41.24218],[-124.09932,41.24271],[-124.10011,41.24384],[-124.10134,41.24431],[-124.10259,41.244],[-124.10396,41.24488]]],[[[-124.15201,41.05706],[-124.15335,41.05379],[-124.15269,41.05341],[-124.1526,41.05261],[-124.15022,41.05093],[-124.14732,41.05314],[-124.14751,41.05425],[-124.14878,41.05611],[-124.14758,41.05662],[-124.149,41.05638],[-124.15201,41.05706]]],[[[-124.13378,40.9251],[-124.13418,40.92502],[-124.13442,40.92399],[-124.13402,40.92281],[-124.13319,40.92639],[-124.13344,40.9267],[-124.13378,40.9251]]],[[[-124.1341,40.92248],[-124.13433,40.92115],[-124.13468,40.92157],[-124.13535,40.92095],[-124.13555,40.91977],[-124.13496,40.91898],[-124.1352,40.92048],[-124.13484,40.92103],[-124.13411,40.92109],[-124.1341,40.92248]]],[[[-124.13768,40.91062],[-124.13828,40.91036],[-124.1376,40.91008],[-124.13759,40.90908],[-124.13898,40.91043],[-124.14023,40.91007],[-124.13914,40.90852],[-124.13925,40.90806],[-124.13969,40.90828],[-124.13926,40.90732],[-124.13949,40.90673],[-124.14016,40.90644],[-124.14074,40.90677],[-124.1405,40.90585],[-124.14149,40.90631],[-124.1414,40.90533],[-124.14203,40.9061],[-124.1428,40.90575],[-124.14268,40.90502],[-124.14325,40.90418],[-124.14228,40.90269],[-124.14199,40.90311],[-124.14213,40.90163],[-124.14148,40.90043],[-124.14231,40.90013],[-124.14381,40.90177],[-124.14284,40.89995],[-124.14191,40.89932],[-124.14253,40.89947],[-124.14218,40.89839],[-124.14396,40.90101],[-124.14323,40.89765],[-124.14379,40.89776],[-124.14421,40.89693],[-124.1453,40.89816],[-124.14572,40.89805],[-124.1459,40.89746],[-124.14474,40.89569],[-124.14419,40.89341],[-124.14522,40.89389],[-124.14512,40.89539],[-124.14534,40.89452],[-124.14584,40.89548],[-124.14672,40.89576],[-124.14635,40.89412],[-124.14656,40.89363],[-124.14708,40.89402],[-124.14625,40.89189],[-124.14632,40.89054],[-124.14764,40.88964],[-124.14795,40.88868],[-124.14705,40.88819],[-124.14679,40.88867],[-124.14638,40.88814],[-124.14632,40.88585],[-124.14766,40.88501],[-124.15,40.88616],[-124.15037,40.88503],[-124.14913,40.88383],[-124.14647,40.88382],[-124.14611,40.88577],[-124.14638,40.88714],[-124.14582,40.88765],[-124.1454,40.88691],[-124.14585,40.88791],[-124.14537,40.88888],[-124.14595,40.89157],[-124.14559,40.89157],[-124.14565,40.89254],[-124.14399,40.89007],[-124.14463,40.88959],[-124.14379,40.88972],[-124.14332,40.88923],[-124.14389,40.89093],[-124.14266,40.88948],[-124.1428,40.891],[-124.142,40.89091],[-124.14215,40.89147],[-124.14151,40.8918],[-124.14238,40.89413],[-124.14297,40.8933],[-124.14237,40.89317],[-124.14223,40.8922],[-124.14276,40.89242],[-124.14274,40.8931],[-124.14375,40.89299],[-124.14472,40.89611],[-124.14352,40.89471],[-124.14293,40.8959],[-124.14152,40.89508],[-124.14066,40.89656],[-124.13973,40.89634],[-124.13901,40.89681],[-124.13952,40.90031],[-124.13854,40.89964],[-124.1379,40.90008],[-124.13759,40.90081],[-124.13796,40.90266],[-124.13834,40.90281],[-124.13852,40.90091],[-124.1391,40.90045],[-124.14126,40.90423],[-124.14062,40.90465],[-124.13965,40.90372],[-124.13774,40.90397],[-124.13732,40.90516],[-124.13763,40.90486],[-124.13791,40.90788],[-124.13672,40.90725],[-124.13596,40.90804],[-124.13607,40.90874],[-124.1353,40.90808],[-124.13511,40.90879],[-124.13373,40.90899],[-124.13459,40.90949],[-124.13593,40.90944],[-124.13693,40.91057],[-124.13752,40.91067],[-124.13725,40.90992],[-124.13754,40.91169],[-124.13812,40.91157],[-124.13768,40.91062]]],[[[-124.1419,40.88729],[-124.14186,40.88768],[-124.1421,40.88816],[-124.1419,40.88729]]],[[[-124.14399,40.88695],[-124.1438,40.88616],[-124.1444,40.8857],[-124.14504,40.88611],[-124.14417,40.88528],[-124.14324,40.88555],[-124.14333,40.88448],[-124.14383,40.88414],[-124.14346,40.88253],[-124.14275,40.88525],[-124.14399,40.88695]]],[[[-124.14893,40.88344],[-124.14901,40.88266],[-124.14964,40.8823],[-124.14913,40.88199],[-124.15196,40.88041],[-124.15212,40.87943],[-124.15166,40.87879],[-124.1526,40.87869],[-124.15183,40.87807],[-124.15048,40.87839],[-124.15078,40.87708],[-124.15194,40.87679],[-124.15326,40.87558],[-124.15371,40.87406],[-124.15434,40.87451],[-124.15476,40.87416],[-124.15516,40.87492],[-124.15663,40.87316],[-124.15666,40.87205],[-124.1578,40.87288],[-124.15693,40.87104],[-124.15633,40.87085],[-124.15616,40.87151],[-124.15534,40.87187],[-124.15497,40.87125],[-124.15568,40.8713],[-124.15552,40.87081],[-124.15432,40.87073],[-124.15424,40.87261],[-124.15381,40.87277],[-124.15304,40.87197],[-124.15311,40.87313],[-124.15009,40.87565],[-124.14921,40.87752],[-124.14854,40.87781],[-124.14759,40.87694],[-124.14869,40.87943],[-124.14804,40.88139],[-124.14893,40.88344]]],[[[-124.14527,40.87969],[-124.14576,40.87929],[-124.14543,40.87857],[-124.1448,40.87935],[-124.14527,40.87969]]],[[[-124.14618,40.87907],[-124.14653,40.87892],[-124.14624,40.87836],[-124.14558,40.87832],[-124.14618,40.87907]]],[[[-124.147,40.87829],[-124.14761,40.87839],[-124.14709,40.87676],[-124.14657,40.8771],[-124.14674,40.87755],[-124.14616,40.87737],[-124.147,40.87829]]],[[[-124.15795,40.87075],[-124.1578,40.87131],[-124.15853,40.87148],[-124.15866,40.87006],[-124.15821,40.87007],[-124.15795,40.87075]]],[[[-124.15931,40.8683],[-124.1602,40.86754],[-124.16012,40.86642],[-124.16064,40.86678],[-124.16045,40.86587],[-124.161,40.86498],[-124.16041,40.86421],[-124.1601,40.8646],[-124.15901,40.86258],[-124.15876,40.86288],[-124.15956,40.8652],[-124.15845,40.86415],[-124.15854,40.86649],[-124.15699,40.8647],[-124.15639,40.86586],[-124.15711,40.86668],[-124.15711,40.86544],[-124.15775,40.86631],[-124.15805,40.86752],[-124.15752,40.86734],[-124.15798,40.869],[-124.15838,40.8685],[-124.15911,40.86919],[-124.15931,40.8683]]],[[[-124.15669,40.8667],[-124.15629,40.86595],[-124.15615,40.86638],[-124.15669,40.8667]]],[[[-124.1567,40.86476],[-124.15559,40.86436],[-124.1562,40.86474],[-124.15625,40.86549],[-124.1567,40.86476]]],[[[-124.15993,40.86305],[-124.15993,40.8619],[-124.15964,40.86205],[-124.15993,40.86305]]],[[[-124.15888,40.86196],[-124.15848,40.86189],[-124.15893,40.86249],[-124.15888,40.86196]]],[[[-124.16284,40.86174],[-124.16326,40.86249],[-124.16349,40.86027],[-124.16414,40.86035],[-124.16415,40.85969],[-124.16251,40.8591],[-124.16285,40.86109],[-124.16196,40.85946],[-124.16153,40.85964],[-124.16284,40.86174]]],[[[-124.15959,40.8608],[-124.1596,40.86126],[-124.16019,40.86146],[-124.15959,40.8608]]],[[[-124.16348,40.85907],[-124.16386,40.85931],[-124.16318,40.8573],[-124.16275,40.85792],[-124.16348,40.85907]]],[[[-124.16295,40.85702],[-124.16343,40.85696],[-124.16371,40.85576],[-124.16318,40.85529],[-124.16295,40.85702]]],[[[-124.16202,40.8559],[-124.16177,40.85643],[-124.16247,40.85656],[-124.16202,40.8559]]],[[[-124.16661,40.85568],[-124.16646,40.85656],[-124.16694,40.8568],[-124.16717,40.85634],[-124.16701,40.8551],[-124.16735,40.85497],[-124.16694,40.85417],[-124.16661,40.85568]]],[[[-124.16519,40.85427],[-124.16428,40.85409],[-124.16508,40.85487],[-124.16546,40.85461],[-124.16519,40.85427]]],[[[-124.16739,40.85327],[-124.16725,40.85223],[-124.1671,40.85248],[-124.16739,40.85327]]],[[[-124.16791,40.85314],[-124.16817,40.85199],[-124.16955,40.85116],[-124.16976,40.85044],[-124.16932,40.85001],[-124.16829,40.85062],[-124.16789,40.85212],[-124.16737,40.85203],[-124.16791,40.85314]]],[[[-124.16715,40.85024],[-124.16678,40.85011],[-124.16675,40.85058],[-124.16729,40.851],[-124.16715,40.85024]]],[[[-124.16919,40.84909],[-124.16932,40.84856],[-124.17038,40.84903],[-124.17076,40.84834],[-124.17157,40.84834],[-124.17085,40.84774],[-124.17126,40.84769],[-124.17105,40.84636],[-124.17056,40.84635],[-124.17016,40.84742],[-124.1691,40.84786],[-124.16919,40.84909]]],[[[-124.16965,40.84687],[-124.16929,40.84698],[-124.16974,40.84749],[-124.16965,40.84687]]],[[[-124.17028,40.84638],[-124.17269,40.84608],[-124.17345,40.84274],[-124.17383,40.84341],[-124.17436,40.84315],[-124.17498,40.8414],[-124.17516,40.84051],[-124.17464,40.84039],[-124.17398,40.83857],[-124.17446,40.8382],[-124.17333,40.83478],[-124.17336,40.83677],[-124.1739,40.83695],[-124.17298,40.8375],[-124.17354,40.83828],[-124.17376,40.84052],[-124.17233,40.8381],[-124.17164,40.83837],[-124.17242,40.84178],[-124.17228,40.8434],[-124.17196,40.84371],[-124.17168,40.84341],[-124.17185,40.84395],[-124.17084,40.84601],[-124.17008,40.84528],[-124.17028,40.84638]]],[[[-124.16984,40.84617],[-124.16941,40.84596],[-124.16943,40.84613],[-124.16984,40.84617]]],[[[-124.16811,40.8456],[-124.16772,40.84478],[-124.16765,40.84525],[-124.16811,40.8456]]],[[[-124.16718,40.84503],[-124.16737,40.84496],[-124.16714,40.84535],[-124.16718,40.84503]]],[[[-124.16737,40.84485],[-124.16766,40.84451],[-124.16755,40.84435],[-124.16737,40.84485]]],[[[-124.17072,40.84426],[-124.17111,40.84406],[-124.1703,40.8422],[-124.1713,40.84243],[-124.17049,40.84142],[-124.17061,40.84085],[-124.17017,40.84074],[-124.16998,40.84147],[-124.17049,40.84177],[-124.16985,40.84193],[-124.17072,40.84426]]],[[[-124.17138,40.84276],[-124.17137,40.84305],[-124.17162,40.84311],[-124.17138,40.84276]]],[[[-124.17482,40.83568],[-124.17529,40.83471],[-124.17584,40.83603],[-124.17575,40.83507],[-124.17635,40.83548],[-124.17587,40.83711],[-124.17707,40.83692],[-124.17761,40.83734],[-124.17857,40.83515],[-124.17783,40.83257],[-124.17791,40.8343],[-124.17736,40.83406],[-124.17707,40.83453],[-124.17735,40.83588],[-124.17691,40.83497],[-124.1751,40.83405],[-124.17482,40.83568]]],[[[-124.17687,40.83401],[-124.17583,40.82925],[-124.1765,40.82967],[-124.17628,40.82821],[-124.177,40.82734],[-124.17819,40.82717],[-124.17628,40.82658],[-124.17598,40.82698],[-124.17692,40.82719],[-124.17645,40.82774],[-124.17568,40.82735],[-124.1751,40.8285],[-124.17604,40.83175],[-124.17468,40.83086],[-124.17513,40.83139],[-124.17473,40.83134],[-124.17489,40.83211],[-124.17525,40.83212],[-124.17514,40.83151],[-124.17549,40.83179],[-124.17687,40.83401]]],[[[-124.1747,40.83323],[-124.1746,40.83366],[-124.17492,40.83369],[-124.1747,40.83323]]],[[[-124.17525,40.82754],[-124.17564,40.82698],[-124.17545,40.82614],[-124.1759,40.82591],[-124.17543,40.82592],[-124.17513,40.82515],[-124.17525,40.82754]]],[[[-124.17807,40.82508],[-124.17911,40.82478],[-124.17891,40.82419],[-124.17767,40.82491],[-124.17807,40.82508]]],[[[-124.17594,40.82423],[-124.1758,40.82395],[-124.17743,40.8241],[-124.17867,40.82338],[-124.17856,40.82225],[-124.1756,40.82332],[-124.17536,40.82463],[-124.17594,40.82423]]],[[[-124.18171,40.82211],[-124.18219,40.8224],[-124.18179,40.82126],[-124.18134,40.82142],[-124.18171,40.82211]]],[[[-124.1836,40.82139],[-124.18447,40.82261],[-124.18494,40.82256],[-124.18497,40.82065],[-124.18583,40.82185],[-124.1864,40.82076],[-124.18584,40.81996],[-124.18528,40.82023],[-124.18455,40.81918],[-124.18434,40.82049],[-124.18336,40.82031],[-124.1836,40.82139]]],[[[-124.16746,40.81979],[-124.16578,40.81884],[-124.16721,40.82],[-124.16746,40.81979]]],[[[-124.18723,40.81902],[-124.18717,40.82032],[-124.1881,40.82021],[-124.18796,40.81921],[-124.18723,40.81902]]],[[[-124.18699,40.8224],[-124.18684,40.82341],[-124.18772,40.82252],[-124.18747,40.82214],[-124.18699,40.8224]]],[[[-124.18264,40.82324],[-124.18199,40.82328],[-124.1829,40.825],[-124.18264,40.82324]]],[[[-124.18543,40.82487],[-124.18586,40.82506],[-124.18581,40.82437],[-124.18543,40.82487]]],[[[-124.18127,40.82512],[-124.18113,40.82554],[-124.18175,40.8262],[-124.18127,40.82512]]],[[[-124.18187,40.82619],[-124.18215,40.82813],[-124.18223,40.82666],[-124.18303,40.82755],[-124.18222,40.82584],[-124.18187,40.82619]]],[[[-124.17729,40.82663],[-124.1787,40.82621],[-124.17832,40.82604],[-124.17856,40.82538],[-124.178,40.82555],[-124.17849,40.82512],[-124.1769,40.82581],[-124.17777,40.82612],[-124.17645,40.82635],[-124.17729,40.82663]]],[[[-124.18046,40.82603],[-124.18078,40.82624],[-124.1807,40.82545],[-124.18033,40.82547],[-124.18046,40.82603]]],[[[-124.18237,40.82279],[-124.18207,40.82253],[-124.18165,40.82261],[-124.18237,40.82279]]],[[[-124.1832,40.82258],[-124.18335,40.82275],[-124.18382,40.82254],[-124.1832,40.82258]]],[[[-124.18208,40.8293],[-124.18202,40.82999],[-124.18256,40.82908],[-124.1823,40.82878],[-124.18208,40.8293]]],[[[-124.18135,40.82989],[-124.18099,40.8301],[-124.18111,40.83084],[-124.18135,40.82989]]],[[[-124.17892,40.83094],[-124.17928,40.83155],[-124.17936,40.83123],[-124.17892,40.83094]]],[[[-124.17895,40.83132],[-124.17851,40.83171],[-124.1788,40.83245],[-124.17895,40.83132]]],[[[-124.1806,40.83237],[-124.18079,40.83291],[-124.18126,40.83248],[-124.18095,40.83209],[-124.1806,40.83237]]],[[[-124.17753,40.83174],[-124.17689,40.83008],[-124.17744,40.83215],[-124.17753,40.83174]]],[[[-124.17558,40.83718],[-124.1754,40.83712],[-124.17577,40.83793],[-124.17558,40.83718]]],[[[-124.17526,40.83926],[-124.17544,40.83922],[-124.17519,40.83889],[-124.17526,40.83926]]],[[[-124.17601,40.83955],[-124.17553,40.84013],[-124.17576,40.84199],[-124.17581,40.84065],[-124.17642,40.84092],[-124.17637,40.83954],[-124.17601,40.83955]]],[[[-124.18811,40.81656],[-124.18788,40.81693],[-124.18834,40.81669],[-124.18811,40.81656]]],[[[-124.18783,40.8166],[-124.18739,40.8161],[-124.1876,40.81678],[-124.18783,40.8166]]],[[[-124.15805,40.8162],[-124.15755,40.81589],[-124.15737,40.81654],[-124.158,40.81669],[-124.15805,40.8162]]],[[[-124.16172,40.81601],[-124.16099,40.81492],[-124.16056,40.81487],[-124.16172,40.81601]]],[[[-124.15847,40.81246],[-124.15721,40.81101],[-124.15683,40.81112],[-124.15731,40.81195],[-124.15847,40.81246]]],[[[-124.16017,40.81092],[-124.16034,40.81121],[-124.16105,40.81047],[-124.16286,40.80983],[-124.16447,40.80836],[-124.1609,40.80849],[-124.15986,40.80898],[-124.15889,40.81046],[-124.16017,40.81092]]],[[[-124.19697,40.8045],[-124.19674,40.80547],[-124.19738,40.80474],[-124.19697,40.8045]]],[[[-124.19559,40.79817],[-124.19581,40.79757],[-124.19531,40.79758],[-124.19534,40.79704],[-124.19586,40.79694],[-124.196,40.79525],[-124.19512,40.79698],[-124.19514,40.79817],[-124.19556,40.79849],[-124.19559,40.79817]]],[[[-124.20135,40.79552],[-124.20096,40.79618],[-124.20135,40.7966],[-124.20135,40.79552]]],[[[-124.20358,40.79547],[-124.20347,40.79604],[-124.2045,40.79587],[-124.2042,40.7953],[-124.20358,40.79547]]],[[[-124.20085,40.79663],[-124.2003,40.79759],[-124.20041,40.79786],[-124.20085,40.79663]]],[[[-124.19741,40.79686],[-124.19746,40.796],[-124.19722,40.79646],[-124.19699,40.79623],[-124.19724,40.79805],[-124.19765,40.79788],[-124.19741,40.79686]]],[[[-124.20241,40.79413],[-124.20285,40.79405],[-124.20204,40.79375],[-124.20163,40.79435],[-124.20241,40.79413]]],[[[-124.20421,40.78811],[-124.20465,40.78803],[-124.20421,40.78782],[-124.20421,40.78811]]],[[[-124.20345,40.78805],[-124.20372,40.78791],[-124.20305,40.78799],[-124.20345,40.78805]]],[[[-124.20605,40.78544],[-124.20582,40.78496],[-124.20553,40.78633],[-124.20605,40.78544]]],[[[-124.2077,40.78408],[-124.20745,40.78443],[-124.20763,40.7847],[-124.2077,40.78408]]],[[[-124.21134,40.7423],[-124.21478,40.74206],[-124.21208,40.74096],[-124.21223,40.74043],[-124.21165,40.74026],[-124.21087,40.74066],[-124.21104,40.74129],[-124.20939,40.74183],[-124.20988,40.74277],[-124.21134,40.7423]]]]}},{"type":"Feature","properties":{"c":"zone"},"geometry":{"type":"MultiPolygon","coordinates":[[[[-123.64754,38.85228],[-123.64768,38.85244],[-123.64719,38.85271],[-123.64754,38.85228]]],[[[-123.64824,38.87029],[-123.65024,38.86933],[-123.64887,38.86804],[-123.64741,38.86762],[-123.64885,38.86779],[-123.65054,38.86899],[-123.65287,38.86775],[-123.65304,38.86836],[-123.65146,38.86948],[-123.64824,38.87029]]],[[[-123.65269,38.87312],[-123.65433,38.87091],[-123.65503,38.871],[-123.65269,38.87312]]],[[[-123.72585,38.93344],[-123.72582,38.9332],[-123.72599,38.93335],[-123.72585,38.93344]]],[[[-123.72583,38.93417],[-123.72592,38.93373],[-123.72632,38.93383],[-123.72583,38.93417]]],[[[-123.69611,38.9462],[-123.7004,38.94469],[-123.69976,38.94403],[-123.69614,38.94439],[-123.69306,38.94287],[-123.69113,38.94271],[-123.68817,38.94097],[-123.68475,38.94053],[-123.68189,38.9416],[-123.67993,38.94421],[-123.68197,38.94118],[-123.68442,38.94023],[-123.68707,38.94033],[-123.69666,38.94405],[-123.69809,38.94359],[-123.70027,38.9437],[-123.70095,38.94437],[-123.69952,38.94594],[-123.69611,38.9462]]],[[[-123.74597,39.19715],[-123.7423,39.19588],[-123.7369,39.19315],[-123.73439,39.19452],[-123.73177,39.19391],[-123.72965,39.19072],[-123.73055,39.19118],[-123.73166,39.19279],[-123.73067,39.18872],[-123.73012,39.18843],[-123.72253,39.18898],[-123.7202,39.18808],[-123.71868,39.18608],[-123.71809,39.18611],[-123.71854,39.18592],[-123.7182,39.18534],[-123.71506,39.18196],[-123.71147,39.17886],[-123.70409,39.17713],[-123.7003,39.1799],[-123.69608,39.17976],[-123.69423,39.17895],[-123.69371,39.17677],[-123.69125,39.17595],[-123.6892,39.17616],[-123.68441,39.17894],[-123.68188,39.17909],[-123.67758,39.1738],[-123.67091,39.17255],[-123.66742,39.1709],[-123.66388,39.17161],[-123.66085,39.16848],[-123.66064,39.1676],[-123.66383,39.17139],[-123.66762,39.17061],[-123.67274,39.17284],[-123.67774,39.17356],[-123.67948,39.17602],[-123.68277,39.17881],[-123.68452,39.17858],[-123.68936,39.17571],[-123.69185,39.17567],[-123.69327,39.17617],[-123.69427,39.17682],[-123.69488,39.17898],[-123.69662,39.17938],[-123.70088,39.17922],[-123.70125,39.17835],[-123.70355,39.17681],[-123.70858,39.17786],[-123.70888,39.17723],[-123.70896,39.17784],[-123.71242,39.17884],[-123.71564,39.1816],[-123.72118,39.18791],[-123.72288,39.18844],[-123.72695,39.18785],[-123.72622,39.18743],[-123.72319,39.18797],[-123.72198,39.18697],[-123.72238,39.18655],[-123.72284,39.18688],[-123.72908,39.18701],[-123.73109,39.18804],[-123.73259,39.19191],[-123.73359,39.19313],[-123.73309,39.19216],[-123.73459,39.19172],[-123.73922,39.19172],[-123.74479,39.195],[-123.74758,39.19577],[-123.74673,39.19736],[-123.74597,39.19715]]],[[[-123.76019,39.21909],[-123.75373,39.21726],[-123.76004,39.21871],[-123.76258,39.21712],[-123.76456,39.21681],[-123.76521,39.21519],[-123.76124,39.21186],[-123.76021,39.20997],[-123.75929,39.20979],[-123.75829,39.21053],[-123.7559,39.21083],[-123.75292,39.209],[-123.7528,39.2077],[-123.75091,39.20714],[-123.75031,39.2065],[-123.75281,39.20745],[-123.75325,39.20887],[-123.75604,39.21037],[-123.75788,39.21014],[-123.75915,39.20908],[-123.76,39.20925],[-123.76351,39.21291],[-123.76626,39.21487],[-123.76811,39.21536],[-123.76804,39.21619],[-123.76605,39.21589],[-123.76486,39.21754],[-123.76205,39.21804],[-123.76019,39.21909]]],[[[-123.77967,39.26129],[-123.77822,39.2607],[-123.77988,39.26112],[-123.78133,39.26029],[-123.7833,39.26009],[-123.77967,39.26129]]],[[[-123.77874,39.30514],[-123.77462,39.30358],[-123.77139,39.30397],[-123.76868,39.30372],[-123.76625,39.30313],[-123.76581,39.30242],[-123.76333,39.30149],[-123.75951,39.30239],[-123.75848,39.3014],[-123.75512,39.30187],[-123.75299,39.30121],[-123.7528,39.30051],[-123.75152,39.29983],[-123.75089,39.29832],[-123.75161,39.2958],[-123.75116,39.29504],[-123.75013,39.2948],[-123.74622,39.29615],[-123.74299,39.29558],[-123.74192,39.29642],[-123.74164,39.29579],[-123.74229,39.29461],[-123.74182,39.29366],[-123.73924,39.29158],[-123.73759,39.29126],[-123.73555,39.2934],[-123.73481,39.29636],[-123.73392,39.29728],[-123.73361,39.29944],[-123.73052,39.30071],[-123.7275,39.2999],[-123.72613,39.29857],[-123.72639,39.29553],[-123.72566,39.29343],[-123.72415,39.29128],[-123.71826,39.28801],[-123.71661,39.28507],[-123.71387,39.28282],[-123.71669,39.28463],[-123.71867,39.28786],[-123.72273,39.28969],[-123.7251,39.29173],[-123.7266,39.29444],[-123.72669,39.29851],[-123.72768,39.2996],[-123.73087,39.30021],[-123.72848,39.29905],[-123.72795,39.29797],[-123.72959,39.29887],[-123.7315,39.29809],[-123.73298,39.29548],[-123.73315,39.29398],[-123.73253,39.29327],[-123.73331,39.29324],[-123.73383,39.29152],[-123.73642,39.28956],[-123.73824,39.28926],[-123.73793,39.2862],[-123.73687,39.28545],[-123.73829,39.28612],[-123.73904,39.28818],[-123.74012,39.28885],[-123.74003,39.2894],[-123.74079,39.29018],[-123.74193,39.29064],[-123.74451,39.29405],[-123.74545,39.29424],[-123.74745,39.29369],[-123.74849,39.29261],[-123.7494,39.29297],[-123.75096,39.29277],[-123.75256,39.29341],[-123.75388,39.29577],[-123.75373,39.29804],[-123.75473,39.29895],[-123.75715,39.29882],[-123.75794,39.29697],[-123.75828,39.29919],[-123.75997,39.29987],[-123.76226,39.29963],[-123.76587,39.30012],[-123.77055,39.30218],[-123.77251,39.30217],[-123.77272,39.30173],[-123.77337,39.30201],[-123.77433,39.30152],[-123.77896,39.30329],[-123.78101,39.30227],[-123.78311,39.30201],[-123.78339,39.30116],[-123.7847,39.30096],[-123.78415,39.30009],[-123.78609,39.29988],[-123.79063,39.30106],[-123.79193,39.30072],[-123.79238,39.30122],[-123.79171,39.3025],[-123.7917,39.30394],[-123.79067,39.30438],[-123.78545,39.3031],[-123.78362,39.30399],[-123.78133,39.30418],[-123.78019,39.30497],[-123.77874,39.30514]]],[[[-123.7953,39.32131],[-123.79735,39.32058],[-123.79836,39.32069],[-123.79858,39.31957],[-123.80018,39.31993],[-123.7988,39.32012],[-123.79835,39.32085],[-123.7953,39.32131]]],[[[-123.78691,39.33262],[-123.78638,39.33223],[-123.78522,39.3326],[-123.7847,39.33186],[-123.78382,39.33181],[-123.78512,39.33183],[-123.78528,39.3325],[-123.78662,39.33204],[-123.78733,39.33261],[-123.78816,39.33199],[-123.78855,39.33074],[-123.79206,39.33185],[-123.79416,39.33084],[-123.79457,39.33018],[-123.79833,39.33115],[-123.79989,39.33006],[-123.80117,39.33032],[-123.80411,39.32882],[-123.80466,39.3296],[-123.80148,39.33112],[-123.80019,39.33087],[-123.79858,39.33175],[-123.79468,39.33113],[-123.79204,39.33238],[-123.78868,39.33143],[-123.78842,39.33232],[-123.78691,39.33262]]],[[[-123.80378,39.36025],[-123.80256,39.35995],[-123.80196,39.35894],[-123.79986,39.35779],[-123.79418,39.358],[-123.79307,39.3569],[-123.79052,39.35711],[-123.78259,39.35334],[-123.78007,39.35385],[-123.77929,39.35358],[-123.78342,39.35225],[-123.78389,39.35333],[-123.79076,39.35654],[-123.79325,39.35633],[-123.79448,39.35738],[-123.7954,39.35749],[-123.79896,39.35668],[-123.80248,39.35825],[-123.80407,39.35946],[-123.80575,39.35908],[-123.80724,39.35936],[-123.80847,39.35873],[-123.80808,39.36006],[-123.80378,39.36025]]],[[[-123.81592,39.3772],[-123.8074,39.37584],[-123.80283,39.37378],[-123.79738,39.37322],[-123.80256,39.37321],[-123.80758,39.37521],[-123.81029,39.37525],[-123.8116,39.37604],[-123.81533,39.37518],[-123.81528,39.37624],[-123.8161,39.37649],[-123.81592,39.3772]]],[[[-123.81009,39.39212],[-123.80925,39.3913],[-123.80772,39.39106],[-123.8068,39.38985],[-123.80781,39.39047],[-123.8078,39.391],[-123.80932,39.39112],[-123.80988,39.39182],[-123.81069,39.39165],[-123.81009,39.39212]]],[[[-123.80792,39.41914],[-123.80258,39.41879],[-123.80156,39.41699],[-123.80059,39.41753],[-123.79872,39.41696],[-123.79403,39.41133],[-123.79232,39.41176],[-123.79152,39.41056],[-123.79014,39.41022],[-123.79029,39.40957],[-123.78757,39.40824],[-123.7882,39.4067],[-123.78679,39.40784],[-123.78408,39.40757],[-123.78299,39.40669],[-123.78339,39.40651],[-123.78325,39.40704],[-123.78435,39.40753],[-123.78682,39.40757],[-123.78854,39.40612],[-123.78892,39.40684],[-123.7879,39.40816],[-123.78967,39.40916],[-123.79067,39.40909],[-123.79071,39.40995],[-123.7919,39.41037],[-123.79276,39.41144],[-123.79326,39.41133],[-123.79374,39.41021],[-123.79458,39.4103],[-123.79479,39.41162],[-123.7993,39.41646],[-123.80015,39.41694],[-123.80094,39.41595],[-123.80194,39.41583],[-123.80313,39.41798],[-123.80478,39.4179],[-123.80572,39.41847],[-123.80732,39.41809],[-123.80799,39.41826],[-123.80792,39.41914]]],[[[-123.76271,39.44376],[-123.76119,39.44328],[-123.75884,39.44124],[-123.76033,39.44172],[-123.76001,39.44109],[-123.75598,39.4414],[-123.75663,39.44109],[-123.75558,39.44122],[-123.75233,39.4402],[-123.75187,39.43673],[-123.75382,39.43551],[-123.75339,39.43456],[-123.75147,39.43432],[-123.74887,39.43587],[-123.74666,39.43598],[-123.74508,39.43535],[-123.74353,39.43361],[-123.74344,39.43214],[-123.7421,39.43101],[-123.7419,39.42871],[-123.74107,39.42798],[-123.7376,39.42836],[-123.7357,39.42769],[-123.73414,39.42949],[-123.73318,39.42962],[-123.73031,39.42759],[-123.72857,39.42568],[-123.73203,39.4289],[-123.73332,39.42934],[-123.73415,39.42915],[-123.73556,39.4275],[-123.73796,39.42817],[-123.74113,39.4277],[-123.74216,39.42849],[-123.7424,39.43087],[-123.7436,39.43163],[-123.74434,39.43403],[-123.74587,39.43536],[-123.74921,39.43539],[-123.75028,39.43469],[-123.74987,39.43439],[-123.7512,39.43403],[-123.75353,39.43428],[-123.7543,39.43549],[-123.75235,39.43713],[-123.75288,39.43994],[-123.75633,39.44071],[-123.76012,39.44064],[-123.76213,39.44334],[-123.76273,39.4432],[-123.76202,39.44254],[-123.76529,39.4414],[-123.7678,39.43959],[-123.76791,39.4387],[-123.76852,39.43875],[-123.77026,39.43734],[-123.77332,39.43659],[-123.77502,39.4371],[-123.77615,39.43593],[-123.77722,39.43555],[-123.77677,39.43471],[-123.77513,39.43372],[-123.77527,39.43251],[-123.77695,39.43432],[-123.77803,39.43445],[-123.78273,39.43267],[-123.78548,39.43371],[-123.78566,39.433],[-123.7893,39.4319],[-123.79107,39.43069],[-123.79134,39.42946],[-123.78983,39.42748],[-123.79205,39.4294],[-123.79232,39.43103],[-123.79467,39.43172],[-123.79452,39.43015],[-123.79583,39.4286],[-123.79643,39.42696],[-123.79944,39.42588],[-123.7972,39.42366],[-123.79916,39.42453],[-123.80027,39.4243],[-123.80058,39.424],[-123.80027,39.423],[-123.80095,39.42193],[-123.80157,39.42215],[-123.80159,39.42145],[-123.80214,39.42158],[-123.80216,39.42094],[-123.80548,39.42397],[-123.80595,39.42606],[-123.80688,39.42657],[-123.80658,39.42823],[-123.80509,39.4283],[-123.8039,39.4278],[-123.80327,39.42671],[-123.80352,39.42547],[-123.80295,39.42427],[-123.80057,39.42788],[-123.79962,39.42849],[-123.79746,39.42843],[-123.79744,39.42962],[-123.79644,39.43019],[-123.79698,39.43201],[-123.79613,39.43299],[-123.79768,39.43405],[-123.79144,39.43217],[-123.78751,39.43387],[-123.78661,39.43498],[-123.78403,39.43538],[-123.78091,39.43501],[-123.7794,39.43551],[-123.77912,39.43636],[-123.77849,39.43623],[-123.77591,39.43798],[-123.77081,39.43828],[-123.76664,39.44178],[-123.76271,39.44376]]],[[[-123.80393,39.45534],[-123.80234,39.45482],[-123.79953,39.45262],[-123.7987,39.4514],[-123.79677,39.45072],[-123.79598,39.44934],[-123.79382,39.44814],[-123.79294,39.44691],[-123.78934,39.44706],[-123.78769,39.44796],[-123.78766,39.44861],[-123.78694,39.44838],[-123.78631,39.44906],[-123.78305,39.44958],[-123.78031,39.44849],[-123.77979,39.44923],[-123.77723,39.45001],[-123.77177,39.44778],[-123.76694,39.44678],[-123.76526,39.44839],[-123.76425,39.44824],[-123.76309,39.44735],[-123.76083,39.44915],[-123.75736,39.44996],[-123.76081,39.44902],[-123.76147,39.44775],[-123.76317,39.44714],[-123.76478,39.44797],[-123.76679,39.4463],[-123.7685,39.44702],[-123.77128,39.44727],[-123.77642,39.44928],[-123.77847,39.44844],[-123.77944,39.44859],[-123.7807,39.44748],[-123.7823,39.44892],[-123.78299,39.44897],[-123.78565,39.44839],[-123.78771,39.44644],[-123.78805,39.44685],[-123.78979,39.44595],[-123.79335,39.44618],[-123.79417,39.44671],[-123.7944,39.44752],[-123.79662,39.44874],[-123.79766,39.45003],[-123.80044,39.45127],[-123.80095,39.45234],[-123.80415,39.45404],[-123.80568,39.45367],[-123.80532,39.45489],[-123.80393,39.45534]]],[[[-123.72226,39.55308],[-123.7206,39.55257],[-123.72308,39.55267],[-123.72233,39.55265],[-123.7236,39.55215],[-123.72433,39.55114],[-123.72345,39.55149],[-123.72604,39.54793],[-123.72642,39.54798],[-123.72634,39.54747],[-123.72728,39.54693],[-123.73336,39.54694],[-123.74171,39.54959],[-123.7435,39.54896],[-123.74659,39.54671],[-123.74625,39.54452],[-123.74464,39.54241],[-123.74513,39.54018],[-123.74326,39.54067],[-123.74351,39.53977],[-123.74149,39.5388],[-123.74152,39.53796],[-123.73936,39.53682],[-123.74114,39.53646],[-123.74257,39.53681],[-123.74426,39.53548],[-123.74655,39.53464],[-123.74559,39.53315],[-123.74392,39.53183],[-123.74365,39.5306],[-123.74177,39.52972],[-123.74061,39.52765],[-123.74116,39.52758],[-123.73788,39.5274],[-123.73676,39.52689],[-123.73609,39.52577],[-123.73294,39.52496],[-123.73206,39.5249],[-123.73099,39.52563],[-123.73001,39.52569],[-123.73038,39.52538],[-123.72943,39.52511],[-123.72798,39.52526],[-123.72709,39.52405],[-123.72812,39.52513],[-123.7295,39.52494],[-123.73111,39.52546],[-123.73167,39.525],[-123.73085,39.52455],[-123.73536,39.52522],[-123.73756,39.52689],[-123.73811,39.52678],[-123.73717,39.52662],[-123.73698,39.52499],[-123.73826,39.5261],[-123.74008,39.52563],[-123.74202,39.52582],[-123.74274,39.52679],[-123.74259,39.52772],[-123.74346,39.52758],[-123.74346,39.52803],[-123.74441,39.52791],[-123.74633,39.52872],[-123.74607,39.53065],[-123.74695,39.53114],[-123.74785,39.53281],[-123.74875,39.53306],[-123.74883,39.53533],[-123.74761,39.5362],[-123.74795,39.5375],[-123.75201,39.53936],[-123.75572,39.54184],[-123.75854,39.54479],[-123.76052,39.546],[-123.76157,39.54607],[-123.76237,39.54764],[-123.7625,39.54962],[-123.76193,39.54956],[-123.76158,39.55025],[-123.76108,39.54918],[-123.76022,39.54869],[-123.7571,39.54876],[-123.7554,39.54989],[-123.75615,39.54826],[-123.75478,39.54685],[-123.75208,39.54543],[-123.75104,39.54327],[-123.74987,39.54323],[-123.74872,39.54379],[-123.75016,39.54598],[-123.7501,39.54737],[-123.74859,39.54859],[-123.74639,39.54932],[-123.74488,39.55108],[-123.74175,39.55187],[-123.73686,39.55073],[-123.73495,39.54955],[-123.73242,39.54912],[-123.73146,39.54957],[-123.73188,39.55054],[-123.7309,39.55086],[-123.7304,39.55013],[-123.72761,39.55008],[-123.72605,39.55037],[-123.72476,39.55147],[-123.72545,39.55025],[-123.72369,39.55251],[-123.72226,39.55308]]],[[[-123.7249,39.56125],[-123.72781,39.56012],[-123.7275,39.55938],[-123.72462,39.55718],[-123.72212,39.55631],[-123.72074,39.55645],[-123.71929,39.55767],[-123.71771,39.55699],[-123.71758,39.55518],[-123.71859,39.55224],[-123.71969,39.55151],[-123.71965,39.55062],[-123.72036,39.55092],[-123.72087,39.55237],[-123.71948,39.55201],[-123.71882,39.55251],[-123.71862,39.5542],[-123.71788,39.55508],[-123.71798,39.55693],[-123.71948,39.55732],[-123.72069,39.5563],[-123.72174,39.5561],[-123.72435,39.55671],[-123.72642,39.55809],[-123.72797,39.5601],[-123.72701,39.56088],[-123.7249,39.56125]]],[[[-123.78592,39.67941],[-123.77959,39.67733],[-123.78177,39.67724],[-123.78624,39.67854],[-123.78823,39.67753],[-123.78976,39.67736],[-123.78972,39.67879],[-123.78592,39.67941]]],[[[-123.79391,39.70463],[-123.79534,39.70355],[-123.79583,39.70226],[-123.79692,39.70205],[-123.79505,39.70094],[-123.79901,39.70095],[-123.80098,39.70151],[-123.8024,39.7028],[-123.80353,39.70259],[-123.80322,39.7039],[-123.79838,39.70223],[-123.79623,39.70282],[-123.79577,39.70388],[-123.79391,39.70463]]],[[[-124.02268,40.00157],[-124.019,39.99816],[-124.01632,39.993],[-124.01493,39.99154],[-124.00888,39.98728],[-124.0085,39.98749],[-124.00875,39.98715],[-124.00607,39.98587],[-124.00386,39.98273],[-124.00224,39.98184],[-124.00036,39.97831],[-123.99741,39.97607],[-123.99706,39.97466],[-123.99591,39.97325],[-123.99426,39.97267],[-123.99327,39.97118],[-123.99138,39.96992],[-123.98932,39.96962],[-123.98496,39.96675],[-123.98369,39.96473],[-123.98087,39.96387],[-123.97886,39.96145],[-123.9784,39.96277],[-123.97894,39.96042],[-123.9783,39.9588],[-123.9752,39.9561],[-123.97453,39.95365],[-123.97375,39.9546],[-123.97387,39.95527],[-123.97356,39.95458],[-123.97389,39.95336],[-123.97459,39.95344],[-123.97375,39.95188],[-123.97207,39.95032],[-123.97132,39.95019],[-123.97016,39.94764],[-123.96685,39.94367],[-123.96671,39.94206],[-123.96234,39.93844],[-123.962,39.9372],[-123.96086,39.93592],[-123.95985,39.93333],[-123.95862,39.93165],[-123.9582,39.93021],[-123.95841,39.92796],[-123.95716,39.9271],[-123.95744,39.92689],[-123.95602,39.9249],[-123.95589,39.92359],[-123.95514,39.92349],[-123.95463,39.92248],[-123.95411,39.92268],[-123.95416,39.92216],[-123.95343,39.92253],[-123.95132,39.92186],[-123.94982,39.91998],[-123.94217,39.9165],[-123.93927,39.9136],[-123.93929,39.91482],[-123.94115,39.91754],[-123.94069,39.91727],[-123.94015,39.91766],[-123.94031,39.91667],[-123.93928,39.916],[-123.93848,39.91445],[-123.93685,39.91436],[-123.93812,39.91406],[-123.93841,39.9135],[-123.93419,39.91253],[-123.93196,39.91066],[-123.93124,39.91088],[-123.92986,39.90998],[-123.92888,39.90821],[-123.92847,39.90521],[-123.92671,39.90393],[-123.92684,39.90216],[-123.92477,39.8996],[-123.92473,39.89736],[-123.92241,39.89307],[-123.92065,39.8914],[-123.91892,39.88795],[-123.91807,39.88515],[-123.91829,39.88464],[-123.91595,39.88196],[-123.91554,39.8821],[-123.91552,39.88278],[-123.91434,39.88319],[-123.91352,39.88443],[-123.91201,39.8855],[-123.9125,39.88656],[-123.91224,39.88773],[-123.91333,39.88896],[-123.91199,39.88774],[-123.91108,39.88542],[-123.908,39.88426],[-123.91138,39.88466],[-123.91258,39.8841],[-123.91369,39.88172],[-123.91447,39.88116],[-123.91445,39.8797],[-123.91569,39.88026],[-123.91565,39.87859],[-123.9143,39.87637],[-123.91482,39.87563],[-123.91401,39.87542],[-123.91396,39.87418],[-123.91355,39.8743],[-123.9131,39.87358],[-123.9123,39.87116],[-123.91265,39.87071],[-123.91188,39.87082],[-123.91191,39.86989],[-123.91116,39.8702],[-123.91056,39.86956],[-123.90873,39.86589],[-123.90923,39.8656],[-123.90826,39.86496],[-123.90691,39.86278],[-123.90475,39.86135],[-123.90416,39.85948],[-123.90363,39.8605],[-123.90168,39.86034],[-123.90006,39.86134],[-123.9015,39.85976],[-123.89976,39.85766],[-123.9,39.85716],[-123.89941,39.85564],[-123.89902,39.85625],[-123.89775,39.8553],[-123.8978,39.85592],[-123.89602,39.85626],[-123.89373,39.85523],[-123.894,39.85365],[-123.89347,39.8529],[-123.89273,39.85347],[-123.89153,39.85258],[-123.88886,39.85235],[-123.8877,39.85286],[-123.88891,39.85211],[-123.88692,39.84942],[-123.88706,39.84892],[-123.8863,39.84886],[-123.88518,39.84778],[-123.87974,39.84485],[-123.87213,39.84223],[-123.87027,39.84095],[-123.86628,39.83959],[-123.86431,39.83834],[-123.85841,39.83652],[-123.85345,39.83427],[-123.85067,39.83203],[-123.8466,39.83336],[-123.84676,39.83421],[-123.84621,39.83508],[-123.84376,39.83572],[-123.84441,39.83687],[-123.84552,39.83746],[-123.84338,39.83718],[-123.84252,39.83612],[-123.84158,39.83639],[-123.83997,39.83767],[-123.83945,39.83842],[-123.8397,39.83905],[-123.8364,39.84177],[-123.83251,39.84286],[-123.8299,39.8425],[-123.8296,39.84352],[-123.82922,39.84338],[-123.82933,39.84207],[-123.82756,39.84172],[-123.82875,39.84186],[-123.83076,39.84106],[-123.83329,39.8416],[-123.83378,39.84111],[-123.83556,39.84096],[-123.83636,39.83899],[-123.83816,39.83818],[-123.83854,39.83628],[-123.84007,39.83424],[-123.84206,39.83365],[-123.84348,39.83411],[-123.84379,39.83263],[-123.84474,39.8322],[-123.84313,39.82989],[-123.84523,39.83096],[-123.84597,39.83016],[-123.84767,39.83052],[-123.8489,39.82883],[-123.84727,39.82256],[-123.84745,39.8218],[-123.84811,39.82144],[-123.84805,39.82066],[-123.84647,39.81942],[-123.847,39.81846],[-123.84585,39.81686],[-123.84488,39.8127],[-123.84473,39.80855],[-123.8459,39.80785],[-123.8457,39.80728],[-123.84612,39.80683],[-123.8444,39.80672],[-123.84347,39.80614],[-123.84271,39.80394],[-123.84305,39.80237],[-123.84196,39.80214],[-123.84115,39.80116],[-123.84111,39.79961],[-123.84002,39.79816],[-123.83902,39.79515],[-123.83857,39.78998],[-123.83889,39.78952],[-123.83779,39.78737],[-123.83746,39.78117],[-123.83687,39.77889],[-123.83666,39.77155],[-123.83711,39.76948],[-123.83776,39.76911],[-123.83722,39.76827],[-123.83698,39.76595],[-123.83814,39.76298],[-123.83719,39.75865],[-123.83753,39.75799],[-123.83827,39.75807],[-123.83785,39.75753],[-123.83908,39.75733],[-123.83869,39.75657],[-123.83791,39.75662],[-123.83686,39.75577],[-123.83768,39.75473],[-123.83699,39.75319],[-123.83777,39.75257],[-123.8377,39.75191],[-123.83625,39.7517],[-123.83604,39.75088],[-123.83598,39.75146],[-123.83487,39.75068],[-123.83387,39.74746],[-123.83205,39.74466],[-123.8317,39.74205],[-123.83257,39.74157],[-123.83148,39.74117],[-123.83167,39.74058],[-123.8311,39.73967],[-123.83147,39.73871],[-123.83277,39.73778],[-123.8279,39.73588],[-123.82645,39.73735],[-123.82079,39.73804],[-123.81882,39.73956],[-123.81743,39.74403],[-123.81849,39.74507],[-123.81844,39.74743],[-123.81979,39.75001],[-123.81951,39.75139],[-123.82048,39.75219],[-123.81935,39.75143],[-123.81951,39.75025],[-123.81695,39.74812],[-123.8174,39.74711],[-123.81678,39.74657],[-123.81703,39.74565],[-123.81587,39.74413],[-123.81601,39.74297],[-123.81539,39.742],[-123.8159,39.74119],[-123.81719,39.74098],[-123.81732,39.74015],[-123.81664,39.73895],[-123.81271,39.73719],[-123.81156,39.73716],[-123.81047,39.73819],[-123.80984,39.7378],[-123.8113,39.73694],[-123.8114,39.73618],[-123.81079,39.73554],[-123.81164,39.73606],[-123.81396,39.73624],[-123.8179,39.73842],[-123.82137,39.73597],[-123.82215,39.73658],[-123.82508,39.73624],[-123.82614,39.73399],[-123.82776,39.73402],[-123.8294,39.73192],[-123.82945,39.7312],[-123.83025,39.73134],[-123.8302,39.73078],[-123.83157,39.7305],[-123.83062,39.72847],[-123.83115,39.72856],[-123.83113,39.7282],[-123.83028,39.72803],[-123.83068,39.72671],[-123.83143,39.72657],[-123.82976,39.72582],[-123.82971,39.72409],[-123.83055,39.72334],[-123.82946,39.72319],[-123.82918,39.72245],[-123.82457,39.71819],[-123.81958,39.71664],[-123.81853,39.7155],[-123.81686,39.71469],[-123.81611,39.7148],[-123.80814,39.71091],[-123.80068,39.71352],[-123.80006,39.71438],[-123.79994,39.7139],[-123.79822,39.7132],[-123.79617,39.71339],[-123.79602,39.71309],[-123.79814,39.71298],[-123.80032,39.71338],[-123.80203,39.71255],[-123.80329,39.7113],[-123.8066,39.71102],[-123.80731,39.71013],[-123.80645,39.70846],[-123.80631,39.70699],[-123.80483,39.70607],[-123.80411,39.70459],[-123.80361,39.70002],[-123.80277,39.6994],[-123.80282,39.69888],[-123.80225,39.69904],[-123.80116,39.69828],[-123.80111,39.69744],[-123.80036,39.6966],[-123.79918,39.69618],[-123.79894,39.69452],[-123.79772,39.69367],[-123.79651,39.69173],[-123.79528,39.69136],[-123.79421,39.69031],[-123.79411,39.68829],[-123.79308,39.68708],[-123.7924,39.68402],[-123.792,39.68414],[-123.79219,39.68351],[-123.79122,39.68111],[-123.79168,39.67903],[-123.79137,39.67827],[-123.79125,39.67864],[-123.79002,39.67849],[-123.7899,39.67739],[-123.79037,39.67661],[-123.79106,39.67669],[-123.79133,39.67579],[-123.79101,39.67354],[-123.79148,39.67129],[-123.79093,39.66956],[-123.79211,39.66723],[-123.7899,39.66629],[-123.78862,39.6651],[-123.787,39.66178],[-123.78523,39.66],[-123.78413,39.66008],[-123.78357,39.66167],[-123.78254,39.6608],[-123.77675,39.66179],[-123.77366,39.6642],[-123.76982,39.66432],[-123.76883,39.66384],[-123.77004,39.66337],[-123.76821,39.66316],[-123.76788,39.6628],[-123.76818,39.66263],[-123.76728,39.66216],[-123.77105,39.66259],[-123.77355,39.66188],[-123.77841,39.65947],[-123.78147,39.65942],[-123.78522,39.6563],[-123.78568,39.65745],[-123.78532,39.65811],[-123.78593,39.65839],[-123.7866,39.65791],[-123.78681,39.65701],[-123.78635,39.65563],[-123.78572,39.65533],[-123.78447,39.65244],[-123.78204,39.6515],[-123.78061,39.64994],[-123.77927,39.64995],[-123.77516,39.64788],[-123.77291,39.64798],[-123.77078,39.64871],[-123.76892,39.65001],[-123.76703,39.65009],[-123.7651,39.65116],[-123.7623,39.65147],[-123.76184,39.65086],[-123.76344,39.65049],[-123.76209,39.64979],[-123.76379,39.65034],[-123.76332,39.64983],[-123.76695,39.64848],[-123.76889,39.64842],[-123.76989,39.64778],[-123.77059,39.64662],[-123.769,39.64516],[-123.76838,39.64199],[-123.76932,39.6427],[-123.76993,39.64467],[-123.77199,39.64628],[-123.77571,39.64655],[-123.77989,39.64837],[-123.7827,39.64817],[-123.78388,39.64987],[-123.78536,39.64917],[-123.78503,39.64889],[-123.78543,39.64854],[-123.78466,39.64749],[-123.78479,39.64688],[-123.7855,39.64671],[-123.78464,39.64343],[-123.78479,39.64254],[-123.78581,39.64204],[-123.78479,39.64169],[-123.78548,39.63988],[-123.78665,39.63916],[-123.78623,39.6375],[-123.78657,39.63678],[-123.78702,39.6368],[-123.7861,39.63653],[-123.78586,39.63592],[-123.78632,39.6355],[-123.78534,39.63535],[-123.78579,39.63475],[-123.78531,39.63432],[-123.78528,39.63305],[-123.78576,39.6329],[-123.78483,39.63139],[-123.78496,39.62944],[-123.78427,39.62891],[-123.78544,39.62744],[-123.7874,39.62719],[-123.78575,39.62621],[-123.78583,39.62562],[-123.7863,39.62556],[-123.78608,39.62507],[-123.78466,39.62522],[-123.78355,39.62372],[-123.78398,39.62342],[-123.78306,39.62333],[-123.78255,39.62262],[-123.78294,39.62223],[-123.78227,39.6219],[-123.78257,39.6141],[-123.77837,39.61257],[-123.78094,39.61323],[-123.78263,39.61315],[-123.78332,39.60951],[-123.78432,39.60923],[-123.78383,39.60824],[-123.78538,39.607],[-123.78706,39.6079],[-123.78678,39.60634],[-123.78623,39.60579],[-123.78672,39.6054],[-123.78643,39.60505],[-123.78741,39.60495],[-123.78741,39.60405],[-123.78821,39.60454],[-123.78795,39.60391],[-123.78858,39.60344],[-123.7881,39.60255],[-123.78823,39.60078],[-123.78659,39.59965],[-123.78778,39.60022],[-123.7883,39.59999],[-123.78737,39.5991],[-123.78791,39.59911],[-123.78713,39.5982],[-123.78744,39.59795],[-123.78556,39.59485],[-123.78478,39.59471],[-123.7837,39.59365],[-123.78391,39.59326],[-123.78481,39.59353],[-123.7841,39.59298],[-123.78407,39.59225],[-123.78476,39.59297],[-123.78559,39.59307],[-123.78445,39.5923],[-123.78572,39.59254],[-123.78392,39.59108],[-123.78346,39.59126],[-123.78367,39.59158],[-123.78113,39.59154],[-123.78266,39.59128],[-123.78284,39.59055],[-123.78227,39.59023],[-123.78281,39.59004],[-123.78223,39.58937],[-123.781,39.58921],[-123.78125,39.58834],[-123.78005,39.58761],[-123.78078,39.58752],[-123.78069,39.58687],[-123.77988,39.58654],[-123.77883,39.58497],[-123.77714,39.58441],[-123.77712,39.58349],[-123.77767,39.58286],[-123.77672,39.5811],[-123.77773,39.58095],[-123.77704,39.58034],[-123.77731,39.57958],[-123.77777,39.57962],[-123.77622,39.57935],[-123.77621,39.57844],[-123.7769,39.57748],[-123.77884,39.57822],[-123.77814,39.57709],[-123.77658,39.57624],[-123.77693,39.57581],[-123.77749,39.5761],[-123.77827,39.57577],[-123.7758,39.57408],[-123.77482,39.57281],[-123.77274,39.57234],[-123.77238,39.57142],[-123.77271,39.57092],[-123.77078,39.56744],[-123.76805,39.56563],[-123.7666,39.56643],[-123.76647,39.56717],[-123.76552,39.56796],[-123.76416,39.56847],[-123.76383,39.56955],[-123.76264,39.57051],[-123.7624,39.57247],[-123.76316,39.57316],[-123.76327,39.57411],[-123.76279,39.57509],[-123.7628,39.57321],[-123.76198,39.57235],[-123.76225,39.56999],[-123.76309,39.5691],[-123.76297,39.56835],[-123.76543,39.56709],[-123.76548,39.56615],[-123.76697,39.56521],[-123.76731,39.56276],[-123.76835,39.56203],[-123.7691,39.56238],[-123.76898,39.56283],[-123.76949,39.56296],[-123.76953,39.56256],[-123.76862,39.56128],[-123.76814,39.56198],[-123.76706,39.56122],[-123.7667,39.56011],[-123.7681,39.56045],[-123.76675,39.55959],[-123.76599,39.55986],[-123.76562,39.55922],[-123.76305,39.56147],[-123.76318,39.55922],[-123.76122,39.55944],[-123.76162,39.55925],[-123.76025,39.55907],[-123.75947,39.55807],[-123.76261,39.55731],[-123.76428,39.55778],[-123.76671,39.55747],[-123.76696,39.55583],[-123.76643,39.55462],[-123.76682,39.55394],[-123.76566,39.55344],[-123.76568,39.55263],[-123.76491,39.55151],[-123.76324,39.55075],[-123.76191,39.54623],[-123.76481,39.54666],[-123.76506,39.54542],[-123.76464,39.54503],[-123.7657,39.54418],[-123.7647,39.5441],[-123.76516,39.54292],[-123.76478,39.54277],[-123.76614,39.54261],[-123.76503,39.54204],[-123.76654,39.54094],[-123.76532,39.54057],[-123.76535,39.54022],[-123.76621,39.54015],[-123.7659,39.53942],[-123.76433,39.54048],[-123.76497,39.53895],[-123.76573,39.5385],[-123.7647,39.53837],[-123.76538,39.53806],[-123.76568,39.53724],[-123.76667,39.53765],[-123.76632,39.53658],[-123.76702,39.5371],[-123.76817,39.53698],[-123.76792,39.53645],[-123.76688,39.53655],[-123.76618,39.53587],[-123.76662,39.53535],[-123.76759,39.53552],[-123.76788,39.53502],[-123.76853,39.53529],[-123.76874,39.53405],[-123.76694,39.53452],[-123.76684,39.53513],[-123.76625,39.53477],[-123.76816,39.53285],[-123.76873,39.533],[-123.76914,39.53106],[-123.76867,39.52875],[-123.766,39.52897],[-123.76494,39.5301],[-123.76106,39.52808],[-123.76234,39.5275],[-123.7637,39.52753],[-123.76286,39.52415],[-123.76476,39.52643],[-123.76553,39.52651],[-123.76619,39.52509],[-123.7661,39.52438],[-123.76544,39.52392],[-123.76586,39.5235],[-123.76561,39.52275],[-123.76749,39.52363],[-123.7682,39.52481],[-123.76871,39.52465],[-123.76988,39.52687],[-123.76966,39.52552],[-123.77001,39.52545],[-123.77068,39.5275],[-123.77179,39.52875],[-123.7712,39.52789],[-123.77114,39.52662],[-123.77052,39.52624],[-123.77116,39.5249],[-123.77059,39.5232],[-123.77163,39.52188],[-123.77236,39.51883],[-123.77284,39.5196],[-123.77317,39.51889],[-123.77365,39.51897],[-123.77287,39.51856],[-123.77271,39.5189],[-123.77201,39.51802],[-123.77246,39.51806],[-123.77352,39.5164],[-123.77422,39.51675],[-123.7728,39.51624],[-123.77298,39.51584],[-123.77252,39.51558],[-123.77387,39.51545],[-123.77639,39.51684],[-123.7763,39.51634],[-123.77577,39.51638],[-123.77452,39.51521],[-123.7741,39.51539],[-123.77269,39.51445],[-123.77228,39.51495],[-123.77223,39.51415],[-123.77283,39.51446],[-123.77228,39.51394],[-123.7712,39.51394],[-123.76988,39.51277],[-123.768,39.51225],[-123.76876,39.51142],[-123.76887,39.5104],[-123.77079,39.51011],[-123.77164,39.51149],[-123.77263,39.51208],[-123.77418,39.51087],[-123.77556,39.51341],[-123.77622,39.51051],[-123.77818,39.50998],[-123.77807,39.51118],[-123.77737,39.51137],[-123.77745,39.51264],[-123.77824,39.51294],[-123.77794,39.51198],[-123.77872,39.51205],[-123.77897,39.51015],[-123.7797,39.50992],[-123.77971,39.5094],[-123.78125,39.50958],[-123.78091,39.50862],[-123.78161,39.50802],[-123.78178,39.50865],[-123.78228,39.5077],[-123.78269,39.50818],[-123.78272,39.50752],[-123.78366,39.50799],[-123.78315,39.50758],[-123.78419,39.50768],[-123.7838,39.50717],[-123.78416,39.50758],[-123.78455,39.50673],[-123.78514,39.50692],[-123.78548,39.50552],[-123.78638,39.50537],[-123.78689,39.50337],[-123.78741,39.50298],[-123.78717,39.50245],[-123.78802,39.50189],[-123.78738,39.5013],[-123.78835,39.49984],[-123.7878,39.49874],[-123.78801,39.49923],[-123.78939,39.49957],[-123.78933,39.49876],[-123.78976,39.49918],[-123.79,39.49889],[-123.78962,39.49839],[-123.7902,39.49798],[-123.79013,39.49734],[-123.78932,39.49744],[-123.78903,39.49621],[-123.78796,39.49542],[-123.79013,39.49589],[-123.79008,39.49519],[-123.79063,39.49572],[-123.79071,39.49504],[-123.79143,39.49476],[-123.79197,39.49544],[-123.79224,39.49456],[-123.79274,39.49451],[-123.79232,39.49401],[-123.79306,39.49218],[-123.79267,39.49145],[-123.79342,39.49008],[-123.79053,39.4886],[-123.78716,39.48893],[-123.78712,39.48857],[-123.78552,39.48846],[-123.78296,39.48624],[-123.7872,39.4877],[-123.78865,39.4864],[-123.79053,39.4864],[-123.79336,39.48744],[-123.79359,39.48644],[-123.79526,39.4878],[-123.79772,39.48796],[-123.79798,39.48819],[-123.79759,39.48872],[-123.79852,39.48818],[-123.80043,39.48847],[-123.80149,39.4875],[-123.80151,39.48683],[-123.80183,39.48718],[-123.80164,39.4867],[-123.80236,39.48572],[-123.80222,39.48449],[-123.80154,39.48375],[-123.80194,39.48213],[-123.80237,39.48191],[-123.80204,39.4814],[-123.80238,39.48062],[-123.80168,39.48],[-123.80221,39.47906],[-123.8014,39.47725],[-123.80229,39.47761],[-123.80082,39.47585],[-123.80154,39.47475],[-123.80062,39.47441],[-123.80082,39.47376],[-123.79909,39.47165],[-123.79761,39.47197],[-123.79641,39.47119],[-123.79675,39.4706],[-123.79583,39.46998],[-123.79409,39.46974],[-123.79395,39.47011],[-123.79293,39.46796],[-123.79248,39.46788],[-123.79292,39.46754],[-123.79415,39.46944],[-123.79756,39.47007],[-123.7972,39.47103],[-123.79764,39.47134],[-123.7991,39.47042],[-123.79892,39.47074],[-123.80033,39.47134],[-123.80082,39.47022],[-123.80235,39.47001],[-123.80275,39.47089],[-123.80349,39.47091],[-123.80426,39.46915],[-123.8042,39.4697],[-123.80717,39.4664],[-123.80675,39.46431],[-123.80727,39.46394],[-123.80679,39.4628],[-123.80731,39.4595],[-123.80577,39.45968],[-123.80183,39.45877],[-123.79947,39.4568],[-123.80051,39.45696],[-123.80201,39.45821],[-123.80599,39.45858],[-123.80637,39.45721],[-123.8057,39.45441],[-123.80583,39.45369],[-123.80626,39.4537],[-123.80756,39.45466],[-123.80786,39.45824],[-123.80917,39.45881],[-123.80972,39.45858],[-123.80968,39.45693],[-123.81067,39.45652],[-123.8105,39.45595],[-123.81126,39.45541],[-123.81068,39.45502],[-123.81177,39.45386],[-123.81092,39.45303],[-123.81122,39.4534],[-123.81184,39.45322],[-123.81192,39.45235],[-123.81295,39.45221],[-123.81257,39.45093],[-123.81294,39.45002],[-123.81354,39.45003],[-123.81339,39.44872],[-123.81478,39.44769],[-123.81425,39.44643],[-123.81463,39.44646],[-123.81541,39.4451],[-123.81627,39.44506],[-123.81402,39.44447],[-123.81321,39.44327],[-123.80965,39.44271],[-123.80946,39.44208],[-123.81028,39.44146],[-123.8128,39.44122],[-123.8119,39.44086],[-123.81322,39.44025],[-123.81374,39.44037],[-123.81259,39.44089],[-123.81283,39.44115],[-123.81504,39.44046],[-123.81628,39.43799],[-123.81748,39.43814],[-123.81748,39.43868],[-123.8192,39.43947],[-123.81921,39.43895],[-123.81987,39.43884],[-123.81918,39.43866],[-123.81883,39.43797],[-123.81866,39.43709],[-123.81961,39.43691],[-123.81928,39.4362],[-123.81866,39.43603],[-123.81887,39.43675],[-123.81799,39.43665],[-123.81785,39.43418],[-123.81646,39.43254],[-123.81671,39.43159],[-123.81615,39.43148],[-123.81582,39.43069],[-123.81408,39.43078],[-123.81361,39.43131],[-123.81232,39.43064],[-123.81152,39.43127],[-123.80886,39.43003],[-123.80852,39.42828],[-123.80684,39.42827],[-123.80712,39.4267],[-123.80952,39.42712],[-123.81048,39.42608],[-123.81416,39.42536],[-123.81667,39.42605],[-123.81678,39.42556],[-123.81822,39.42514],[-123.81721,39.42451],[-123.81887,39.42408],[-123.81719,39.42383],[-123.81719,39.42316],[-123.81673,39.42297],[-123.81716,39.42237],[-123.81677,39.42223],[-123.8172,39.42223],[-123.81544,39.42173],[-123.81549,39.42066],[-123.81489,39.42024],[-123.81552,39.41999],[-123.81489,39.41986],[-123.81549,39.41948],[-123.81503,39.41939],[-123.81542,39.41899],[-123.81464,39.41885],[-123.81482,39.4186],[-123.8098,39.41821],[-123.80805,39.41917],[-123.80854,39.41713],[-123.80965,39.41672],[-123.81048,39.41715],[-123.81116,39.41642],[-123.81265,39.41658],[-123.81493,39.41506],[-123.81517,39.41418],[-123.81356,39.41378],[-123.81481,39.41347],[-123.81476,39.41305],[-123.81392,39.41281],[-123.81498,39.41221],[-123.81422,39.41107],[-123.81494,39.4112],[-123.81552,39.41072],[-123.81578,39.40928],[-123.8151,39.40861],[-123.81279,39.40792],[-123.81405,39.40834],[-123.81427,39.40785],[-123.81638,39.40894],[-123.81766,39.40878],[-123.81805,39.40934],[-123.81858,39.40899],[-123.81845,39.40747],[-123.81901,39.40793],[-123.81921,39.40695],[-123.82003,39.40686],[-123.81983,39.40658],[-123.82066,39.40667],[-123.82062,39.40617],[-123.82133,39.40662],[-123.82184,39.40636],[-123.82121,39.40605],[-123.82162,39.40583],[-123.82122,39.40576],[-123.82148,39.40505],[-123.82011,39.40392],[-123.82069,39.40367],[-123.8201,39.40324],[-123.82016,39.40264],[-123.82114,39.40297],[-123.82103,39.40146],[-123.8201,39.4008],[-123.81996,39.40016],[-123.81853,39.39973],[-123.81906,39.39875],[-123.81855,39.3974],[-123.82021,39.39784],[-123.82026,39.39721],[-123.82075,39.39746],[-123.81925,39.39644],[-123.81974,39.39576],[-123.81866,39.39537],[-123.81862,39.39442],[-123.81602,39.39259],[-123.8149,39.39264],[-123.81339,39.3917],[-123.81149,39.39164],[-123.81256,39.39109],[-123.81773,39.39229],[-123.81758,39.3916],[-123.81837,39.39133],[-123.81939,39.39189],[-123.81927,39.39145],[-123.82023,39.39167],[-123.81786,39.38994],[-123.81776,39.38963],[-123.8184,39.38948],[-123.81727,39.38777],[-123.81476,39.38695],[-123.81732,39.38745],[-123.81825,39.38697],[-123.81932,39.3874],[-123.8182,39.38653],[-123.81895,39.38602],[-123.8195,39.38626],[-123.81932,39.38591],[-123.82065,39.38588],[-123.81968,39.38512],[-123.81952,39.38461],[-123.81993,39.38461],[-123.81942,39.38423],[-123.82002,39.3841],[-123.81986,39.38348],[-123.82082,39.3836],[-123.82093,39.38318],[-123.8195,39.38176],[-123.82053,39.38202],[-123.81988,39.38091],[-123.8213,39.38093],[-123.82157,39.38006],[-123.82065,39.37855],[-123.81997,39.379],[-123.81888,39.3785],[-123.81862,39.37808],[-123.81902,39.37733],[-123.81608,39.37721],[-123.81622,39.37654],[-123.81732,39.37598],[-123.81971,39.37633],[-123.82009,39.37559],[-123.82218,39.37595],[-123.81992,39.37427],[-123.81992,39.37252],[-123.82065,39.37213],[-123.82162,39.37262],[-123.82225,39.37237],[-123.82204,39.37189],[-123.82305,39.37161],[-123.82253,39.3712],[-123.82276,39.37033],[-123.82201,39.3698],[-123.82273,39.36922],[-123.8243,39.36982],[-123.82477,39.36951],[-123.82427,39.36887],[-123.82504,39.3688],[-123.82445,39.36842],[-123.82594,39.36865],[-123.82511,39.36776],[-123.82335,39.36723],[-123.8231,39.36758],[-123.82186,39.36619],[-123.82038,39.36582],[-123.82035,39.36509],[-123.81971,39.36521],[-123.81948,39.36464],[-123.81962,39.36418],[-123.82013,39.36444],[-123.81972,39.36395],[-123.81903,39.36401],[-123.81902,39.36308],[-123.8179,39.36211],[-123.81416,39.36176],[-123.81337,39.36234],[-123.81171,39.36233],[-123.80931,39.36075],[-123.80857,39.35979],[-123.8086,39.3587],[-123.80943,39.35878],[-123.81031,39.3602],[-123.81174,39.36109],[-123.81446,39.36023],[-123.81619,39.36084],[-123.81645,39.36053],[-123.816,39.35985],[-123.81321,39.35894],[-123.81214,39.35805],[-123.80996,39.35785],[-123.8108,39.35736],[-123.8122,39.35746],[-123.81344,39.35779],[-123.81372,39.35842],[-123.81688,39.35883],[-123.81915,39.36046],[-123.82112,39.36029],[-123.82162,39.3608],[-123.82212,39.36037],[-123.82239,39.36149],[-123.82301,39.36108],[-123.82385,39.36165],[-123.82346,39.36116],[-123.82428,39.36063],[-123.82478,39.3609],[-123.82271,39.36009],[-123.82311,39.35966],[-123.82257,39.35919],[-123.82305,39.35887],[-123.82419,39.35959],[-123.82461,39.35907],[-123.8227,39.35839],[-123.82285,39.35741],[-123.82376,39.35698],[-123.82304,39.35631],[-123.82332,39.35602],[-123.82139,39.35545],[-123.82074,39.35361],[-123.82412,39.35353],[-123.82593,39.35197],[-123.82552,39.35158],[-123.82605,39.35133],[-123.82624,39.35041],[-123.82545,39.34988],[-123.82675,39.34992],[-123.82534,39.34894],[-123.82642,39.34939],[-123.8274,39.34913],[-123.8263,39.34788],[-123.82566,39.34802],[-123.8255,39.34855],[-123.8247,39.34852],[-123.82579,39.34753],[-123.82492,39.34678],[-123.82471,39.34543],[-123.82362,39.34481],[-123.82254,39.34548],[-123.82282,39.34412],[-123.82198,39.34345],[-123.8213,39.3446],[-123.82057,39.34434],[-123.82105,39.34301],[-123.81927,39.343],[-123.82043,39.3426],[-123.81922,39.34193],[-123.81922,39.34145],[-123.81852,39.34143],[-123.81886,39.3407],[-123.81802,39.33998],[-123.81841,39.33982],[-123.81704,39.34],[-123.81617,39.33937],[-123.81744,39.33888],[-123.81677,39.33892],[-123.81704,39.33841],[-123.81577,39.33771],[-123.81726,39.33735],[-123.81638,39.33656],[-123.81672,39.33632],[-123.816,39.33489],[-123.81731,39.33508],[-123.81732,39.33475],[-123.81526,39.33231],[-123.81386,39.33209],[-123.81352,39.33252],[-123.81259,39.33249],[-123.81244,39.33199],[-123.8134,39.3317],[-123.81318,39.33116],[-123.8115,39.33149],[-123.81232,39.33103],[-123.81181,39.33108],[-123.81133,39.33018],[-123.8125,39.33],[-123.81168,39.32928],[-123.81314,39.32978],[-123.81202,39.32875],[-123.81115,39.32859],[-123.81105,39.32771],[-123.81053,39.32751],[-123.80973,39.32808],[-123.80972,39.32881],[-123.80802,39.32888],[-123.80745,39.32983],[-123.80476,39.3296],[-123.80456,39.32878],[-123.80621,39.32844],[-123.80609,39.32803],[-123.80654,39.3282],[-123.80688,39.32754],[-123.80454,39.32691],[-123.80366,39.32554],[-123.80381,39.32507],[-123.80469,39.3247],[-123.80529,39.32508],[-123.80739,39.32493],[-123.80764,39.32454],[-123.80657,39.32439],[-123.80644,39.32342],[-123.80539,39.32353],[-123.80571,39.32304],[-123.80411,39.3225],[-123.80403,39.32173],[-123.80143,39.32076],[-123.80011,39.31962],[-123.80007,39.3188],[-123.80096,39.31798],[-123.80029,39.31729],[-123.80085,39.31653],[-123.80014,39.31627],[-123.79988,39.31526],[-123.80079,39.31451],[-123.80186,39.31455],[-123.8013,39.31357],[-123.80154,39.31289],[-123.80291,39.31248],[-123.8046,39.31372],[-123.80524,39.31343],[-123.80389,39.31268],[-123.80417,39.31182],[-123.80553,39.31203],[-123.80678,39.31153],[-123.80775,39.31206],[-123.80805,39.3108],[-123.80955,39.31048],[-123.80847,39.31042],[-123.80851,39.30982],[-123.81046,39.30996],[-123.81113,39.30931],[-123.81001,39.30917],[-123.81038,39.30884],[-123.81006,39.3071],[-123.81078,39.30702],[-123.8093,39.30589],[-123.81044,39.30533],[-123.81032,39.30456],[-123.80914,39.30353],[-123.8082,39.30366],[-123.80871,39.30442],[-123.807,39.3035],[-123.80717,39.3032],[-123.80658,39.30355],[-123.80675,39.30386],[-123.80611,39.30372],[-123.80583,39.30311],[-123.80675,39.30258],[-123.80603,39.30185],[-123.80548,39.30203],[-123.80452,39.30142],[-123.8039,39.302],[-123.8044,39.30203],[-123.80418,39.30236],[-123.80505,39.30298],[-123.80447,39.30358],[-123.80303,39.30388],[-123.80216,39.30343],[-123.80174,39.30391],[-123.79892,39.3029],[-123.79827,39.30288],[-123.79784,39.30356],[-123.79682,39.30313],[-123.79663,39.30375],[-123.79627,39.30338],[-123.7953,39.30392],[-123.79536,39.30472],[-123.79478,39.30478],[-123.79405,39.3062],[-123.79213,39.30402],[-123.792,39.30246],[-123.79242,39.30134],[-123.79368,39.30194],[-123.79492,39.30073],[-123.79657,39.29723],[-123.79659,39.29581],[-123.79602,39.2955],[-123.7963,39.29453],[-123.79549,39.29293],[-123.79444,39.29248],[-123.79462,39.2918],[-123.79605,39.29077],[-123.79566,39.29051],[-123.79828,39.29015],[-123.79972,39.29177],[-123.80127,39.29166],[-123.80152,39.29195],[-123.8007,39.29219],[-123.80142,39.29262],[-123.80295,39.2906],[-123.8028,39.28719],[-123.80217,39.28713],[-123.80274,39.28695],[-123.80267,39.28644],[-123.80236,39.28652],[-123.80189,39.28478],[-123.80102,39.2849],[-123.8016,39.28378],[-123.8014,39.28239],[-123.80273,39.28258],[-123.80312,39.28063],[-123.80228,39.27777],[-123.80139,39.27692],[-123.80162,39.27612],[-123.8012,39.27523],[-123.80076,39.27467],[-123.80025,39.27479],[-123.79994,39.27377],[-123.79939,39.27484],[-123.79881,39.27422],[-123.79909,39.27296],[-123.79979,39.27237],[-123.79921,39.2721],[-123.79821,39.27294],[-123.79782,39.27214],[-123.79677,39.27342],[-123.79523,39.27233],[-123.7956,39.27281],[-123.79501,39.27348],[-123.79536,39.27403],[-123.79405,39.27452],[-123.79408,39.27565],[-123.79332,39.27542],[-123.79294,39.27441],[-123.79223,39.27409],[-123.79139,39.27499],[-123.78909,39.27578],[-123.78911,39.27823],[-123.78965,39.27928],[-123.78846,39.28115],[-123.7879,39.28117],[-123.78872,39.27948],[-123.78798,39.27657],[-123.78712,39.27718],[-123.78493,39.27668],[-123.78432,39.2774],[-123.78103,39.27687],[-123.77921,39.27715],[-123.78089,39.27656],[-123.78297,39.27709],[-123.78457,39.2762],[-123.78652,39.27623],[-123.78901,39.2747],[-123.78845,39.27444],[-123.78973,39.27402],[-123.79055,39.27199],[-123.79008,39.27051],[-123.78911,39.27047],[-123.79024,39.2699],[-123.79051,39.26915],[-123.78948,39.26936],[-123.78848,39.26805],[-123.78873,39.2678],[-123.78809,39.26707],[-123.78864,39.26622],[-123.78798,39.26598],[-123.7888,39.2651],[-123.78773,39.2645],[-123.78826,39.26442],[-123.78847,39.26328],[-123.78678,39.26246],[-123.78723,39.26124],[-123.78643,39.26144],[-123.78707,39.26084],[-123.78579,39.2606],[-123.78604,39.25965],[-123.78568,39.25915],[-123.78547,39.26019],[-123.7833,39.25985],[-123.78283,39.25884],[-123.78316,39.25792],[-123.78283,39.25759],[-123.78466,39.25715],[-123.78425,39.25674],[-123.78376,39.25716],[-123.7832,39.25682],[-123.78423,39.25631],[-123.78339,39.25599],[-123.78337,39.25521],[-123.78428,39.25547],[-123.78473,39.25498],[-123.78436,39.25436],[-123.78568,39.25457],[-123.78678,39.25335],[-123.78525,39.25288],[-123.78349,39.25323],[-123.78268,39.2527],[-123.78352,39.25225],[-123.78252,39.25056],[-123.78156,39.25069],[-123.78215,39.25019],[-123.78158,39.24973],[-123.78194,39.24925],[-123.78126,39.2488],[-123.78236,39.24842],[-123.78139,39.24754],[-123.78172,39.24641],[-123.78008,39.24567],[-123.7803,39.24453],[-123.77897,39.24359],[-123.77937,39.24246],[-123.77814,39.24124],[-123.77788,39.24176],[-123.77627,39.24097],[-123.77524,39.24142],[-123.77571,39.24075],[-123.77394,39.23997],[-123.77282,39.23974],[-123.77241,39.24018],[-123.77223,39.23973],[-123.76849,39.23861],[-123.77074,39.23861],[-123.77402,39.23945],[-123.77576,39.23849],[-123.77674,39.23881],[-123.77673,39.23822],[-123.7777,39.23847],[-123.77747,39.23767],[-123.77626,39.23666],[-123.77756,39.23638],[-123.77752,39.23514],[-123.77866,39.23547],[-123.77797,39.23494],[-123.77789,39.23386],[-123.78017,39.23348],[-123.77937,39.23292],[-123.7794,39.23212],[-123.77851,39.2319],[-123.77857,39.23136],[-123.77905,39.2313],[-123.77888,39.23083],[-123.77667,39.23168],[-123.77651,39.23111],[-123.77563,39.23092],[-123.77631,39.23046],[-123.7752,39.23064],[-123.77485,39.23031],[-123.77525,39.22992],[-123.77298,39.22971],[-123.77332,39.22887],[-123.77195,39.22968],[-123.77081,39.22944],[-123.77016,39.2288],[-123.77037,39.22842],[-123.76961,39.22844],[-123.76833,39.22688],[-123.76659,39.22665],[-123.76348,39.22846],[-123.76304,39.23015],[-123.76196,39.23122],[-123.76051,39.23174],[-123.76062,39.23262],[-123.75962,39.23359],[-123.75671,39.23296],[-123.75577,39.2332],[-123.75307,39.23732],[-123.75005,39.24005],[-123.75006,39.24058],[-123.74888,39.24059],[-123.74745,39.24154],[-123.74482,39.24152],[-123.74226,39.23961],[-123.74173,39.24088],[-123.73971,39.24296],[-123.7396,39.24392],[-123.73884,39.24368],[-123.73574,39.24449],[-123.73436,39.24428],[-123.73073,39.2422],[-123.72885,39.24014],[-123.7266,39.2445],[-123.72491,39.24552],[-123.72507,39.2469],[-123.72442,39.24623],[-123.72408,39.24378],[-123.72052,39.24144],[-123.72026,39.24267],[-123.72123,39.24477],[-123.72054,39.2462],[-123.71923,39.24712],[-123.71867,39.24658],[-123.71659,39.24613],[-123.71606,39.24655],[-123.71498,39.25053],[-123.7114,39.25179],[-123.7113,39.25231],[-123.71031,39.25208],[-123.70788,39.25314],[-123.70675,39.25474],[-123.70547,39.25802],[-123.70167,39.26026],[-123.69931,39.26045],[-123.70132,39.26021],[-123.70487,39.25784],[-123.70604,39.25438],[-123.70465,39.25365],[-123.70611,39.25388],[-123.70775,39.252],[-123.71168,39.25106],[-123.71429,39.24947],[-123.71455,39.24665],[-123.71157,39.24662],[-123.71193,39.2463],[-123.71409,39.24614],[-123.71587,39.24513],[-123.71973,39.24564],[-123.7189,39.24108],[-123.71502,39.24186],[-123.71742,39.2409],[-123.71819,39.24014],[-123.71793,39.23821],[-123.71639,39.23505],[-123.71794,39.23686],[-123.71895,39.23969],[-123.72117,39.2405],[-123.72388,39.2424],[-123.72527,39.24434],[-123.72592,39.24388],[-123.72748,39.24013],[-123.72843,39.2392],[-123.72843,39.23834],[-123.73015,39.23964],[-123.73121,39.24148],[-123.73533,39.24352],[-123.73823,39.24229],[-123.74011,39.2409],[-123.74033,39.23976],[-123.73941,39.23799],[-123.73956,39.23749],[-123.73852,39.23702],[-123.74021,39.23663],[-123.7412,39.23592],[-123.74146,39.23507],[-123.74187,39.23505],[-123.74194,39.23591],[-123.74317,39.23654],[-123.74364,39.23931],[-123.74436,39.24003],[-123.74639,39.2404],[-123.74794,39.23975],[-123.748,39.23928],[-123.75006,39.23878],[-123.75275,39.23541],[-123.75399,39.23284],[-123.75618,39.23194],[-123.759,39.23233],[-123.75938,39.23126],[-123.76125,39.23051],[-123.7621,39.22966],[-123.76198,39.22877],[-123.75894,39.22815],[-123.76173,39.22792],[-123.76264,39.22724],[-123.76089,39.22619],[-123.76375,39.22683],[-123.76494,39.22588],[-123.76485,39.22473],[-123.7667,39.22466],[-123.76923,39.22553],[-123.77118,39.22688],[-123.77208,39.22657],[-123.77306,39.22691],[-123.77363,39.22646],[-123.77346,39.22602],[-123.77452,39.22587],[-123.77542,39.22651],[-123.77534,39.22615],[-123.77649,39.22575],[-123.77691,39.22498],[-123.77768,39.22522],[-123.77726,39.22475],[-123.7776,39.22428],[-123.77601,39.22267],[-123.77287,39.22146],[-123.7727,39.22048],[-123.7722,39.22063],[-123.77186,39.22019],[-123.76968,39.21589],[-123.76815,39.21621],[-123.76821,39.21516],[-123.76977,39.21402],[-123.7745,39.21463],[-123.77457,39.21417],[-123.7755,39.21431],[-123.77685,39.21372],[-123.77458,39.21217],[-123.77447,39.21086],[-123.7741,39.21072],[-123.77441,39.21027],[-123.77285,39.2094],[-123.7728,39.20822],[-123.77198,39.20732],[-123.77168,39.20565],[-123.77255,39.20488],[-123.77032,39.20338],[-123.77049,39.20282],[-123.76946,39.202],[-123.76982,39.20113],[-123.77035,39.20138],[-123.77098,39.20078],[-123.76981,39.20006],[-123.77056,39.20017],[-123.77008,39.19908],[-123.77183,39.19826],[-123.77262,39.19884],[-123.77314,39.19862],[-123.77067,39.19721],[-123.77115,39.19598],[-123.7705,39.19516],[-123.77163,39.19503],[-123.7704,39.19413],[-123.7655,39.19388],[-123.76424,39.19167],[-123.76345,39.19157],[-123.76327,39.19219],[-123.76147,39.19227],[-123.76091,39.19298],[-123.76088,39.19402],[-123.75902,39.19585],[-123.75353,39.19923],[-123.74993,39.19877],[-123.74681,39.19749],[-123.74761,39.19644],[-123.74851,39.19637],[-123.74828,39.19613],[-123.75198,39.19689],[-123.75411,39.19616],[-123.75565,39.19457],[-123.75785,39.19334],[-123.75792,39.19003],[-123.75688,39.18833],[-123.75742,39.18617],[-123.75641,39.18486],[-123.75618,39.18388],[-123.7566,39.1832],[-123.75576,39.18127],[-123.75528,39.18075],[-123.75393,39.18055],[-123.75206,39.17836],[-123.75212,39.17764],[-123.7531,39.17716],[-123.75252,39.17674],[-123.75292,39.17642],[-123.75377,39.17669],[-123.7537,39.17619],[-123.75252,39.17558],[-123.75206,39.17593],[-123.75146,39.17562],[-123.75118,39.17441],[-123.7492,39.17428],[-123.74924,39.17276],[-123.74872,39.17245],[-123.74652,39.17204],[-123.74631,39.17131],[-123.74683,39.17004],[-123.74626,39.17026],[-123.74618,39.16979],[-123.74513,39.16938],[-123.74437,39.16973],[-123.74372,39.16893],[-123.74522,39.16781],[-123.74341,39.16697],[-123.74179,39.165],[-123.73772,39.16285],[-123.73793,39.16147],[-123.73742,39.16073],[-123.73781,39.16035],[-123.7343,39.15828],[-123.73442,39.15744],[-123.73568,39.1566],[-123.73503,39.15602],[-123.73507,39.15468],[-123.73579,39.15428],[-123.73669,39.15267],[-123.73781,39.15299],[-123.73753,39.15341],[-123.73786,39.15383],[-123.73817,39.15359],[-123.73892,39.15419],[-123.7384,39.15227],[-123.73733,39.15144],[-123.73668,39.15162],[-123.73747,39.15018],[-123.73729,39.14946],[-123.73664,39.14906],[-123.73586,39.14929],[-123.73609,39.14887],[-123.735,39.14864],[-123.73436,39.14765],[-123.73364,39.14766],[-123.7346,39.14606],[-123.73564,39.14618],[-123.7375,39.14464],[-123.73807,39.14505],[-123.73797,39.1433],[-123.73746,39.14397],[-123.73629,39.14355],[-123.73641,39.14009],[-123.73613,39.13996],[-123.73586,39.14112],[-123.73529,39.14054],[-123.73559,39.14198],[-123.73486,39.14246],[-123.73442,39.14219],[-123.73382,39.13972],[-123.73368,39.14079],[-123.73329,39.14025],[-123.73308,39.14088],[-123.73269,39.14057],[-123.73216,39.1421],[-123.73031,39.14212],[-123.73019,39.14161],[-123.72903,39.14103],[-123.72817,39.14134],[-123.72811,39.13961],[-123.7277,39.13941],[-123.728,39.13915],[-123.72665,39.13946],[-123.72746,39.13834],[-123.72615,39.13759],[-123.72538,39.13802],[-123.72405,39.13748],[-123.7241,39.13788],[-123.72354,39.13802],[-123.72266,39.13688],[-123.72311,39.13614],[-123.72171,39.13479],[-123.7211,39.13513],[-123.72196,39.13546],[-123.72182,39.13611],[-123.71972,39.13501],[-123.72032,39.13443],[-123.71943,39.13364],[-123.71975,39.1328],[-123.71879,39.13159],[-123.71935,39.13162],[-123.71922,39.1309],[-123.72064,39.13021],[-123.72041,39.12973],[-123.71939,39.12979],[-123.71766,39.12871],[-123.71736,39.12782],[-123.71568,39.1276],[-123.71538,39.12683],[-123.71449,39.12637],[-123.71338,39.12705],[-123.71194,39.12686],[-123.71098,39.12859],[-123.70859,39.12872],[-123.70663,39.13116],[-123.70508,39.13256],[-123.70371,39.13304],[-123.70302,39.13453],[-123.70222,39.135],[-123.70282,39.1346],[-123.70342,39.13301],[-123.70585,39.13101],[-123.70685,39.12799],[-123.71002,39.12766],[-123.70961,39.12686],[-123.71025,39.12727],[-123.71161,39.12581],[-123.71288,39.12601],[-123.71298,39.12552],[-123.71217,39.12528],[-123.71463,39.12429],[-123.7156,39.12457],[-123.71561,39.12542],[-123.71678,39.12574],[-123.71705,39.12484],[-123.7191,39.12318],[-123.7189,39.1221],[-123.71678,39.12096],[-123.71623,39.11949],[-123.71692,39.11909],[-123.7161,39.11819],[-123.71496,39.11789],[-123.71306,39.11477],[-123.71332,39.11415],[-123.71409,39.1139],[-123.71427,39.11429],[-123.71509,39.1138],[-123.71488,39.11214],[-123.71375,39.1107],[-123.71329,39.11098],[-123.71269,39.11044],[-123.71459,39.10841],[-123.71351,39.1088],[-123.71267,39.10806],[-123.71255,39.10721],[-123.71122,39.10665],[-123.71102,39.10618],[-123.71143,39.1059],[-123.71026,39.10551],[-123.70969,39.10455],[-123.70828,39.10466],[-123.70741,39.1038],[-123.70502,39.10441],[-123.70263,39.10232],[-123.70163,39.10265],[-123.70109,39.10401],[-123.70175,39.10569],[-123.7003,39.10696],[-123.69942,39.10712],[-123.7001,39.10691],[-123.70094,39.10565],[-123.69653,39.10514],[-123.69618,39.10456],[-123.69685,39.1021],[-123.69605,39.10193],[-123.69587,39.10321],[-123.69505,39.10352],[-123.69415,39.10312],[-123.69384,39.10165],[-123.69113,39.10084],[-123.69082,39.10031],[-123.69113,39.10055],[-123.6914,39.09962],[-123.69019,39.09993],[-123.69143,39.09935],[-123.69145,39.10072],[-123.69183,39.10047],[-123.69419,39.10127],[-123.69489,39.10223],[-123.69558,39.10138],[-123.69707,39.10131],[-123.69791,39.1025],[-123.69772,39.10401],[-123.69848,39.1042],[-123.69956,39.10392],[-123.69813,39.10142],[-123.69852,39.10086],[-123.70039,39.10092],[-123.70063,39.1015],[-123.70143,39.10169],[-123.70262,39.10079],[-123.70675,39.10133],[-123.70779,39.10045],[-123.70749,39.09906],[-123.70795,39.09838],[-123.70889,39.09778],[-123.71013,39.09788],[-123.70909,39.09718],[-123.7087,39.09405],[-123.70716,39.09299],[-123.70588,39.09107],[-123.70629,39.08876],[-123.70494,39.08636],[-123.70557,39.0855],[-123.70499,39.08506],[-123.70552,39.08503],[-123.70426,39.08482],[-123.70332,39.08339],[-123.70356,39.08124],[-123.70442,39.08098],[-123.70473,39.08145],[-123.70552,39.08106],[-123.70555,39.0802],[-123.70472,39.08047],[-123.70462,39.07973],[-123.7036,39.07981],[-123.70195,39.07789],[-123.70251,39.07657],[-123.70228,39.076],[-123.70293,39.07558],[-123.70158,39.0738],[-123.70195,39.07248],[-123.70139,39.07227],[-123.70086,39.07027],[-123.69925,39.0689],[-123.699,39.06808],[-123.69813,39.06767],[-123.69824,39.06499],[-123.69712,39.06367],[-123.69668,39.06391],[-123.69487,39.06258],[-123.69414,39.06101],[-123.69507,39.06011],[-123.69343,39.05937],[-123.69289,39.05823],[-123.69404,39.05694],[-123.69497,39.05705],[-123.69509,39.05599],[-123.69458,39.05582],[-123.69493,39.05575],[-123.69435,39.05411],[-123.69106,39.05125],[-123.69117,39.0501],[-123.69346,39.04839],[-123.69042,39.0441],[-123.69111,39.04307],[-123.69419,39.04153],[-123.69392,39.0408],[-123.69194,39.03932],[-123.69297,39.03712],[-123.69146,39.03706],[-123.68974,39.03495],[-123.68891,39.03525],[-123.68821,39.03469],[-123.68965,39.0338],[-123.68915,39.03191],[-123.68972,39.03112],[-123.69169,39.03065],[-123.69113,39.02696],[-123.69145,39.02607],[-123.69237,39.02548],[-123.69019,39.02319],[-123.69048,39.01998],[-123.68765,39.02036],[-123.69082,39.01908],[-123.69216,39.01695],[-123.69336,39.01255],[-123.69201,39.01232],[-123.69339,39.01192],[-123.69335,39.01088],[-123.69374,39.01086],[-123.69457,39.00914],[-123.69426,39.00761],[-123.69548,39.00506],[-123.69385,39.0055],[-123.69315,39.00422],[-123.69186,39.00433],[-123.69117,39.0039],[-123.68993,39.00419],[-123.69012,39.00336],[-123.68905,39.00232],[-123.68906,39.0002],[-123.68653,38.99882],[-123.68395,38.99887],[-123.6836,38.99751],[-123.68143,38.99764],[-123.67856,38.99397],[-123.67665,38.99345],[-123.67503,38.9941],[-123.67626,38.99338],[-123.67745,38.9934],[-123.67873,38.99384],[-123.68083,38.9959],[-123.68027,38.99533],[-123.68037,38.99474],[-123.68118,38.99529],[-123.68476,38.99596],[-123.68521,38.99639],[-123.68504,38.99696],[-123.68921,38.99732],[-123.68951,38.99814],[-123.68969,38.99771],[-123.69057,38.99804],[-123.69129,38.99989],[-123.69367,39.00084],[-123.69342,39.00318],[-123.6941,39.00432],[-123.69696,39.00332],[-123.69896,38.99911],[-123.69718,38.99678],[-123.69638,38.99377],[-123.6947,38.993],[-123.69354,38.99168],[-123.69225,38.99197],[-123.69251,38.99119],[-123.69423,38.99096],[-123.69423,38.99014],[-123.69599,38.99028],[-123.69682,38.98861],[-123.6969,38.98684],[-123.69765,38.98693],[-123.69868,38.9853],[-123.70019,38.98511],[-123.70044,38.98562],[-123.70145,38.98533],[-123.70262,38.98852],[-123.70237,38.98587],[-123.70304,38.98619],[-123.70412,38.98577],[-123.70483,38.9873],[-123.70507,38.98592],[-123.70541,38.98617],[-123.70543,38.98557],[-123.70394,38.98389],[-123.70392,38.98264],[-123.70577,38.98112],[-123.70632,38.98237],[-123.70625,38.98158],[-123.7067,38.98187],[-123.70602,38.9798],[-123.70711,38.97889],[-123.70673,38.97756],[-123.70357,38.97663],[-123.70336,38.9753],[-123.70256,38.97476],[-123.69823,38.97413],[-123.7006,38.97412],[-123.7003,38.97285],[-123.69933,38.97286],[-123.69988,38.97256],[-123.69953,38.97235],[-123.69773,38.97308],[-123.69734,38.97282],[-123.69885,38.97225],[-123.6953,38.97077],[-123.69398,38.97102],[-123.69591,38.97041],[-123.70021,38.97213],[-123.70236,38.97079],[-123.70186,38.97027],[-123.70241,38.96987],[-123.70201,38.96942],[-123.70311,38.96839],[-123.70338,38.96747],[-123.70591,38.9675],[-123.708,38.96814],[-123.70769,38.96677],[-123.70569,38.96623],[-123.705,38.96537],[-123.70245,38.96481],[-123.70056,38.96531],[-123.69649,38.96534],[-123.69447,38.96446],[-123.69338,38.96481],[-123.69397,38.96401],[-123.69244,38.96239],[-123.69304,38.96192],[-123.692,38.96127],[-123.6927,38.96066],[-123.69244,38.95941],[-123.69156,38.95848],[-123.68978,38.95779],[-123.69107,38.95777],[-123.69215,38.95871],[-123.69274,38.95856],[-123.69347,38.95961],[-123.69315,38.96121],[-123.6936,38.96247],[-123.69566,38.9642],[-123.69853,38.96339],[-123.69893,38.96384],[-123.70178,38.96342],[-123.70219,38.96127],[-123.70321,38.96325],[-123.70805,38.964],[-123.70789,38.96221],[-123.70527,38.95848],[-123.70711,38.95935],[-123.70753,38.96052],[-123.70859,38.96147],[-123.70922,38.96027],[-123.70987,38.96047],[-123.71096,38.95994],[-123.7092,38.96282],[-123.70989,38.9639],[-123.71133,38.96469],[-123.71179,38.96387],[-123.71305,38.96402],[-123.71378,38.96558],[-123.71382,38.96475],[-123.71449,38.96536],[-123.71494,38.96491],[-123.71544,38.96563],[-123.71548,38.96489],[-123.71585,38.96579],[-123.71626,38.96576],[-123.71613,38.96522],[-123.71759,38.96553],[-123.71648,38.96469],[-123.7169,38.96417],[-123.71756,38.96471],[-123.71798,38.96426],[-123.71704,38.96368],[-123.71768,38.96387],[-123.71769,38.96336],[-123.71839,38.9635],[-123.71817,38.96314],[-123.71871,38.96329],[-123.71912,38.96261],[-123.71965,38.96363],[-123.71972,38.96271],[-123.72023,38.96231],[-123.72081,38.96255],[-123.7205,38.9616],[-123.72012,38.96209],[-123.71947,38.96114],[-123.72028,38.96112],[-123.72058,38.96057],[-123.71988,38.95944],[-123.72117,38.95973],[-123.71925,38.95756],[-123.72017,38.95772],[-123.72067,38.95678],[-123.71964,38.95541],[-123.72056,38.95549],[-123.72055,38.95475],[-123.72018,38.955],[-123.71939,38.9543],[-123.71942,38.95368],[-123.72047,38.95411],[-123.72025,38.953],[-123.71753,38.95168],[-123.71707,38.95256],[-123.7165,38.95195],[-123.71574,38.9522],[-123.7152,38.9508],[-123.71394,38.94946],[-123.71135,38.94851],[-123.71057,38.94871],[-123.70834,38.94807],[-123.70554,38.94632],[-123.70157,38.946],[-123.70119,38.94552],[-123.70396,38.94464],[-123.70073,38.94514],[-123.70102,38.94443],[-123.70231,38.94474],[-123.70389,38.94418],[-123.70159,38.94437],[-123.70131,38.94309],[-123.70024,38.94212],[-123.69951,38.94183],[-123.69902,38.94223],[-123.69799,38.94175],[-123.69861,38.94064],[-123.69827,38.94014],[-123.69699,38.9405],[-123.69411,38.93963],[-123.69304,38.94006],[-123.69464,38.93942],[-123.69658,38.93965],[-123.69623,38.9387],[-123.69494,38.93847],[-123.69942,38.93749],[-123.7007,38.93728],[-123.70266,38.93782],[-123.70542,38.93721],[-123.70752,38.93762],[-123.70815,38.93717],[-123.70712,38.93586],[-123.70563,38.93545],[-123.70679,38.93461],[-123.70392,38.93261],[-123.7021,38.93066],[-123.70057,38.93036],[-123.69726,38.93126],[-123.69216,38.92921],[-123.69284,38.92904],[-123.69579,38.93027],[-123.69816,38.92962],[-123.6995,38.9277],[-123.69867,38.92528],[-123.70081,38.92828],[-123.70196,38.92888],[-123.70406,38.92873],[-123.70603,38.9303],[-123.7066,38.93022],[-123.70626,38.93138],[-123.70818,38.93279],[-123.7088,38.93405],[-123.7106,38.93527],[-123.71128,38.93505],[-123.71134,38.93565],[-123.71299,38.93568],[-123.71574,38.93811],[-123.71659,38.93941],[-123.71599,38.94123],[-123.71636,38.94187],[-123.72038,38.94286],[-123.72099,38.94204],[-123.72141,38.94248],[-123.72124,38.94327],[-123.72194,38.94375],[-123.72449,38.94361],[-123.72432,38.94408],[-123.72563,38.94524],[-123.72993,38.94604],[-123.73137,38.94679],[-123.73182,38.94753],[-123.73151,38.94883],[-123.73185,38.95005],[-123.73361,38.95277],[-123.73392,38.95501],[-123.73524,38.95644],[-123.7352,38.95559],[-123.73605,38.95675],[-123.73563,38.95434],[-123.73719,38.95558],[-123.73715,38.95444],[-123.73864,38.95424],[-123.74176,38.9557],[-123.7412,38.95537],[-123.74194,38.95499],[-123.73831,38.95279],[-123.738,38.95073],[-123.73433,38.94719],[-123.73477,38.94725],[-123.73455,38.94674],[-123.73365,38.94616],[-123.73268,38.94426],[-123.73301,38.94357],[-123.7317,38.9428],[-123.73165,38.94103],[-123.72778,38.93842],[-123.72527,38.9387],[-123.72363,38.93764],[-123.72683,38.93772],[-123.7274,38.93736],[-123.72692,38.93655],[-123.72622,38.93639],[-123.72577,38.93511],[-123.72582,38.93449],[-123.72688,38.93452],[-123.72618,38.93424],[-123.72615,38.93364],[-123.72631,38.93284],[-123.72698,38.93325],[-123.72707,38.93237],[-123.7236,38.93028],[-123.72634,38.93087],[-123.72653,38.9302],[-123.72741,38.93086],[-123.72766,38.93037],[-123.72706,38.92918],[-123.72799,38.92983],[-123.72947,38.92928],[-123.72927,38.92782],[-123.72869,38.92771],[-123.72877,38.92821],[-123.7284,38.92814],[-123.72714,38.92578],[-123.72731,38.9244],[-123.72787,38.92506],[-123.72857,38.92497],[-123.72737,38.92091],[-123.72779,38.91966],[-123.7274,38.91916],[-123.72692,38.91933],[-123.72576,38.91762],[-123.72529,38.91861],[-123.72458,38.91806],[-123.72216,38.91925],[-123.71739,38.91696],[-123.71282,38.91664],[-123.71022,38.91505],[-123.70732,38.91401],[-123.70682,38.91425],[-123.70692,38.91382],[-123.70516,38.91305],[-123.70375,38.91143],[-123.6998,38.91],[-123.70284,38.91033],[-123.70461,38.91119],[-123.7058,38.91243],[-123.70889,38.913],[-123.70973,38.91361],[-123.71117,38.91197],[-123.71178,38.91191],[-123.71128,38.91059],[-123.70898,38.91017],[-123.70613,38.90879],[-123.70482,38.90478],[-123.70348,38.90391],[-123.70297,38.90261],[-123.70165,38.9012],[-123.69468,38.89847],[-123.69219,38.89556],[-123.69078,38.89463],[-123.68892,38.89429],[-123.68678,38.89284],[-123.68556,38.88917],[-123.68256,38.88751],[-123.68088,38.88492],[-123.68107,38.88281],[-123.67969,38.88234],[-123.67873,38.8813],[-123.67733,38.88184],[-123.676,38.88159],[-123.67518,38.88223],[-123.67539,38.88296],[-123.67466,38.8833],[-123.67345,38.8862],[-123.67276,38.88648],[-123.6733,38.88747],[-123.67309,38.88795],[-123.673,38.88706],[-123.67258,38.88694],[-123.67266,38.88233],[-123.67443,38.88162],[-123.67475,38.88108],[-123.67289,38.88039],[-123.6706,38.87768],[-123.67011,38.87804],[-123.6695,38.87774],[-123.66985,38.87725],[-123.66944,38.87685],[-123.66792,38.87649],[-123.66752,38.87803],[-123.66632,38.87834],[-123.66669,38.87869],[-123.66598,38.87907],[-123.6663,38.8798],[-123.66565,38.88003],[-123.66498,38.88251],[-123.66416,38.88368],[-123.66427,38.88332],[-123.6635,38.88353],[-123.66454,38.8826],[-123.66496,38.88092],[-123.66408,38.88064],[-123.66478,38.8801],[-123.66503,38.87906],[-123.66467,38.87892],[-123.6652,38.87864],[-123.66483,38.87742],[-123.66553,38.87788],[-123.66665,38.8776],[-123.66674,38.8771],[-123.66508,38.87637],[-123.6632,38.8744],[-123.66232,38.87437],[-123.66231,38.87402],[-123.66017,38.87314],[-123.65702,38.86985],[-123.65508,38.87078],[-123.65452,38.87054],[-123.65503,38.86935],[-123.65616,38.86931],[-123.65541,38.86754],[-123.65567,38.86694],[-123.65479,38.86702],[-123.65314,38.86833],[-123.65298,38.86767],[-123.65396,38.86575],[-123.65316,38.8588],[-123.65187,38.85711],[-123.6524,38.8564],[-123.65176,38.85443],[-123.65088,38.85381],[-123.65011,38.85399],[-123.65106,38.85309],[-123.6505,38.85295],[-123.65096,38.85246],[-123.65018,38.85186],[-123.64901,38.85235],[-123.64813,38.85209],[-123.64862,38.85139],[-123.64924,38.85135],[-123.64932,38.85104],[-123.64851,38.85105],[-123.64925,38.85089],[-123.64922,38.8504],[-123.64869,38.85012],[-123.648,38.85052],[-123.64748,38.85004],[-123.64799,38.84974],[-123.64695,38.84967],[-123.64651,38.84906],[-123.64621,38.84774],[-123.64759,38.84719],[-123.64625,38.84697],[-123.64623,38.84642],[-123.64717,38.84614],[-123.64709,38.84545],[-123.64597,38.84619],[-123.64542,38.84581],[-123.6447,38.84652],[-123.64316,38.84659],[-123.64192,38.84532],[-123.64226,38.84416],[-123.64022,38.84386],[-123.63889,38.84394],[-123.63821,38.84537],[-123.63831,38.84364],[-123.63637,38.84132],[-123.63558,38.8413],[-123.63558,38.83985],[-123.63482,38.83947],[-123.63403,38.84013],[-123.63352,38.83974],[-123.63277,38.8402],[-123.63325,38.83912],[-123.6312,38.83772],[-123.63065,38.8379],[-123.63008,38.8366],[-123.62902,38.83679],[-123.62858,38.83736],[-123.62845,38.83578],[-123.62778,38.83579],[-123.62738,38.83481],[-123.62766,38.83422],[-123.62558,38.83277],[-123.62519,38.83143],[-123.62141,38.83105],[-123.61981,38.8304],[-123.61963,38.8289],[-123.61903,38.82869],[-123.61864,38.82777],[-123.61814,38.82776],[-123.6181,38.82862],[-123.61739,38.82889],[-123.61667,38.82795],[-123.61618,38.82957],[-123.61627,38.82884],[-123.61517,38.82876],[-123.61284,38.82691],[-123.61032,38.82651],[-123.60944,38.82569],[-123.60973,38.82499],[-123.60926,38.82406],[-123.60828,38.82458],[-123.60725,38.82445],[-123.60697,38.82364],[-123.60477,38.82255],[-123.60372,38.82011],[-123.60144,38.81933],[-123.60129,38.81874],[-123.60226,38.8184],[-123.6026,38.81693],[-123.60174,38.81655],[-123.60181,38.81563],[-123.6001,38.8141],[-123.6,38.8129],[-123.599,38.81335],[-123.59964,38.81239],[-123.59844,38.81229],[-123.59875,38.81177],[-123.59813,38.81079],[-123.59816,38.81],[-123.59975,38.8088],[-123.60101,38.80871],[-123.60179,38.80943],[-123.6028,38.8094],[-123.60207,38.80807],[-123.60239,38.80738],[-123.60181,38.80777],[-123.60155,38.80728],[-123.60063,38.80732],[-123.59904,38.8089],[-123.59784,38.80864],[-123.59704,38.809],[-123.59645,38.80849],[-123.59596,38.80897],[-123.5954,38.80822],[-123.59465,38.80852],[-123.59432,38.80778],[-123.59319,38.80769],[-123.59341,38.80714],[-123.59235,38.80749],[-123.59199,38.80509],[-123.59074,38.80559],[-123.59035,38.80532],[-123.59084,38.80486],[-123.5903,38.80471],[-123.59043,38.80288],[-123.58997,38.80225],[-123.58877,38.80301],[-123.5863,38.80293],[-123.58586,38.80197],[-123.58431,38.80113],[-123.58464,38.80066],[-123.58371,38.80156],[-123.58417,38.80197],[-123.5838,38.80266],[-123.57978,38.80336],[-123.57984,38.80518],[-123.57937,38.80621],[-123.57789,38.8075],[-123.57891,38.80581],[-123.57931,38.803],[-123.57893,38.80234],[-123.57692,38.80152],[-123.57602,38.79996],[-123.57531,38.79967],[-123.57391,38.80003],[-123.57394,38.79805],[-123.57164,38.79819],[-123.57092,38.79756],[-123.57106,38.79634],[-123.57011,38.79631],[-123.56978,38.79679],[-123.56913,38.79645],[-123.56924,38.79592],[-123.56836,38.79521],[-123.56917,38.79456],[-123.5659,38.79377],[-123.56419,38.79214],[-123.56296,38.79251],[-123.56349,38.79174],[-123.56281,38.79096],[-123.56293,38.79035],[-123.56236,38.79007],[-123.56181,38.79068],[-123.56082,38.79082],[-123.56049,38.78915],[-123.56164,38.78869],[-123.56071,38.78728],[-123.56123,38.78689],[-123.56235,38.78726],[-123.56254,38.78683],[-123.56126,38.78574],[-123.56159,38.78455],[-123.56103,38.78467],[-123.56101,38.78541],[-123.55949,38.78519],[-123.5583,38.78606],[-123.55759,38.78488],[-123.55621,38.78479],[-123.55617,38.78401],[-123.55481,38.78304],[-123.55457,38.78347],[-123.55134,38.78322],[-123.55107,38.78259],[-123.54917,38.78205],[-123.54908,38.78147],[-123.55017,38.78076],[-123.54969,38.77989],[-123.54745,38.78024],[-123.54735,38.77935],[-123.54526,38.77915],[-123.54463,38.77809],[-123.54327,38.7778],[-123.54242,38.77686],[-123.54102,38.77749],[-123.54161,38.77675],[-123.54121,38.77567],[-123.54155,38.7751],[-123.54088,38.7743],[-123.54124,38.77306],[-123.54083,38.7721],[-123.54023,38.77183],[-123.5405,38.77222],[-123.53913,38.77254],[-123.53744,38.77129],[-123.53683,38.77155],[-123.53719,38.77117],[-123.53553,38.76928],[-123.53499,38.7696],[-123.53402,38.76907],[-123.5331,38.76918],[-123.52934,38.76605],[-123.52719,38.76518],[-123.52688,38.76449],[-123.51955,38.76115],[-123.5188,38.76289],[-123.51911,38.76366],[-123.51655,38.76787],[-123.51471,38.76919],[-123.51438,38.77047],[-123.51302,38.77007],[-123.51068,38.77103],[-123.50931,38.77054],[-123.50873,38.7711],[-123.50889,38.77199],[-123.50728,38.77369],[-123.50325,38.77575],[-123.50008,38.77613],[-123.49983,38.77876],[-123.50035,38.78003],[-123.50353,38.78434],[-123.50473,38.78518],[-123.50497,38.78582],[-123.50463,38.78616],[-123.51001,38.79036],[-123.51008,38.79173],[-123.5096,38.79179],[-123.51026,38.79242],[-123.51023,38.79357],[-123.50935,38.79352],[-123.50907,38.79298],[-123.50953,38.79485],[-123.50872,38.79313],[-123.50812,38.79383],[-123.50662,38.79304],[-123.5066,38.79244],[-123.50719,38.79288],[-123.50704,38.79201],[-123.5075,38.79186],[-123.50646,38.7917],[-123.50769,38.79148],[-123.50764,38.79101],[-123.50873,38.79109],[-123.50759,38.7905],[-123.50634,38.79143],[-123.50431,38.79154],[-123.50377,38.7924],[-123.5027,38.79281],[-123.50185,38.79233],[-123.50136,38.79133],[-123.49998,38.79213],[-123.49775,38.79194],[-123.49595,38.79467],[-123.49676,38.79254],[-123.49763,38.79183],[-123.49855,38.79154],[-123.49989,38.79186],[-123.5011,38.79117],[-123.50233,38.79228],[-123.50301,38.7923],[-123.50379,38.79172],[-123.50348,38.79143],[-123.50382,38.79097],[-123.50316,38.79065],[-123.50267,38.79123],[-123.50341,38.78898],[-123.50104,38.78697],[-123.49958,38.7842],[-123.49843,38.78321],[-123.49832,38.78229],[-123.49657,38.7812],[-123.49441,38.77888],[-123.49956,38.77898],[-123.4998,38.77732],[-123.49932,38.77465],[-123.49967,38.77387],[-123.50459,38.77443],[-123.50716,38.77347],[-123.50938,38.76743],[-123.51047,38.76718],[-123.51457,38.76838],[-123.51624,38.7678],[-123.51742,38.76509],[-123.51816,38.76134],[-123.51973,38.75815],[-123.51937,38.75801],[-123.52072,38.75807],[-123.5231,38.75979],[-123.52357,38.76176],[-123.52527,38.7633],[-123.52987,38.7644],[-123.53189,38.7673],[-123.53388,38.76883],[-123.85897,38.73396],[-123.8658,38.74286],[-123.88097,38.75623],[-123.89164,38.76464],[-123.90313,38.77493],[-123.91501,38.78439],[-123.92391,38.79223],[-123.93493,38.80322],[-123.94495,38.81478],[-123.95513,38.82855],[-123.9648,38.84429],[-123.97124,38.85733],[-123.97665,38.87109],[-123.98403,38.88394],[-123.99155,38.90039],[-123.99517,38.91048],[-123.99811,38.9207],[-124.00147,38.93797],[-124.00256,38.94842],[-124.00295,38.95889],[-124.00204,38.97634],[-124.00056,38.98676],[-123.99838,38.9971],[-123.99321,39.01409],[-123.98921,39.0241],[-123.98453,39.03392],[-123.97921,39.04354],[-123.97363,39.05235],[-123.98325,39.0701],[-123.98755,39.08003],[-123.99081,39.089],[-124.00057,39.10176],[-124.00875,39.1142],[-124.0158,39.12704],[-124.02169,39.14024],[-124.03222,39.16988],[-124.03495,39.18017],[-124.03686,39.18985],[-124.04241,39.20063],[-124.04671,39.21056],[-124.05227,39.22619],[-124.0565,39.24005],[-124.0653,39.26247],[-124.06942,39.27615],[-124.07494,39.28797],[-124.07994,39.30139],[-124.08449,39.31849],[-124.08709,39.33584],[-124.08775,39.3533],[-124.08635,39.37846],[-124.08484,39.39238],[-124.08131,39.40914],[-124.07997,39.4248],[-124.08055,39.43764],[-124.08024,39.44811],[-124.07814,39.4655],[-124.0741,39.48268],[-124.06942,39.49826],[-124.0657,39.50873],[-124.06386,39.52],[-124.06047,39.53372],[-124.0545,39.55056],[-124.04789,39.56463],[-124.05009,39.57565],[-124.05171,39.58957],[-124.0521,39.60004],[-124.05155,39.61367],[-124.05987,39.6244],[-124.06811,39.63683],[-124.07522,39.64968],[-124.07978,39.65955],[-124.08415,39.6709],[-124.08735,39.68108],[-124.09135,39.69904],[-124.09772,39.72321],[-124.11368,39.73755],[-124.12686,39.75174],[-124.13398,39.76066],[-124.14276,39.77316],[-124.14864,39.78261],[-124.15393,39.79238],[-124.16779,39.80617],[-124.17552,39.81479],[-124.19281,39.83657],[-124.19988,39.84617],[-124.21551,39.85367],[-124.23375,39.86403],[-124.25095,39.87507],[-124.26715,39.88729],[-124.27619,39.89512],[-124.28468,39.90331],[-124.30246,39.92308],[-124.3094,39.93209],[-124.31571,39.94138],[-124.32587,39.9595],[-124.34325,39.96872],[-124.36079,39.9798],[-124.37413,39.98967],[-124.39179,40.00439],[-124.02268,40.00157]]],[[[-123.79956,39.27335],[-123.79932,39.27356],[-123.79916,39.27416],[-123.79956,39.27335]]],[[[-123.70559,38.98493],[-123.70581,38.98462],[-123.70502,38.98391],[-123.70559,38.98493]]],[[[-123.70619,38.98332],[-123.70659,38.98306],[-123.70579,38.98251],[-123.70619,38.98332]]],[[[-123.70651,38.98273],[-123.70652,38.98248],[-123.70636,38.98242],[-123.70651,38.98273]]],[[[-123.70176,38.9871],[-123.70105,38.98608],[-123.70096,38.98685],[-123.70137,38.98662],[-123.70154,38.98747],[-123.70176,38.9871]]]]}},{"type":"Feature","properties":{"c":"zone"},"geometry":{"type":"Polygon","coordinates":[[[-121.80056,36.854],[-121.80452,36.85341],[-121.80468,36.85184],[-121.80077,36.84703],[-121.79727,36.84474],[-121.79406,36.84682],[-121.79276,36.84403],[-121.79174,36.84395],[-121.79143,36.8429],[-121.79228,36.84202],[-121.79083,36.84114],[-121.78919,36.8416],[-121.78874,36.83992],[-121.78741,36.83989],[-121.7878,36.83841],[-121.78905,36.83793],[-121.78916,36.83649],[-121.78839,36.83477],[-121.78784,36.83483],[-121.78704,36.83392],[-121.78433,36.83319],[-121.78071,36.83418],[-121.77902,36.83408],[-121.77653,36.83297],[-121.77746,36.83258],[-121.77888,36.83313],[-121.78061,36.83298],[-121.78027,36.83139],[-121.7814,36.83261],[-121.78307,36.83195],[-121.78474,36.83196],[-121.78821,36.83313],[-121.7891,36.83304],[-121.79001,36.83373],[-121.79085,36.8365],[-121.79194,36.83632],[-121.79181,36.83747],[-121.7905,36.83803],[-121.79028,36.83865],[-121.79246,36.83973],[-121.79274,36.84033],[-121.79405,36.84014],[-121.79466,36.83938],[-121.79729,36.83942],[-121.79821,36.83887],[-121.79827,36.83258],[-121.79729,36.82868],[-121.79564,36.82857],[-121.79467,36.82541],[-121.79025,36.82058],[-121.78775,36.82074],[-121.78708,36.82219],[-121.78665,36.82124],[-121.78466,36.82138],[-121.77842,36.82412],[-121.77886,36.82494],[-121.77997,36.82532],[-121.77998,36.82856],[-121.77267,36.82877],[-121.77256,36.82598],[-121.77183,36.8264],[-121.77087,36.82558],[-121.76879,36.82608],[-121.76862,36.82511],[-121.77161,36.82433],[-121.7735,36.82325],[-121.77118,36.82015],[-121.76987,36.82038],[-121.76984,36.82332],[-121.76822,36.82313],[-121.7672,36.822],[-121.76836,36.82153],[-121.76788,36.82077],[-121.76862,36.82039],[-121.76861,36.81985],[-121.7677,36.82],[-121.76564,36.81926],[-121.76526,36.82016],[-121.76637,36.82153],[-121.7632,36.82041],[-121.76247,36.82077],[-121.76207,36.8217],[-121.76166,36.82059],[-121.76226,36.81958],[-121.76043,36.81952],[-121.76056,36.81869],[-121.75906,36.81779],[-121.75829,36.81814],[-121.75688,36.81774],[-121.75649,36.81807],[-121.75695,36.81953],[-121.75798,36.82055],[-121.75764,36.82206],[-121.75721,36.82077],[-121.75637,36.82065],[-121.75583,36.81905],[-121.75499,36.8191],[-121.75428,36.82079],[-121.75365,36.81884],[-121.75298,36.81865],[-121.75229,36.81916],[-121.75197,36.81817],[-121.75071,36.81739],[-121.74908,36.81913],[-121.75053,36.82108],[-121.75176,36.82127],[-121.75102,36.822],[-121.75223,36.82254],[-121.7535,36.82399],[-121.75027,36.82243],[-121.74851,36.82032],[-121.74785,36.82044],[-121.74778,36.82115],[-121.75019,36.82452],[-121.7487,36.82413],[-121.74931,36.82654],[-121.74869,36.82721],[-121.74811,36.82985],[-121.74718,36.83042],[-121.74811,36.83088],[-121.74709,36.83144],[-121.7461,36.83327],[-121.74862,36.83421],[-121.7498,36.8353],[-121.74964,36.83605],[-121.75156,36.83734],[-121.75553,36.83864],[-121.75711,36.8415],[-121.7596,36.84284],[-121.75995,36.84371],[-121.76073,36.84406],[-121.76059,36.84497],[-121.76145,36.84557],[-121.76181,36.84678],[-121.76117,36.84788],[-121.76242,36.8493],[-121.76258,36.85226],[-121.76204,36.85495],[-121.7598,36.85967],[-121.75908,36.86062],[-121.75788,36.86063],[-121.7579,36.85998],[-121.75531,36.85977],[-121.75466,36.85865],[-121.75181,36.85758],[-121.74972,36.86035],[-121.75021,36.8615],[-121.75145,36.86095],[-121.75225,36.86147],[-121.74866,36.86287],[-121.74766,36.8638],[-121.74518,36.86454],[-121.74541,36.86504],[-121.74676,36.86514],[-121.74687,36.86616],[-121.7459,36.86775],[-121.74469,36.8681],[-121.74461,36.86681],[-121.74345,36.86676],[-121.74317,36.86597],[-121.74158,36.86546],[-121.74214,36.86471],[-121.74067,36.8639],[-121.74025,36.86234],[-121.73682,36.86183],[-121.73564,36.86117],[-121.73483,36.86111],[-121.73224,36.86249],[-121.72954,36.86222],[-121.72752,36.86349],[-121.72574,36.86287],[-121.72279,36.86311],[-121.72278,36.86198],[-121.72339,36.86151],[-121.72578,36.86189],[-121.72807,36.86154],[-121.73412,36.85994],[-121.73582,36.85879],[-121.73815,36.85839],[-121.74004,36.85987],[-121.74268,36.8589],[-121.74369,36.85835],[-121.74478,36.8566],[-121.74645,36.85554],[-121.74742,36.85381],[-121.74961,36.85249],[-121.7517,36.85223],[-121.75287,36.85145],[-121.75245,36.8497],[-121.7488,36.846],[-121.74675,36.84465],[-121.7413,36.84286],[-121.73848,36.84092],[-121.73457,36.83948],[-121.73224,36.83702],[-121.73069,36.83835],[-121.73119,36.83647],[-121.73076,36.83553],[-121.73241,36.83556],[-121.73432,36.83028],[-121.73189,36.83081],[-121.72829,36.82949],[-121.72629,36.83073],[-121.72657,36.82896],[-121.73146,36.82912],[-121.72995,36.82751],[-121.72741,36.82658],[-121.72803,36.82542],[-121.73037,36.8259],[-121.73192,36.82706],[-121.73319,36.82906],[-121.73727,36.82938],[-121.73881,36.82933],[-121.73847,36.82823],[-121.74009,36.82633],[-121.73928,36.82538],[-121.73787,36.8271],[-121.73663,36.8274],[-121.7364,36.82701],[-121.73712,36.82631],[-121.73658,36.82577],[-121.73737,36.82529],[-121.73676,36.82434],[-121.73786,36.82291],[-121.73771,36.82193],[-121.73665,36.82264],[-121.73592,36.82211],[-121.73538,36.82424],[-121.73459,36.82529],[-121.734,36.82443],[-121.73338,36.82433],[-121.7344,36.82133],[-121.73035,36.82066],[-121.73029,36.82028],[-121.73439,36.82022],[-121.73381,36.81888],[-121.73406,36.81859],[-121.73529,36.81944],[-121.7371,36.81938],[-121.73717,36.81832],[-121.73549,36.81757],[-121.73545,36.81682],[-121.73738,36.8173],[-121.73875,36.81672],[-121.7387,36.81605],[-121.73933,36.81587],[-121.73875,36.81414],[-121.73657,36.81546],[-121.7359,36.81494],[-121.73605,36.8138],[-121.73834,36.81245],[-121.73775,36.81023],[-121.73873,36.80831],[-121.7385,36.80777],[-121.73684,36.81053],[-121.73484,36.81231],[-121.73316,36.81192],[-121.73118,36.81346],[-121.73004,36.8134],[-121.7311,36.81225],[-121.73103,36.81103],[-121.73389,36.81063],[-121.73536,36.80938],[-121.73567,36.80819],[-121.73331,36.80824],[-121.73167,36.80926],[-121.73128,36.80851],[-121.73026,36.80845],[-121.73082,36.80796],[-121.72937,36.80671],[-121.72901,36.80534],[-121.72762,36.80625],[-121.72767,36.80688],[-121.72708,36.80647],[-121.72731,36.80548],[-121.72847,36.80462],[-121.72947,36.80463],[-121.73104,36.80664],[-121.73231,36.80724],[-121.73539,36.80662],[-121.73584,36.806],[-121.73547,36.80553],[-121.73367,36.80537],[-121.73392,36.80458],[-121.73102,36.80375],[-121.72933,36.80381],[-121.73084,36.80326],[-121.73328,36.80361],[-121.73197,36.80149],[-121.73049,36.80029],[-121.73255,36.80116],[-121.73315,36.80233],[-121.73434,36.80277],[-121.73582,36.80426],[-121.73719,36.80436],[-121.73742,36.80361],[-121.73597,36.80089],[-121.73431,36.79965],[-121.73531,36.79939],[-121.73676,36.80026],[-121.73896,36.80364],[-121.74052,36.80449],[-121.74156,36.80355],[-121.74116,36.8025],[-121.73972,36.80144],[-121.74096,36.80126],[-121.74031,36.79945],[-121.74073,36.79943],[-121.74166,36.8006],[-121.74213,36.80228],[-121.74271,36.80219],[-121.74296,36.80074],[-121.74453,36.80289],[-121.74339,36.80318],[-121.74174,36.80528],[-121.7419,36.80639],[-121.74323,36.80608],[-121.74361,36.80681],[-121.74476,36.80636],[-121.74528,36.80452],[-121.74686,36.80346],[-121.74569,36.80126],[-121.74735,36.80213],[-121.74817,36.80185],[-121.74784,36.80075],[-121.74924,36.80087],[-121.74997,36.80042],[-121.75045,36.79956],[-121.75007,36.79876],[-121.75061,36.79807],[-121.7513,36.80011],[-121.74872,36.80358],[-121.74707,36.80754],[-121.75047,36.80716],[-121.75018,36.80611],[-121.75162,36.80605],[-121.75309,36.8042],[-121.7564,36.80421],[-121.75621,36.80486],[-121.75481,36.80542],[-121.75323,36.80693],[-121.75384,36.80726],[-121.7547,36.80969],[-121.75635,36.81081],[-121.75995,36.81053],[-121.76201,36.81101],[-121.76599,36.81033],[-121.76835,36.81121],[-121.77023,36.81108],[-121.77392,36.8095],[-121.77673,36.80915],[-121.78044,36.8109],[-121.78396,36.80787],[-121.78309,36.79923],[-121.78219,36.79869],[-121.7829,36.79729],[-121.78,36.79505],[-121.77875,36.79531],[-121.77732,36.799],[-121.77656,36.79926],[-121.77709,36.80185],[-121.77791,36.80182],[-121.77796,36.80306],[-121.7712,36.80171],[-121.77086,36.8022],[-121.76943,36.80251],[-121.76874,36.80344],[-121.76799,36.80308],[-121.76624,36.8036],[-121.76563,36.80325],[-121.76581,36.80143],[-121.76709,36.80171],[-121.76857,36.80125],[-121.76891,36.80055],[-121.77001,36.80073],[-121.77082,36.79973],[-121.77013,36.79868],[-121.7685,36.7975],[-121.76833,36.79788],[-121.76925,36.79897],[-121.76875,36.7994],[-121.76685,36.79736],[-121.76502,36.79743],[-121.76566,36.79837],[-121.76518,36.7992],[-121.76376,36.79792],[-121.76041,36.79837],[-121.76104,36.79777],[-121.75713,36.79488],[-121.75671,36.79299],[-121.75488,36.79054],[-121.75383,36.78991],[-121.75437,36.79515],[-121.75416,36.79566],[-121.75386,36.79513],[-121.75222,36.79501],[-121.75315,36.79434],[-121.7534,36.79339],[-121.75328,36.79282],[-121.75224,36.79257],[-121.75239,36.79189],[-121.74915,36.79144],[-121.74773,36.79191],[-121.74785,36.7914],[-121.75055,36.79087],[-121.75156,36.79018],[-121.75073,36.78844],[-121.74932,36.78711],[-121.74729,36.78871],[-121.74457,36.7889],[-121.7443,36.78976],[-121.74334,36.78978],[-121.7417,36.79083],[-121.74139,36.7918],[-121.74234,36.79387],[-121.7417,36.79556],[-121.74095,36.79529],[-121.74143,36.79412],[-121.73973,36.79181],[-121.73866,36.79257],[-121.73673,36.79206],[-121.73587,36.79362],[-121.73366,36.7943],[-121.73282,36.79505],[-121.73038,36.79524],[-121.72873,36.79428],[-121.72725,36.79494],[-121.72785,36.79375],[-121.72851,36.79346],[-121.73006,36.7944],[-121.73193,36.79416],[-121.73292,36.79336],[-121.73289,36.79258],[-121.73386,36.79277],[-121.73505,36.79039],[-121.73872,36.79032],[-121.74106,36.78793],[-121.74043,36.78687],[-121.739,36.78685],[-121.73968,36.78624],[-121.7409,36.78639],[-121.74186,36.78729],[-121.7443,36.78721],[-121.74554,36.78694],[-121.74678,36.78546],[-121.74624,36.78369],[-121.74542,36.78329],[-121.74264,36.78291],[-121.73961,36.784],[-121.73863,36.78348],[-121.73704,36.78353],[-121.73766,36.78295],[-121.73748,36.78201],[-121.73826,36.78299],[-121.73932,36.78341],[-121.74142,36.78279],[-121.73966,36.78096],[-121.73954,36.7799],[-121.73728,36.77801],[-121.73969,36.77587],[-121.74073,36.77667],[-121.74203,36.77921],[-121.74205,36.78023],[-121.7433,36.78073],[-121.74874,36.78035],[-121.74724,36.77732],[-121.74709,36.77561],[-121.74981,36.77965],[-121.75056,36.77974],[-121.7507,36.77869],[-121.75344,36.78177],[-121.7541,36.78183],[-121.75441,36.78103],[-121.75496,36.7814],[-121.75483,36.78193],[-121.75605,36.78322],[-121.75627,36.78233],[-121.75837,36.78009],[-121.75783,36.7792],[-121.75808,36.77849],[-121.75705,36.77822],[-121.75653,36.77671],[-121.7549,36.77674],[-121.75556,36.77588],[-121.75516,36.77527],[-121.75116,36.77391],[-121.75069,36.77313],[-121.74847,36.77186],[-121.74698,36.76734],[-121.74802,36.7665],[-121.74927,36.76705],[-121.74884,36.76743],[-121.75026,36.76866],[-121.74959,36.76924],[-121.75053,36.77098],[-121.75283,36.77206],[-121.75603,36.77239],[-121.75817,36.77349],[-121.76291,36.76949],[-121.76343,36.7689],[-121.7617,36.76754],[-121.75899,36.76554],[-121.75838,36.76584],[-121.7528,36.76163],[-121.75889,36.75758],[-121.76209,36.75952],[-121.76412,36.75942],[-121.76512,36.75829],[-121.7658,36.75831],[-121.76587,36.75495],[-121.76672,36.75269],[-121.77816,36.73692],[-121.78078,36.73423],[-121.78004,36.7336],[-121.77881,36.73406],[-121.77309,36.73735],[-121.7643,36.72904],[-121.7658,36.72767],[-121.76562,36.72619],[-121.76803,36.71997],[-121.76784,36.71728],[-121.76608,36.71625],[-121.75363,36.71238],[-121.75223,36.71146],[-121.75039,36.70917],[-121.75123,36.70889],[-121.75372,36.71147],[-121.76008,36.71417],[-121.76806,36.71611],[-121.7689,36.71817],[-121.76899,36.72158],[-121.76832,36.72274],[-121.77334,36.72047],[-121.77498,36.72149],[-121.78084,36.72279],[-121.78248,36.72417],[-121.78136,36.7259],[-121.77993,36.72593],[-121.78027,36.72781],[-121.78509,36.72848],[-121.78592,36.72942],[-121.78885,36.72657],[-121.7919,36.72255],[-121.79636,36.71231],[-121.79789,36.71182],[-121.80015,36.71262],[-121.8009,36.71436],[-121.79969,36.71559],[-121.80048,36.71646],[-121.79877,36.71772],[-121.79856,36.71911],[-121.79933,36.72117],[-121.79869,36.72202],[-121.79991,36.72309],[-121.79757,36.72582],[-121.79868,36.72923],[-121.7999,36.7303],[-121.80019,36.73186],[-121.80193,36.73314],[-121.80151,36.734],[-121.80296,36.73417],[-121.80348,36.73358],[-121.80348,36.73442],[-121.80214,36.73532],[-121.80435,36.73489],[-121.80538,36.73362],[-121.80611,36.7247],[-121.80603,36.71736],[-121.80286,36.71542],[-121.80268,36.71491],[-121.80361,36.71384],[-121.80481,36.71396],[-121.80522,36.71331],[-121.8064,36.71318],[-121.80673,36.71265],[-121.80872,36.70238],[-121.80857,36.70137],[-121.80919,36.70004],[-121.80908,36.69784],[-121.81044,36.69249],[-121.81363,36.68157],[-121.81911,36.66713],[-121.82274,36.66019],[-121.82267,36.65916],[-121.82388,36.65763],[-121.82866,36.64795],[-121.83911,36.63204],[-121.84914,36.61996],[-121.84844,36.61859],[-121.85015,36.61905],[-121.85353,36.61564],[-121.85302,36.6154],[-121.85358,36.6148],[-121.85282,36.61438],[-121.85773,36.61117],[-121.85779,36.6099],[-121.8563,36.6078],[-121.85819,36.6066],[-121.85733,36.60567],[-121.85641,36.60587],[-121.85445,36.60303],[-121.854,36.60198],[-121.8543,36.60122],[-121.85262,36.6004],[-121.85188,36.59926],[-121.85249,36.59902],[-121.8527,36.59954],[-121.85467,36.59988],[-121.85615,36.60106],[-121.85531,36.60148],[-121.85604,36.60279],[-121.85825,36.60401],[-121.85838,36.60502],[-121.85781,36.60561],[-121.8585,36.60641],[-121.85955,36.60572],[-121.8602,36.60639],[-121.8601,36.60751],[-121.85793,36.6088],[-121.85804,36.61077],[-121.85961,36.60958],[-121.86076,36.60965],[-121.86296,36.60828],[-121.86625,36.606],[-121.86607,36.60555],[-121.8718,36.60335],[-121.87131,36.60248],[-121.87175,36.60223],[-121.87079,36.60081],[-121.86684,36.60225],[-121.86667,36.60184],[-121.86845,36.60101],[-121.86833,36.59989],[-121.86686,36.59885],[-121.86758,36.59767],[-121.86971,36.59727],[-121.86917,36.59604],[-121.8699,36.59724],[-121.8708,36.59738],[-121.87157,36.59877],[-121.87327,36.59917],[-121.87384,36.59982],[-121.87797,36.59958],[-121.87829,36.59813],[-121.88167,36.59764],[-121.88095,36.59424],[-121.882,36.59389],[-121.87741,36.59336],[-121.88047,36.59173],[-121.88326,36.59327],[-121.88523,36.59298],[-121.88445,36.594],[-121.88706,36.59458],[-121.88642,36.59202],[-121.88698,36.5912],[-121.88753,36.59145],[-121.88789,36.59174],[-121.8875,36.59283],[-121.8878,36.5933],[-121.88894,36.59402],[-121.88976,36.59347],[-121.89118,36.59433],[-121.89095,36.59525],[-121.88993,36.59525],[-121.88971,36.59582],[-121.89074,36.5961],[-121.89055,36.59709],[-121.89227,36.59678],[-121.89264,36.59794],[-121.89409,36.5978],[-121.89382,36.59886],[-121.89472,36.59898],[-121.89443,36.59993],[-121.89501,36.60001],[-121.89455,36.60109],[-121.89539,36.60125],[-121.89529,36.60309],[-121.89456,36.60292],[-121.89402,36.60405],[-121.89459,36.60485],[-121.89524,36.6039],[-121.89465,36.60687],[-121.89675,36.60922],[-121.89609,36.60935],[-121.89827,36.61233],[-121.89811,36.61329],[-121.90179,36.61764],[-121.90268,36.61759],[-121.9059,36.62022],[-121.90973,36.62092],[-121.91069,36.62178],[-121.91466,36.62293],[-121.91528,36.62408],[-121.91748,36.62502],[-121.91701,36.62629],[-121.922,36.62822],[-121.9227,36.63136],[-121.9251,36.63356],[-121.9249,36.63389],[-121.93129,36.63572],[-121.93203,36.63373],[-121.93382,36.63415],[-121.93539,36.63171],[-121.9367,36.63189],[-121.93805,36.62661],[-121.939,36.62594],[-121.94004,36.62351],[-121.94117,36.6227],[-121.94137,36.61987],[-121.93985,36.6176],[-121.94232,36.6151],[-121.94549,36.61379],[-121.94709,36.61017],[-121.94724,36.60852],[-121.94851,36.60749],[-121.95272,36.60684],[-121.95504,36.60735],[-121.95737,36.60919],[-121.95863,36.60676],[-121.95923,36.60392],[-121.96143,36.60002],[-121.96076,36.59574],[-121.96317,36.59135],[-121.96299,36.5906],[-121.96079,36.5905],[-121.96078,36.5901],[-121.96275,36.58996],[-121.9639,36.58761],[-121.96418,36.58557],[-121.96698,36.58363],[-121.96776,36.58199],[-121.97066,36.58205],[-121.97192,36.58298],[-121.97427,36.58312],[-121.97413,36.58205],[-121.97514,36.58159],[-121.97507,36.57998],[-121.97677,36.57991],[-121.97724,36.58042],[-121.97796,36.57999],[-121.97796,36.5793],[-121.97674,36.57978],[-121.97555,36.57776],[-121.97577,36.57716],[-121.97485,36.57692],[-121.97417,36.57727],[-121.9721,36.57507],[-121.97266,36.57433],[-121.9724,36.57378],[-121.97005,36.57189],[-121.97078,36.57107],[-121.97004,36.57072],[-121.97046,36.56969],[-121.96951,36.56911],[-121.96711,36.56912],[-121.96647,36.5695],[-121.96415,36.56873],[-121.9638,36.56763],[-121.96239,36.5675],[-121.96144,36.56696],[-121.96123,36.56621],[-121.95815,36.56524],[-121.95713,36.56442],[-121.95635,36.56273],[-121.95378,36.56116],[-121.95171,36.56144],[-121.95145,36.56284],[-121.95182,36.5642],[-121.95115,36.56453],[-121.95169,36.5652],[-121.95092,36.56594],[-121.95142,36.56627],[-121.94994,36.56744],[-121.94982,36.56801],[-121.94588,36.56708],[-121.94498,36.56632],[-121.944,36.56746],[-121.94085,36.56662],[-121.9392,36.56441],[-121.93937,36.56309],[-121.94074,36.56225],[-121.94049,36.56122],[-121.93775,36.56217],[-121.93798,36.56284],[-121.93646,36.56274],[-121.93233,36.55996],[-121.93154,36.55768],[-121.93013,36.55802],[-121.93127,36.55711],[-121.92927,36.55244],[-121.92877,36.55239],[-121.92829,36.5478],[-121.9288,36.54714],[-121.9284,36.54658],[-121.93052,36.5447],[-121.93319,36.54377],[-121.93236,36.54163],[-121.93262,36.5405],[-121.93202,36.53954],[-121.93058,36.5405],[-121.92903,36.53913],[-121.92786,36.53909],[-121.92856,36.54051],[-121.92807,36.54222],[-121.9224,36.54159],[-121.92202,36.54078],[-121.91948,36.54102],[-121.91105,36.53556],[-121.91901,36.54023],[-121.9205,36.53994],[-121.92065,36.5388],[-121.91829,36.53851],[-121.91824,36.53728],[-121.91777,36.53675],[-121.91538,36.53617],[-121.91387,36.53524],[-121.91616,36.5324],[-121.91724,36.5325],[-121.91716,36.5312],[-121.91831,36.52994],[-121.9198,36.53144],[-121.92191,36.53239],[-121.92432,36.53426],[-121.92577,36.53503],[-121.92714,36.53464],[-121.9266,36.5326],[-121.92525,36.53083],[-121.92533,36.52767],[-121.92431,36.52643],[-121.92284,36.52589],[-121.92416,36.52478],[-121.92335,36.52408],[-121.92465,36.52205],[-121.92332,36.52212],[-121.92241,36.52058],[-121.92327,36.52087],[-121.9242,36.52036],[-121.92736,36.5219],[-121.92909,36.52122],[-121.93027,36.52343],[-121.93333,36.52329],[-121.93328,36.52252],[-121.93434,36.52203],[-121.93654,36.52313],[-121.93736,36.5225],[-121.93602,36.52167],[-121.93627,36.52098],[-121.93729,36.52089],[-121.93655,36.51977],[-121.93765,36.51886],[-121.93892,36.51865],[-121.94111,36.51946],[-121.94116,36.52061],[-121.94026,36.52085],[-121.94049,36.5211],[-121.94171,36.52131],[-121.94206,36.52062],[-121.94303,36.52034],[-121.94479,36.52064],[-121.94492,36.52192],[-121.94766,36.52358],[-121.94821,36.52213],[-121.94931,36.52223],[-121.94951,36.52098],[-121.95212,36.52293],[-121.95406,36.52215],[-121.95294,36.52113],[-121.95147,36.52064],[-121.95092,36.51957],[-121.9518,36.51861],[-121.95331,36.51916],[-121.95314,36.51857],[-121.95212,36.51812],[-121.95206,36.51711],[-121.951,36.51674],[-121.95046,36.51729],[-121.94954,36.51716],[-121.94957,36.51656],[-121.94686,36.51415],[-121.94325,36.51359],[-121.94258,36.51264],[-121.94299,36.51206],[-121.94209,36.51203],[-121.94144,36.51134],[-121.94127,36.51045],[-121.9419,36.50971],[-121.94187,36.50889],[-121.94049,36.50804],[-121.94094,36.50737],[-121.9419,36.50792],[-121.94204,36.50752],[-121.93998,36.50704],[-121.93938,36.50748],[-121.9383,36.50657],[-121.93878,36.50578],[-121.93768,36.50473],[-121.93877,36.50392],[-121.93866,36.50261],[-121.93811,36.50275],[-121.93838,36.50084],[-121.9397,36.5015],[-121.93999,36.50029],[-121.93803,36.49914],[-121.938,36.49967],[-121.93755,36.49968],[-121.93647,36.49893],[-121.93607,36.49778],[-121.93866,36.4972],[-121.9389,36.49647],[-121.93968,36.49626],[-121.93956,36.49499],[-121.9406,36.49496],[-121.94217,36.49281],[-121.94453,36.49303],[-121.94468,36.49136],[-121.94382,36.4912],[-121.94473,36.48988],[-121.94396,36.48961],[-121.94276,36.49018],[-121.94177,36.48955],[-121.94099,36.48834],[-121.94096,36.48536],[-121.94025,36.48311],[-121.93844,36.48169],[-121.93693,36.48166],[-121.9387,36.48004],[-121.93725,36.47884],[-121.93796,36.47804],[-121.93739,36.47741],[-121.9381,36.47743],[-121.93822,36.47617],[-121.93695,36.47398],[-121.93716,36.47369],[-121.93665,36.47348],[-121.93684,36.47195],[-121.93484,36.47014],[-121.93422,36.4702],[-121.93415,36.46914],[-121.93378,36.46958],[-121.93165,36.46789],[-121.931,36.46678],[-121.92956,36.46661],[-121.92969,36.46604],[-121.92886,36.46514],[-121.92894,36.4639],[-121.9278,36.46378],[-121.92759,36.46312],[-121.92814,36.462],[-121.92757,36.4622],[-121.92746,36.46103],[-121.92672,36.461],[-121.9264,36.46002],[-121.92546,36.45975],[-121.92589,36.45875],[-121.92492,36.45615],[-121.92591,36.45584],[-121.92504,36.45428],[-121.92537,36.45375],[-121.92683,36.45371],[-121.92671,36.45315],[-121.92834,36.45348],[-121.92906,36.45301],[-121.92927,36.45246],[-121.92856,36.45098],[-121.92924,36.44885],[-121.92891,36.44833],[-121.92734,36.44876],[-121.92692,36.44844],[-121.927,36.4472],[-121.92604,36.44517],[-121.92497,36.44423],[-121.92422,36.44254],[-121.92277,36.4413],[-121.92306,36.44033],[-121.92203,36.43909],[-121.92198,36.4377],[-121.92135,36.43771],[-121.92142,36.43713],[-121.92113,36.43733],[-121.92078,36.43671],[-121.92032,36.43716],[-121.92007,36.4362],[-121.9191,36.43579],[-121.91958,36.43561],[-121.91961,36.43499],[-121.91789,36.43098],[-121.91881,36.43083],[-121.9187,36.43054],[-121.91706,36.42941],[-121.91712,36.42847],[-121.91578,36.42835],[-121.9164,36.42769],[-121.91628,36.42703],[-121.91542,36.42709],[-121.91565,36.4267],[-121.91479,36.42652],[-121.91425,36.42569],[-121.91439,36.4222],[-121.91343,36.42187],[-121.91442,36.42167],[-121.91452,36.41968],[-121.91593,36.41782],[-121.91263,36.41714],[-121.91494,36.41683],[-121.91611,36.41748],[-121.91718,36.41698],[-121.91648,36.41692],[-121.91685,36.41591],[-121.91647,36.41604],[-121.91654,36.41514],[-121.91605,36.41471],[-121.91664,36.4146],[-121.91546,36.41357],[-121.91597,36.41327],[-121.91434,36.41229],[-121.91486,36.41151],[-121.91634,36.41194],[-121.91696,36.41093],[-121.91513,36.40941],[-121.91495,36.40841],[-121.91399,36.40796],[-121.91364,36.40822],[-121.91335,36.40691],[-121.91217,36.4066],[-121.91277,36.4062],[-121.91293,36.40504],[-121.91344,36.40524],[-121.91391,36.40428],[-121.9147,36.40386],[-121.91432,36.40356],[-121.9146,36.40335],[-121.91361,36.40266],[-121.91322,36.40291],[-121.91314,36.40206],[-121.91255,36.402],[-121.91194,36.40115],[-121.91238,36.40087],[-121.91201,36.40039],[-121.91085,36.40137],[-121.90973,36.40004],[-121.90574,36.39861],[-121.90552,36.39781],[-121.90592,36.39732],[-121.90501,36.39678],[-121.90593,36.39584],[-121.9041,36.39518],[-121.90421,36.39452],[-121.90293,36.39328],[-121.90384,36.3931],[-121.90382,36.3924],[-121.9044,36.39192],[-121.90392,36.39116],[-121.90443,36.39064],[-121.90399,36.38991],[-121.90436,36.38835],[-121.90358,36.38813],[-121.90348,36.38751],[-121.90192,36.38746],[-121.90189,36.38648],[-121.90137,36.38607],[-121.90215,36.38513],[-121.90298,36.3853],[-121.90204,36.38365],[-121.90261,36.38299],[-121.90151,36.38175],[-121.90251,36.37991],[-121.9018,36.37915],[-121.90225,36.37885],[-121.90215,36.37931],[-121.90327,36.37943],[-121.90386,36.37838],[-121.90491,36.37805],[-121.90467,36.37693],[-121.90552,36.37612],[-121.90561,36.37425],[-121.90633,36.37373],[-121.90634,36.37434],[-121.90699,36.37473],[-121.90682,36.37398],[-121.90774,36.37401],[-121.90688,36.37303],[-121.90719,36.3725],[-121.90667,36.3719],[-121.90573,36.37231],[-121.90221,36.37149],[-121.90039,36.37188],[-121.90288,36.37108],[-121.90258,36.36998],[-121.90331,36.36842],[-121.90239,36.36712],[-121.90322,36.36573],[-121.90247,36.36381],[-121.90511,36.36183],[-121.90398,36.36042],[-121.90406,36.35988],[-121.90551,36.35924],[-121.90478,36.35853],[-121.90706,36.35677],[-121.90581,36.35611],[-121.90461,36.35614],[-121.90548,36.35576],[-121.90394,36.35538],[-121.90405,36.35402],[-121.903,36.35365],[-121.90402,36.3532],[-121.9004,36.35113],[-121.89988,36.34994],[-121.89854,36.34929],[-121.89833,36.34803],[-121.89659,36.34541],[-121.89422,36.34419],[-121.8939,36.34283],[-121.89268,36.34144],[-121.89263,36.33907],[-121.89307,36.33836],[-121.89294,36.33665],[-121.89241,36.33593],[-121.89143,36.33493],[-121.89097,36.33524],[-121.88959,36.33413],[-121.88777,36.33422],[-121.88746,36.3341],[-121.88807,36.33387],[-121.88669,36.33379],[-121.88451,36.33213],[-121.88684,36.33359],[-121.88746,36.33293],[-121.88707,36.33255],[-121.88761,36.33224],[-121.8916,36.33272],[-121.89243,36.33203],[-121.8936,36.32949],[-121.89659,36.32729],[-121.89457,36.32553],[-121.89547,36.32348],[-121.89454,36.32109],[-121.89445,36.31774],[-121.89638,36.31209],[-121.89616,36.31139],[-121.89442,36.3106],[-121.89385,36.30411],[-121.88918,36.30355],[-121.88544,36.30204],[-121.88438,36.30006],[-121.88182,36.29928],[-121.88269,36.29892],[-121.88187,36.29757],[-121.88248,36.29707],[-121.88209,36.29635],[-121.88241,36.29628],[-121.88168,36.2953],[-121.88133,36.29515],[-121.88163,36.29572],[-121.8795,36.29363],[-121.87766,36.2938],[-121.877,36.29267],[-121.87584,36.29216],[-121.87641,36.29175],[-121.87637,36.29065],[-121.87534,36.29072],[-121.87542,36.29029],[-121.87435,36.28928],[-121.8722,36.28897],[-121.86845,36.28711],[-121.8676,36.28841],[-121.86748,36.28657],[-121.8654,36.28507],[-121.86515,36.28398],[-121.86427,36.28351],[-121.86248,36.28082],[-121.85971,36.28006],[-121.86029,36.28063],[-121.86018,36.28208],[-121.8598,36.28306],[-121.8585,36.28368],[-121.85903,36.28465],[-121.85789,36.2856],[-121.85368,36.28588],[-121.8526,36.28691],[-121.85005,36.28774],[-121.84471,36.2879],[-121.84322,36.2854],[-121.84545,36.28536],[-121.84703,36.28405],[-121.84923,36.28317],[-121.85093,36.28153],[-121.85383,36.28096],[-121.85698,36.28198],[-121.85715,36.28126],[-121.85369,36.27943],[-121.84841,36.27457],[-121.84567,36.27125],[-121.84545,36.27002],[-121.84449,36.26929],[-121.84389,36.26791],[-121.84262,36.26688],[-121.84214,36.26475],[-121.84045,36.26369],[-121.84036,36.26189],[-121.83879,36.26026],[-121.83884,36.2594],[-121.83759,36.25785],[-121.83611,36.25421],[-121.83582,36.25053],[-121.83634,36.25],[-121.83813,36.24971],[-121.83757,36.24932],[-121.83708,36.24973],[-121.83577,36.24963],[-121.83498,36.24873],[-121.83351,36.24815],[-121.83338,36.24739],[-121.83227,36.24778],[-121.82938,36.24731],[-121.82789,36.24583],[-121.82766,36.24397],[-121.82638,36.24192],[-121.82439,36.24162],[-121.82238,36.24209],[-121.81923,36.2414],[-121.81879,36.24012],[-121.81741,36.23955],[-121.81646,36.23839],[-121.81208,36.23832],[-121.81254,36.23757],[-121.81502,36.23801],[-121.81481,36.23731],[-121.81528,36.2363],[-121.81445,36.23489],[-121.81106,36.23343],[-121.81083,36.23391],[-121.80969,36.23403],[-121.80819,36.23306],[-121.80603,36.23311],[-121.80194,36.23468],[-121.80002,36.23491],[-121.79634,36.2341],[-121.7953,36.23352],[-121.79532,36.233],[-121.79142,36.23224],[-121.7901,36.23072],[-121.78727,36.22981],[-121.78693,36.22838],[-121.78368,36.22841],[-121.78302,36.22775],[-121.78184,36.22807],[-121.7789,36.22724],[-121.77566,36.22559],[-121.77467,36.22443],[-121.77299,36.22358],[-121.77047,36.223],[-121.76871,36.22191],[-121.76839,36.22107],[-121.76599,36.22042],[-121.76483,36.21963],[-121.76448,36.21867],[-121.76382,36.21873],[-121.76097,36.21718],[-121.75874,36.21505],[-121.75763,36.21495],[-121.75477,36.21152],[-121.7536,36.21125],[-121.75326,36.21073],[-121.74986,36.21086],[-121.74967,36.21053],[-121.74897,36.21096],[-121.74614,36.21025],[-121.74036,36.20723],[-121.73937,36.20607],[-121.73942,36.20511],[-121.73795,36.20396],[-121.73206,36.20294],[-121.7309,36.20223],[-121.73051,36.20101],[-121.72917,36.2],[-121.7237,36.19867],[-121.72085,36.19733],[-121.7156,36.19413],[-121.71493,36.19303],[-121.71532,36.19211],[-121.71417,36.19173],[-121.71386,36.19093],[-121.71189,36.19081],[-121.70865,36.18823],[-121.70787,36.18714],[-121.70758,36.18569],[-121.70789,36.1851],[-121.70646,36.18495],[-121.70391,36.18309],[-121.70409,36.18239],[-121.70341,36.18269],[-121.70153,36.18145],[-121.70105,36.17859],[-121.6998,36.1781],[-121.69991,36.17679],[-121.69879,36.17494],[-121.69714,36.17547],[-121.69754,36.17439],[-121.69682,36.174],[-121.69608,36.17426],[-121.6962,36.17531],[-121.69558,36.17447],[-121.69485,36.17478],[-121.69487,36.17408],[-121.69368,36.17352],[-121.69308,36.17132],[-121.69144,36.17203],[-121.69073,36.17072],[-121.68963,36.17084],[-121.68733,36.16846],[-121.68663,36.1685],[-121.68566,36.16775],[-121.68398,36.16777],[-121.68307,36.16595],[-121.68278,36.16642],[-121.68149,36.16634],[-121.67853,36.16538],[-121.67758,36.16387],[-121.67486,36.16217],[-121.67453,36.16117],[-121.67374,36.16063],[-121.67461,36.1598],[-121.67346,36.1588],[-121.67309,36.15926],[-121.67165,36.15857],[-121.67236,36.15764],[-121.67183,36.15592],[-121.66896,36.15501],[-121.66799,36.15398],[-121.66797,36.15335],[-121.66555,36.15225],[-121.66531,36.15054],[-121.66398,36.15008],[-121.66257,36.14841],[-121.65945,36.14675],[-121.65837,36.14577],[-121.65876,36.14532],[-121.65683,36.14312],[-121.6569,36.14231],[-121.65541,36.14186],[-121.6536,36.14053],[-121.65368,36.1396],[-121.65285,36.13825],[-121.64973,36.13666],[-121.64922,36.13427],[-121.6479,36.1324],[-121.64572,36.13073],[-121.64481,36.12794],[-121.64089,36.12565],[-121.64042,36.12481],[-121.63868,36.12403],[-121.63841,36.12327],[-121.63515,36.12222],[-121.63325,36.12097],[-121.63255,36.11836],[-121.63165,36.11709],[-121.63238,36.11456],[-121.63017,36.11243],[-121.63026,36.11081],[-121.62589,36.10759],[-121.62637,36.10573],[-121.62325,36.10303],[-121.62265,36.10059],[-121.62155,36.0994],[-121.62156,36.09623],[-121.62067,36.09417],[-121.61957,36.09314],[-121.61945,36.09133],[-121.61854,36.09004],[-121.61896,36.08657],[-121.61762,36.08532],[-121.61506,36.08411],[-121.61422,36.08267],[-121.61477,36.08207],[-121.6136,36.08187],[-121.61394,36.08123],[-121.61349,36.08022],[-121.61273,36.08014],[-121.61261,36.0794],[-121.61169,36.07924],[-121.6117,36.07851],[-121.60985,36.07709],[-121.60843,36.07671],[-121.60795,36.0756],[-121.60718,36.07527],[-121.60764,36.07447],[-121.60666,36.07208],[-121.60244,36.07046],[-121.60202,36.06969],[-121.60109,36.06944],[-121.60058,36.07016],[-121.59942,36.07049],[-121.59924,36.07146],[-121.59914,36.07052],[-121.59998,36.0694],[-121.59911,36.06953],[-121.59669,36.06751],[-121.59284,36.06547],[-121.59214,36.06351],[-121.59241,36.06193],[-121.59187,36.0597],[-121.59276,36.05799],[-121.59242,36.05613],[-121.5909,36.05547],[-121.59039,36.05467],[-121.58898,36.05442],[-121.58863,36.05342],[-121.59021,36.05017],[-121.5918,36.05008],[-121.58999,36.04785],[-121.58887,36.0476],[-121.58624,36.04543],[-121.58483,36.04275],[-121.58337,36.04216],[-121.58374,36.04151],[-121.58289,36.04166],[-121.58155,36.04054],[-121.58142,36.03976],[-121.58219,36.03883],[-121.58136,36.03839],[-121.58141,36.03768],[-121.58069,36.0372],[-121.58039,36.03592],[-121.57968,36.03579],[-121.57863,36.03357],[-121.57745,36.03228],[-121.57745,36.03072],[-121.57544,36.02817],[-121.57525,36.02611],[-121.57349,36.02366],[-121.56808,36.02054],[-121.56738,36.01959],[-121.56223,36.02061],[-121.55368,36.01973],[-121.55254,36.01896],[-121.54844,36.0189],[-121.54498,36.01787],[-121.54114,36.01514],[-121.53946,36.01578],[-121.53818,36.01567],[-121.53794,36.01516],[-121.53499,36.01543],[-121.53432,36.01472],[-121.53097,36.01419],[-121.52649,36.01197],[-121.52456,36.00986],[-121.51926,36.0088],[-121.51978,36.00732],[-121.51715,36.00807],[-121.5115,36.00676],[-121.50712,36.0032],[-121.50571,36.00258],[-121.50567,36.00205],[-121.50441,36.00144],[-121.50003,35.99705],[-121.49988,35.99564],[-121.49919,35.99517],[-121.49769,35.99229],[-121.4963,35.98843],[-121.49434,35.98715],[-121.49316,35.985],[-121.49205,35.98433],[-121.49164,35.98263],[-121.49048,35.98163],[-121.49054,35.98015],[-121.48936,35.97826],[-121.4884,35.97484],[-121.4885,35.97331],[-121.48558,35.9708],[-121.48625,35.96889],[-121.48484,35.96562],[-121.48441,35.9595],[-121.48322,35.9585],[-121.48339,35.957],[-121.48253,35.95488],[-121.48297,35.95354],[-121.48166,35.95083],[-121.48181,35.95022],[-121.48288,35.94968],[-121.48114,35.94965],[-121.47954,35.94868],[-121.47973,35.9468],[-121.47871,35.94563],[-121.47873,35.94448],[-121.47955,35.94376],[-121.47786,35.94272],[-121.47763,35.94171],[-121.47676,35.9415],[-121.4768,35.94052],[-121.47578,35.93994],[-121.47552,35.93916],[-121.47658,35.93746],[-121.47573,35.93761],[-121.4749,35.93708],[-121.47515,35.93633],[-121.47629,35.93563],[-121.47486,35.93581],[-121.47627,35.93528],[-121.47469,35.93392],[-121.47466,35.93255],[-121.47519,35.93209],[-121.47608,35.93221],[-121.47663,35.93161],[-121.47214,35.92924],[-121.47077,35.92926],[-121.46839,35.92704],[-121.46802,35.92435],[-121.46887,35.92188],[-121.47201,35.92053],[-121.47194,35.91987],[-121.47482,35.92005],[-121.47244,35.9191],[-121.47152,35.91791],[-121.4726,35.91667],[-121.4724,35.91581],[-121.4729,35.91525],[-121.47036,35.91418],[-121.47002,35.9118],[-121.4678,35.9111],[-121.46744,35.91005],[-121.46531,35.90803],[-121.46477,35.9066],[-121.46253,35.90395],[-121.46266,35.90313],[-121.46421,35.90173],[-121.46506,35.90018],[-121.46126,35.89829],[-121.4609,35.89518],[-121.46163,35.89415],[-121.45961,35.89355],[-121.46153,35.89368],[-121.46122,35.89176],[-121.46172,35.89061],[-121.46495,35.88914],[-121.4615,35.88813],[-121.46167,35.88663],[-121.46232,35.88595],[-121.46064,35.8851],[-121.45976,35.88362],[-121.45829,35.88274],[-121.45273,35.88056],[-121.45028,35.87792],[-121.45032,35.8773],[-121.44947,35.87735],[-121.44813,35.87626],[-121.44714,35.87476],[-121.44718,35.87405],[-121.4464,35.87353],[-121.44664,35.87198],[-121.44514,35.87163],[-121.44425,35.87077],[-121.44147,35.87045],[-121.43968,35.86734],[-121.43445,35.86538],[-121.43273,35.86365],[-121.4296,35.86275],[-121.42554,35.85983],[-121.41686,35.85831],[-121.41429,35.85708],[-121.41222,35.85489],[-121.41247,35.85366],[-121.41061,35.85281],[-121.40974,35.85046],[-121.40782,35.84873],[-121.40756,35.84727],[-121.4081,35.84676],[-121.40711,35.84492],[-121.40348,35.84203],[-121.4024,35.83995],[-121.40268,35.83913],[-121.40134,35.83893],[-121.39801,35.83518],[-121.39579,35.8337],[-121.39334,35.82942],[-121.39194,35.82816],[-121.39188,35.82721],[-121.39106,35.82684],[-121.38783,35.82334],[-121.37488,35.81572],[-121.37363,35.81443],[-121.37434,35.81256],[-121.37389,35.81182],[-121.37004,35.81157],[-121.36858,35.81052],[-121.36808,35.8096],[-121.36662,35.80883],[-121.36423,35.80854],[-121.36347,35.80899],[-121.36371,35.80847],[-121.35857,35.80514],[-121.35804,35.80422],[-121.35645,35.80375],[-121.35563,35.80177],[-121.35398,35.80142],[-121.35189,35.79945],[-121.35061,35.79902],[-121.35052,35.79811],[-121.3491,35.79609],[-121.3478,35.79523],[-121.69262,35.79732],[-121.70159,35.81261],[-121.70778,35.82565],[-121.71392,35.8424],[-121.71777,35.85714],[-121.73469,35.86806],[-121.75029,35.88007],[-121.76455,35.89313],[-121.78195,35.9113],[-121.79134,35.92301],[-121.79772,35.93213],[-121.80529,35.94468],[-121.81151,35.95705],[-121.81915,35.96636],[-121.82572,35.97539],[-121.84404,36.00382],[-121.85189,36.01239],[-121.85931,36.02148],[-121.86958,36.02933],[-121.87832,36.03678],[-121.8892,36.04222],[-121.91111,36.04913],[-121.93413,36.05863],[-121.95306,36.06831],[-121.98216,36.08466],[-122.00445,36.09915],[-122.01707,36.10867],[-122.02769,36.1178],[-122.0422,36.12693],[-122.05503,36.13627],[-122.06988,36.14892],[-122.08076,36.15977],[-122.09068,36.1712],[-122.1002,36.18406],[-122.11087,36.19629],[-122.11978,36.20826],[-122.12578,36.21755],[-122.13284,36.23031],[-122.1374,36.24012],[-122.14132,36.25011],[-122.14459,36.26026],[-122.14858,36.27743],[-122.15043,36.29133],[-122.1511,36.30932],[-122.1537,36.32539],[-122.15646,36.35584],[-122.1592,36.36608],[-122.1671,36.38039],[-122.17306,36.39352],[-122.17888,36.41034],[-122.18312,36.42893],[-122.1844,36.4322],[-122.19247,36.4479],[-122.19786,36.46118],[-122.20364,36.48025],[-122.20678,36.49672],[-122.21289,36.5095],[-122.21682,36.51949],[-122.22288,36.53801],[-122.22622,36.55172],[-122.22873,36.56908],[-122.22938,36.58313],[-122.22849,36.60059],[-122.22642,36.61447],[-122.22216,36.6316],[-122.21742,36.64504],[-122.20987,36.66142],[-122.2013,36.67609],[-122.23269,36.78179],[-122.24151,36.78492],[-121.8072,36.84559],[-121.80593,36.84661],[-121.80631,36.84875],[-121.80776,36.85082],[-121.80764,36.85218],[-121.80128,36.85696],[-121.8003,36.86048],[-121.80327,36.86609],[-121.8034,36.86856],[-121.79738,36.87362],[-121.7938,36.87954],[-121.78969,36.88204],[-121.78768,36.88431],[-121.78722,36.88368],[-121.79244,36.87978],[-121.79598,36.87451],[-121.80242,36.86814],[-121.80247,36.86684],[-121.7997,36.86027],[-121.80012,36.8575],[-121.80292,36.85521],[-121.8032,36.85451],[-121.80056,36.854]],[[-121.78806,36.79032],[-121.78378,36.79095],[-121.78502,36.79394],[-121.78681,36.79366],[-121.78649,36.79411],[-121.78707,36.79504],[-121.78811,36.79412],[-121.7882,36.79363],[-121.78746,36.79351],[-121.78806,36.79032]],[[-121.79591,36.77596],[-121.79553,36.77574],[-121.79641,36.7755],[-121.79668,36.77407],[-121.79572,36.77345],[-121.79663,36.7733],[-121.79763,36.77217],[-121.79806,36.76996],[-121.79693,36.76985],[-121.7985,36.76663],[-121.79885,36.76469],[-121.7994,36.76457],[-121.79974,36.76212],[-121.80034,36.76166],[-121.80108,36.7593],[-121.8009,36.75833],[-121.79969,36.75742],[-121.7992,36.75772],[-121.79989,36.75858],[-121.7994,36.76037],[-121.79879,36.76157],[-121.79813,36.76181],[-121.79736,36.76481],[-121.79615,36.76638],[-121.79544,36.76983],[-121.79473,36.77014],[-121.79511,36.7722],[-121.79311,36.77299],[-121.79247,36.77373],[-121.7931,36.77442],[-121.79276,36.77486],[-121.79385,36.77724],[-121.79334,36.7783],[-121.79453,36.77912],[-121.7937,36.78208],[-121.79408,36.78484],[-121.79468,36.78462],[-121.79576,36.78119],[-121.79555,36.78064],[-121.79668,36.77791],[-121.79591,36.77596]],[[-121.89961,36.303],[-121.89777,36.30396],[-121.89749,36.30566],[-121.89911,36.30679],[-121.90253,36.30725],[-121.90271,36.30617],[-121.90012,36.30435],[-121.89961,36.303]]]}},{"type":"Feature","properties":{"c":"zone"},"geometry":{"type":"MultiPolygon","coordinates":[[[[-118.08501,33.8019],[-118.08476,33.80292],[-118.08002,33.80767],[-118.07639,33.8103],[-118.07523,33.8103],[-118.08212,33.80517],[-118.08501,33.8019]]],[[[-117.59586,33.38823],[-117.65917,33.17131],[-117.66704,33.17989],[-117.67412,33.18849],[-117.68177,33.1955],[-117.68651,33.19879],[-117.70289,33.20544],[-117.71786,33.21266],[-117.72827,33.21844],[-117.74237,33.22729],[-117.76123,33.24103],[-117.77898,33.25693],[-117.79147,33.2672],[-117.81451,33.275],[-117.83657,33.28483],[-117.85729,33.29654],[-117.87711,33.31031],[-117.8948,33.32512],[-117.90807,33.33859],[-117.9199,33.35297],[-117.93166,33.3706],[-117.93779,33.37804],[-117.95122,33.38482],[-117.96489,33.39283],[-117.97786,33.40162],[-117.98874,33.41003],[-117.99698,33.41375],[-118.01552,33.41928],[-118.03201,33.42543],[-118.0474,33.43229],[-118.06189,33.43985],[-118.07933,33.45065],[-118.09699,33.46381],[-118.11503,33.47542],[-118.13808,33.48796],[-118.15354,33.49745],[-118.17157,33.67282],[-118.12208,33.73674],[-118.12025,33.73603],[-118.11322,33.74702],[-118.10585,33.751],[-118.10574,33.74827],[-118.1048,33.7482],[-118.10431,33.74765],[-118.10347,33.74797],[-118.10315,33.74734],[-118.10158,33.74753],[-118.10157,33.74685],[-118.09948,33.74685],[-118.09949,33.74578],[-118.09612,33.74548],[-118.09606,33.74455],[-118.09479,33.74337],[-118.09105,33.74384],[-118.08641,33.74349],[-118.08214,33.74944],[-118.07867,33.74819],[-118.07947,33.74715],[-118.0773,33.74707],[-118.07725,33.74781],[-118.07407,33.75187],[-118.06996,33.7478],[-118.07,33.74484],[-118.06902,33.74369],[-118.06906,33.73906],[-118.06038,33.73924],[-118.06039,33.73735],[-118.0639,33.73469],[-118.06138,33.73417],[-118.06189,33.73301],[-118.06138,33.73258],[-118.06135,33.73064],[-118.04414,33.73066],[-118.04316,33.73108],[-118.04244,33.73218],[-118.04259,33.75041],[-118.04326,33.75243],[-118.04321,33.75931],[-118.04284,33.7593],[-118.04282,33.75244],[-118.04213,33.75046],[-118.0379,33.75323],[-118.04207,33.75027],[-118.04177,33.7302],[-118.02976,33.73008],[-118.05468,33.72984],[-118.05445,33.72086],[-118.05241,33.71743],[-118.05257,33.71614],[-118.04998,33.71595],[-118.04921,33.71473],[-118.05049,33.71252],[-118.0521,33.7116],[-118.04946,33.70941],[-118.04676,33.70876],[-118.04623,33.7078],[-118.04401,33.70668],[-118.04351,33.70598],[-118.03005,33.71181],[-118.02857,33.71292],[-118.02674,33.71615],[-118.02544,33.71717],[-118.02256,33.71755],[-118.01471,33.71735],[-118.02526,33.71691],[-118.02625,33.71611],[-118.02759,33.71329],[-118.02901,33.71193],[-118.03861,33.70756],[-118.02888,33.70002],[-118.02092,33.69504],[-118.01661,33.69827],[-118.01516,33.69802],[-118.01512,33.69367],[-118.01762,33.6926],[-118.01782,33.68848],[-118.01928,33.68673],[-118.02277,33.68394],[-118.0308,33.68121],[-118.03219,33.68028],[-118.02352,33.67289],[-117.99969,33.65559],[-117.97841,33.64292],[-117.97523,33.64403],[-117.97565,33.64821],[-117.97651,33.64868],[-117.98323,33.64881],[-117.9846,33.64937],[-117.98668,33.65241],[-117.98656,33.65793],[-117.98641,33.65269],[-117.98459,33.64976],[-117.98277,33.64906],[-117.9758,33.64883],[-117.97369,33.64403],[-117.97026,33.64146],[-117.96608,33.63953],[-117.96671,33.64225],[-117.967,33.65069],[-117.96658,33.65806],[-117.96632,33.64311],[-117.96591,33.64075],[-117.96382,33.6377],[-117.95735,33.63296],[-117.94601,33.67232],[-117.94447,33.67232],[-117.94559,33.66735],[-117.94334,33.6684],[-117.93909,33.66844],[-117.93751,33.66734],[-117.93908,33.66827],[-117.94295,33.66824],[-117.94545,33.66721],[-117.95016,33.65086],[-117.94953,33.64972],[-117.94513,33.64775],[-117.94487,33.64242],[-117.94646,33.63926],[-117.94586,33.63721],[-117.94675,33.63499],[-117.94908,33.63368],[-117.94687,33.63048],[-117.94566,33.62541],[-117.94306,33.62496],[-117.9359,33.62219],[-117.92627,33.62132],[-117.91828,33.61736],[-117.91362,33.61616],[-117.90664,33.61658],[-117.90667,33.61783],[-117.90532,33.61801],[-117.90508,33.61929],[-117.90309,33.62124],[-117.89842,33.62168],[-117.8972,33.62245],[-117.89606,33.62495],[-117.8947,33.62596],[-117.89335,33.62676],[-117.89068,33.6273],[-117.89035,33.62829],[-117.89204,33.63096],[-117.89032,33.63295],[-117.89174,33.63379],[-117.89223,33.63504],[-117.89038,33.63834],[-117.89071,33.64044],[-117.89148,33.64158],[-117.89266,33.64151],[-117.89439,33.64268],[-117.89361,33.64367],[-117.8937,33.64537],[-117.89215,33.64722],[-117.8923,33.649],[-117.89065,33.65193],[-117.88689,33.65583],[-117.88319,33.65353],[-117.88086,33.65486],[-117.88092,33.65543],[-117.88289,33.65581],[-117.88429,33.65684],[-117.88487,33.65802],[-117.88425,33.65851],[-117.87993,33.65625],[-117.87959,33.65537],[-117.88341,33.6526],[-117.88324,33.65234],[-117.87877,33.65186],[-117.87676,33.65079],[-117.87381,33.65007],[-117.87201,33.65155],[-117.86956,33.65259],[-117.86697,33.6528],[-117.86699,33.64738],[-117.86975,33.64544],[-117.87108,33.64509],[-117.87539,33.64561],[-117.87907,33.64688],[-117.882,33.64577],[-117.88254,33.64324],[-117.885,33.6411],[-117.88611,33.64075],[-117.88685,33.63677],[-117.88448,33.63348],[-117.88524,33.63023],[-117.88581,33.6298],[-117.88389,33.62822],[-117.88371,33.62706],[-117.88419,33.62569],[-117.88662,33.62354],[-117.88863,33.6233],[-117.89022,33.62152],[-117.88996,33.61919],[-117.89084,33.61683],[-117.89023,33.61591],[-117.89097,33.61509],[-117.8925,33.61414],[-117.89494,33.61398],[-117.89692,33.61482],[-117.89821,33.61763],[-117.9,33.61766],[-117.90089,33.61703],[-117.90106,33.61608],[-117.89943,33.61373],[-117.89671,33.61201],[-117.89482,33.61172],[-117.89263,33.61068],[-117.88924,33.61042],[-117.88717,33.60949],[-117.88414,33.60636],[-117.88391,33.60425],[-117.88107,33.60149],[-117.87981,33.6012],[-117.87847,33.59962],[-117.87937,33.59828],[-117.87751,33.59707],[-117.87783,33.59545],[-117.87242,33.59342],[-117.87013,33.59071],[-117.86875,33.59033],[-117.86876,33.59102],[-117.8677,33.5917],[-117.86733,33.59256],[-117.86537,33.59284],[-117.86769,33.59116],[-117.86813,33.58954],[-117.86695,33.5879],[-117.86562,33.58768],[-117.86442,33.58992],[-117.86214,33.59074],[-117.86398,33.58988],[-117.86577,33.58748],[-117.86512,33.58631],[-117.86401,33.586],[-117.86417,33.58492],[-117.86116,33.58405],[-117.86078,33.58342],[-117.8597,33.58367],[-117.85623,33.58241],[-117.85349,33.57991],[-117.84793,33.57823],[-117.8474,33.57844],[-117.84751,33.57807],[-117.84309,33.57587],[-117.84219,33.57576],[-117.84178,33.57635],[-117.84135,33.57591],[-117.84045,33.57642],[-117.83905,33.57361],[-117.83921,33.57281],[-117.83405,33.56838],[-117.83267,33.56601],[-117.82886,33.56437],[-117.82778,33.56492],[-117.82776,33.56426],[-117.82049,33.55958],[-117.81873,33.55741],[-117.81991,33.55626],[-117.81942,33.55547],[-117.8197,33.55386],[-117.8178,33.55443],[-117.81514,33.55377],[-117.81405,33.55266],[-117.81469,33.5519],[-117.81455,33.5507],[-117.8139,33.55082],[-117.81197,33.55282],[-117.81004,33.55282],[-117.80835,33.55194],[-117.80787,33.55244],[-117.80724,33.55233],[-117.80664,33.55162],[-117.80712,33.55124],[-117.80688,33.55086],[-117.80593,33.55098],[-117.80702,33.54865],[-117.8056,33.54839],[-117.80551,33.54712],[-117.80406,33.54625],[-117.80308,33.54696],[-117.80122,33.54686],[-117.80004,33.54571],[-117.80036,33.54517],[-117.79977,33.5453],[-117.79973,33.54486],[-117.79841,33.54604],[-117.79686,33.54525],[-117.79514,33.54588],[-117.79486,33.54538],[-117.79536,33.54552],[-117.79526,33.5451],[-117.79331,33.54458],[-117.79225,33.54314],[-117.79058,33.54347],[-117.78895,33.54276],[-117.78685,33.54285],[-117.78422,33.54452],[-117.78223,33.54351],[-117.78332,33.5419],[-117.78285,33.54137],[-117.78329,33.54111],[-117.78117,33.53896],[-117.78007,33.53748],[-117.78043,33.53728],[-117.77803,33.53472],[-117.77657,33.5321],[-117.77323,33.52977],[-117.77279,33.52875],[-117.77195,33.52829],[-117.77169,33.52714],[-117.77084,33.52719],[-117.76882,33.52498],[-117.7679,33.52505],[-117.76603,33.52377],[-117.76574,33.52246],[-117.76423,33.52032],[-117.76226,33.5198],[-117.76139,33.51777],[-117.76042,33.51709],[-117.76022,33.51638],[-117.7606,33.51578],[-117.76001,33.51461],[-117.75852,33.51451],[-117.75788,33.51365],[-117.75461,33.51282],[-117.75289,33.51131],[-117.75229,33.51213],[-117.75142,33.51238],[-117.74657,33.51185],[-117.74464,33.51297],[-117.74423,33.51436],[-117.74457,33.51291],[-117.74672,33.51162],[-117.74952,33.51218],[-117.75133,33.51143],[-117.75153,33.51037],[-117.75035,33.50868],[-117.75101,33.50795],[-117.74775,33.50518],[-117.74675,33.50367],[-117.74711,33.50262],[-117.74617,33.50265],[-117.74622,33.50206],[-117.7455,33.50135],[-117.74595,33.50084],[-117.74481,33.50116],[-117.74324,33.49898],[-117.74188,33.49882],[-117.74069,33.4978],[-117.74035,33.4965],[-117.7389,33.49486],[-117.73895,33.49253],[-117.73817,33.49207],[-117.7388,33.49068],[-117.73799,33.4906],[-117.73801,33.48966],[-117.73715,33.48989],[-117.73659,33.48929],[-117.73506,33.48909],[-117.7335,33.4876],[-117.73332,33.4865],[-117.73429,33.48544],[-117.73391,33.48472],[-117.73271,33.48526],[-117.7308,33.48435],[-117.72649,33.48365],[-117.72477,33.48283],[-117.72405,33.48175],[-117.72435,33.48106],[-117.72331,33.47859],[-117.72137,33.47556],[-117.72136,33.47373],[-117.72018,33.473],[-117.71873,33.47102],[-117.71458,33.46413],[-117.71462,33.46302],[-117.71552,33.46268],[-117.71521,33.46197],[-117.71557,33.46141],[-117.71466,33.46024],[-117.71152,33.46023],[-117.70866,33.46086],[-117.70735,33.4606],[-117.70726,33.46312],[-117.70648,33.46341],[-117.70354,33.46364],[-117.69793,33.46228],[-117.69121,33.46273],[-117.68987,33.46318],[-117.6878,33.46497],[-117.68356,33.4643],[-117.67974,33.47438],[-117.67892,33.47417],[-117.68164,33.46763],[-117.68205,33.46368],[-117.67904,33.46288],[-117.67039,33.45775],[-117.66508,33.45392],[-117.65913,33.45124],[-117.65357,33.448],[-117.64894,33.44406],[-117.6427,33.44019],[-117.63315,33.43291],[-117.62678,33.42561],[-117.62283,33.42318],[-117.62309,33.42295],[-117.62107,33.42125],[-117.61826,33.41777],[-117.6179,33.41784],[-117.61789,33.41728],[-117.61649,33.41574],[-117.60941,33.40863],[-117.60919,33.40915],[-117.60876,33.40785],[-117.60753,33.40806],[-117.6084,33.40744],[-117.60201,33.40007],[-117.5996,33.39605],[-117.59708,33.38975],[-117.59586,33.38823]]]]}},{"type":"Feature","properties":{"c":"zone"},"geometry":{"type":"Polygon","coordinates":[[[-120.62575,34.96424],[-120.62538,34.9638],[-120.62893,34.96295],[-120.63421,34.95972],[-120.64854,34.97414],[-121.13342,35.18727],[-121.13818,35.19931],[-121.14234,35.21287],[-121.14534,35.22663],[-121.14716,35.24053],[-121.1478,35.25451],[-121.14724,35.26848],[-121.1455,35.28239],[-121.14292,35.29482],[-121.16147,35.30635],[-121.17728,35.31819],[-121.18611,35.32578],[-121.19754,35.33683],[-121.21491,35.35016],[-121.22866,35.36281],[-121.27045,35.39788],[-121.28531,35.41271],[-121.2942,35.42314],[-121.30158,35.433],[-121.31562,35.44639],[-121.32964,35.46261],[-121.35221,35.47061],[-121.37175,35.47595],[-121.38434,35.47999],[-121.39601,35.48433],[-121.41111,35.49088],[-121.42915,35.50024],[-121.44282,35.50864],[-121.45885,35.5202],[-121.47075,35.53024],[-121.48177,35.54093],[-121.49185,35.55223],[-121.49924,35.56164],[-121.50757,35.57385],[-121.51484,35.58651],[-121.52027,35.59783],[-121.53241,35.61597],[-121.53968,35.62863],[-121.55005,35.65052],[-121.55658,35.66857],[-121.56581,35.67703],[-121.57383,35.68522],[-121.58132,35.69375],[-121.5895,35.70411],[-121.60882,35.71561],[-121.62489,35.72717],[-121.63683,35.73721],[-121.64928,35.74937],[-121.66045,35.75913],[-121.67127,35.76998],[-121.67876,35.7785],[-121.6857,35.78734],[-121.69262,35.79732],[-121.34778,35.79523],[-121.34368,35.79297],[-121.34181,35.79138],[-121.34156,35.79044],[-121.33913,35.78801],[-121.33363,35.78365],[-121.33127,35.78232],[-121.33114,35.78194],[-121.33189,35.78127],[-121.33302,35.78107],[-121.33211,35.77948],[-121.33125,35.77991],[-121.3305,35.7793],[-121.33055,35.77802],[-121.32574,35.77269],[-121.32527,35.77097],[-121.32478,35.77062],[-121.32476,35.76908],[-121.32387,35.76933],[-121.3229,35.76882],[-121.32295,35.76848],[-121.324,35.76849],[-121.32447,35.76781],[-121.32356,35.76686],[-121.32075,35.76552],[-121.31965,35.76525],[-121.31881,35.7656],[-121.31524,35.76473],[-121.31079,35.76109],[-121.30612,35.76027],[-121.30542,35.75973],[-121.30492,35.7573],[-121.30335,35.75698],[-121.29673,35.75725],[-121.30011,35.75705],[-121.30397,35.75605],[-121.30632,35.75708],[-121.30589,35.75861],[-121.30868,35.75802],[-121.31025,35.7583],[-121.31498,35.76079],[-121.31648,35.76225],[-121.32136,35.76188],[-121.32273,35.7623],[-121.32383,35.76348],[-121.32456,35.76028],[-121.32583,35.7593],[-121.32519,35.75772],[-121.3241,35.7573],[-121.32244,35.75817],[-121.31798,35.75672],[-121.31583,35.75467],[-121.31469,35.74996],[-121.3125,35.74916],[-121.31513,35.7495],[-121.31616,35.74807],[-121.31546,35.74692],[-121.3161,35.74567],[-121.31718,35.74518],[-121.31827,35.74377],[-121.31696,35.74286],[-121.31592,35.74349],[-121.31383,35.74312],[-121.31578,35.74272],[-121.31628,35.74096],[-121.3159,35.73964],[-121.31455,35.73812],[-121.31471,35.73692],[-121.31591,35.73536],[-121.3145,35.73499],[-121.3154,35.73437],[-121.31438,35.73373],[-121.31489,35.73361],[-121.31499,35.73201],[-121.31446,35.73137],[-121.31836,35.7286],[-121.31735,35.7272],[-121.31742,35.72647],[-121.31477,35.72576],[-121.31644,35.72515],[-121.31555,35.72424],[-121.31471,35.72433],[-121.31386,35.72359],[-121.31315,35.72111],[-121.31221,35.72189],[-121.31201,35.72151],[-121.31323,35.71901],[-121.30744,35.71064],[-121.30582,35.70918],[-121.30392,35.70869],[-121.29988,35.70919],[-121.29882,35.7088],[-121.29776,35.70991],[-121.29615,35.70976],[-121.29746,35.70944],[-121.29852,35.70814],[-121.30066,35.70851],[-121.30404,35.70828],[-121.30679,35.70901],[-121.30678,35.70585],[-121.30627,35.70456],[-121.30103,35.7002],[-121.29564,35.69759],[-121.29073,35.69239],[-121.29036,35.69361],[-121.28769,35.6956],[-121.28497,35.69563],[-121.2863,35.6951],[-121.28727,35.69535],[-121.2889,35.69437],[-121.29029,35.69218],[-121.28869,35.68936],[-121.28862,35.68817],[-121.28929,35.68724],[-121.28909,35.68593],[-121.28662,35.68461],[-121.2849,35.68521],[-121.28363,35.68486],[-121.28657,35.68444],[-121.28606,35.68241],[-121.28245,35.68156],[-121.28542,35.68156],[-121.28649,35.68204],[-121.28684,35.68158],[-121.28607,35.67816],[-121.28682,35.67609],[-121.2854,35.67559],[-121.28233,35.67209],[-121.27616,35.66765],[-121.27491,35.66608],[-121.27101,35.66734],[-121.26985,35.66698],[-121.26851,35.66559],[-121.26842,35.66493],[-121.2673,35.6644],[-121.26593,35.66466],[-121.26519,35.66334],[-121.26439,35.66308],[-121.26277,35.66435],[-121.26074,35.66452],[-121.2584,35.66369],[-121.25753,35.66276],[-121.25573,35.66222],[-121.25436,35.66105],[-121.25306,35.65953],[-121.25374,35.65899],[-121.25221,35.65902],[-121.25173,35.65738],[-121.25036,35.65721],[-121.25009,35.65575],[-121.24631,35.65591],[-121.24212,35.65263],[-121.23938,35.65227],[-121.2383,35.65337],[-121.23721,35.65344],[-121.23369,35.65256],[-121.23365,35.65209],[-121.22991,35.65176],[-121.22508,35.65243],[-121.22299,35.65227],[-121.22247,35.65302],[-121.22256,35.65258],[-121.22159,35.65219],[-121.22091,35.65319],[-121.2198,35.65317],[-121.22054,35.65374],[-121.21976,35.65422],[-121.21887,35.65585],[-121.21734,35.65553],[-121.21719,35.65648],[-121.21605,35.65731],[-121.2171,35.65628],[-121.21715,35.65549],[-121.21907,35.65525],[-121.21939,35.6545],[-121.21916,35.65103],[-121.21522,35.64955],[-121.21177,35.64754],[-121.21074,35.64794],[-121.21143,35.64703],[-121.20849,35.64195],[-121.20708,35.64201],[-121.20585,35.64127],[-121.20506,35.64192],[-121.20312,35.64195],[-121.20165,35.64125],[-121.20063,35.63908],[-121.19942,35.63871],[-121.19911,35.63718],[-121.1972,35.63659],[-121.19543,35.63464],[-121.1936,35.6353],[-121.19577,35.64109],[-121.19318,35.64317],[-121.19527,35.64332],[-121.19653,35.64394],[-121.19674,35.64473],[-121.19372,35.64597],[-121.19282,35.64526],[-121.18955,35.64487],[-121.18899,35.64585],[-121.18928,35.6463],[-121.19116,35.64642],[-121.19143,35.64684],[-121.19092,35.6473],[-121.19116,35.64917],[-121.1905,35.6502],[-121.18992,35.64824],[-121.18796,35.64656],[-121.18772,35.64595],[-121.18835,35.64495],[-121.18629,35.64408],[-121.1867,35.64307],[-121.18472,35.64268],[-121.18301,35.64308],[-121.18232,35.64377],[-121.18193,35.64279],[-121.1801,35.64357],[-121.18129,35.6421],[-121.1806,35.64154],[-121.17434,35.64017],[-121.17202,35.63912],[-121.17014,35.63749],[-121.16818,35.63715],[-121.16775,35.63615],[-121.16703,35.63617],[-121.16652,35.63559],[-121.16597,35.63398],[-121.1642,35.6345],[-121.16419,35.63571],[-121.16321,35.63777],[-121.16293,35.63665],[-121.16333,35.63571],[-121.16194,35.63566],[-121.15875,35.63862],[-121.15876,35.63738],[-121.15942,35.63647],[-121.15785,35.63578],[-121.16101,35.63479],[-121.16334,35.63335],[-121.16324,35.63285],[-121.15887,35.62764],[-121.15779,35.62572],[-121.1556,35.62353],[-121.15565,35.62244],[-121.15403,35.62107],[-121.15304,35.61894],[-121.15389,35.61801],[-121.15088,35.61777],[-121.1509,35.61675],[-121.15187,35.61674],[-121.15162,35.61566],[-121.1507,35.61615],[-121.14961,35.61582],[-121.14876,35.61621],[-121.14796,35.61818],[-121.14646,35.6189],[-121.14515,35.62101],[-121.14281,35.62341],[-121.13929,35.62215],[-121.13962,35.62159],[-121.14204,35.62263],[-121.14297,35.62243],[-121.14276,35.62144],[-121.14409,35.61962],[-121.14443,35.61819],[-121.14498,35.61771],[-121.14655,35.61768],[-121.14647,35.61598],[-121.14746,35.61547],[-121.14731,35.61412],[-121.14589,35.61269],[-121.14554,35.61239],[-121.1447,35.61302],[-121.14335,35.61185],[-121.14349,35.61061],[-121.14434,35.61031],[-121.14429,35.60943],[-121.14281,35.60643],[-121.14239,35.60604],[-121.1406,35.60647],[-121.14025,35.6061],[-121.1406,35.60515],[-121.1385,35.60434],[-121.13836,35.60304],[-121.13602,35.60169],[-121.13316,35.6011],[-121.13046,35.59829],[-121.12844,35.59697],[-121.12641,35.59664],[-121.12586,35.5959],[-121.12597,35.59712],[-121.12416,35.59756],[-121.12244,35.59728],[-121.12257,35.59666],[-121.1221,35.59636],[-121.12243,35.59543],[-121.12099,35.59504],[-121.11956,35.59669],[-121.11977,35.59612],[-121.1189,35.59617],[-121.11782,35.59766],[-121.11744,35.59695],[-121.11596,35.59689],[-121.11595,35.5964],[-121.11536,35.59701],[-121.11498,35.59918],[-121.11406,35.59951],[-121.11469,35.59929],[-121.11521,35.59607],[-121.11814,35.59438],[-121.12233,35.59428],[-121.12175,35.59213],[-121.11934,35.59135],[-121.11625,35.59257],[-121.11371,35.59172],[-121.11246,35.59041],[-121.11129,35.59029],[-121.10802,35.59158],[-121.11001,35.59029],[-121.11222,35.58997],[-121.1144,35.59166],[-121.11657,35.59226],[-121.11767,35.5907],[-121.11882,35.59006],[-121.12101,35.59021],[-121.12461,35.5921],[-121.12376,35.58918],[-121.12285,35.58781],[-121.12235,35.58465],[-121.12133,35.58278],[-121.1202,35.58178],[-121.11942,35.58173],[-121.11829,35.58271],[-121.1184,35.58372],[-121.11658,35.58386],[-121.11812,35.5833],[-121.11793,35.58232],[-121.11843,35.58096],[-121.11368,35.57609],[-121.11268,35.57394],[-121.11282,35.57262],[-121.11107,35.57015],[-121.10906,35.56918],[-121.10383,35.5688],[-121.0974,35.56411],[-121.09733,35.56253],[-121.09523,35.56107],[-121.0926,35.56159],[-121.09511,35.56031],[-121.09746,35.56119],[-121.0986,35.5627],[-121.09838,35.56398],[-121.10179,35.56657],[-121.10243,35.56683],[-121.10367,35.5664],[-121.10514,35.56707],[-121.1072,35.56641],[-121.10791,35.56427],[-121.10685,35.56254],[-121.10683,35.5616],[-121.10611,35.56067],[-121.10503,35.56087],[-121.10452,35.55929],[-121.10314,35.55836],[-121.10244,35.55674],[-121.1032,35.55547],[-121.10463,35.5549],[-121.10336,35.55369],[-121.10367,35.55247],[-121.10232,35.55119],[-121.10241,35.55075],[-121.10023,35.54905],[-121.09788,35.54826],[-121.09698,35.54734],[-121.09727,35.54713],[-121.09686,35.54558],[-121.09542,35.54491],[-121.09495,35.54526],[-121.09188,35.54203],[-121.09122,35.54069],[-121.09129,35.53919],[-121.08713,35.53715],[-121.08696,35.53543],[-121.08591,35.53399],[-121.08372,35.53348],[-121.08204,35.53155],[-121.08079,35.53134],[-121.07986,35.52959],[-121.07834,35.529],[-121.07605,35.5264],[-121.0749,35.52592],[-121.07487,35.52469],[-121.07238,35.52225],[-121.071,35.52153],[-121.07048,35.52183],[-121.07035,35.52094],[-121.06887,35.52015],[-121.06987,35.51963],[-121.06879,35.51827],[-121.06756,35.51799],[-121.06587,35.51594],[-121.06487,35.51623],[-121.0652,35.51583],[-121.06473,35.51502],[-121.06435,35.51526],[-121.06425,35.51483],[-121.06233,35.5144],[-121.0629,35.51359],[-121.0618,35.51227],[-121.0617,35.51133],[-121.05804,35.50924],[-121.0571,35.50823],[-121.05305,35.50775],[-121.05215,35.50849],[-121.05281,35.50744],[-121.05206,35.50588],[-121.05032,35.50519],[-121.04884,35.50525],[-121.04832,35.50474],[-121.047,35.50328],[-121.04706,35.50223],[-121.04648,35.50172],[-121.0467,35.50064],[-121.04462,35.49947],[-121.0443,35.49825],[-121.04315,35.49861],[-121.04313,35.4981],[-121.04223,35.49774],[-121.0428,35.49694],[-121.04227,35.49637],[-121.04241,35.4955],[-121.04089,35.495],[-121.03999,35.49382],[-121.03897,35.49422],[-121.03829,35.49375],[-121.03798,35.49158],[-121.03839,35.491],[-121.03727,35.49064],[-121.03651,35.48943],[-121.03508,35.48931],[-121.03289,35.49024],[-121.03231,35.48909],[-121.03053,35.48836],[-121.03035,35.48753],[-121.02905,35.48661],[-121.02902,35.48565],[-121.02826,35.48505],[-121.02723,35.48518],[-121.0263,35.4844],[-121.02538,35.48477],[-121.02266,35.48414],[-121.02244,35.48393],[-121.02387,35.48247],[-121.02372,35.48098],[-121.022,35.47987],[-121.02121,35.47866],[-121.01967,35.47821],[-121.01896,35.47695],[-121.01816,35.47677],[-121.0179,35.47589],[-121.0156,35.47394],[-121.01528,35.47296],[-121.01371,35.47245],[-121.01321,35.47137],[-121.01235,35.47081],[-121.01218,35.46992],[-121.01127,35.46934],[-121.01139,35.46884],[-121.00944,35.46752],[-121.00817,35.46453],[-121.00713,35.46332],[-121.00289,35.46058],[-121.00182,35.46081],[-121.00184,35.46131],[-121.00031,35.46073],[-120.99887,35.46116],[-120.99888,35.4608],[-120.99767,35.46081],[-120.99464,35.46346],[-120.99436,35.46423],[-120.98644,35.46171],[-120.98609,35.46093],[-120.98525,35.46055],[-120.98012,35.46051],[-120.97694,35.45959],[-120.9723,35.46001],[-120.97369,35.46167],[-120.97571,35.46198],[-120.97737,35.46294],[-120.97727,35.46425],[-120.97819,35.46506],[-120.97655,35.46591],[-120.97838,35.46714],[-120.97866,35.46795],[-120.98065,35.46926],[-120.98154,35.46926],[-120.98221,35.47104],[-120.98626,35.47294],[-120.98492,35.47282],[-120.98474,35.47316],[-120.98207,35.47235],[-120.97871,35.47008],[-120.97711,35.47001],[-120.97592,35.47202],[-120.97606,35.4738],[-120.97709,35.47569],[-120.97685,35.47781],[-120.97616,35.4765],[-120.9755,35.47635],[-120.97439,35.47409],[-120.97562,35.46887],[-120.97609,35.46856],[-120.97579,35.46814],[-120.9742,35.46801],[-120.97295,35.46596],[-120.97147,35.46503],[-120.96981,35.46597],[-120.96837,35.46616],[-120.96964,35.46459],[-120.96794,35.46288],[-120.96318,35.46006],[-120.96205,35.4606],[-120.96137,35.46005],[-120.9628,35.4593],[-120.96028,35.45776],[-120.96028,35.45648],[-120.95817,35.45612],[-120.95701,35.45682],[-120.95647,35.45487],[-120.95442,35.45415],[-120.95441,35.45335],[-120.95243,35.45281],[-120.95112,35.45303],[-120.95129,35.4526],[-120.95063,35.45183],[-120.94388,35.45069],[-120.94007,35.44923],[-120.93986,35.44846],[-120.93895,35.44805],[-120.93615,35.44883],[-120.93464,35.45165],[-120.93497,35.452],[-120.93408,35.45217],[-120.93432,35.45276],[-120.93395,35.45296],[-120.9335,35.45193],[-120.93391,35.45098],[-120.93264,35.44967],[-120.9258,35.44895],[-120.91477,35.4499],[-120.91134,35.44915],[-120.9102,35.44933],[-120.90917,35.45077],[-120.90962,35.45196],[-120.90845,35.45226],[-120.90998,35.45243],[-120.9108,35.45337],[-120.91085,35.45587],[-120.91139,35.45604],[-120.91083,35.45786],[-120.91126,35.45855],[-120.91085,35.46026],[-120.90972,35.46171],[-120.90972,35.4628],[-120.91114,35.4654],[-120.91126,35.46734],[-120.91084,35.46727],[-120.91082,35.46566],[-120.91019,35.46471],[-120.90942,35.46452],[-120.90974,35.46374],[-120.90859,35.46244],[-120.90877,35.46076],[-120.90803,35.45965],[-120.90785,35.4558],[-120.90688,35.45525],[-120.90684,35.45421],[-120.90577,35.45395],[-120.90408,35.45482],[-120.90432,35.45557],[-120.90354,35.4567],[-120.90328,35.45532],[-120.90408,35.45305],[-120.9035,35.45254],[-120.90204,35.45241],[-120.90064,35.45106],[-120.90159,35.4496],[-120.89978,35.4487],[-120.90041,35.44782],[-120.89976,35.44747],[-120.9003,35.44673],[-120.89353,35.44338],[-120.89432,35.44227],[-120.89225,35.44123],[-120.89237,35.44081],[-120.88813,35.43705],[-120.88756,35.43724],[-120.88945,35.44022],[-120.88905,35.44055],[-120.89027,35.44252],[-120.88737,35.44489],[-120.88713,35.44588],[-120.88668,35.44606],[-120.88638,35.44467],[-120.88731,35.44328],[-120.88707,35.44274],[-120.88766,35.44062],[-120.88699,35.4389],[-120.8853,35.43851],[-120.88566,35.43498],[-120.88508,35.43269],[-120.88438,35.43181],[-120.88468,35.43161],[-120.88247,35.42909],[-120.88054,35.42908],[-120.88131,35.42781],[-120.88024,35.42603],[-120.88097,35.42575],[-120.87602,35.41793],[-120.87566,35.41805],[-120.87412,35.41622],[-120.87373,35.41475],[-120.87257,35.41422],[-120.87061,35.41519],[-120.8693,35.41616],[-120.86906,35.41752],[-120.86769,35.41887],[-120.86718,35.41881],[-120.86765,35.41838],[-120.86708,35.41792],[-120.86853,35.417],[-120.86808,35.41617],[-120.86934,35.41495],[-120.86955,35.41397],[-120.86805,35.4122],[-120.86915,35.41159],[-120.8699,35.41196],[-120.87107,35.41125],[-120.87193,35.40702],[-120.87076,35.40609],[-120.87017,35.40644],[-120.86423,35.40087],[-120.86231,35.39785],[-120.86005,35.39179],[-120.85907,35.39202],[-120.8584,35.39019],[-120.85726,35.39061],[-120.85662,35.3895],[-120.85765,35.38897],[-120.8551,35.38282],[-120.85595,35.38256],[-120.85515,35.3806],[-120.85308,35.38075],[-120.85288,35.38018],[-120.85135,35.38099],[-120.85106,35.38036],[-120.85023,35.38088],[-120.84998,35.38064],[-120.85073,35.38013],[-120.85065,35.37958],[-120.84889,35.37922],[-120.85206,35.37803],[-120.85054,35.37433],[-120.8513,35.3738],[-120.85128,35.37313],[-120.84993,35.37233],[-120.84999,35.37191],[-120.85106,35.37149],[-120.85181,35.37264],[-120.85333,35.37147],[-120.8549,35.37113],[-120.85323,35.36793],[-120.8516,35.36092],[-120.84985,35.35778],[-120.847,35.35574],[-120.84549,35.35405],[-120.84529,35.35145],[-120.84349,35.34998],[-120.84077,35.34836],[-120.83732,35.3476],[-120.83431,35.34793],[-120.83252,35.35063],[-120.82811,35.35498],[-120.82754,35.3533],[-120.82837,35.35106],[-120.82598,35.347],[-120.8258,35.34414],[-120.82461,35.34214],[-120.82417,35.33954],[-120.82346,35.33943],[-120.82354,35.33848],[-120.82438,35.33847],[-120.82348,35.33643],[-120.82351,35.33541],[-120.82297,35.33534],[-120.82301,35.33644],[-120.81974,35.33538],[-120.81668,35.33168],[-120.81612,35.33037],[-120.81726,35.33065],[-120.81729,35.33164],[-120.81826,35.3321],[-120.81877,35.33297],[-120.82027,35.33263],[-120.82078,35.33366],[-120.82299,35.33444],[-120.82309,35.33489],[-120.82696,35.33619],[-120.82925,35.33492],[-120.83326,35.3307],[-120.84223,35.33192],[-120.84384,35.33003],[-120.84211,35.33002],[-120.84211,35.32814],[-120.83994,35.32812],[-120.83996,35.32243],[-120.84075,35.32317],[-120.84101,35.32274],[-120.84012,35.32171],[-120.84038,35.32086],[-120.84301,35.32126],[-120.8432,35.31974],[-120.84485,35.31971],[-120.84487,35.3185],[-120.85212,35.3185],[-120.8521,35.31685],[-120.85573,35.31741],[-120.85931,35.31722],[-120.8647,35.31504],[-120.86449,35.31443],[-120.86534,35.31353],[-120.86553,35.31234],[-120.86724,35.31037],[-120.86775,35.3104],[-120.86712,35.31367],[-120.86955,35.31445],[-120.86994,35.31413],[-120.86979,35.3121],[-120.87037,35.31124],[-120.86979,35.31063],[-120.87101,35.30948],[-120.87098,35.30826],[-120.87159,35.30817],[-120.87463,35.30401],[-120.88076,35.29041],[-120.88246,35.28959],[-120.88216,35.28868],[-120.88132,35.28824],[-120.88253,35.28832],[-120.88481,35.28509],[-120.88653,35.28356],[-120.88777,35.28147],[-120.88795,35.28003],[-120.88933,35.27938],[-120.88929,35.27594],[-120.88722,35.27538],[-120.88688,35.2747],[-120.88806,35.27421],[-120.88877,35.27314],[-120.88955,35.27322],[-120.89017,35.27269],[-120.89342,35.27404],[-120.89512,35.27293],[-120.89416,35.27216],[-120.89495,35.27186],[-120.89492,35.2709],[-120.89551,35.2708],[-120.89587,35.27001],[-120.8949,35.26935],[-120.89503,35.26874],[-120.89359,35.2678],[-120.89416,35.26603],[-120.89396,35.2652],[-120.89323,35.26471],[-120.89373,35.26255],[-120.89533,35.26116],[-120.89442,35.25946],[-120.89316,35.25904],[-120.89708,35.25891],[-120.89672,35.25807],[-120.89698,35.25685],[-120.89905,35.25523],[-120.89725,35.25466],[-120.89617,35.25323],[-120.89609,35.2524],[-120.89673,35.2513],[-120.89543,35.2506],[-120.89497,35.24895],[-120.89562,35.24772],[-120.89716,35.24744],[-120.89748,35.24696],[-120.89553,35.24667],[-120.89575,35.24589],[-120.89444,35.2456],[-120.89255,35.24356],[-120.89215,35.24248],[-120.89055,35.2416],[-120.88976,35.24021],[-120.88843,35.23928],[-120.88846,35.23859],[-120.88732,35.23834],[-120.88635,35.2358],[-120.8837,35.23422],[-120.88162,35.23363],[-120.88152,35.23258],[-120.88086,35.2319],[-120.87907,35.23178],[-120.8774,35.23083],[-120.87617,35.22867],[-120.87553,35.22885],[-120.87484,35.22836],[-120.87258,35.22539],[-120.87245,35.22385],[-120.8733,35.22324],[-120.87312,35.22256],[-120.87194,35.22259],[-120.87158,35.22192],[-120.87101,35.22192],[-120.87034,35.22093],[-120.87067,35.22067],[-120.87035,35.21997],[-120.86901,35.22018],[-120.86741,35.21901],[-120.86376,35.21892],[-120.86289,35.21692],[-120.85922,35.2158],[-120.85932,35.21512],[-120.86073,35.21407],[-120.86092,35.21267],[-120.86037,35.21246],[-120.85985,35.21309],[-120.85761,35.21228],[-120.85685,35.21247],[-120.85721,35.21185],[-120.85644,35.21127],[-120.85602,35.20971],[-120.85645,35.20892],[-120.85813,35.20884],[-120.85744,35.20803],[-120.85647,35.20786],[-120.85606,35.20841],[-120.85278,35.2075],[-120.85329,35.20656],[-120.85264,35.20575],[-120.85085,35.20571],[-120.84958,35.20639],[-120.84828,35.20484],[-120.84529,35.20439],[-120.84483,35.20361],[-120.84604,35.20222],[-120.84132,35.2021],[-120.83999,35.20126],[-120.83971,35.20034],[-120.8385,35.19976],[-120.83873,35.19894],[-120.83712,35.19875],[-120.83672,35.19791],[-120.83546,35.19808],[-120.83464,35.19739],[-120.83174,35.19652],[-120.82721,35.1964],[-120.82589,35.19489],[-120.82268,35.1945],[-120.82168,35.19334],[-120.82202,35.19273],[-120.82056,35.1929],[-120.81996,35.19188],[-120.81767,35.19093],[-120.81797,35.1896],[-120.81616,35.18908],[-120.81269,35.18961],[-120.81207,35.18886],[-120.8123,35.18785],[-120.81056,35.18688],[-120.80614,35.18605],[-120.80574,35.18524],[-120.80264,35.18414],[-120.80211,35.18339],[-120.80123,35.18347],[-120.79993,35.18251],[-120.79565,35.18138],[-120.7939,35.1787],[-120.79183,35.17932],[-120.7892,35.17925],[-120.78815,35.17849],[-120.78593,35.17795],[-120.78567,35.17725],[-120.78377,35.1759],[-120.78376,35.17507],[-120.78268,35.17436],[-120.78249,35.17259],[-120.77994,35.17107],[-120.77949,35.16955],[-120.77986,35.1693],[-120.77893,35.16913],[-120.77877,35.16816],[-120.7771,35.16752],[-120.77424,35.1673],[-120.77309,35.16563],[-120.77095,35.16403],[-120.76579,35.16162],[-120.76061,35.15987],[-120.75673,35.16039],[-120.75657,35.16477],[-120.75746,35.16662],[-120.75739,35.16855],[-120.75667,35.17018],[-120.75728,35.17119],[-120.7565,35.17424],[-120.75592,35.17474],[-120.75718,35.17628],[-120.7552,35.17513],[-120.74959,35.17819],[-120.747,35.17847],[-120.74695,35.18026],[-120.74613,35.17846],[-120.74015,35.1783],[-120.73872,35.17907],[-120.74032,35.18058],[-120.74056,35.18171],[-120.73967,35.18367],[-120.73988,35.18447],[-120.73884,35.18886],[-120.73821,35.18842],[-120.73863,35.18211],[-120.73789,35.18157],[-120.73512,35.18344],[-120.73281,35.18358],[-120.73239,35.18417],[-120.73044,35.18394],[-120.72927,35.18312],[-120.72645,35.18359],[-120.7259,35.18419],[-120.72598,35.18518],[-120.7266,35.18688],[-120.72642,35.18794],[-120.72717,35.18824],[-120.72688,35.18911],[-120.7252,35.18994],[-120.72237,35.19021],[-120.71811,35.18982],[-120.71738,35.18918],[-120.71663,35.1892],[-120.71524,35.19066],[-120.71362,35.19125],[-120.71334,35.19083],[-120.71433,35.18879],[-120.71405,35.1884],[-120.70926,35.18717],[-120.70678,35.18508],[-120.70508,35.18441],[-120.70413,35.18446],[-120.70088,35.18637],[-120.6985,35.18945],[-120.69804,35.18865],[-120.69851,35.18724],[-120.69753,35.1882],[-120.69754,35.18682],[-120.69899,35.18488],[-120.69988,35.18465],[-120.69978,35.18398],[-120.70064,35.18318],[-120.70118,35.18494],[-120.70314,35.18364],[-120.70359,35.18379],[-120.70407,35.18311],[-120.70507,35.18318],[-120.70583,35.18197],[-120.70717,35.18247],[-120.70966,35.18465],[-120.71495,35.18665],[-120.72235,35.18831],[-120.72422,35.188],[-120.72464,35.18682],[-120.72233,35.18137],[-120.72316,35.1796],[-120.72556,35.17985],[-120.72701,35.18098],[-120.72789,35.1805],[-120.73181,35.18009],[-120.7324,35.17857],[-120.72677,35.17637],[-120.72513,35.17434],[-120.72467,35.17509],[-120.72246,35.17565],[-120.72145,35.17551],[-120.72131,35.17511],[-120.71935,35.17516],[-120.71687,35.17402],[-120.71651,35.17423],[-120.71718,35.17559],[-120.7151,35.17626],[-120.71194,35.17558],[-120.71135,35.17477],[-120.70977,35.17506],[-120.70444,35.17333],[-120.70396,35.17363],[-120.69895,35.1718],[-120.69519,35.16855],[-120.69556,35.16838],[-120.68962,35.16387],[-120.6865,35.15966],[-120.68534,35.15985],[-120.68311,35.1582],[-120.68066,35.15859],[-120.67792,35.15674],[-120.67699,35.15533],[-120.6751,35.15433],[-120.67458,35.15311],[-120.67376,35.15286],[-120.67056,35.15322],[-120.66855,35.15216],[-120.66601,35.1533],[-120.66211,35.15344],[-120.66149,35.15315],[-120.66103,35.15204],[-120.65875,35.15183],[-120.65785,35.15075],[-120.65645,35.15095],[-120.65389,35.14938],[-120.65363,35.14861],[-120.65119,35.14804],[-120.64846,35.14664],[-120.64577,35.14435],[-120.64432,35.14207],[-120.64376,35.14265],[-120.64282,35.14176],[-120.64236,35.14191],[-120.63985,35.13927],[-120.6385,35.14028],[-120.63671,35.1395],[-120.63678,35.14047],[-120.6341,35.14259],[-120.63258,35.14313],[-120.63233,35.14418],[-120.63116,35.14459],[-120.63086,35.14538],[-120.63077,35.14442],[-120.63277,35.14272],[-120.63242,35.13824],[-120.62998,35.13754],[-120.62976,35.13709],[-120.63076,35.13582],[-120.63045,35.13538],[-120.63141,35.13497],[-120.6314,35.13426],[-120.62954,35.13348],[-120.62802,35.13429],[-120.62652,35.134],[-120.62635,35.13439],[-120.62542,35.13387],[-120.62586,35.13304],[-120.62524,35.13305],[-120.62332,35.1345],[-120.62318,35.13353],[-120.61988,35.1334],[-120.6194,35.13387],[-120.61873,35.13321],[-120.61717,35.13335],[-120.61509,35.13225],[-120.62236,35.13197],[-120.62615,35.13116],[-120.62761,35.13154],[-120.62969,35.13123],[-120.6304,35.1302],[-120.63046,35.12948],[-120.62965,35.12947],[-120.62985,35.12574],[-120.62847,35.12297],[-120.62758,35.12286],[-120.62761,35.12189],[-120.62654,35.12177],[-120.6267,35.11675],[-120.62603,35.11528],[-120.62128,35.11346],[-120.62129,35.10997],[-120.62394,35.10995],[-120.62205,35.10632],[-120.62259,35.10612],[-120.62019,35.10346],[-120.61925,35.10316],[-120.59611,35.08618],[-120.59344,35.08339],[-120.60039,35.08337],[-120.60059,35.08019],[-120.60205,35.08051],[-120.60993,35.08463],[-120.61113,35.08569],[-120.61239,35.08938],[-120.61501,35.09099],[-120.6158,35.09327],[-120.61649,35.09191],[-120.61581,35.09184],[-120.61552,35.09066],[-120.6173,35.09068],[-120.61756,35.09319],[-120.61981,35.09202],[-120.6212,35.0964],[-120.62,35.09719],[-120.62109,35.09822],[-120.62244,35.09788],[-120.62437,35.09871],[-120.62514,35.09796],[-120.62532,35.09618],[-120.62484,35.09421],[-120.62545,35.09328],[-120.62433,35.09189],[-120.62403,35.09057],[-120.62458,35.08867],[-120.62417,35.08788],[-120.62436,35.08681],[-120.62303,35.08489],[-120.62357,35.0826],[-120.62276,35.08138],[-120.62315,35.07974],[-120.62379,35.07966],[-120.62408,35.07811],[-120.62568,35.07808],[-120.6258,35.07607],[-120.62772,35.07529],[-120.62595,35.07365],[-120.62641,35.06211],[-120.62733,35.0603],[-120.62724,35.05015],[-120.62824,35.04535],[-120.62704,35.04286],[-120.62953,35.0355],[-120.62865,35.03316],[-120.62672,35.03184],[-120.62444,35.03216],[-120.62116,35.03185],[-120.62184,35.03277],[-120.6197,35.0327],[-120.61742,35.03353],[-120.6131,35.03293],[-120.61205,35.03399],[-120.60829,35.03342],[-120.60819,35.03288],[-120.60324,35.03238],[-120.60342,35.03063],[-120.60183,35.03008],[-120.60108,35.02898],[-120.59937,35.02806],[-120.59627,35.02699],[-120.59665,35.02636],[-120.59923,35.02707],[-120.59953,35.0266],[-120.60825,35.0288],[-120.61039,35.02384],[-120.60845,35.02226],[-120.61027,35.01976],[-120.6123,35.02098],[-120.61483,35.02157],[-120.61575,35.02328],[-120.61987,35.02275],[-120.62233,35.02358],[-120.62454,35.02339],[-120.62416,35.02552],[-120.6235,35.02609],[-120.62363,35.02704],[-120.62576,35.0278],[-120.6288,35.02767],[-120.62841,35.02709],[-120.62921,35.02674],[-120.62992,35.02476],[-120.63145,35.02401],[-120.6311,35.02249],[-120.63172,35.02088],[-120.63288,35.02076],[-120.63347,35.01724],[-120.6322,35.01648],[-120.63218,35.01591],[-120.63275,35.01567],[-120.63251,35.01493],[-120.63353,35.0145],[-120.6332,35.01285],[-120.63427,35.01289],[-120.63537,35.01008],[-120.63456,35.00849],[-120.63514,35.00594],[-120.63721,35.00238],[-120.63853,35.0016],[-120.63904,35.0007],[-120.63983,34.9968],[-120.64407,34.98492],[-120.64305,34.98312],[-120.64258,34.9795],[-120.6419,34.9794],[-120.64094,34.97788],[-120.64183,34.9761],[-120.64149,34.97482],[-120.64204,34.97419],[-120.64221,34.97113],[-120.63959,34.96801],[-120.63958,34.96681],[-120.63883,34.96579],[-120.6365,34.96373],[-120.63494,34.9633],[-120.62575,34.96424]]]}},{"type":"Feature","properties":{"c":"zone"},"geometry":{"type":"MultiPolygon","coordinates":[[[[-119.69544,34.41352],[-119.69581,34.41424],[-119.69547,34.41396],[-119.69544,34.41352]]],[[[-119.69322,34.41527],[-119.69341,34.4151],[-119.6939,34.41544],[-119.69322,34.41527]]],[[[-119.67132,34.42165],[-119.6696,34.42053],[-119.6719,34.42153],[-119.67132,34.42165]]],[[[-119.85988,34.42116],[-119.85998,34.42022],[-119.86141,34.42086],[-119.86472,34.41966],[-119.86204,34.42101],[-119.86229,34.42155],[-119.86117,34.42211],[-119.85991,34.422],[-119.85988,34.42116]]],[[[-119.69059,34.41779],[-119.69102,34.41756],[-119.69044,34.41855],[-119.69208,34.41991],[-119.68865,34.42318],[-119.68415,34.41992],[-119.68837,34.41924],[-119.69059,34.41779]]],[[[-119.66314,34.42232],[-119.66561,34.42174],[-119.66461,34.4223],[-119.66044,34.4231],[-119.66314,34.42232]]],[[[-119.83078,34.43032],[-119.83113,34.4342],[-119.83175,34.43555],[-119.83073,34.43359],[-119.83078,34.43032]]],[[[-120.54095,34.68075],[-120.54498,34.68035],[-120.55083,34.67736],[-120.55462,34.67721],[-120.55454,34.67783],[-120.55074,34.67769],[-120.54503,34.68049],[-120.54095,34.68075]]],[[[-120.57415,34.67686],[-120.58635,34.68373],[-120.58642,34.68421],[-120.57415,34.67686]]],[[[-120.64854,34.97414],[-120.63421,34.95972],[-120.62893,34.96295],[-120.62538,34.9638],[-120.62349,34.96161],[-120.62531,34.96151],[-120.62577,34.96012],[-120.62847,34.95824],[-120.63322,34.95743],[-120.63639,34.95857],[-120.64151,34.95952],[-120.64317,34.95856],[-120.64426,34.95863],[-120.64688,34.95953],[-120.64823,34.96113],[-120.64869,34.96096],[-120.64906,34.95972],[-120.64871,34.95874],[-120.64905,34.95799],[-120.6498,34.95774],[-120.6507,34.95837],[-120.6516,34.95748],[-120.65154,34.95697],[-120.6523,34.95675],[-120.652,34.9556],[-120.65285,34.95315],[-120.65229,34.95268],[-120.65263,34.9523],[-120.65345,34.95258],[-120.6548,34.95099],[-120.65462,34.95018],[-120.65559,34.94978],[-120.6566,34.94656],[-120.65618,34.94633],[-120.65639,34.94494],[-120.65964,34.93933],[-120.66182,34.93372],[-120.66388,34.9333],[-120.6634,34.93237],[-120.6638,34.93153],[-120.6659,34.93109],[-120.66524,34.93057],[-120.66692,34.93006],[-120.66626,34.92959],[-120.66697,34.92953],[-120.66392,34.92854],[-120.6635,34.92772],[-120.66346,34.92228],[-120.66409,34.91938],[-120.66703,34.91232],[-120.66783,34.90927],[-120.66759,34.90821],[-120.66895,34.90728],[-120.66934,34.90552],[-120.67035,34.90454],[-120.67009,34.90393],[-120.67093,34.90427],[-120.67057,34.90342],[-120.67146,34.90325],[-120.67174,34.90272],[-120.6707,34.90194],[-120.66761,34.90173],[-120.66602,34.90096],[-120.65879,34.90193],[-120.65253,34.90104],[-120.64974,34.90191],[-120.64837,34.90107],[-120.64792,34.90137],[-120.64589,34.90075],[-120.64313,34.89736],[-120.64174,34.89404],[-120.64174,34.89339],[-120.64251,34.89262],[-120.64219,34.89164],[-120.63891,34.8893],[-120.63896,34.88219],[-120.63954,34.88135],[-120.63887,34.88064],[-120.63924,34.88038],[-120.6372,34.87979],[-120.6373,34.87919],[-120.63656,34.87912],[-120.63556,34.87784],[-120.63469,34.87783],[-120.63359,34.87639],[-120.63237,34.87641],[-120.62898,34.87394],[-120.62563,34.87361],[-120.62103,34.86921],[-120.61646,34.86713],[-120.61604,34.86522],[-120.61369,34.86378],[-120.61297,34.86235],[-120.61068,34.86064],[-120.61146,34.86071],[-120.61013,34.85634],[-120.60976,34.8472],[-120.60934,34.84601],[-120.61162,34.83433],[-120.61435,34.82291],[-120.61556,34.8196],[-120.62041,34.79794],[-120.62,34.79681],[-120.61536,34.79277],[-120.61766,34.79418],[-120.62001,34.79433],[-120.62161,34.79591],[-120.62241,34.79262],[-120.62855,34.77812],[-120.63181,34.77191],[-120.63231,34.76992],[-120.63324,34.76903],[-120.63495,34.76403],[-120.63482,34.76251],[-120.63597,34.76013],[-120.63633,34.75817],[-120.63586,34.75696],[-120.63664,34.7563],[-120.63342,34.75369],[-120.63141,34.75325],[-120.63086,34.75075],[-120.62934,34.7498],[-120.62914,34.74923],[-120.62956,34.74887],[-120.62877,34.74862],[-120.62964,34.74831],[-120.62919,34.74714],[-120.62945,34.7468],[-120.629,34.74666],[-120.62946,34.74624],[-120.62881,34.74596],[-120.62992,34.74451],[-120.62707,34.7414],[-120.62573,34.73811],[-120.62297,34.73747],[-120.61619,34.73336],[-120.6142,34.72916],[-120.61221,34.72696],[-120.61156,34.72295],[-120.61122,34.72316],[-120.60982,34.72226],[-120.60838,34.72056],[-120.60855,34.71904],[-120.60737,34.71684],[-120.60707,34.71427],[-120.60556,34.71259],[-120.60358,34.71199],[-120.60157,34.71014],[-120.60092,34.7067],[-120.59929,34.70231],[-120.59654,34.69861],[-120.59039,34.69412],[-120.58693,34.69381],[-120.58579,34.69283],[-120.58524,34.69313],[-120.5837,34.6925],[-120.58375,34.69207],[-120.5806,34.69311],[-120.57405,34.69226],[-120.56983,34.69011],[-120.56887,34.68854],[-120.57056,34.68983],[-120.57226,34.68913],[-120.57136,34.68846],[-120.57154,34.68815],[-120.5727,34.68789],[-120.57378,34.68832],[-120.57254,34.68703],[-120.57358,34.68781],[-120.57424,34.68765],[-120.57309,34.68629],[-120.57384,34.68623],[-120.57352,34.68547],[-120.5779,34.68569],[-120.57795,34.68651],[-120.57927,34.6869],[-120.57909,34.68745],[-120.57995,34.68742],[-120.57961,34.68604],[-120.5777,34.68352],[-120.57825,34.68409],[-120.57769,34.68287],[-120.57819,34.68327],[-120.57818,34.68288],[-120.57659,34.68095],[-120.5743,34.67995],[-120.57105,34.67957],[-120.57279,34.67989],[-120.57156,34.67905],[-120.56786,34.68028],[-120.5666,34.68028],[-120.56073,34.67792],[-120.55872,34.67636],[-120.55736,34.67633],[-120.55621,34.67764],[-120.55468,34.67783],[-120.55555,34.67643],[-120.55827,34.67576],[-120.56011,34.67655],[-120.56156,34.67781],[-120.56593,34.67964],[-120.56774,34.67955],[-120.56933,34.67892],[-120.56696,34.67922],[-120.5714,34.67842],[-120.57503,34.6791],[-120.57756,34.67998],[-120.58074,34.68401],[-120.58193,34.68478],[-120.58311,34.6847],[-120.58252,34.68379],[-120.58473,34.68503],[-120.58546,34.68481],[-120.58459,34.68399],[-120.58593,34.68471],[-120.5842,34.68343],[-120.58641,34.68436],[-120.58646,34.68509],[-120.58758,34.68592],[-120.58719,34.68702],[-120.58808,34.68597],[-120.58959,34.68635],[-120.59042,34.68606],[-120.589,34.68575],[-120.59498,34.6866],[-120.60153,34.68578],[-120.60411,34.68623],[-120.60642,34.6826],[-120.60999,34.67164],[-120.61743,34.65163],[-120.6216,34.6428],[-120.62312,34.64083],[-120.6229,34.6403],[-120.62342,34.64006],[-120.625,34.63529],[-120.62843,34.62808],[-120.63096,34.62435],[-120.63164,34.62416],[-120.63145,34.62262],[-120.63355,34.61887],[-120.63416,34.61606],[-120.63656,34.61289],[-120.63596,34.61235],[-120.637,34.61007],[-120.63709,34.60875],[-120.63542,34.60835],[-120.63495,34.60781],[-120.63554,34.60823],[-120.63653,34.60784],[-120.63708,34.60837],[-120.63749,34.60766],[-120.63861,34.60731],[-120.639,34.60615],[-120.63992,34.60579],[-120.63963,34.60496],[-120.64015,34.60442],[-120.64158,34.60477],[-120.64263,34.60425],[-120.64218,34.60283],[-120.64097,34.60137],[-120.64223,34.601],[-120.64087,34.6003],[-120.63977,34.59896],[-120.6404,34.59825],[-120.63964,34.59637],[-120.64218,34.58927],[-120.64311,34.58833],[-120.64591,34.58767],[-120.64449,34.58618],[-120.64538,34.58603],[-120.64485,34.58551],[-120.64533,34.58387],[-120.64509,34.58274],[-120.64569,34.58128],[-120.6447,34.5804],[-120.6455,34.57988],[-120.64542,34.57892],[-120.64583,34.57857],[-120.64795,34.57808],[-120.64841,34.57874],[-120.64936,34.57831],[-120.64899,34.57807],[-120.64943,34.57741],[-120.65053,34.57733],[-120.65066,34.57684],[-120.64943,34.57701],[-120.64969,34.57639],[-120.64846,34.57665],[-120.64804,34.57734],[-120.64777,34.5767],[-120.64522,34.57728],[-120.64522,34.57668],[-120.64473,34.57712],[-120.64373,34.57661],[-120.64354,34.57548],[-120.64234,34.57585],[-120.64212,34.57536],[-120.6433,34.57499],[-120.64155,34.57346],[-120.64238,34.57307],[-120.64144,34.57333],[-120.64114,34.57313],[-120.64173,34.57298],[-120.64164,34.57262],[-120.63847,34.57245],[-120.63798,34.57175],[-120.6386,34.57081],[-120.63936,34.57085],[-120.63818,34.57063],[-120.63788,34.57004],[-120.63922,34.56778],[-120.63921,34.56702],[-120.63834,34.56695],[-120.63741,34.56603],[-120.63725,34.56462],[-120.63798,34.56392],[-120.64006,34.56391],[-120.63885,34.56324],[-120.6383,34.56359],[-120.63842,34.56289],[-120.63737,34.5634],[-120.6359,34.56261],[-120.63558,34.56183],[-120.63662,34.56078],[-120.63631,34.56046],[-120.63518,34.56169],[-120.63234,34.56161],[-120.63225,34.56103],[-120.63138,34.56092],[-120.63087,34.56011],[-120.62922,34.55925],[-120.62893,34.55845],[-120.62644,34.55724],[-120.62602,34.55625],[-120.62461,34.55586],[-120.62449,34.55501],[-120.62354,34.55399],[-120.62064,34.55415],[-120.61742,34.55348],[-120.61556,34.55363],[-120.61371,34.55453],[-120.61235,34.55377],[-120.6102,34.55479],[-120.61112,34.55508],[-120.60992,34.55531],[-120.60947,34.5563],[-120.60865,34.55681],[-120.60489,34.55725],[-120.59945,34.55696],[-120.59418,34.55763],[-120.58942,34.55735],[-120.58967,34.55704],[-120.58632,34.55664],[-120.58496,34.5573],[-120.58123,34.55729],[-120.58108,34.55768],[-120.58084,34.55709],[-120.57532,34.55487],[-120.57175,34.55233],[-120.56921,34.55179],[-120.56917,34.55213],[-120.56375,34.54846],[-120.56066,34.54572],[-120.56004,34.5458],[-120.56012,34.54537],[-120.55889,34.54449],[-120.55334,34.54146],[-120.54677,34.54094],[-120.54134,34.53973],[-120.53541,34.53637],[-120.53334,34.53599],[-120.53053,34.53401],[-120.52373,34.5313],[-120.5196,34.52784],[-120.51679,34.52675],[-120.51594,34.52572],[-120.51447,34.52567],[-120.5133,34.52436],[-120.51137,34.5236],[-120.5098,34.52087],[-120.50599,34.51651],[-120.50462,34.51344],[-120.50347,34.51259],[-120.49951,34.51231],[-120.49807,34.51308],[-120.49546,34.51233],[-120.49816,34.51295],[-120.49968,34.51203],[-120.50101,34.51202],[-120.50032,34.50888],[-120.5008,34.50791],[-120.49846,34.50276],[-120.49653,34.49742],[-120.49639,34.49575],[-120.49539,34.49484],[-120.49301,34.4943],[-120.49105,34.49222],[-120.49004,34.49053],[-120.48978,34.48891],[-120.48826,34.48718],[-120.48432,34.48416],[-120.48305,34.48382],[-120.47797,34.47915],[-120.47553,34.47383],[-120.47381,34.46801],[-120.47285,34.46792],[-120.47372,34.46748],[-120.47319,34.46025],[-120.47246,34.46015],[-120.47306,34.45985],[-120.47346,34.45802],[-120.47266,34.45664],[-120.47243,34.45407],[-120.47126,34.4529],[-120.47057,34.45061],[-120.4716,34.44982],[-120.47194,34.44834],[-120.47067,34.44829],[-120.47001,34.44899],[-120.46929,34.44894],[-120.46908,34.44974],[-120.46848,34.44945],[-120.46871,34.44879],[-120.4661,34.44941],[-120.46288,34.44876],[-120.46146,34.44783],[-120.45996,34.44776],[-120.45881,34.44712],[-120.45834,34.44625],[-120.45898,34.44504],[-120.45869,34.44474],[-120.45706,34.44498],[-120.45635,34.4441],[-120.45649,34.44347],[-120.45397,34.44309],[-120.45278,34.44233],[-120.4521,34.44324],[-120.45281,34.44412],[-120.45335,34.44722],[-120.45265,34.44617],[-120.45041,34.44784],[-120.44617,34.4492],[-120.44507,34.45141],[-120.44347,34.45191],[-120.43791,34.45163],[-120.43703,34.45196],[-120.434,34.45126],[-120.43327,34.45204],[-120.43247,34.45115],[-120.43097,34.45173],[-120.43097,34.45087],[-120.4284,34.45057],[-120.42603,34.45125],[-120.42595,34.45069],[-120.42554,34.45131],[-120.42551,34.45057],[-120.42636,34.45012],[-120.42289,34.44983],[-120.41989,34.45089],[-120.41941,34.45201],[-120.41781,34.45337],[-120.41483,34.45349],[-120.41171,34.45447],[-120.40201,34.45575],[-120.38664,34.45583],[-120.38099,34.45717],[-120.37678,34.45684],[-120.37152,34.45779],[-120.36788,34.4572],[-120.35883,34.45762],[-120.35687,34.45784],[-120.35395,34.45943],[-120.34222,34.45893],[-120.34049,34.45969],[-120.34061,34.46021],[-120.34023,34.45981],[-120.33707,34.45989],[-120.33599,34.4615],[-120.33388,34.46294],[-120.32141,34.4635],[-120.31525,34.46556],[-120.31503,34.46598],[-120.31446,34.46539],[-120.31053,34.46598],[-120.30774,34.468],[-120.30845,34.46881],[-120.30804,34.46901],[-120.30624,34.46739],[-120.30359,34.46689],[-120.30066,34.46803],[-120.29773,34.47064],[-120.29446,34.47102],[-120.29403,34.47162],[-120.29375,34.47102],[-120.29006,34.47073],[-120.27801,34.46729],[-120.27225,34.46904],[-120.27155,34.47097],[-120.27158,34.4691],[-120.2618,34.46787],[-120.25286,34.46808],[-120.25249,34.46995],[-120.25237,34.46851],[-120.25183,34.46807],[-120.24684,34.46803],[-120.24103,34.46881],[-120.23801,34.46854],[-120.23466,34.47002],[-120.23111,34.47029],[-120.22854,34.47102],[-120.22833,34.47144],[-120.22957,34.47273],[-120.22968,34.47426],[-120.22901,34.4753],[-120.22951,34.4739],[-120.22891,34.47473],[-120.22916,34.47391],[-120.22796,34.47417],[-120.22601,34.47248],[-120.22588,34.47171],[-120.22661,34.47084],[-120.2066,34.47059],[-120.20657,34.47121],[-120.20504,34.47049],[-120.19471,34.47087],[-120.18765,34.47011],[-120.18757,34.47056],[-120.18732,34.47015],[-120.18601,34.46999],[-120.1839,34.47062],[-120.17907,34.47088],[-120.17512,34.47075],[-120.16885,34.46975],[-120.16899,34.47019],[-120.16855,34.46979],[-120.16577,34.47118],[-120.16104,34.47138],[-120.153,34.47325],[-120.14117,34.47389],[-120.13456,34.47319],[-120.12038,34.47049],[-120.12041,34.47121],[-120.11953,34.47167],[-120.11829,34.47009],[-120.10228,34.46392],[-120.10107,34.46418],[-120.09722,34.46207],[-120.09375,34.46112],[-120.08807,34.46039],[-120.0737,34.4607],[-120.07343,34.46209],[-120.07007,34.46468],[-120.0672,34.46357],[-120.06669,34.46264],[-120.05757,34.46112],[-120.05288,34.46214],[-120.04981,34.46165],[-120.04719,34.46217],[-120.04583,34.46297],[-120.04217,34.46344],[-120.03671,34.46345],[-120.03225,34.46219],[-120.02425,34.45838],[-120.02269,34.45808],[-120.02229,34.4592],[-120.02236,34.45856],[-120.02193,34.45836],[-120.01992,34.46121],[-120.01801,34.46186],[-120.00688,34.46055],[-120.00223,34.45851],[-120.0013,34.45893],[-120.00152,34.45808],[-120.00111,34.45763],[-119.99448,34.45366],[-119.98963,34.44989],[-119.98863,34.45001],[-119.98853,34.4511],[-119.98818,34.45012],[-119.98589,34.45071],[-119.98442,34.45056],[-119.97418,34.44619],[-119.96668,34.44195],[-119.96556,34.44162],[-119.96312,34.44262],[-119.9633,34.44127],[-119.96403,34.44067],[-119.96381,34.44023],[-119.96108,34.43823],[-119.9549,34.43542],[-119.95008,34.43471],[-119.9446,34.43545],[-119.94513,34.43615],[-119.94416,34.43552],[-119.93749,34.43609],[-119.92969,34.43522],[-119.92902,34.43622],[-119.92866,34.43555],[-119.92734,34.43494],[-119.91823,34.43212],[-119.91672,34.43353],[-119.91706,34.43255],[-119.91618,34.43109],[-119.91358,34.42972],[-119.91301,34.43216],[-119.91232,34.43217],[-119.91225,34.43021],[-119.91138,34.42819],[-119.90734,34.42519],[-119.90083,34.42131],[-119.89414,34.42036],[-119.89041,34.41927],[-119.88631,34.41606],[-119.88344,34.41295],[-119.88299,34.4142],[-119.88223,34.4144],[-119.88245,34.41494],[-119.88069,34.41442],[-119.88025,34.41412],[-119.88147,34.41317],[-119.88144,34.41247],[-119.88203,34.41231],[-119.88109,34.41137],[-119.87774,34.41353],[-119.87894,34.41425],[-119.87722,34.41565],[-119.87801,34.41652],[-119.87461,34.4176],[-119.87607,34.41767],[-119.87816,34.42039],[-119.88434,34.42107],[-119.8852,34.4219],[-119.87897,34.42136],[-119.8792,34.42241],[-119.88044,34.42335],[-119.87906,34.4224],[-119.87876,34.42132],[-119.87621,34.42035],[-119.87205,34.42264],[-119.87249,34.42193],[-119.87207,34.42156],[-119.86998,34.4216],[-119.86995,34.42095],[-119.87277,34.4206],[-119.87411,34.41971],[-119.87384,34.4176],[-119.87279,34.41745],[-119.87274,34.41709],[-119.87421,34.41517],[-119.87349,34.41419],[-119.87211,34.41373],[-119.87509,34.41315],[-119.87501,34.41213],[-119.87335,34.41101],[-119.87497,34.41055],[-119.87642,34.41196],[-119.87931,34.40949],[-119.8779,34.40883],[-119.87901,34.4086],[-119.87993,34.40903],[-119.87845,34.4071],[-119.8756,34.4089],[-119.87275,34.4094],[-119.85789,34.40915],[-119.85033,34.40762],[-119.85056,34.41052],[-119.85184,34.41155],[-119.85059,34.41201],[-119.8479,34.41105],[-119.84732,34.40942],[-119.84397,34.40851],[-119.84355,34.40816],[-119.84376,34.40747],[-119.84306,34.40744],[-119.84163,34.41259],[-119.83914,34.41481],[-119.83986,34.41621],[-119.84223,34.41628],[-119.84309,34.41708],[-119.84503,34.41763],[-119.84922,34.41986],[-119.85231,34.42194],[-119.85161,34.42248],[-119.85216,34.42288],[-119.85434,34.42282],[-119.85373,34.42186],[-119.85624,34.42032],[-119.85859,34.42136],[-119.85962,34.42121],[-119.85947,34.43025],[-119.85746,34.43057],[-119.85742,34.42915],[-119.84892,34.42973],[-119.84759,34.43004],[-119.84757,34.4311],[-119.84708,34.4312],[-119.84751,34.42956],[-119.85757,34.42887],[-119.8587,34.42807],[-119.85861,34.42702],[-119.85491,34.42576],[-119.85441,34.42621],[-119.83784,34.42648],[-119.83562,34.41924],[-119.83148,34.4198],[-119.82998,34.4208],[-119.8311,34.42255],[-119.83104,34.4302],[-119.83073,34.42626],[-119.82928,34.42516],[-119.82893,34.42647],[-119.82888,34.42502],[-119.82774,34.42411],[-119.82298,34.42966],[-119.8261,34.42438],[-119.82458,34.42405],[-119.82313,34.42557],[-119.82353,34.423],[-119.82033,34.42356],[-119.81554,34.42363],[-119.81089,34.42499],[-119.81065,34.42451],[-119.81525,34.42318],[-119.81544,34.42237],[-119.81699,34.42254],[-119.81776,34.42199],[-119.81893,34.42241],[-119.81984,34.42243],[-119.82002,34.42199],[-119.82176,34.42249],[-119.82279,34.42228],[-119.82429,34.42005],[-119.82708,34.41836],[-119.82417,34.41776],[-119.81361,34.4171],[-119.81183,34.41656],[-119.80817,34.41668],[-119.80178,34.41855],[-119.7995,34.41812],[-119.7965,34.41856],[-119.7885,34.41739],[-119.78013,34.41483],[-119.77927,34.41518],[-119.77971,34.41467],[-119.77263,34.41131],[-119.76335,34.40893],[-119.75132,34.40438],[-119.74421,34.40318],[-119.74262,34.40554],[-119.74022,34.40586],[-119.74013,34.4075],[-119.74075,34.40944],[-119.74021,34.40959],[-119.73942,34.40506],[-119.73887,34.40458],[-119.74076,34.40378],[-119.74228,34.40404],[-119.74246,34.40269],[-119.73638,34.39928],[-119.72929,34.3962],[-119.72374,34.3956],[-119.71923,34.3963],[-119.70948,34.39554],[-119.70236,34.39809],[-119.70256,34.39914],[-119.70207,34.40071],[-119.70095,34.4018],[-119.69781,34.40414],[-119.69486,34.405],[-119.69459,34.40716],[-119.69735,34.40759],[-119.69858,34.40951],[-119.69749,34.4106],[-119.69628,34.40968],[-119.69269,34.41273],[-119.69464,34.41276],[-119.69523,34.41322],[-119.69457,34.41287],[-119.69153,34.41374],[-119.69313,34.41491],[-119.68833,34.41885],[-119.67687,34.4201],[-119.675,34.41876],[-119.65939,34.42292],[-119.65535,34.42243],[-119.65648,34.42141],[-119.65594,34.42124],[-119.65632,34.42047],[-119.66123,34.41988],[-119.662,34.4193],[-119.66242,34.41762],[-119.66029,34.41709],[-119.65448,34.41701],[-119.64749,34.41776],[-119.64147,34.41657],[-119.64029,34.41738],[-119.63604,34.41759],[-119.63523,34.41818],[-119.63417,34.41787],[-119.63365,34.4191],[-119.63387,34.41978],[-119.63354,34.41908],[-119.62812,34.41984],[-119.62763,34.42094],[-119.62541,34.42067],[-119.62532,34.42019],[-119.61566,34.42117],[-119.60678,34.42013],[-119.60018,34.42009],[-119.59984,34.41957],[-119.59397,34.41852],[-119.58594,34.41604],[-119.5809,34.41342],[-119.57726,34.41275],[-119.57635,34.41322],[-119.57645,34.41362],[-119.57645,34.41265],[-119.57266,34.41406],[-119.56867,34.41409],[-119.56825,34.41438],[-119.56837,34.41513],[-119.56716,34.41532],[-119.56663,34.41614],[-119.56043,34.41549],[-119.56048,34.41654],[-119.55912,34.41605],[-119.55618,34.41634],[-119.55615,34.41524],[-119.55385,34.41523],[-119.55339,34.41214],[-119.55218,34.41139],[-119.55276,34.41084],[-119.54636,34.40656],[-119.53953,34.4059],[-119.52883,34.40386],[-119.52872,34.40465],[-119.52868,34.40381],[-119.52086,34.40233],[-119.5193,34.40444],[-119.52178,34.40123],[-119.52064,34.40067],[-119.52224,34.39934],[-119.5212,34.39843],[-119.5229,34.39709],[-119.52194,34.39589],[-119.52149,34.39627],[-119.52055,34.3955],[-119.52143,34.39476],[-119.51874,34.39154],[-119.5176,34.39222],[-119.51803,34.39257],[-119.51746,34.39303],[-119.51668,34.39235],[-119.51457,34.39213],[-119.51392,34.39344],[-119.51448,34.39204],[-119.51681,34.39212],[-119.51663,34.39162],[-119.51829,34.39086],[-119.5167,34.38929],[-119.50254,34.38556],[-119.49651,34.38534],[-119.49323,34.38455],[-119.48491,34.38104],[-119.47865,34.37571],[-119.47617,34.37512],[-119.47718,34.37439],[-119.4769,34.37323],[-119.50221,34.32712],[-119.49468,34.18777],[-120.6169,34.28597],[-120.62465,34.29095],[-120.63739,34.30011],[-120.64642,34.30744],[-120.65497,34.31517],[-120.66303,34.32325],[-120.67057,34.33167],[-120.67757,34.3404],[-120.68401,34.34943],[-120.69082,34.36035],[-120.70626,34.36451],[-120.72395,34.37047],[-120.74124,34.37729],[-120.75823,34.38517],[-120.77075,34.39196],[-120.78424,34.40036],[-120.79699,34.40951],[-120.81243,34.4218],[-120.82716,34.43504],[-120.84004,34.44889],[-120.85951,34.47291],[-120.86577,34.48203],[-120.87145,34.49141],[-120.87653,34.50102],[-120.88099,34.51083],[-120.88483,34.52083],[-120.88803,34.53098],[-120.89059,34.54125],[-120.89249,34.55162],[-120.89373,34.56206],[-120.89432,34.57253],[-120.89424,34.58302],[-120.89348,34.59376],[-120.89207,34.60419],[-120.89012,34.61404],[-120.88907,34.6261],[-120.88676,34.63995],[-120.88328,34.65364],[-120.87992,34.66375],[-120.87444,34.67698],[-120.86935,34.68715],[-120.87427,34.69963],[-120.87841,34.71319],[-120.88139,34.72695],[-120.8832,34.74085],[-120.88384,34.75546],[-120.88329,34.76944],[-120.88155,34.78335],[-120.8794,34.79405],[-120.88723,34.80524],[-120.89469,34.81779],[-120.90108,34.83075],[-120.90514,34.84069],[-120.90957,34.85418],[-120.91214,34.86446],[-120.91454,34.8783],[-120.91557,34.88875],[-120.91593,34.89923],[-120.91563,34.90972],[-120.91365,34.92712],[-120.90945,34.94682],[-120.90799,34.95776],[-120.90592,34.96811],[-120.90319,34.97835],[-120.89953,34.98922],[-120.90455,34.99183],[-120.92271,34.99859],[-120.93534,35.00395],[-120.94633,35.00926],[-120.96043,35.01706],[-120.97384,35.02565],[-120.98817,35.03633],[-121.00146,35.04371],[-121.01487,35.05231],[-121.03852,35.06934],[-121.05078,35.07904],[-121.06611,35.09247],[-121.07442,35.10043],[-121.08468,35.11158],[-121.09175,35.12031],[-121.09825,35.12934],[-121.10542,35.14076],[-121.12094,35.16362],[-121.12817,35.17627],[-121.13342,35.18727],[-120.64854,34.97414]]]]}},{"type":"Feature","properties":{"c":"zone"},"geometry":{"type":"MultiPolygon","coordinates":[[[[-121.98651,37.40622],[-121.98677,37.4062],[-121.98662,37.41183],[-121.98651,37.40622]]],[[[-121.97795,37.40843],[-121.97873,37.40884],[-121.97944,37.411],[-121.98019,37.41418],[-121.97975,37.41435],[-121.97853,37.40906],[-121.97795,37.40843]]],[[[-121.91415,37.44583],[-121.91381,37.44568],[-121.91457,37.44578],[-121.91474,37.4452],[-121.91557,37.44708],[-121.91415,37.44583]]],[[[-121.9154,37.44736],[-121.91623,37.44785],[-121.9196,37.4528],[-121.92087,37.45385],[-121.91925,37.45319],[-121.9154,37.44736]]],[[[-121.92319,37.4536],[-121.92364,37.45383],[-121.92325,37.45385],[-121.92319,37.4536]]],[[[-121.9212,37.45385],[-121.9224,37.45363],[-121.92245,37.4539],[-121.9212,37.45385]]],[[[-122.05939,37.46373],[-122.04831,37.45657],[-122.04572,37.45608],[-122.04415,37.45638],[-122.03546,37.46169],[-122.03323,37.46232],[-122.02576,37.46317],[-122.01751,37.46298],[-121.99812,37.46675],[-121.99568,37.466],[-121.9917,37.46355],[-121.97996,37.46024],[-121.97504,37.45999],[-121.97238,37.46043],[-121.96089,37.46351],[-121.9516,37.46141],[-121.94942,37.46146],[-121.94758,37.46216],[-121.94636,37.46346],[-121.94619,37.46434],[-121.94707,37.4675],[-121.94626,37.4688],[-121.94511,37.4692],[-121.94423,37.46842],[-121.94449,37.46632],[-121.94403,37.46556],[-121.94108,37.46494],[-121.93945,37.46254],[-121.93591,37.46213],[-121.93473,37.46049],[-121.93219,37.46019],[-121.93252,37.45744],[-121.93332,37.45592],[-121.93303,37.45497],[-121.9302,37.45659],[-121.92879,37.45685],[-121.92792,37.45524],[-121.92356,37.4536],[-121.92465,37.45359],[-121.92476,37.45258],[-121.92358,37.44895],[-121.92442,37.44761],[-121.92341,37.44653],[-121.92378,37.44458],[-121.92336,37.4431],[-121.92638,37.43878],[-121.92721,37.43832],[-121.92772,37.43936],[-121.92445,37.4439],[-121.92395,37.44602],[-121.924,37.44666],[-121.92499,37.4471],[-121.92489,37.44825],[-121.92643,37.45006],[-121.92543,37.45216],[-121.92586,37.45307],[-121.92856,37.45305],[-121.92828,37.44997],[-121.92885,37.44981],[-121.92914,37.4513],[-121.93195,37.45127],[-121.93317,37.45212],[-121.93741,37.4521],[-121.93727,37.44637],[-121.93765,37.44632],[-121.93784,37.44712],[-121.94188,37.44708],[-121.94201,37.44133],[-121.94239,37.44351],[-121.94696,37.44348],[-121.94697,37.4365],[-121.945,37.43644],[-121.94721,37.43634],[-121.9475,37.44131],[-121.95065,37.44057],[-121.95085,37.43645],[-121.95318,37.43576],[-121.95173,37.43297],[-121.9537,37.43229],[-121.95376,37.4332],[-121.95617,37.43609],[-121.95915,37.43401],[-121.95636,37.43084],[-121.96399,37.43148],[-121.96466,37.4312],[-121.97195,37.43711],[-121.97361,37.43535],[-121.97148,37.43365],[-121.97053,37.43429],[-121.96944,37.43346],[-121.96898,37.4338],[-121.96858,37.43345],[-121.9741,37.42993],[-121.97455,37.42935],[-121.97412,37.42874],[-121.97534,37.42753],[-121.97599,37.42771],[-121.97581,37.4285],[-121.97762,37.42832],[-121.97762,37.42889],[-121.97906,37.42925],[-121.97916,37.42963],[-121.97868,37.4297],[-121.97948,37.43001],[-121.98032,37.43014],[-121.98143,37.42912],[-121.98062,37.42899],[-121.97894,37.42609],[-121.97809,37.42547],[-121.97739,37.4233],[-121.97049,37.42235],[-121.96866,37.42104],[-121.9676,37.41913],[-121.96833,37.41911],[-121.96949,37.42078],[-121.97143,37.42182],[-121.97601,37.42239],[-121.97739,37.42204],[-121.98058,37.42299],[-121.98091,37.42019],[-121.9855,37.41836],[-121.98025,37.41812],[-121.97996,37.41515],[-121.98631,37.41278],[-121.98683,37.41217],[-121.98711,37.41706],[-121.99652,37.41718],[-121.99723,37.41764],[-122.00194,37.41787],[-122.01728,37.42018],[-122.01829,37.41929],[-122.01896,37.41764],[-122.01835,37.4202],[-122.02268,37.42162],[-122.02375,37.41905],[-122.02321,37.42165],[-122.027,37.42283],[-122.02765,37.42231],[-122.02867,37.41931],[-122.02765,37.423],[-122.03236,37.42374],[-122.03423,37.42545],[-122.03444,37.42638],[-122.04339,37.42722],[-122.04958,37.42593],[-122.0516,37.42944],[-122.05256,37.42988],[-122.05415,37.4297],[-122.05514,37.43166],[-122.05669,37.43119],[-122.05522,37.42768],[-122.0577,37.42647],[-122.06745,37.42804],[-122.06664,37.42796],[-122.06619,37.42943],[-122.06816,37.42962],[-122.06864,37.42782],[-122.06823,37.42389],[-122.06825,37.42073],[-122.0686,37.42048],[-122.06881,37.42482],[-122.06983,37.425],[-122.06995,37.42852],[-122.06945,37.42861],[-122.06946,37.42906],[-122.07011,37.42977],[-122.07229,37.43581],[-122.08175,37.43498],[-122.08173,37.43423],[-122.08471,37.43287],[-122.08502,37.4321],[-122.08538,37.43214],[-122.08559,37.43322],[-122.08648,37.43246],[-122.08678,37.42723],[-122.08672,37.43267],[-122.08581,37.43478],[-122.08607,37.43519],[-122.09396,37.43562],[-122.09648,37.43501],[-122.09952,37.43628],[-122.09965,37.43581],[-122.10307,37.43415],[-122.10496,37.43221],[-122.10993,37.43701],[-122.10889,37.43793],[-122.10889,37.43916],[-122.11056,37.44049],[-122.11295,37.43991],[-122.11712,37.44383],[-122.11784,37.44538],[-122.11711,37.44581],[-122.11763,37.44722],[-122.11714,37.44736],[-122.11755,37.44879],[-122.11723,37.44916],[-122.11658,37.44861],[-122.11466,37.44924],[-122.11385,37.45022],[-122.1121,37.45026],[-122.1118,37.45079],[-122.11055,37.45028],[-122.11006,37.44928],[-122.10995,37.4438],[-122.10888,37.44483],[-122.10731,37.44538],[-122.10599,37.44306],[-122.10399,37.44293],[-122.10312,37.44358],[-122.10283,37.44488],[-122.10404,37.44645],[-122.10296,37.44792],[-122.10223,37.45128],[-122.10284,37.45283],[-122.10354,37.45382],[-122.10487,37.45145],[-122.10797,37.45134],[-122.10988,37.45337],[-122.10964,37.45568],[-122.11224,37.45754],[-122.111,37.45905],[-122.11719,37.46506],[-122.12257,37.46141],[-122.12285,37.45961],[-122.12144,37.4545],[-122.12236,37.45338],[-122.12192,37.45424],[-122.12281,37.45589],[-122.12397,37.46096],[-122.11756,37.46529],[-122.11481,37.46596],[-122.11461,37.46524],[-122.0965,37.46537],[-122.09657,37.46242],[-122.08171,37.47795],[-122.05939,37.46373]]]]}},{"type":"Feature","properties":{"c":"zone"},"geometry":{"type":"MultiPolygon","coordinates":[[[[-122.52863,37.82064],[-122.52954,37.81881],[-122.52861,37.81732],[-122.52912,37.81699],[-122.5279,37.8156],[-122.52797,37.8153],[-122.52908,37.81582],[-122.52936,37.81522],[-122.529,37.81588],[-122.52799,37.8157],[-122.52917,37.81703],[-122.52871,37.8174],[-122.52976,37.81884],[-122.52863,37.82064]]],[[[-122.48302,37.82606],[-122.48302,37.82606],[-122.48303,37.82607],[-122.48302,37.82606]]],[[[-122.48303,37.82607],[-122.48304,37.82608],[-122.48303,37.82607],[-122.48303,37.82607]]],[[[-122.51599,37.82569],[-122.50708,37.82415],[-122.50536,37.8232],[-122.50512,37.82269],[-122.50557,37.82245],[-122.5043,37.82184],[-122.5047,37.82153],[-122.50453,37.82103],[-122.50204,37.8213],[-122.50449,37.82089],[-122.50488,37.82123],[-122.50446,37.82174],[-122.50566,37.82234],[-122.50533,37.8227],[-122.50568,37.82311],[-122.5104,37.82463],[-122.51199,37.82483],[-122.5123,37.82435],[-122.5127,37.82488],[-122.51498,37.8255],[-122.51621,37.82547],[-122.51696,37.82474],[-122.51711,37.82519],[-122.51841,37.82555],[-122.51684,37.82514],[-122.51599,37.82569]]],[[[-122.48142,37.82638],[-122.48034,37.82596],[-122.48155,37.82636],[-122.48241,37.82577],[-122.48311,37.82592],[-122.48142,37.82638]]],[[[-122.48312,37.82616],[-122.48325,37.82629],[-122.48291,37.82641],[-122.48312,37.82616]]],[[[-122.52123,37.82565],[-122.51933,37.82518],[-122.51858,37.82545],[-122.52374,37.82498],[-122.52372,37.82395],[-122.52462,37.82338],[-122.52428,37.82256],[-122.52538,37.82261],[-122.52523,37.82215],[-122.5258,37.82208],[-122.52543,37.8213],[-122.52605,37.82152],[-122.52562,37.82117],[-122.52642,37.82133],[-122.52624,37.82086],[-122.52732,37.82123],[-122.52859,37.82062],[-122.52802,37.82129],[-122.52595,37.82128],[-122.52568,37.82267],[-122.52458,37.8227],[-122.52488,37.82353],[-122.52377,37.82408],[-122.52404,37.825],[-122.52123,37.82565]]],[[[-122.48314,37.82654],[-122.48327,37.82662],[-122.48343,37.82676],[-122.48314,37.82654]]],[[[-122.48426,37.8271],[-122.48355,37.8268],[-122.48459,37.82708],[-122.48426,37.8271]]],[[[-122.48928,37.82706],[-122.48661,37.82635],[-122.48462,37.82708],[-122.48472,37.82669],[-122.48658,37.82629],[-122.48907,37.82701],[-122.49144,37.82657],[-122.49175,37.82627],[-122.4914,37.82577],[-122.4921,37.82496],[-122.4934,37.82464],[-122.49357,37.82384],[-122.49605,37.82204],[-122.49771,37.82251],[-122.49955,37.82202],[-122.50017,37.82103],[-122.4992,37.81998],[-122.50092,37.8203],[-122.50082,37.8207],[-122.50126,37.82075],[-122.50096,37.82104],[-122.50164,37.82082],[-122.50142,37.82145],[-122.50218,37.82153],[-122.5015,37.82172],[-122.50169,37.82106],[-122.50085,37.82107],[-122.50091,37.82036],[-122.49933,37.82003],[-122.50032,37.82146],[-122.49962,37.82216],[-122.49712,37.82263],[-122.496,37.82238],[-122.49609,37.82206],[-122.49492,37.82278],[-122.49499,37.82329],[-122.49368,37.8239],[-122.49333,37.82479],[-122.49214,37.82506],[-122.49148,37.82582],[-122.49179,37.82624],[-122.49149,37.82659],[-122.48928,37.82706]]],[[[-122.53357,37.93546],[-122.53382,37.93546],[-122.53335,37.93564],[-122.53357,37.93546]]],[[[-122.54868,37.95429],[-122.54972,37.95431],[-122.54969,37.95441],[-122.54868,37.95429]]],[[[-122.53115,38.00257],[-122.53033,38.00226],[-122.53054,38.00004],[-122.53124,38.00072],[-122.53332,38.00111],[-122.53327,38.00158],[-122.53299,38.00101],[-122.53237,38.00108],[-122.53273,38.00194],[-122.53115,38.00257]]],[[[-122.54565,38.00859],[-122.54313,38.00997],[-122.54229,38.01101],[-122.54299,38.00998],[-122.54565,38.00859]]],[[[-122.54161,38.01123],[-122.54176,38.01128],[-122.5415,38.01209],[-122.54161,38.01123]]],[[[-122.52916,38.01758],[-122.53092,38.01623],[-122.53329,38.0108],[-122.53379,38.0129],[-122.53466,38.01354],[-122.53444,38.01384],[-122.53616,38.0141],[-122.54003,38.01372],[-122.54133,38.01222],[-122.5402,38.01376],[-122.53552,38.01409],[-122.53396,38.01481],[-122.53366,38.01629],[-122.53424,38.01642],[-122.53475,38.01738],[-122.53395,38.01644],[-122.53098,38.01645],[-122.52916,38.01758]]],[[[-122.52769,38.01796],[-122.52786,38.01764],[-122.52899,38.01764],[-122.52769,38.01796]]],[[[-122.52722,38.01806],[-122.52642,38.01791],[-122.52666,38.01738],[-122.52751,38.01775],[-122.52722,38.01806]]],[[[-122.81229,38.06213],[-122.81151,38.06133],[-122.81211,38.06091],[-122.81326,38.06167],[-122.81361,38.06099],[-122.81453,38.06094],[-122.8139,38.06045],[-122.81343,38.06076],[-122.81243,38.06049],[-122.81259,38.05964],[-122.81313,38.06026],[-122.81416,38.05908],[-122.81515,38.05884],[-122.81632,38.05972],[-122.81599,38.06109],[-122.81648,38.0618],[-122.81092,38.06343],[-122.81239,38.06276],[-122.81229,38.06213]]],[[[-122.80775,38.06407],[-122.80723,38.06321],[-122.80631,38.06308],[-122.80729,38.06259],[-122.81014,38.06378],[-122.80745,38.06159],[-122.81053,38.06389],[-122.80916,38.06447],[-122.80775,38.06407]]],[[[-122.79433,38.0765],[-122.79251,38.07612],[-122.79048,38.07366],[-122.78802,38.07314],[-122.79057,38.07357],[-122.79294,38.07621],[-122.79489,38.0762],[-122.79873,38.0726],[-122.79882,38.07097],[-122.79767,38.06837],[-122.7981,38.06742],[-122.79911,38.06686],[-122.7991,38.06643],[-122.80176,38.06578],[-122.80347,38.06477],[-122.8051,38.06458],[-122.80372,38.06496],[-122.80152,38.06652],[-122.80024,38.06642],[-122.79882,38.06766],[-122.79877,38.06726],[-122.79837,38.06745],[-122.79799,38.06852],[-122.79902,38.07104],[-122.79888,38.07278],[-122.79621,38.0755],[-122.79433,38.0765]]],[[[-122.50746,38.08293],[-122.50785,38.08275],[-122.51216,38.0823],[-122.50746,38.08293]]],[[[-122.50625,38.08345],[-122.5073,38.08291],[-122.50715,38.08342],[-122.50625,38.08345]]],[[[-122.57714,38.1011],[-122.57715,38.10111],[-122.57715,38.10111],[-122.57714,38.1011]]],[[[-122.57437,38.18578],[-122.57496,38.18465],[-122.57451,38.18353],[-122.57071,38.18352],[-122.57067,38.18432],[-122.57291,38.18556],[-122.57326,38.18627],[-122.57253,38.18712],[-122.5709,38.1873],[-122.5689,38.18435],[-122.56529,38.18266],[-122.5656,38.18069],[-122.56836,38.17687],[-122.5675,38.1761],[-122.56513,38.17538],[-122.56432,38.17452],[-122.5642,38.17049],[-122.56375,38.16961],[-122.56253,38.16889],[-122.56085,38.16869],[-122.55831,38.16885],[-122.5547,38.16991],[-122.55321,38.16979],[-122.55222,38.1691],[-122.5519,38.16829],[-122.55243,38.16729],[-122.55565,38.16568],[-122.55784,38.1639],[-122.55852,38.16159],[-122.55807,38.16032],[-122.55607,38.159],[-122.54869,38.15727],[-122.54451,38.15873],[-122.54025,38.1539],[-122.53482,38.14936],[-122.53098,38.14693],[-122.52325,38.14321],[-122.51853,38.13992],[-122.51592,38.1374],[-122.51375,38.13463],[-122.51201,38.1273],[-122.5097,38.12045],[-122.50767,38.11745],[-122.50066,38.11209],[-122.4914,38.11065],[-122.35273,38.06946],[-122.44138,37.97416],[-122.44115,37.95444],[-122.43186,37.9282],[-122.4037,37.90719],[-122.43186,37.9282],[-122.41613,37.8511],[-122.4728,37.83204],[-122.47543,37.8317],[-122.47572,37.83219],[-122.47524,37.83182],[-122.47348,37.83214],[-122.47419,37.83367],[-122.47752,37.83361],[-122.47817,37.83266],[-122.47694,37.83258],[-122.47779,37.83204],[-122.47671,37.83143],[-122.47695,37.83116],[-122.47778,37.83192],[-122.47908,37.83004],[-122.47831,37.82542],[-122.47867,37.82589],[-122.47917,37.82537],[-122.47946,37.82582],[-122.48041,37.82578],[-122.47896,37.82575],[-122.47872,37.82627],[-122.47948,37.83043],[-122.47795,37.83198],[-122.47907,37.83466],[-122.47762,37.83636],[-122.47478,37.83559],[-122.47518,37.8345],[-122.47381,37.83378],[-122.47369,37.83289],[-122.47287,37.83208],[-122.47289,37.83414],[-122.47212,37.83503],[-122.47182,37.83663],[-122.47425,37.83909],[-122.4755,37.84094],[-122.47555,37.84179],[-122.47691,37.84238],[-122.47759,37.84362],[-122.47723,37.84412],[-122.47762,37.8464],[-122.4784,37.84709],[-122.4799,37.84726],[-122.48072,37.84852],[-122.48069,37.84972],[-122.47923,37.85163],[-122.47943,37.85473],[-122.47995,37.85506],[-122.47955,37.85527],[-122.4803,37.8564],[-122.48114,37.85689],[-122.48145,37.85661],[-122.48162,37.85758],[-122.48264,37.85824],[-122.48505,37.8577],[-122.48815,37.85967],[-122.48947,37.85987],[-122.4901,37.86021],[-122.48968,37.86081],[-122.49035,37.86173],[-122.4946,37.86221],[-122.49711,37.86364],[-122.49909,37.8655],[-122.4999,37.86493],[-122.5005,37.8655],[-122.50106,37.86528],[-122.50088,37.86559],[-122.50168,37.86617],[-122.50155,37.86542],[-122.50366,37.8672],[-122.50466,37.86697],[-122.50562,37.8677],[-122.50491,37.86837],[-122.50465,37.87007],[-122.50396,37.87073],[-122.50541,37.87219],[-122.50768,37.87151],[-122.50823,37.87037],[-122.50788,37.86997],[-122.50876,37.86878],[-122.51036,37.87005],[-122.51076,37.86976],[-122.51207,37.87023],[-122.51245,37.87085],[-122.51315,37.87072],[-122.51442,37.87236],[-122.51287,37.87397],[-122.51167,37.87382],[-122.51145,37.87519],[-122.51056,37.87558],[-122.51327,37.87745],[-122.51624,37.87849],[-122.51749,37.87981],[-122.51868,37.87983],[-122.52034,37.88105],[-122.5232,37.8792],[-122.52331,37.87773],[-122.52634,37.87717],[-122.52566,37.87306],[-122.52653,37.87153],[-122.52606,37.87294],[-122.52736,37.87315],[-122.52652,37.87339],[-122.5274,37.87418],[-122.52742,37.87482],[-122.52807,37.87477],[-122.52847,37.8766],[-122.53586,37.87814],[-122.53617,37.87906],[-122.53527,37.8792],[-122.53515,37.87965],[-122.53243,37.87908],[-122.53033,37.87949],[-122.52827,37.87928],[-122.52643,37.88168],[-122.52535,37.88235],[-122.52496,37.88459],[-122.52396,37.88471],[-122.52355,37.88566],[-122.52376,37.88616],[-122.52662,37.88762],[-122.52669,37.88951],[-122.52809,37.89029],[-122.53049,37.89068],[-122.53001,37.89179],[-122.53024,37.89267],[-122.53219,37.89315],[-122.53205,37.89347],[-122.53467,37.8951],[-122.53763,37.89508],[-122.53727,37.89658],[-122.53825,37.89831],[-122.53677,37.89929],[-122.53568,37.89868],[-122.53475,37.89921],[-122.53255,37.89827],[-122.53242,37.89881],[-122.5342,37.90035],[-122.534,37.90109],[-122.52964,37.89895],[-122.5291,37.89977],[-122.52932,37.90067],[-122.52744,37.90245],[-122.52698,37.90167],[-122.52664,37.90317],[-122.52619,37.90388],[-122.52551,37.90395],[-122.52468,37.90606],[-122.524,37.90584],[-122.52444,37.90642],[-122.522,37.90677],[-122.52113,37.90572],[-122.51918,37.90569],[-122.51869,37.90408],[-122.51731,37.90313],[-122.52171,37.90375],[-122.52326,37.9035],[-122.52598,37.90069],[-122.52469,37.89823],[-122.52326,37.89892],[-122.52282,37.89861],[-122.52304,37.89702],[-122.52219,37.89459],[-122.52319,37.89331],[-122.52115,37.89209],[-122.51875,37.89362],[-122.51726,37.89724],[-122.51643,37.89776],[-122.51623,37.90005],[-122.5146,37.89998],[-122.51491,37.90121],[-122.51315,37.89848],[-122.5145,37.89754],[-122.51518,37.89639],[-122.5158,37.89149],[-122.51454,37.89101],[-122.51194,37.89218],[-122.51199,37.89146],[-122.5128,37.89088],[-122.51247,37.89018],[-122.51003,37.8882],[-122.50856,37.888],[-122.50803,37.88725],[-122.50844,37.88733],[-122.50953,37.88591],[-122.51153,37.88487],[-122.51159,37.88436],[-122.50964,37.8831],[-122.50716,37.88402],[-122.50404,37.88302],[-122.50337,37.88252],[-122.50413,37.88088],[-122.5019,37.8804],[-122.49968,37.87829],[-122.49778,37.87748],[-122.49734,37.87753],[-122.49709,37.87907],[-122.4979,37.88074],[-122.50263,37.88481],[-122.50107,37.88681],[-122.50192,37.88839],[-122.50244,37.88833],[-122.50396,37.88968],[-122.50433,37.89123],[-122.50355,37.89277],[-122.50465,37.89397],[-122.50462,37.89579],[-122.50556,37.89748],[-122.5063,37.89755],[-122.50651,37.89851],[-122.50769,37.8993],[-122.50701,37.89969],[-122.50515,37.89914],[-122.50473,37.89957],[-122.50267,37.89959],[-122.50187,37.90048],[-122.50128,37.90306],[-122.50039,37.90226],[-122.49887,37.90257],[-122.49593,37.90199],[-122.49674,37.90135],[-122.49733,37.8996],[-122.49912,37.89883],[-122.49925,37.89837],[-122.49686,37.89552],[-122.49764,37.89514],[-122.49726,37.8949],[-122.49912,37.89471],[-122.49905,37.89387],[-122.49779,37.89374],[-122.4956,37.89438],[-122.49366,37.89374],[-122.49226,37.89403],[-122.49256,37.89469],[-122.49179,37.89613],[-122.4902,37.89713],[-122.49077,37.89834],[-122.489,37.89917],[-122.48909,37.89953],[-122.48875,37.8992],[-122.48644,37.90018],[-122.48652,37.89983],[-122.48604,37.8999],[-122.48791,37.89786],[-122.48777,37.89566],[-122.48607,37.89398],[-122.48665,37.8936],[-122.48609,37.89298],[-122.48496,37.8921],[-122.48463,37.89245],[-122.4846,37.89164],[-122.4835,37.89171],[-122.48321,37.89074],[-122.48254,37.89108],[-122.4811,37.88966],[-122.47992,37.8894],[-122.48049,37.88969],[-122.47949,37.89035],[-122.47798,37.89004],[-122.47707,37.88906],[-122.47748,37.8885],[-122.47717,37.88808],[-122.47466,37.88697],[-122.47489,37.88673],[-122.47124,37.88357],[-122.46789,37.88219],[-122.46624,37.882],[-122.46598,37.88148],[-122.46482,37.88182],[-122.46441,37.88114],[-122.46458,37.88024],[-122.46283,37.87802],[-122.46109,37.87789],[-122.4594,37.87903],[-122.45811,37.879],[-122.45732,37.87785],[-122.45809,37.87715],[-122.45793,37.87661],[-122.45673,37.87595],[-122.4554,37.8761],[-122.45462,37.87465],[-122.45136,37.87332],[-122.45036,37.87231],[-122.44916,37.87342],[-122.44945,37.87449],[-122.44903,37.87495],[-122.44382,37.87646],[-122.44459,37.87853],[-122.44299,37.8804],[-122.44365,37.88147],[-122.44326,37.88257],[-122.44275,37.88262],[-122.44163,37.88134],[-122.43923,37.88015],[-122.43812,37.88223],[-122.44016,37.88344],[-122.44141,37.88484],[-122.44238,37.88478],[-122.44346,37.8862],[-122.44423,37.8862],[-122.44471,37.887],[-122.44467,37.88828],[-122.44602,37.88942],[-122.4468,37.88915],[-122.44783,37.89051],[-122.44843,37.89057],[-122.44717,37.89137],[-122.44727,37.89231],[-122.44963,37.89425],[-122.45273,37.89341],[-122.45346,37.89432],[-122.45548,37.8939],[-122.4557,37.89332],[-122.46062,37.89516],[-122.46191,37.89713],[-122.46275,37.89747],[-122.46532,37.89781],[-122.46674,37.89733],[-122.46762,37.89814],[-122.46742,37.89849],[-122.46807,37.89864],[-122.46798,37.8995],[-122.46912,37.90003],[-122.4688,37.90038],[-122.46942,37.90187],[-122.47169,37.90112],[-122.47219,37.90144],[-122.47242,37.90322],[-122.47372,37.90337],[-122.47442,37.90409],[-122.47584,37.90426],[-122.47669,37.9049],[-122.47714,37.90472],[-122.477,37.90519],[-122.47746,37.90532],[-122.4779,37.90656],[-122.47627,37.90721],[-122.47716,37.90862],[-122.47636,37.91],[-122.4789,37.91373],[-122.47958,37.9163],[-122.48014,37.91694],[-122.48101,37.91688],[-122.48343,37.91915],[-122.48504,37.91999],[-122.48544,37.91972],[-122.48594,37.9207],[-122.48787,37.92051],[-122.48874,37.91989],[-122.49069,37.91984],[-122.49092,37.91922],[-122.49227,37.91933],[-122.49263,37.91999],[-122.49419,37.91947],[-122.49448,37.92092],[-122.49582,37.92111],[-122.49935,37.91954],[-122.50164,37.91926],[-122.50239,37.9185],[-122.50471,37.91915],[-122.50528,37.91822],[-122.50468,37.91659],[-122.50516,37.91592],[-122.50625,37.91574],[-122.50619,37.91509],[-122.50674,37.91461],[-122.50608,37.91329],[-122.50711,37.91277],[-122.50809,37.91445],[-122.51117,37.91455],[-122.51103,37.91571],[-122.51246,37.91638],[-122.51212,37.91728],[-122.51142,37.91757],[-122.51143,37.91838],[-122.51294,37.9222],[-122.51455,37.92323],[-122.51753,37.92371],[-122.51765,37.92427],[-122.52247,37.92521],[-122.52455,37.92497],[-122.52516,37.92425],[-122.52625,37.92435],[-122.52664,37.92559],[-122.52783,37.92632],[-122.52756,37.92671],[-122.52843,37.92831],[-122.52635,37.92816],[-122.52545,37.92928],[-122.52248,37.92972],[-122.52142,37.93126],[-122.52365,37.9323],[-122.52626,37.93257],[-122.5279,37.93362],[-122.52804,37.9339],[-122.525,37.93434],[-122.5299,37.93398],[-122.52996,37.93441],[-122.52889,37.9348],[-122.52933,37.93618],[-122.53316,37.93558],[-122.53032,37.93663],[-122.5321,37.93641],[-122.53124,37.93704],[-122.5326,37.93679],[-122.5326,37.93638],[-122.53404,37.93643],[-122.5342,37.93829],[-122.53535,37.93888],[-122.53542,37.93976],[-122.53592,37.93944],[-122.53693,37.94072],[-122.5369,37.94139],[-122.53786,37.94103],[-122.53799,37.94187],[-122.53878,37.94197],[-122.53858,37.94286],[-122.53973,37.94284],[-122.54178,37.94397],[-122.54337,37.94582],[-122.54486,37.9462],[-122.54545,37.94587],[-122.54677,37.9466],[-122.54692,37.94766],[-122.54852,37.94822],[-122.55014,37.94816],[-122.55025,37.94951],[-122.54979,37.95046],[-122.55059,37.95119],[-122.55134,37.95115],[-122.55049,37.95178],[-122.55072,37.95224],[-122.55225,37.95302],[-122.55228,37.95361],[-122.55356,37.95409],[-122.55331,37.95488],[-122.55385,37.95603],[-122.55319,37.95519],[-122.5529,37.95551],[-122.55368,37.95711],[-122.55285,37.9569],[-122.55282,37.95589],[-122.55236,37.95583],[-122.55055,37.95261],[-122.55036,37.95308],[-122.55132,37.95412],[-122.55195,37.95598],[-122.55147,37.95615],[-122.55204,37.95692],[-122.5516,37.95656],[-122.55106,37.95706],[-122.5518,37.95743],[-122.55025,37.95734],[-122.55161,37.95572],[-122.54987,37.95443],[-122.55144,37.95497],[-122.55003,37.95403],[-122.5497,37.95325],[-122.54934,37.95353],[-122.54861,37.95286],[-122.54819,37.95378],[-122.54848,37.95426],[-122.54739,37.95447],[-122.54804,37.95508],[-122.54724,37.95523],[-122.5459,37.95414],[-122.54613,37.95395],[-122.54438,37.95318],[-122.54374,37.95177],[-122.54278,37.95179],[-122.5428,37.95132],[-122.54144,37.95052],[-122.5408,37.95067],[-122.54028,37.95153],[-122.54067,37.95218],[-122.54026,37.95296],[-122.54129,37.9535],[-122.54123,37.95427],[-122.53945,37.9538],[-122.53858,37.95287],[-122.53921,37.95259],[-122.53782,37.95216],[-122.5389,37.95116],[-122.53775,37.94999],[-122.53858,37.94954],[-122.53857,37.9489],[-122.53697,37.94824],[-122.53604,37.94847],[-122.5359,37.94813],[-122.53746,37.94753],[-122.53708,37.94593],[-122.5359,37.94543],[-122.53578,37.9448],[-122.53475,37.9441],[-122.53159,37.9439],[-122.52981,37.94524],[-122.52607,37.94418],[-122.52565,37.94552],[-122.52683,37.94652],[-122.52682,37.94713],[-122.52585,37.947],[-122.52496,37.94785],[-122.52286,37.94727],[-122.52148,37.94628],[-122.51983,37.94675],[-122.51897,37.94618],[-122.51919,37.94506],[-122.5206,37.94479],[-122.52092,37.94369],[-122.52124,37.94452],[-122.52242,37.94436],[-122.51968,37.94286],[-122.51815,37.94356],[-122.51755,37.94448],[-122.51366,37.94505],[-122.51314,37.94642],[-122.51175,37.94729],[-122.51094,37.94635],[-122.50944,37.94668],[-122.50755,37.94568],[-122.50666,37.94595],[-122.50605,37.94539],[-122.50478,37.9454],[-122.50541,37.94444],[-122.50238,37.94386],[-122.50161,37.94268],[-122.49808,37.94146],[-122.49693,37.94033],[-122.49619,37.94063],[-122.49663,37.9425],[-122.49618,37.94303],[-122.4946,37.94306],[-122.49411,37.94195],[-122.49286,37.94219],[-122.49251,37.94158],[-122.48882,37.94156],[-122.48945,37.93927],[-122.49081,37.939],[-122.4903,37.93756],[-122.48909,37.93703],[-122.48772,37.9379],[-122.48691,37.9395],[-122.4855,37.94013],[-122.48516,37.9409],[-122.4841,37.94118],[-122.4828,37.94057],[-122.48263,37.94155],[-122.48063,37.9426],[-122.48046,37.94301],[-122.4809,37.94294],[-122.48106,37.94344],[-122.48061,37.94337],[-122.48058,37.94411],[-122.48402,37.94544],[-122.48555,37.94523],[-122.48576,37.94463],[-122.48532,37.94458],[-122.4882,37.94442],[-122.48859,37.94474],[-122.48725,37.94469],[-122.48996,37.94543],[-122.49176,37.94673],[-122.49592,37.94739],[-122.49629,37.94834],[-122.49706,37.94867],[-122.49696,37.95034],[-122.49766,37.95067],[-122.49993,37.95039],[-122.49965,37.95015],[-122.49999,37.94989],[-122.50081,37.9498],[-122.50245,37.95263],[-122.50374,37.95228],[-122.50512,37.95333],[-122.50477,37.95361],[-122.50511,37.95382],[-122.506,37.95367],[-122.50729,37.9544],[-122.50774,37.95669],[-122.5088,37.95766],[-122.50989,37.95739],[-122.51034,37.95667],[-122.51305,37.95692],[-122.51353,37.95799],[-122.51212,37.96],[-122.51308,37.96061],[-122.51412,37.96047],[-122.51599,37.96226],[-122.51641,37.96224],[-122.51687,37.96119],[-122.51655,37.96008],[-122.51701,37.95955],[-122.51849,37.9593],[-122.51993,37.95972],[-122.5216,37.96352],[-122.52552,37.96375],[-122.52725,37.96494],[-122.52719,37.96599],[-122.52768,37.96643],[-122.52951,37.96679],[-122.52989,37.9665],[-122.53114,37.96714],[-122.53121,37.96788],[-122.53192,37.96802],[-122.53225,37.96866],[-122.53168,37.97143],[-122.52917,37.97132],[-122.52921,37.97216],[-122.52878,37.97212],[-122.5286,37.97276],[-122.52776,37.97219],[-122.52764,37.97301],[-122.52352,37.97271],[-122.5192,37.97327],[-122.5165,37.9724],[-122.51465,37.9732],[-122.51335,37.97274],[-122.51313,37.97159],[-122.51145,37.97198],[-122.51021,37.97149],[-122.5099,37.9701],[-122.51173,37.96958],[-122.51184,37.96884],[-122.51056,37.96824],[-122.50728,37.96826],[-122.50567,37.96883],[-122.50654,37.97015],[-122.50544,37.97056],[-122.50519,37.97098],[-122.50563,37.97124],[-122.5043,37.97212],[-122.50329,37.97201],[-122.50331,37.97107],[-122.50272,37.97038],[-122.50122,37.97063],[-122.50072,37.97155],[-122.50139,37.97245],[-122.50069,37.9729],[-122.50049,37.97379],[-122.49927,37.97496],[-122.49692,37.97575],[-122.49363,37.97439],[-122.49428,37.97318],[-122.49367,37.97308],[-122.49356,37.97258],[-122.4941,37.97262],[-122.49376,37.97161],[-122.49261,37.97146],[-122.49294,37.97016],[-122.49222,37.97008],[-122.49071,37.97112],[-122.48491,37.97045],[-122.48497,37.97099],[-122.48605,37.97109],[-122.4868,37.97197],[-122.48687,37.97333],[-122.48826,37.97341],[-122.48814,37.97387],[-122.48889,37.97428],[-122.48834,37.97416],[-122.48788,37.97467],[-122.48814,37.97492],[-122.48758,37.97565],[-122.48788,37.97599],[-122.48672,37.97646],[-122.48424,37.97576],[-122.48156,37.97608],[-122.48122,37.97554],[-122.47887,37.97639],[-122.47692,37.97556],[-122.4772,37.97484],[-122.47821,37.97434],[-122.47754,37.97401],[-122.4768,37.9749],[-122.47507,37.97513],[-122.47488,37.97551],[-122.47625,37.97643],[-122.47512,37.97849],[-122.48125,37.98146],[-122.48046,37.98185],[-122.48037,37.98281],[-122.4797,37.98358],[-122.47869,37.98361],[-122.47943,37.98464],[-122.4784,37.98517],[-122.47897,37.98455],[-122.47836,37.98464],[-122.47862,37.98426],[-122.47823,37.98403],[-122.47818,37.98466],[-122.47725,37.98493],[-122.4748,37.98318],[-122.47511,37.98293],[-122.47446,37.98238],[-122.47247,37.98346],[-122.47242,37.98435],[-122.47307,37.98551],[-122.4726,37.98634],[-122.47329,37.98818],[-122.47195,37.9899],[-122.47333,37.99179],[-122.47338,37.99258],[-122.47268,37.99314],[-122.47219,37.99495],[-122.47112,37.99501],[-122.47145,37.99545],[-122.47087,37.99648],[-122.46866,37.99704],[-122.46861,37.99759],[-122.46764,37.99805],[-122.46608,37.99653],[-122.46443,37.99607],[-122.4655,37.99478],[-122.46539,37.99358],[-122.46271,37.99406],[-122.46148,37.99536],[-122.45902,37.99481],[-122.46021,37.99297],[-122.46517,37.99039],[-122.46622,37.99086],[-122.4663,37.98961],[-122.4667,37.98953],[-122.46678,37.9887],[-122.46559,37.9884],[-122.4651,37.98743],[-122.4612,37.98821],[-122.45788,37.98979],[-122.458,37.98866],[-122.4569,37.98777],[-122.45793,37.98695],[-122.45784,37.98608],[-122.45958,37.98536],[-122.45989,37.98392],[-122.46226,37.98243],[-122.46175,37.9816],[-122.46259,37.98169],[-122.45596,37.9803],[-122.45431,37.98186],[-122.44991,37.98332],[-122.44733,37.98557],[-122.44754,37.98615],[-122.44825,37.9858],[-122.44855,37.98609],[-122.44837,37.98674],[-122.44777,37.98676],[-122.44827,37.98776],[-122.4479,37.98806],[-122.44834,37.98897],[-122.45034,37.99013],[-122.45041,37.99118],[-122.45317,37.99208],[-122.45372,37.99368],[-122.45574,37.99603],[-122.45597,37.99716],[-122.45794,37.99831],[-122.45934,37.99846],[-122.46125,37.9999],[-122.46193,38.00083],[-122.46156,38.00227],[-122.46213,38.00354],[-122.46374,38.00224],[-122.46537,38.00371],[-122.46522,38.00417],[-122.4661,38.0044],[-122.4671,38.00382],[-122.46702,38.00321],[-122.46755,38.00292],[-122.47021,38.0037],[-122.47057,38.00496],[-122.47288,38.00459],[-122.47391,38.00587],[-122.47374,38.00656],[-122.47475,38.00618],[-122.47564,38.00665],[-122.47639,38.00599],[-122.47729,38.00607],[-122.47749,38.00558],[-122.47882,38.00527],[-122.48129,38.00637],[-122.48175,38.0074],[-122.48248,38.00776],[-122.48331,38.00746],[-122.48325,38.00631],[-122.48444,38.00655],[-122.4858,38.00511],[-122.48703,38.00506],[-122.48751,38.00581],[-122.48718,38.00709],[-122.48655,38.00739],[-122.48668,38.00839],[-122.48747,38.00839],[-122.48785,38.00761],[-122.48901,38.00715],[-122.48984,38.00769],[-122.48889,38.01061],[-122.49059,38.01017],[-122.49097,38.01059],[-122.49173,38.01041],[-122.4923,38.00874],[-122.49167,38.00758],[-122.49366,38.00786],[-122.49681,38.00997],[-122.49726,38.01141],[-122.50062,38.01116],[-122.50178,38.01199],[-122.50258,38.0119],[-122.50169,38.01339],[-122.50215,38.01355],[-122.50215,38.01416],[-122.50348,38.01402],[-122.50381,38.01553],[-122.5051,38.015],[-122.50721,38.01554],[-122.50932,38.01526],[-122.51003,38.0141],[-122.50805,38.01331],[-122.5075,38.01353],[-122.50689,38.01283],[-122.50731,38.01244],[-122.50924,38.01229],[-122.50912,38.01287],[-122.51063,38.01298],[-122.51107,38.01243],[-122.51235,38.01274],[-122.51538,38.01244],[-122.51753,38.01106],[-122.51904,38.01068],[-122.52003,38.00908],[-122.5208,38.00977],[-122.52162,38.0095],[-122.52258,38.00756],[-122.52393,38.00734],[-122.52386,38.00554],[-122.52464,38.00564],[-122.52719,38.00457],[-122.52908,38.00328],[-122.52888,38.00274],[-122.52928,38.00303],[-122.5294,38.00247],[-122.53052,38.00261],[-122.52982,38.00346],[-122.52858,38.00453],[-122.52715,38.00478],[-122.52926,38.00508],[-122.52992,38.00478],[-122.53028,38.00382],[-122.53178,38.00402],[-122.53422,38.00298],[-122.53583,38.00118],[-122.53418,38.00352],[-122.5294,38.00558],[-122.52614,38.00525],[-122.52426,38.00632],[-122.52471,38.00751],[-122.52755,38.00935],[-122.52905,38.00955],[-122.53163,38.00651],[-122.53682,38.00202],[-122.5313,38.00714],[-122.52941,38.01044],[-122.52792,38.01038],[-122.52702,38.01295],[-122.52333,38.01439],[-122.51879,38.01401],[-122.51819,38.01707],[-122.51488,38.02038],[-122.51586,38.02073],[-122.51799,38.0197],[-122.5214,38.01921],[-122.52382,38.0165],[-122.52659,38.01737],[-122.52617,38.01796],[-122.5251,38.01708],[-122.52385,38.0169],[-122.52291,38.01862],[-122.51816,38.0208],[-122.51849,38.02205],[-122.51926,38.02241],[-122.51781,38.02415],[-122.51831,38.02408],[-122.51809,38.02453],[-122.51723,38.02518],[-122.51772,38.02597],[-122.51802,38.02867],[-122.51792,38.03351],[-122.52105,38.03442],[-122.51785,38.03358],[-122.51772,38.02815],[-122.51699,38.02553],[-122.50362,38.03057],[-122.50409,38.03268],[-122.5026,38.03398],[-122.49865,38.04097],[-122.49858,38.04813],[-122.50709,38.04856],[-122.50767,38.04805],[-122.50762,38.04746],[-122.50857,38.04734],[-122.50883,38.04801],[-122.50781,38.04815],[-122.50996,38.04841],[-122.51087,38.05034],[-122.50874,38.05023],[-122.50858,38.05084],[-122.50677,38.05208],[-122.50632,38.0516],[-122.50648,38.05202],[-122.50597,38.05232],[-122.50662,38.05224],[-122.50944,38.0548],[-122.50989,38.05585],[-122.51206,38.05794],[-122.51289,38.06038],[-122.51408,38.06054],[-122.51499,38.06215],[-122.5233,38.06883],[-122.5232,38.06928],[-122.52138,38.07069],[-122.52075,38.07062],[-122.51137,38.06321],[-122.51033,38.06291],[-122.51152,38.06219],[-122.5099,38.06265],[-122.50754,38.06231],[-122.50104,38.06082],[-122.49715,38.05932],[-122.49572,38.05945],[-122.49233,38.05869],[-122.48519,38.07093],[-122.48453,38.07311],[-122.48471,38.07776],[-122.48533,38.08075],[-122.48788,38.08857],[-122.49007,38.09288],[-122.49536,38.09142],[-122.49889,38.08988],[-122.50375,38.08524],[-122.50616,38.08408],[-122.50527,38.08322],[-122.50489,38.08199],[-122.50364,38.08089],[-122.50371,38.07978],[-122.50784,38.07795],[-122.51144,38.07836],[-122.5126,38.07677],[-122.5165,38.07441],[-122.51778,38.07546],[-122.5213,38.07663],[-122.52245,38.07791],[-122.52386,38.07742],[-122.52523,38.07892],[-122.52543,38.08008],[-122.52627,38.08072],[-122.52138,38.0804],[-122.52158,38.07942],[-122.52327,38.07983],[-122.52466,38.07919],[-122.52397,38.0785],[-122.52166,38.07908],[-122.52046,38.0772],[-122.51963,38.07779],[-122.52043,38.07849],[-122.52061,38.08023],[-122.52101,38.08045],[-122.51967,38.08088],[-122.51899,38.07907],[-122.51668,38.07797],[-122.51696,38.07716],[-122.51566,38.07557],[-122.51479,38.07614],[-122.51584,38.07715],[-122.51602,38.07828],[-122.51281,38.0776],[-122.51229,38.07846],[-122.5179,38.07945],[-122.51849,38.08],[-122.51868,38.08116],[-122.513,38.0819],[-122.5124,38.08173],[-122.51183,38.08034],[-122.51054,38.07956],[-122.50788,38.07934],[-122.50424,38.08109],[-122.50496,38.08132],[-122.50808,38.0798],[-122.51015,38.08022],[-122.51186,38.08179],[-122.50665,38.08263],[-122.50701,38.08284],[-122.50575,38.08315],[-122.50641,38.08399],[-122.50802,38.08367],[-122.51023,38.08399],[-122.51232,38.08483],[-122.51439,38.08648],[-122.51544,38.08594],[-122.51288,38.08402],[-122.51294,38.08284],[-122.52087,38.08178],[-122.5208,38.08333],[-122.51978,38.08409],[-122.51774,38.08439],[-122.51798,38.08524],[-122.52034,38.08476],[-122.52141,38.08407],[-122.52208,38.08283],[-122.52208,38.0814],[-122.52426,38.08165],[-122.5244,38.08379],[-122.52543,38.08601],[-122.52174,38.08639],[-122.51729,38.08831],[-122.51657,38.08819],[-122.51593,38.08713],[-122.51472,38.08725],[-122.51555,38.08902],[-122.5175,38.08955],[-122.522,38.08723],[-122.52679,38.08709],[-122.52681,38.08574],[-122.5256,38.08347],[-122.52555,38.08208],[-122.5263,38.08116],[-122.52824,38.08075],[-122.52798,38.08098],[-122.53115,38.08234],[-122.53373,38.08419],[-122.52876,38.08128],[-122.52642,38.08129],[-122.52589,38.0817],[-122.52578,38.08317],[-122.52715,38.08672],[-122.52621,38.08747],[-122.52769,38.08754],[-122.52827,38.08692],[-122.52809,38.08726],[-122.52692,38.08771],[-122.52314,38.0873],[-122.52317,38.08778],[-122.52248,38.08804],[-122.52314,38.08772],[-122.523,38.08732],[-122.52151,38.08772],[-122.52048,38.08943],[-122.519,38.09054],[-122.52042,38.08945],[-122.52141,38.08775],[-122.51776,38.08973],[-122.51508,38.08883],[-122.51482,38.08986],[-122.5153,38.08979],[-122.51484,38.08992],[-122.51493,38.09038],[-122.51636,38.0914],[-122.51488,38.0904],[-122.51469,38.08777],[-122.51253,38.08529],[-122.50928,38.08408],[-122.50915,38.08447],[-122.50586,38.08498],[-122.50413,38.08625],[-122.5013,38.08991],[-122.49493,38.09315],[-122.49153,38.1006],[-122.4895,38.10249],[-122.48886,38.10539],[-122.49456,38.109],[-122.4956,38.10513],[-122.49596,38.10605],[-122.49738,38.10694],[-122.49604,38.10735],[-122.49601,38.10783],[-122.49732,38.10808],[-122.49885,38.11013],[-122.50014,38.1098],[-122.50112,38.11093],[-122.50237,38.11078],[-122.50334,38.10955],[-122.50472,38.10932],[-122.50492,38.10903],[-122.50423,38.10864],[-122.50506,38.10876],[-122.50561,38.10923],[-122.50294,38.11133],[-122.50387,38.11071],[-122.50435,38.11191],[-122.506,38.11189],[-122.50666,38.11362],[-122.50625,38.11438],[-122.50686,38.11491],[-122.51083,38.11495],[-122.51062,38.11403],[-122.5113,38.11408],[-122.51353,38.11487],[-122.51472,38.11689],[-122.51598,38.11634],[-122.51678,38.11791],[-122.51835,38.11777],[-122.51765,38.11897],[-122.51831,38.11939],[-122.51959,38.11919],[-122.51922,38.1199],[-122.52021,38.12039],[-122.51968,38.12123],[-122.51901,38.12136],[-122.51897,38.1222],[-122.52039,38.12366],[-122.51916,38.12303],[-122.517,38.1248],[-122.51742,38.12435],[-122.51781,38.12456],[-122.51819,38.12909],[-122.51772,38.12919],[-122.5184,38.12917],[-122.51817,38.12438],[-122.51911,38.12412],[-122.51979,38.12573],[-122.51963,38.12647],[-122.52041,38.12655],[-122.52079,38.12564],[-122.52037,38.12387],[-122.52128,38.12318],[-122.52219,38.12532],[-122.52281,38.1257],[-122.51912,38.13099],[-122.52288,38.12587],[-122.52389,38.12552],[-122.5232,38.12413],[-122.5251,38.1242],[-122.52509,38.12321],[-122.52374,38.1223],[-122.52456,38.12199],[-122.52669,38.12203],[-122.52733,38.12246],[-122.52566,38.12284],[-122.52599,38.12364],[-122.52546,38.12455],[-122.52721,38.12502],[-122.52738,38.12427],[-122.5277,38.12442],[-122.52717,38.12508],[-122.52531,38.12464],[-122.52458,38.12574],[-122.52531,38.12604],[-122.52629,38.12532],[-122.52706,38.12576],[-122.52705,38.1265],[-122.52782,38.12713],[-122.5314,38.12887],[-122.5313,38.12919],[-122.53158,38.12892],[-122.53325,38.12939],[-122.53374,38.12878],[-122.53586,38.12828],[-122.53543,38.12972],[-122.53665,38.13062],[-122.53756,38.13053],[-122.53763,38.1298],[-122.53849,38.12917],[-122.53869,38.13025],[-122.54018,38.13],[-122.53929,38.13107],[-122.53953,38.13151],[-122.54055,38.13165],[-122.54255,38.13076],[-122.54262,38.13195],[-122.54458,38.13288],[-122.54491,38.13404],[-122.54587,38.13505],[-122.54642,38.13499],[-122.54635,38.13561],[-122.54522,38.1354],[-122.53951,38.13724],[-122.53694,38.13744],[-122.53446,38.13635],[-122.53407,38.1352],[-122.53283,38.13532],[-122.52869,38.13308],[-122.52703,38.13521],[-122.52709,38.13601],[-122.52993,38.13693],[-122.53138,38.13501],[-122.53226,38.13605],[-122.53314,38.13607],[-122.53223,38.13609],[-122.53127,38.13505],[-122.53,38.13696],[-122.53399,38.13861],[-122.52526,38.13625],[-122.52399,38.1367],[-122.52402,38.13792],[-122.52885,38.14182],[-122.53816,38.1423],[-122.54123,38.14662],[-122.54136,38.14771],[-122.54276,38.14902],[-122.54379,38.15174],[-122.54332,38.15373],[-122.54408,38.15664],[-122.54868,38.15666],[-122.55458,38.15517],[-122.55904,38.15632],[-122.56459,38.15677],[-122.56418,38.15712],[-122.55541,38.15715],[-122.55351,38.15772],[-122.55765,38.15948],[-122.55869,38.16041],[-122.55884,38.16188],[-122.55751,38.16486],[-122.55325,38.16767],[-122.5527,38.16861],[-122.55366,38.16905],[-122.56006,38.16835],[-122.56289,38.16875],[-122.56488,38.17046],[-122.56505,38.17415],[-122.56548,38.17495],[-122.56978,38.17669],[-122.57088,38.17601],[-122.57015,38.17505],[-122.57053,38.17454],[-122.57159,38.17562],[-122.57161,38.17642],[-122.57018,38.17716],[-122.56889,38.17713],[-122.57017,38.17721],[-122.57152,38.17649],[-122.57173,38.17794],[-122.57367,38.17776],[-122.57654,38.18192],[-122.57708,38.18348],[-122.57815,38.18337],[-122.57972,38.18566],[-122.58045,38.18535],[-122.58406,38.18648],[-122.58204,38.18636],[-122.58003,38.18555],[-122.57974,38.18714],[-122.5793,38.18739],[-122.57437,38.18578]]],[[[-122.55508,38.15646],[-122.55516,38.15588],[-122.55452,38.15546],[-122.55345,38.15638],[-122.55508,38.15646]]],[[[-122.52464,38.01],[-122.52513,38.00947],[-122.52375,38.00878],[-122.52347,38.00968],[-122.52377,38.00924],[-122.52464,38.01]]],[[[-122.46952,37.99298],[-122.46904,37.99336],[-122.46972,37.99434],[-122.47033,37.99361],[-122.46952,37.99298]]],[[[-122.51702,37.93731],[-122.51854,37.93754],[-122.51876,37.93667],[-122.51831,37.93545],[-122.51779,37.93554],[-122.51786,37.93459],[-122.51706,37.93478],[-122.51641,37.93372],[-122.51611,37.93535],[-122.51694,37.93553],[-122.51637,37.93593],[-122.51655,37.93703],[-122.51702,37.93731]]],[[[-122.51952,37.93615],[-122.51913,37.93645],[-122.51989,37.93644],[-122.51952,37.93615]]],[[[-122.51908,37.93669],[-122.51896,37.93738],[-122.51961,37.93732],[-122.51943,37.93661],[-122.51908,37.93669]]],[[[-122.51986,37.93681],[-122.52029,37.9373],[-122.5197,37.93733],[-122.52085,37.93755],[-122.51986,37.93681]]],[[[-122.51161,37.9435],[-122.51147,37.94421],[-122.51255,37.94491],[-122.51303,37.94423],[-122.51278,37.94357],[-122.51161,37.9435]]],[[[-122.45751,37.87255],[-122.45788,37.87351],[-122.45966,37.87366],[-122.45948,37.87295],[-122.45787,37.87166],[-122.45718,37.87172],[-122.45751,37.87255]]],[[[-122.43036,37.87217],[-122.43209,37.87155],[-122.43251,37.87032],[-122.43452,37.86957],[-122.43447,37.86813],[-122.43396,37.86761],[-122.43498,37.86619],[-122.43766,37.86676],[-122.43879,37.86842],[-122.43972,37.86703],[-122.44112,37.86274],[-122.4462,37.86129],[-122.4463,37.86089],[-122.44271,37.85972],[-122.44225,37.85809],[-122.44282,37.85753],[-122.4423,37.85665],[-122.44266,37.85622],[-122.44117,37.85578],[-122.44101,37.85528],[-122.43973,37.85578],[-122.43734,37.85486],[-122.43647,37.85405],[-122.43438,37.85374],[-122.43097,37.85563],[-122.42855,37.85568],[-122.42691,37.85494],[-122.42174,37.85427],[-122.41881,37.85262],[-122.41855,37.85333],[-122.41995,37.8541],[-122.41985,37.85662],[-122.42134,37.85893],[-122.42101,37.85986],[-122.41889,37.8617],[-122.41912,37.86251],[-122.42196,37.86378],[-122.42202,37.86616],[-122.42305,37.86766],[-122.4235,37.86954],[-122.42472,37.87045],[-122.42686,37.87018],[-122.43036,37.87217]]],[[[-122.45821,37.86214],[-122.45798,37.86263],[-122.45883,37.86343],[-122.4584,37.86522],[-122.46033,37.8665],[-122.46111,37.86802],[-122.46258,37.86869],[-122.46407,37.87267],[-122.46542,37.87386],[-122.46515,37.87401],[-122.46823,37.87497],[-122.47034,37.87725],[-122.47209,37.87814],[-122.47367,37.87778],[-122.47374,37.87588],[-122.47332,37.87506],[-122.46885,37.86871],[-122.46754,37.86844],[-122.4641,37.86547],[-122.45821,37.86214]]],[[[-122.9623,38.31688],[-122.95657,38.31384],[-122.95178,38.31319],[-122.94899,38.31166],[-122.94701,38.31118],[-122.94574,38.31122],[-122.94413,38.31264],[-122.93984,38.31078],[-122.93768,38.31194],[-122.93753,38.31305],[-122.93435,38.31399],[-122.93385,38.31341],[-122.93416,38.31282],[-122.93616,38.31225],[-122.93682,38.31138],[-122.93673,38.31028],[-122.93565,38.30962],[-122.93498,38.3097],[-122.93275,38.31163],[-122.92869,38.31275],[-122.92586,38.31274],[-122.92383,38.31149],[-122.92301,38.30905],[-122.92208,38.30839],[-122.91798,38.31025],[-122.91775,38.3117],[-122.91673,38.31243],[-122.91672,38.31313],[-122.91561,38.31289],[-122.91793,38.31016],[-122.92216,38.30826],[-122.92306,38.30887],[-122.92363,38.31034],[-122.92559,38.31188],[-122.93052,38.31018],[-122.93173,38.3093],[-122.93438,38.30874],[-122.93622,38.30891],[-122.93605,38.30966],[-122.9365,38.30952],[-122.93768,38.31045],[-122.93762,38.31159],[-122.93855,38.31121],[-122.93921,38.3099],[-122.94379,38.31237],[-122.94506,38.31092],[-122.94691,38.31086],[-122.94711,38.30994],[-122.94933,38.30691],[-122.94961,38.3083],[-122.94928,38.3095],[-122.94858,38.30997],[-122.94869,38.31107],[-122.95184,38.3123],[-122.95491,38.31262],[-122.95797,38.31426],[-122.95875,38.31428],[-122.95965,38.31316],[-122.95967,38.31513],[-122.96152,38.31639],[-122.96352,38.31683],[-122.96607,38.31598],[-122.96622,38.31373],[-122.96495,38.31203],[-122.96617,38.31159],[-122.97051,38.30799],[-122.97112,38.30795],[-122.97424,38.3103],[-122.97613,38.30943],[-122.97686,38.31013],[-122.97823,38.31003],[-122.97996,38.31072],[-122.98203,38.31044],[-122.98258,38.30755],[-122.98175,38.30687],[-122.98252,38.30532],[-122.98125,38.3042],[-122.97941,38.30345],[-122.978,38.30201],[-122.97865,38.30199],[-122.97871,38.30156],[-122.98007,38.30315],[-122.98252,38.30366],[-122.98347,38.30335],[-122.98362,38.30404],[-122.98293,38.30454],[-122.98375,38.30526],[-122.98344,38.30606],[-122.98427,38.30645],[-122.98488,38.30591],[-122.98532,38.30727],[-122.98797,38.3076],[-122.98829,38.30692],[-122.9896,38.30642],[-122.99001,38.30535],[-122.98972,38.30442],[-122.99167,38.3047],[-122.9939,38.30625],[-122.99449,38.30551],[-122.99358,38.30424],[-122.99271,38.29964],[-122.99481,38.29867],[-122.99689,38.29848],[-122.99639,38.29751],[-122.99776,38.29814],[-122.9984,38.29788],[-123.00156,38.29496],[-122.99953,38.2923],[-122.99976,38.29088],[-122.99718,38.28972],[-122.99513,38.28961],[-122.99651,38.28948],[-122.99739,38.28801],[-122.99629,38.28723],[-122.99679,38.28623],[-122.99511,38.2855],[-122.99535,38.28479],[-122.99465,38.28315],[-122.99171,38.2816],[-122.98946,38.28126],[-122.98847,38.2803],[-122.98871,38.27741],[-122.98704,38.27583],[-122.98749,38.27484],[-122.98675,38.27428],[-122.98651,38.27309],[-122.98352,38.27306],[-122.98223,38.27216],[-122.98252,38.27165],[-122.98188,38.27166],[-122.98004,38.27028],[-122.97503,38.27154],[-122.9739,38.2731],[-122.97409,38.27347],[-122.97247,38.27399],[-122.9709,38.27589],[-122.97043,38.27501],[-122.9692,38.27457],[-122.9678,38.27432],[-122.96703,38.27475],[-122.96601,38.27131],[-122.96415,38.27077],[-122.96343,38.27004],[-122.96444,38.26791],[-122.9634,38.26843],[-122.96246,38.26827],[-122.96075,38.26706],[-122.95993,38.26767],[-122.95989,38.26824],[-122.9617,38.26952],[-122.96078,38.27238],[-122.96192,38.273],[-122.95879,38.27567],[-122.95708,38.27533],[-122.95569,38.27326],[-122.95255,38.27569],[-122.95133,38.2774],[-122.94909,38.27873],[-122.94842,38.28005],[-122.94885,38.27889],[-122.94779,38.27964],[-122.94824,38.27776],[-122.94766,38.27918],[-122.94175,38.27723],[-122.94079,38.27598],[-122.94125,38.27511],[-122.94048,38.27386],[-122.93851,38.27376],[-122.93621,38.27478],[-122.93086,38.27361],[-122.92802,38.27339],[-122.92562,38.27385],[-122.92528,38.27316],[-122.92761,38.27225],[-122.92699,38.26988],[-122.92777,38.26496],[-122.92395,38.26294],[-122.92315,38.26309],[-122.92264,38.26377],[-122.92165,38.26751],[-122.92236,38.27204],[-122.92035,38.27304],[-122.9191,38.27311],[-122.91767,38.27223],[-122.91708,38.27259],[-122.91745,38.27233],[-122.91725,38.27031],[-122.9177,38.27145],[-122.91767,38.27059],[-122.91707,38.26953],[-122.91566,38.269],[-122.91253,38.26939],[-122.91196,38.26993],[-122.90869,38.27065],[-122.90643,38.27026],[-122.90473,38.27215],[-122.90222,38.27217],[-122.90067,38.27328],[-122.90207,38.2722],[-122.90222,38.27087],[-122.90082,38.26728],[-122.89974,38.26667],[-122.90096,38.26723],[-122.90233,38.27039],[-122.90216,38.27153],[-122.9027,38.27214],[-122.90452,38.27211],[-122.90488,38.27159],[-122.90448,38.27124],[-122.90511,38.27121],[-122.90641,38.27009],[-122.90888,38.27035],[-122.90976,38.26972],[-122.91153,38.26985],[-122.91207,38.26965],[-122.91198,38.26926],[-122.91443,38.26905],[-122.91593,38.26831],[-122.91563,38.26873],[-122.9172,38.26914],[-122.91806,38.27056],[-122.91796,38.27188],[-122.91863,38.27103],[-122.9186,38.27225],[-122.92048,38.27214],[-122.92083,38.264],[-122.92265,38.26247],[-122.92559,38.26185],[-122.92501,38.26232],[-122.92613,38.26265],[-122.92846,38.2647],[-122.92899,38.26647],[-122.92892,38.27108],[-122.92936,38.27188],[-122.93072,38.27276],[-122.93399,38.27339],[-122.9366,38.27325],[-122.93976,38.27204],[-122.94178,38.27197],[-122.94412,38.27369],[-122.9447,38.27652],[-122.94548,38.27631],[-122.94902,38.27723],[-122.94994,38.277],[-122.95014,38.27568],[-122.952,38.27459],[-122.95238,38.27387],[-122.95093,38.27171],[-122.9495,38.2707],[-122.9501,38.27056],[-122.95131,38.27088],[-122.95319,38.27246],[-122.9534,38.27192],[-122.95386,38.27223],[-122.9562,38.27184],[-122.95893,38.2741],[-122.9598,38.27321],[-122.9596,38.27222],[-122.96063,38.26991],[-122.95797,38.26737],[-122.96109,38.26586],[-122.96186,38.26606],[-122.9626,38.26725],[-122.96509,38.26699],[-122.96558,38.26784],[-122.96481,38.26982],[-122.96729,38.27067],[-122.9689,38.27288],[-122.97039,38.27338],[-122.97182,38.27313],[-122.97278,38.27222],[-122.97356,38.27023],[-122.97603,38.26948],[-122.9766,38.26804],[-122.9775,38.26772],[-122.97773,38.26667],[-122.97652,38.2661],[-122.97601,38.2649],[-122.97421,38.263],[-122.97396,38.26124],[-122.97095,38.25905],[-122.9708,38.25746],[-122.97014,38.25629],[-122.9705,38.25534],[-122.96936,38.25481],[-122.96784,38.25309],[-122.96814,38.25272],[-122.96783,38.25129],[-122.96714,38.25116],[-122.96673,38.25033],[-122.96554,38.24956],[-122.96233,38.24932],[-122.96524,38.24856],[-122.96624,38.24887],[-122.96686,38.248],[-122.96739,38.24832],[-122.9678,38.2476],[-122.96819,38.24776],[-122.96943,38.24259],[-122.96943,38.24197],[-122.96892,38.24178],[-122.96717,38.24788],[-122.96686,38.24607],[-122.96803,38.24242],[-122.96747,38.24249],[-122.96634,38.24591],[-122.96625,38.24493],[-122.96521,38.24417],[-122.96569,38.24429],[-122.96522,38.24255],[-122.96584,38.24249],[-122.96597,38.24196],[-122.96426,38.24119],[-122.96486,38.24098],[-122.96299,38.23983],[-122.96296,38.23906],[-122.96376,38.23937],[-122.96241,38.23864],[-122.96111,38.23714],[-122.962,38.23753],[-122.96017,38.23615],[-122.9606,38.23589],[-122.96029,38.23528],[-122.95956,38.23442],[-122.9591,38.23456],[-122.95922,38.23393],[-122.96151,38.23453],[-122.96151,38.23391],[-122.962,38.23442],[-122.96132,38.23489],[-122.96122,38.23561],[-122.96175,38.23657],[-122.96308,38.23731],[-122.96214,38.23615],[-122.96215,38.23542],[-122.96278,38.23564],[-122.96389,38.23737],[-122.96566,38.23827],[-122.96528,38.23852],[-122.96395,38.238],[-122.9661,38.23918],[-122.96597,38.23876],[-122.9669,38.23893],[-122.96487,38.23705],[-122.96362,38.23437],[-122.96488,38.23412],[-122.96335,38.23394],[-122.96304,38.23405],[-122.96329,38.2346],[-122.96257,38.23457],[-122.96223,38.23364],[-122.96269,38.2337],[-122.96187,38.23331],[-122.96199,38.23382],[-122.96048,38.23365],[-122.96093,38.23407],[-122.95875,38.23348],[-122.95827,38.23362],[-122.95824,38.23463],[-122.95696,38.23479],[-122.95583,38.23442],[-122.95534,38.23374],[-122.95463,38.23378],[-122.95414,38.23324],[-122.95481,38.23358],[-122.955,38.23321],[-122.9535,38.23206],[-122.95204,38.22936],[-122.9506,38.22812],[-122.95104,38.22665],[-122.94927,38.22514],[-122.94976,38.22421],[-122.94833,38.22313],[-122.94806,38.2219],[-122.94624,38.22142],[-122.94707,38.22023],[-122.94483,38.22052],[-122.94116,38.21895],[-122.94085,38.21936],[-122.9401,38.21911],[-122.94049,38.21862],[-122.9399,38.21827],[-122.94,38.21764],[-122.93637,38.21509],[-122.9354,38.21383],[-122.93544,38.21222],[-122.93367,38.21146],[-122.93337,38.21209],[-122.93166,38.21235],[-122.92887,38.21522],[-122.92793,38.21684],[-122.92859,38.2172],[-122.92575,38.2189],[-122.92392,38.22181],[-122.91792,38.22498],[-122.91784,38.22865],[-122.91722,38.23006],[-122.91679,38.2301],[-122.91678,38.23086],[-122.9159,38.23132],[-122.91601,38.23285],[-122.9131,38.23357],[-122.91273,38.23445],[-122.91199,38.23429],[-122.91047,38.23513],[-122.91005,38.23686],[-122.9087,38.23796],[-122.90909,38.23832],[-122.90763,38.23897],[-122.90845,38.24078],[-122.90815,38.24105],[-122.90769,38.24096],[-122.90688,38.23929],[-122.90576,38.23965],[-122.90584,38.24049],[-122.9053,38.24109],[-122.90575,38.2405],[-122.90566,38.23962],[-122.90534,38.23968],[-122.9093,38.23639],[-122.90931,38.23478],[-122.91257,38.23311],[-122.91148,38.23321],[-122.91069,38.23268],[-122.9094,38.23019],[-122.90791,38.22945],[-122.90685,38.22802],[-122.90715,38.22613],[-122.90816,38.22546],[-122.90942,38.2254],[-122.90929,38.22442],[-122.90261,38.22162],[-122.90325,38.22157],[-122.9025,38.22124],[-122.90288,38.22104],[-122.90259,38.22076],[-122.90153,38.22143],[-122.90227,38.22404],[-122.9016,38.22476],[-122.89683,38.22187],[-122.89619,38.22262],[-122.89624,38.22679],[-122.89471,38.22832],[-122.89465,38.22791],[-122.89358,38.22885],[-122.89205,38.22882],[-122.89291,38.22883],[-122.89218,38.22804],[-122.89253,38.2277],[-122.89269,38.22812],[-122.89285,38.22745],[-122.89162,38.22662],[-122.89243,38.226],[-122.89207,38.2267],[-122.89313,38.22751],[-122.89302,38.22844],[-122.89367,38.2285],[-122.89501,38.2272],[-122.89534,38.2259],[-122.8959,38.2255],[-122.89529,38.22447],[-122.89547,38.22329],[-122.89652,38.2217],[-122.89778,38.22189],[-122.90157,38.22435],[-122.90192,38.22372],[-122.90109,38.2218],[-122.9017,38.22073],[-122.90253,38.22051],[-122.90492,38.22212],[-122.90635,38.22242],[-122.90666,38.2221],[-122.90721,38.2225],[-122.90701,38.22224],[-122.9077,38.22206],[-122.9086,38.22313],[-122.91048,38.22399],[-122.91055,38.22562],[-122.90876,38.22792],[-122.9103,38.22863],[-122.91176,38.23132],[-122.9133,38.23252],[-122.91387,38.23107],[-122.91622,38.22819],[-122.91594,38.22534],[-122.91633,38.22448],[-122.91839,38.22297],[-122.92211,38.22131],[-122.92291,38.21951],[-122.92269,38.21842],[-122.92363,38.2181],[-122.9236,38.21712],[-122.9248,38.21629],[-122.92531,38.21297],[-122.92258,38.21037],[-122.92312,38.21017],[-122.92492,38.21087],[-122.9256,38.21048],[-122.92547,38.20748],[-122.92509,38.20711],[-122.92568,38.20673],[-122.92558,38.20593],[-122.92374,38.20511],[-122.92355,38.2035],[-122.92149,38.20139],[-122.92115,38.2],[-122.91926,38.19987],[-122.92034,38.19929],[-122.92051,38.19731],[-122.91953,38.19493],[-122.91784,38.1941],[-122.91836,38.19387],[-122.91725,38.19055],[-122.9166,38.18988],[-122.91442,38.18949],[-122.91264,38.18836],[-122.91251,38.18576],[-122.91156,38.18396],[-122.91019,38.18352],[-122.90905,38.18418],[-122.9099,38.18171],[-122.909,38.18011],[-122.9092,38.17972],[-122.90827,38.1793],[-122.90544,38.17583],[-122.90498,38.17593],[-122.9052,38.17561],[-122.90377,38.17474],[-122.90339,38.17138],[-122.90225,38.16967],[-122.90152,38.16929],[-122.90014,38.17032],[-122.8995,38.16985],[-122.89857,38.17072],[-122.8975,38.17016],[-122.89741,38.16959],[-122.89833,38.1699],[-122.89962,38.16913],[-122.90012,38.16734],[-122.89939,38.16701],[-122.90034,38.16669],[-122.90074,38.16601],[-122.89871,38.16463],[-122.89795,38.1634],[-122.89624,38.16267],[-122.89469,38.16281],[-122.89287,38.16372],[-122.89319,38.16345],[-122.89266,38.16331],[-122.89343,38.16249],[-122.8944,38.15928],[-122.89064,38.15378],[-122.88756,38.15136],[-122.88731,38.15049],[-122.88859,38.15038],[-122.88811,38.14955],[-122.88727,38.14887],[-122.88377,38.14871],[-122.88303,38.14808],[-122.88265,38.14653],[-122.88183,38.14671],[-122.88207,38.14532],[-122.88112,38.1441],[-122.87665,38.14299],[-122.87186,38.14029],[-122.87168,38.1389],[-122.87252,38.13726],[-122.87158,38.1365],[-122.87066,38.13319],[-122.86733,38.13013],[-122.8635,38.12836],[-122.86285,38.12751],[-122.86259,38.12578],[-122.86025,38.12618],[-122.86053,38.12522],[-122.85935,38.12568],[-122.86045,38.12518],[-122.8599,38.12512],[-122.86014,38.12456],[-122.86264,38.1233],[-122.86331,38.12191],[-122.86305,38.12115],[-122.86173,38.1203],[-122.85734,38.1205],[-122.85846,38.1195],[-122.85872,38.11598],[-122.85618,38.11676],[-122.85459,38.11651],[-122.85606,38.11684],[-122.85375,38.11722],[-122.85352,38.11652],[-122.85441,38.1165],[-122.85377,38.11626],[-122.85352,38.11557],[-122.85265,38.11539],[-122.84989,38.1133],[-122.85016,38.11302],[-122.84863,38.1115],[-122.85019,38.11211],[-122.85152,38.11203],[-122.8525,38.10931],[-122.85174,38.10742],[-122.84995,38.10659],[-122.84922,38.10826],[-122.84874,38.10758],[-122.84754,38.10728],[-122.84456,38.10798],[-122.84453,38.10831],[-122.84442,38.10795],[-122.84239,38.10771],[-122.83901,38.11018],[-122.83814,38.11013],[-122.83694,38.11153],[-122.83807,38.11005],[-122.83739,38.11004],[-122.83919,38.10882],[-122.84026,38.1049],[-122.83846,38.10345],[-122.83737,38.10322],[-122.83749,38.10198],[-122.83698,38.10126],[-122.83619,38.10057],[-122.83506,38.10042],[-122.83459,38.09938],[-122.83248,38.09774],[-122.82915,38.09702],[-122.83007,38.09513],[-122.8275,38.09243],[-122.82586,38.09224],[-122.82509,38.09104],[-122.82217,38.08999],[-122.82092,38.0914],[-122.81886,38.09143],[-122.82022,38.09078],[-122.82027,38.08908],[-122.82147,38.08739],[-122.82106,38.08647],[-122.82215,38.08408],[-122.82105,38.08343],[-122.82186,38.08287],[-122.82298,38.08329],[-122.82531,38.08262],[-122.82622,38.08302],[-122.82629,38.08198],[-122.825,38.08014],[-122.82314,38.07926],[-122.81866,38.07919],[-122.81568,38.07833],[-122.81456,38.0767],[-122.81524,38.07397],[-122.81462,38.07122],[-122.81074,38.07076],[-122.81195,38.07046],[-122.81011,38.07047],[-122.81074,38.06982],[-122.81071,38.06842],[-122.81164,38.06737],[-122.81205,38.06545],[-122.81269,38.06499],[-122.81474,38.0638],[-122.81983,38.06338],[-122.82051,38.06527],[-122.82027,38.06356],[-122.81933,38.0631],[-122.81342,38.06338],[-122.81144,38.06416],[-122.80975,38.0655],[-122.80714,38.06537],[-122.80521,38.06457],[-122.80793,38.06522],[-122.80977,38.06506],[-122.81078,38.06428],[-122.81045,38.06404],[-122.81281,38.06298],[-122.81676,38.06294],[-122.81653,38.06254],[-122.8146,38.06267],[-122.81642,38.06228],[-122.81628,38.06198],[-122.81677,38.06202],[-122.81697,38.06294],[-122.81734,38.06239],[-122.81835,38.06233],[-122.82044,38.0631],[-122.82113,38.06554],[-122.82201,38.06592],[-122.82296,38.06821],[-122.82391,38.06892],[-122.82361,38.06943],[-122.82426,38.07075],[-122.82354,38.0713],[-122.82376,38.07212],[-122.82564,38.07127],[-122.82678,38.07298],[-122.83011,38.07539],[-122.833,38.0795],[-122.83594,38.08171],[-122.83615,38.08295],[-122.83758,38.0835],[-122.83768,38.08496],[-122.83894,38.08609],[-122.83856,38.08622],[-122.8395,38.08675],[-122.8397,38.08648],[-122.84207,38.08822],[-122.84239,38.0894],[-122.84178,38.09035],[-122.84228,38.0899],[-122.84272,38.09032],[-122.84261,38.08989],[-122.84392,38.09012],[-122.84563,38.09135],[-122.84788,38.09395],[-122.84909,38.09438],[-122.85136,38.09624],[-122.85236,38.09623],[-122.85265,38.09706],[-122.85234,38.09721],[-122.85276,38.09715],[-122.85209,38.09748],[-122.85241,38.098],[-122.85541,38.10052],[-122.85688,38.10073],[-122.8569,38.10166],[-122.85759,38.10198],[-122.85745,38.10286],[-122.85792,38.10302],[-122.85895,38.10234],[-122.85906,38.10286],[-122.85964,38.10261],[-122.85858,38.10363],[-122.86035,38.10501],[-122.86248,38.10512],[-122.86203,38.10534],[-122.86218,38.1059],[-122.86446,38.10883],[-122.86537,38.10948],[-122.86795,38.10978],[-122.86576,38.11056],[-122.86581,38.11115],[-122.87008,38.11367],[-122.86981,38.11463],[-122.87085,38.11502],[-122.87166,38.11614],[-122.87315,38.11646],[-122.87315,38.11553],[-122.87392,38.11627],[-122.87379,38.11702],[-122.87544,38.11699],[-122.87468,38.1182],[-122.87765,38.12025],[-122.87958,38.12248],[-122.88198,38.12314],[-122.88412,38.12123],[-122.88347,38.12289],[-122.88262,38.12366],[-122.88245,38.12487],[-122.8832,38.12565],[-122.88308,38.12616],[-122.88362,38.12678],[-122.88586,38.12713],[-122.88662,38.12751],[-122.88655,38.12788],[-122.88833,38.12856],[-122.88731,38.12892],[-122.88722,38.12997],[-122.88938,38.13208],[-122.89087,38.13263],[-122.89279,38.13241],[-122.8944,38.13136],[-122.8937,38.13249],[-122.89486,38.13386],[-122.89551,38.13583],[-122.89624,38.13611],[-122.89754,38.13602],[-122.8993,38.13464],[-122.89937,38.13576],[-122.89702,38.13756],[-122.89757,38.13857],[-122.89618,38.13903],[-122.89659,38.14039],[-122.90048,38.14317],[-122.90155,38.14227],[-122.90183,38.14247],[-122.90135,38.14431],[-122.90276,38.14534],[-122.90442,38.14557],[-122.90373,38.14743],[-122.90394,38.14922],[-122.90611,38.14923],[-122.90602,38.15098],[-122.90705,38.15165],[-122.90827,38.15204],[-122.91051,38.15173],[-122.91391,38.1505],[-122.9133,38.15151],[-122.90842,38.15412],[-122.90724,38.15554],[-122.90761,38.15752],[-122.90931,38.15955],[-122.91071,38.15987],[-122.9121,38.15911],[-122.91357,38.16056],[-122.91573,38.16084],[-122.9157,38.16151],[-122.91652,38.16215],[-122.91584,38.16342],[-122.91543,38.16327],[-122.91554,38.16483],[-122.91764,38.16658],[-122.91886,38.16849],[-122.92201,38.16902],[-122.92133,38.17037],[-122.92201,38.17197],[-122.92376,38.17193],[-122.9243,38.17234],[-122.92394,38.17286],[-122.92422,38.17376],[-122.92329,38.17478],[-122.92342,38.17527],[-122.92473,38.17586],[-122.92759,38.17612],[-122.92804,38.17674],[-122.92727,38.17839],[-122.93136,38.18119],[-122.93071,38.1816],[-122.9303,38.18419],[-122.93324,38.18674],[-122.93474,38.18698],[-122.93551,38.18862],[-122.93767,38.18823],[-122.93795,38.18868],[-122.93748,38.19076],[-122.93986,38.19218],[-122.94159,38.19237],[-122.94136,38.19302],[-122.94242,38.19372],[-122.94457,38.19416],[-122.94671,38.1928],[-122.94987,38.19336],[-122.95206,38.19556],[-122.95081,38.1965],[-122.94875,38.19534],[-122.94739,38.19584],[-122.94719,38.19623],[-122.94797,38.19729],[-122.94776,38.19769],[-122.94651,38.19761],[-122.94581,38.19933],[-122.9463,38.20138],[-122.94731,38.20255],[-122.94846,38.20277],[-122.94985,38.20216],[-122.95266,38.20197],[-122.95043,38.2036],[-122.95024,38.20502],[-122.95329,38.20638],[-122.95476,38.2063],[-122.95733,38.20814],[-122.95964,38.20785],[-122.96002,38.21003],[-122.9611,38.21004],[-122.96165,38.21066],[-122.96162,38.21243],[-122.96373,38.21357],[-122.96308,38.21378],[-122.96331,38.21428],[-122.96621,38.21656],[-122.96815,38.21919],[-122.96893,38.21917],[-122.96874,38.21988],[-122.97026,38.221],[-122.97126,38.22326],[-122.97684,38.22626],[-122.9778,38.22606],[-122.97769,38.22686],[-122.97898,38.22904],[-122.98016,38.22955],[-122.98207,38.22952],[-122.98231,38.23002],[-122.98155,38.23092],[-122.98238,38.23208],[-122.98259,38.23347],[-122.98561,38.23525],[-122.98555,38.23594],[-122.98724,38.23703],[-122.98734,38.23774],[-122.99018,38.23789],[-122.99168,38.23864],[-122.99194,38.23925],[-122.99338,38.23928],[-122.99455,38.24059],[-122.99527,38.24066],[-122.99493,38.23978],[-122.99558,38.23924],[-122.99476,38.23917],[-122.99416,38.23817],[-122.99451,38.23766],[-122.99361,38.23735],[-122.99303,38.2364],[-122.99396,38.23556],[-122.99335,38.23566],[-122.99208,38.23464],[-122.99169,38.23259],[-122.98877,38.23009],[-122.98854,38.2295],[-122.98893,38.22915],[-122.98825,38.22945],[-122.98716,38.22884],[-122.98686,38.22656],[-122.98567,38.22611],[-122.98495,38.22463],[-122.9827,38.22416],[-122.98044,38.22132],[-122.981,38.22015],[-122.98065,38.21912],[-122.98109,38.21879],[-122.98075,38.21855],[-122.98117,38.21748],[-122.98111,38.21677],[-122.98065,38.2167],[-122.98115,38.21629],[-122.98006,38.21504],[-122.98055,38.21403],[-122.97669,38.21166],[-122.97529,38.2093],[-122.97337,38.20863],[-122.97148,38.20711],[-122.96966,38.2033],[-122.96872,38.20316],[-122.96707,38.20192],[-122.9659,38.19883],[-122.96513,38.1986],[-122.96583,38.19705],[-122.96498,38.1955],[-122.96461,38.1933],[-122.96559,38.19144],[-122.96451,38.19081],[-122.96446,38.18945],[-122.96376,38.18885],[-122.96422,38.18827],[-122.96349,38.18737],[-122.9641,38.18734],[-122.96461,38.18482],[-122.96655,38.18362],[-122.96429,38.18215],[-122.96432,38.18131],[-122.96362,38.18154],[-122.95955,38.17936],[-122.95563,38.17827],[-122.95345,38.17609],[-122.95255,38.17155],[-122.95311,38.17068],[-122.95391,38.17057],[-122.95163,38.1699],[-122.95172,38.16852],[-122.95115,38.16771],[-122.95182,38.1668],[-122.94933,38.16402],[-122.94941,38.1582],[-122.94845,38.15654],[-122.94865,38.15517],[-122.94624,38.15476],[-122.9444,38.15378],[-122.94254,38.15373],[-122.94087,38.15274],[-122.93918,38.15257],[-122.93907,38.15191],[-122.93851,38.15224],[-122.93798,38.14991],[-122.9372,38.14933],[-122.93632,38.147],[-122.93612,38.14605],[-122.93669,38.14604],[-122.93771,38.14927],[-122.9385,38.14988],[-122.93894,38.15131],[-122.94554,38.15358],[-122.94687,38.15329],[-122.94851,38.1539],[-122.94899,38.15243],[-122.9493,38.14729],[-122.94942,38.14675],[-122.94987,38.14677],[-122.94963,38.14573],[-122.95067,38.14343],[-122.95156,38.13958],[-122.95112,38.13924],[-122.9524,38.13829],[-122.95181,38.13789],[-122.95259,38.13749],[-122.95213,38.13731],[-122.95254,38.13658],[-122.95226,38.13588],[-122.95279,38.13511],[-122.95273,38.13397],[-122.95346,38.1338],[-122.95288,38.13335],[-122.9535,38.13346],[-122.95371,38.13303],[-122.95356,38.13182],[-122.95402,38.13162],[-122.95437,38.12963],[-122.95486,38.12924],[-122.95449,38.12924],[-122.95484,38.12808],[-122.9554,38.12776],[-122.95524,38.12698],[-122.95638,38.12441],[-122.957,38.12143],[-122.95557,38.11981],[-122.95416,38.1191],[-122.95337,38.11915],[-122.95361,38.12013],[-122.95098,38.11951],[-122.95019,38.12038],[-122.95005,38.12204],[-122.94741,38.12196],[-122.94617,38.1226],[-122.94328,38.12637],[-122.94091,38.1278],[-122.93933,38.12824],[-122.93855,38.12685],[-122.93696,38.12702],[-122.9384,38.12582],[-122.94244,38.12558],[-122.94212,38.12445],[-122.94114,38.12419],[-122.94281,38.12339],[-122.94462,38.11965],[-122.94523,38.1201],[-122.95167,38.11888],[-122.95125,38.11789],[-122.95171,38.11672],[-122.95129,38.11605],[-122.95061,38.1159],[-122.94615,38.11193],[-122.9441,38.11168],[-122.94516,38.11102],[-122.9453,38.11011],[-122.94365,38.10806],[-122.94525,38.10846],[-122.94612,38.10782],[-122.9471,38.10907],[-122.94882,38.10852],[-122.9491,38.10785],[-122.95008,38.10845],[-122.95062,38.10842],[-122.9503,38.10812],[-122.95075,38.10789],[-122.95286,38.10845],[-122.95385,38.10928],[-122.95455,38.10916],[-122.95516,38.11091],[-122.95654,38.11106],[-122.9574,38.11043],[-122.95843,38.11054],[-122.95795,38.10975],[-122.95881,38.11013],[-122.95965,38.10982],[-122.95894,38.10827],[-122.95963,38.10864],[-122.96004,38.10828],[-122.95956,38.10739],[-122.95885,38.10712],[-122.95949,38.10721],[-122.95873,38.10675],[-122.95869,38.10615],[-122.96026,38.10636],[-122.96007,38.10554],[-122.96039,38.10549],[-122.9614,38.106],[-122.96135,38.10523],[-122.96269,38.10526],[-122.96233,38.1049],[-122.96367,38.10448],[-122.96318,38.10423],[-122.9632,38.10347],[-122.96361,38.10377],[-122.96336,38.10335],[-122.96372,38.10301],[-122.96417,38.10335],[-122.96461,38.10247],[-122.96385,38.10164],[-122.96481,38.10201],[-122.96528,38.10079],[-122.96505,38.10019],[-122.96555,38.10034],[-122.96609,38.09888],[-122.96598,38.09841],[-122.96523,38.09848],[-122.96562,38.09907],[-122.96466,38.09831],[-122.96524,38.09826],[-122.96528,38.09763],[-122.9635,38.09577],[-122.96451,38.09646],[-122.96387,38.0958],[-122.9659,38.09604],[-122.96647,38.09539],[-122.96616,38.09518],[-122.96666,38.09513],[-122.96642,38.09435],[-122.96714,38.09435],[-122.96675,38.09365],[-122.96752,38.09385],[-122.96753,38.09507],[-122.96677,38.096],[-122.96704,38.09631],[-122.96623,38.09693],[-122.96676,38.09768],[-122.96801,38.09395],[-122.97392,38.08104],[-122.97331,38.08123],[-122.97221,38.08048],[-122.97297,38.08035],[-122.97265,38.0799],[-122.97392,38.08033],[-122.97404,38.07885],[-122.97485,38.07832],[-122.97624,38.07538],[-122.97524,38.07404],[-122.97669,38.07433],[-122.9785,38.07013],[-122.97816,38.06984],[-122.97866,38.06987],[-122.97919,38.06878],[-122.97821,38.06792],[-122.97948,38.06811],[-122.97914,38.06764],[-122.97959,38.06773],[-122.97998,38.06701],[-122.97945,38.06658],[-122.98014,38.06676],[-122.981,38.0649],[-122.98029,38.06385],[-122.98131,38.06414],[-122.98142,38.06357],[-122.98073,38.06321],[-122.9816,38.06334],[-122.9821,38.06234],[-122.98171,38.06205],[-122.98218,38.06216],[-122.98316,38.06018],[-122.98344,38.0592],[-122.98159,38.05801],[-122.98369,38.05882],[-122.98441,38.05694],[-122.98254,38.05626],[-122.98445,38.05662],[-122.98517,38.05554],[-122.9848,38.05418],[-122.98373,38.05305],[-122.98464,38.05377],[-122.98585,38.05396],[-122.98674,38.05236],[-122.98633,38.05101],[-122.98713,38.0515],[-122.98704,38.05052],[-122.9849,38.04949],[-122.98672,38.05001],[-122.98645,38.04961],[-122.98772,38.04884],[-122.98732,38.04726],[-122.98903,38.04668],[-122.9876,38.04477],[-122.98997,38.04501],[-122.98971,38.04467],[-122.99003,38.04479],[-122.99069,38.0425],[-122.99116,38.04236],[-122.9903,38.04123],[-122.9913,38.04192],[-122.99124,38.04148],[-122.99176,38.0414],[-122.99157,38.04083],[-122.99238,38.03982],[-122.99206,38.03936],[-122.9927,38.03937],[-122.99255,38.03868],[-122.99321,38.03837],[-122.99428,38.03574],[-122.99371,38.03438],[-122.99502,38.0341],[-122.99472,38.03272],[-122.99568,38.03275],[-122.99544,38.03153],[-122.99585,38.0314],[-122.99552,38.03116],[-122.99619,38.03156],[-122.99596,38.03106],[-122.99644,38.03116],[-122.99695,38.02966],[-122.9965,38.02879],[-122.99706,38.02929],[-122.99776,38.02834],[-122.99995,38.02379],[-122.99967,38.0233],[-123.00016,38.02328],[-122.99952,38.0208],[-122.99984,38.0206],[-122.99808,38.01946],[-123.00071,38.02051],[-123.00044,38.0192],[-123.00208,38.01918],[-123.00022,38.0179],[-122.99987,38.01709],[-123.00135,38.01795],[-123.00258,38.01802],[-123.00227,38.01713],[-123.00261,38.01637],[-123.00322,38.01664],[-123.00287,38.01621],[-123.00368,38.01583],[-123.00458,38.01417],[-123.00329,38.01286],[-123.00472,38.01383],[-123.00555,38.01204],[-123.00416,38.01077],[-123.00573,38.01159],[-123.00712,38.00871],[-123.00746,38.00736],[-123.00564,38.00602],[-123.00602,38.00585],[-123.00578,38.00532],[-123.00775,38.00694],[-123.01048,38.00229],[-123.00987,38.00148],[-123.01067,38.00179],[-123.01131,38.00101],[-123.01265,38.00068],[-123.01481,38.00096],[-123.01508,38.00003],[-123.01611,37.99959],[-123.01598,37.99886],[-123.01769,37.99877],[-123.0187,37.99952],[-123.02044,37.99966],[-123.02122,37.99806],[-123.02207,37.99792],[-123.02264,37.9968],[-123.02384,37.99631],[-123.02405,37.9953],[-123.02328,37.99482],[-123.02283,37.99531],[-123.02004,37.99537],[-123.01858,37.99453],[-123.01726,37.9948],[-123.01678,37.9942],[-123.01414,37.99409],[-123.01372,37.99497],[-123.01214,37.99585],[-123.01144,37.99547],[-123.01084,37.99579],[-123.0107,37.99538],[-123.01048,37.99573],[-123.00993,37.99527],[-123.00981,37.99563],[-123.00765,37.99584],[-123.0073,37.99524],[-123.00574,37.99505],[-123.00541,37.99369],[-123.00269,37.99325],[-123.00228,37.99364],[-123.0012,37.99346],[-123.00043,37.99417],[-122.99942,37.99356],[-122.9992,37.99407],[-122.99856,37.99381],[-122.99789,37.99428],[-122.99567,37.99439],[-122.995,37.99406],[-122.99497,37.99295],[-122.99362,37.99321],[-122.99342,37.99431],[-122.99074,37.9949],[-122.98797,37.99383],[-122.9878,37.99328],[-122.98769,37.99365],[-122.98634,37.99331],[-122.98681,37.99274],[-122.98562,37.99287],[-122.98555,37.99328],[-122.98035,37.99255],[-122.97976,37.993],[-122.97721,37.99301],[-122.97532,37.99244],[-122.974,37.99288],[-122.97293,37.99242],[-122.97273,37.99184],[-122.97334,37.9912],[-122.97232,37.99033],[-122.9688,37.99078],[-122.96652,37.99045],[-122.96608,37.98975],[-122.96419,37.99032],[-122.96561,37.99083],[-122.96551,37.99163],[-122.9664,37.99213],[-122.96738,37.99381],[-122.96901,37.99335],[-122.97204,37.9943],[-122.97376,37.99386],[-122.97686,37.99503],[-122.97691,37.99548],[-122.97899,37.99655],[-122.98333,37.99791],[-122.98339,38.0003],[-122.98428,38.00146],[-122.98387,38.00476],[-122.98511,38.00524],[-122.98377,38.00507],[-122.98193,38.00954],[-122.984,38.01117],[-122.98408,38.01197],[-122.98529,38.01258],[-122.98089,38.01077],[-122.97958,38.01312],[-122.97712,38.01596],[-122.97767,38.01665],[-122.97691,38.01619],[-122.97131,38.02145],[-122.9726,38.02244],[-122.97084,38.02188],[-122.96218,38.02684],[-122.96436,38.02761],[-122.96555,38.02722],[-122.97042,38.02761],[-122.97018,38.02812],[-122.96668,38.02831],[-122.96612,38.02905],[-122.96779,38.03135],[-122.97136,38.03418],[-122.97121,38.03458],[-122.96879,38.03316],[-122.96829,38.03387],[-122.96881,38.03471],[-122.96832,38.03467],[-122.96708,38.03381],[-122.96749,38.03287],[-122.96653,38.03113],[-122.96405,38.02888],[-122.96303,38.02871],[-122.96171,38.02952],[-122.96116,38.02818],[-122.95975,38.02782],[-122.95503,38.02956],[-122.95034,38.03063],[-122.9538,38.03158],[-122.95422,38.03257],[-122.95679,38.03512],[-122.95664,38.03562],[-122.95271,38.03274],[-122.9518,38.03283],[-122.95361,38.03946],[-122.95128,38.03553],[-122.94959,38.03385],[-122.9499,38.03295],[-122.94925,38.03217],[-122.94716,38.0325],[-122.94708,38.03139],[-122.94565,38.03137],[-122.94094,38.03172],[-122.93939,38.03225],[-122.93959,38.03293],[-122.94107,38.03335],[-122.94209,38.03469],[-122.94097,38.03525],[-122.94073,38.03601],[-122.94211,38.03862],[-122.94385,38.03955],[-122.94526,38.04135],[-122.94636,38.04143],[-122.94638,38.04215],[-122.94899,38.04539],[-122.95388,38.04854],[-122.95565,38.04905],[-122.9569,38.04849],[-122.95734,38.05011],[-122.9578,38.05051],[-122.95839,38.05031],[-122.95849,38.05153],[-122.96001,38.05212],[-122.96058,38.05186],[-122.9622,38.05342],[-122.96188,38.05369],[-122.96036,38.05291],[-122.95978,38.05347],[-122.96225,38.05478],[-122.96371,38.05469],[-122.96375,38.05563],[-122.96472,38.05627],[-122.96676,38.05644],[-122.96631,38.05719],[-122.96716,38.05771],[-122.96707,38.0584],[-122.96143,38.05546],[-122.96037,38.05554],[-122.95983,38.05671],[-122.9596,38.05506],[-122.95731,38.0538],[-122.95625,38.05243],[-122.95527,38.05275],[-122.95469,38.05177],[-122.95001,38.04921],[-122.94943,38.04927],[-122.94852,38.05147],[-122.94837,38.05365],[-122.95096,38.05775],[-122.95461,38.05911],[-122.95701,38.06114],[-122.95748,38.06099],[-122.96088,38.06284],[-122.95794,38.06225],[-122.9567,38.06339],[-122.95722,38.0651],[-122.95926,38.06713],[-122.95967,38.06821],[-122.95827,38.0684],[-122.95733,38.06986],[-122.95783,38.07155],[-122.9586,38.07231],[-122.95964,38.07239],[-122.95821,38.07282],[-122.95717,38.07392],[-122.95823,38.07834],[-122.95676,38.07852],[-122.95635,38.0794],[-122.9573,38.08151],[-122.95701,38.08172],[-122.95717,38.08129],[-122.95542,38.08025],[-122.95463,38.07784],[-122.95532,38.07744],[-122.95503,38.07609],[-122.95416,38.0756],[-122.95382,38.07482],[-122.9541,38.07433],[-122.95278,38.07246],[-122.95323,38.07022],[-122.9524,38.06755],[-122.95415,38.06609],[-122.95284,38.0638],[-122.95318,38.06214],[-122.95137,38.0609],[-122.95113,38.06131],[-122.94972,38.06113],[-122.94926,38.06166],[-122.94626,38.06088],[-122.94459,38.0612],[-122.94402,38.06245],[-122.94174,38.06382],[-122.94192,38.06574],[-122.9432,38.06537],[-122.94307,38.06626],[-122.94415,38.06802],[-122.94282,38.06706],[-122.94181,38.06704],[-122.94146,38.0689],[-122.93998,38.07151],[-122.94047,38.07554],[-122.94299,38.07707],[-122.94357,38.07801],[-122.94104,38.07729],[-122.93861,38.0801],[-122.93749,38.0805],[-122.93733,38.08198],[-122.93851,38.08338],[-122.93663,38.08431],[-122.93629,38.08549],[-122.93523,38.08638],[-122.93615,38.08756],[-122.93624,38.08913],[-122.93577,38.08972],[-122.93513,38.08947],[-122.93473,38.09006],[-122.93295,38.09054],[-122.93308,38.0911],[-122.93578,38.09334],[-122.93084,38.0918],[-122.92848,38.09348],[-122.92799,38.09603],[-122.92629,38.0984],[-122.9261,38.1003],[-122.92453,38.10255],[-122.92654,38.09546],[-122.92628,38.09385],[-122.92464,38.09384],[-122.92329,38.09501],[-122.92436,38.09363],[-122.92553,38.09312],[-122.92523,38.09245],[-122.92238,38.09232],[-122.91988,38.0931],[-122.91944,38.09302],[-122.9199,38.09271],[-122.91926,38.09267],[-122.92122,38.09181],[-122.92546,38.09136],[-122.92562,38.09091],[-122.92613,38.09145],[-122.92762,38.09118],[-122.92938,38.08999],[-122.9309,38.08787],[-122.9318,38.08505],[-122.93186,38.08327],[-122.9298,38.08238],[-122.93045,38.08195],[-122.93205,38.08207],[-122.93125,38.07957],[-122.93226,38.0794],[-122.93378,38.07758],[-122.93498,38.07491],[-122.93465,38.07403],[-122.93351,38.07329],[-122.93323,38.07225],[-122.93395,38.06979],[-122.93313,38.06932],[-122.93255,38.07011],[-122.93277,38.06918],[-122.93225,38.06831],[-122.93333,38.06653],[-122.93308,38.06462],[-122.92946,38.06266],[-122.92953,38.0636],[-122.92813,38.06347],[-122.92696,38.06402],[-122.92581,38.06707],[-122.92429,38.06847],[-122.92309,38.07109],[-122.92398,38.07373],[-122.92394,38.07504],[-122.9232,38.07634],[-122.92336,38.07747],[-122.91888,38.08055],[-122.92045,38.0777],[-122.92171,38.07711],[-122.92245,38.07479],[-122.92096,38.07091],[-122.91879,38.06987],[-122.9181,38.07073],[-122.9169,38.07073],[-122.91654,38.07217],[-122.9156,38.07134],[-122.91375,38.07173],[-122.912,38.07429],[-122.91194,38.07564],[-122.91093,38.07744],[-122.91067,38.07614],[-122.91143,38.07542],[-122.91143,38.07188],[-122.90947,38.07154],[-122.90756,38.0723],[-122.9071,38.07145],[-122.90651,38.07178],[-122.90697,38.07111],[-122.90906,38.07013],[-122.91174,38.07027],[-122.91426,38.06953],[-122.91598,38.06832],[-122.92057,38.06703],[-122.92151,38.06601],[-122.92137,38.06461],[-122.92032,38.06402],[-122.91904,38.06422],[-122.91897,38.06388],[-122.91772,38.06447],[-122.9172,38.06412],[-122.91866,38.06348],[-122.91891,38.06376],[-122.92088,38.06224],[-122.92239,38.06174],[-122.92194,38.06024],[-122.92078,38.05913],[-122.92097,38.05879],[-122.92433,38.05982],[-122.92552,38.05824],[-122.93322,38.0549],[-122.93311,38.05451],[-122.93416,38.05337],[-122.93431,38.05163],[-122.93537,38.04902],[-122.93732,38.04649],[-122.93651,38.04492],[-122.9353,38.04373],[-122.9344,38.04348],[-122.9348,38.04718],[-122.93409,38.0481],[-122.93416,38.04688],[-122.93326,38.0446],[-122.93092,38.04351],[-122.93226,38.03883],[-122.93146,38.03584],[-122.92769,38.0356],[-122.92771,38.03732],[-122.92567,38.03554],[-122.92435,38.03673],[-122.92412,38.03908],[-122.92323,38.03693],[-122.92363,38.0355],[-122.92439,38.03478],[-122.92424,38.03329],[-122.92136,38.03288],[-122.91897,38.03351],[-122.91859,38.03537],[-122.91899,38.03929],[-122.91849,38.04149],[-122.91934,38.04436],[-122.91764,38.04196],[-122.91782,38.03925],[-122.9172,38.03399],[-122.91542,38.03324],[-122.91382,38.03354],[-122.9128,38.03649],[-122.91424,38.03804],[-122.9137,38.03825],[-122.91358,38.03985],[-122.91273,38.04014],[-122.91226,38.04161],[-122.91338,38.04237],[-122.91193,38.04238],[-122.91033,38.04525],[-122.91159,38.04605],[-122.91068,38.04694],[-122.91102,38.04829],[-122.91027,38.05065],[-122.912,38.05255],[-122.90909,38.0521],[-122.9079,38.05285],[-122.90702,38.05413],[-122.90783,38.0563],[-122.90631,38.05555],[-122.906,38.05467],[-122.90516,38.05471],[-122.90471,38.05524],[-122.90334,38.05506],[-122.90163,38.05555],[-122.89987,38.05687],[-122.89945,38.05795],[-122.89772,38.05881],[-122.89685,38.06071],[-122.89638,38.06073],[-122.89655,38.05827],[-122.89824,38.05752],[-122.90011,38.05528],[-122.90035,38.05418],[-122.90485,38.05331],[-122.90597,38.05253],[-122.90618,38.05155],[-122.90722,38.05121],[-122.908,38.05027],[-122.90789,38.04927],[-122.90666,38.04844],[-122.90333,38.04736],[-122.90652,38.04586],[-122.90633,38.04531],[-122.90694,38.04468],[-122.90501,38.04384],[-122.90419,38.04398],[-122.9047,38.04357],[-122.90361,38.04212],[-122.90391,38.04197],[-122.90298,38.04156],[-122.9031,38.04114],[-122.90379,38.04169],[-122.9046,38.0414],[-122.90561,38.04005],[-122.90562,38.03922],[-122.90511,38.03892],[-122.90566,38.03878],[-122.90615,38.03745],[-122.90452,38.03694],[-122.90673,38.03623],[-122.90857,38.03473],[-122.90839,38.03434],[-122.90761,38.03454],[-122.90791,38.03371],[-122.90731,38.03313],[-122.90383,38.03254],[-122.90223,38.03172],[-122.8985,38.03161],[-122.89778,38.03196],[-122.89728,38.03163],[-122.89516,38.03235],[-122.89374,38.03444],[-122.89463,38.0354],[-122.8936,38.03588],[-122.8931,38.03725],[-122.89312,38.03872],[-122.89384,38.04033],[-122.89289,38.04183],[-122.89425,38.04297],[-122.8933,38.04406],[-122.8926,38.04404],[-122.89255,38.04328],[-122.89233,38.04364],[-122.89121,38.04194],[-122.89175,38.04136],[-122.89139,38.03734],[-122.89067,38.0374],[-122.89021,38.03677],[-122.89135,38.03622],[-122.89099,38.03506],[-122.89151,38.03276],[-122.89026,38.03097],[-122.88869,38.03014],[-122.88746,38.03052],[-122.88646,38.03168],[-122.88671,38.03225],[-122.88407,38.03438],[-122.88288,38.03622],[-122.88024,38.03869],[-122.87998,38.03631],[-122.88221,38.03471],[-122.88262,38.03338],[-122.88213,38.03291],[-122.88356,38.0327],[-122.88422,38.03208],[-122.88374,38.02848],[-122.88271,38.02824],[-122.88127,38.02919],[-122.88104,38.02824],[-122.87941,38.02709],[-122.87674,38.02587],[-122.87529,38.02572],[-122.87311,38.03145],[-122.8727,38.03199],[-122.87191,38.032],[-122.87163,38.03176],[-122.87246,38.03047],[-122.87241,38.02864],[-122.873,38.02754],[-122.87273,38.02513],[-122.87099,38.0241],[-122.86894,38.02464],[-122.86913,38.02309],[-122.87173,38.02294],[-122.87143,38.02241],[-122.86992,38.02198],[-122.87002,38.02249],[-122.86874,38.02262],[-122.86841,38.02193],[-122.869,38.02191],[-122.86858,38.02148],[-122.86458,38.02008],[-122.86425,38.02037],[-122.8636,38.01969],[-122.85674,38.01707],[-122.85501,38.01886],[-122.85601,38.01751],[-122.85598,38.01662],[-122.85099,38.01406],[-122.85001,38.0143],[-122.85085,38.01387],[-122.85066,38.01353],[-122.84644,38.01153],[-122.84587,38.01065],[-122.84228,38.00947],[-122.84158,38.0087],[-122.84068,38.00905],[-122.84087,38.00852],[-122.84004,38.00731],[-122.83955,38.0076],[-122.83111,38.00284],[-122.8283,38.00042],[-122.82719,37.99845],[-122.82517,37.99926],[-122.82428,37.99821],[-122.82352,37.99822],[-122.82127,37.99695],[-122.81806,37.99373],[-122.81776,37.9925],[-122.81459,37.98842],[-122.81345,37.98739],[-122.8131,37.9878],[-122.81325,37.98729],[-122.81191,37.98514],[-122.80971,37.98591],[-122.80768,37.9852],[-122.80603,37.98349],[-122.80396,37.98244],[-122.80298,37.98118],[-122.80178,37.98106],[-122.79725,37.97723],[-122.79131,37.96961],[-122.7896,37.97031],[-122.78963,37.96976],[-122.79106,37.96896],[-122.7854,37.95898],[-122.78353,37.95466],[-122.78343,37.95297],[-122.78235,37.95091],[-122.78307,37.95007],[-122.78285,37.94806],[-122.78192,37.94791],[-122.77955,37.94863],[-122.77781,37.94832],[-122.7756,37.94622],[-122.77547,37.94479],[-122.77664,37.94361],[-122.7764,37.94333],[-122.77472,37.94435],[-122.77066,37.94396],[-122.76754,37.94124],[-122.76566,37.9377],[-122.76303,37.93677],[-122.75439,37.93543],[-122.74886,37.93144],[-122.74626,37.93095],[-122.74278,37.92935],[-122.73982,37.92726],[-122.73627,37.92597],[-122.73658,37.92583],[-122.73564,37.92397],[-122.73307,37.92106],[-122.73049,37.91655],[-122.72995,37.91283],[-122.72797,37.91026],[-122.72654,37.90372],[-122.72162,37.90197],[-122.71802,37.90232],[-122.71654,37.90162],[-122.71657,37.90263],[-122.7143,37.90464],[-122.71404,37.90537],[-122.71382,37.90475],[-122.71503,37.9041],[-122.71622,37.90259],[-122.71599,37.90137],[-122.71266,37.90016],[-122.71075,37.89759],[-122.70983,37.89839],[-122.71056,37.89762],[-122.70992,37.89737],[-122.71061,37.8974],[-122.70954,37.89629],[-122.70286,37.89435],[-122.70064,37.8948],[-122.70056,37.89643],[-122.69949,37.89824],[-122.6935,37.90165],[-122.68981,37.90279],[-122.68832,37.90423],[-122.68651,37.90466],[-122.68644,37.90659],[-122.68798,37.90701],[-122.6874,37.90884],[-122.68902,37.90934],[-122.68967,37.91061],[-122.68662,37.90957],[-122.68503,37.91072],[-122.68547,37.91195],[-122.68811,37.91411],[-122.69068,37.91356],[-122.69084,37.91291],[-122.69151,37.91362],[-122.69363,37.91409],[-122.69382,37.91459],[-122.69592,37.91483],[-122.69797,37.91717],[-122.69989,37.91801],[-122.70069,37.919],[-122.70068,37.92019],[-122.70148,37.91984],[-122.70169,37.92059],[-122.70139,37.91989],[-122.70061,37.92024],[-122.70016,37.91924],[-122.69919,37.91865],[-122.69759,37.91949],[-122.69564,37.91819],[-122.69425,37.91868],[-122.69386,37.91986],[-122.69208,37.92094],[-122.6955,37.92579],[-122.69581,37.92775],[-122.69701,37.92895],[-122.69673,37.92922],[-122.69735,37.93068],[-122.69894,37.93061],[-122.69752,37.93089],[-122.69962,37.93316],[-122.69897,37.93305],[-122.70044,37.93562],[-122.70125,37.93619],[-122.70046,37.93587],[-122.69959,37.9369],[-122.69916,37.93629],[-122.69881,37.93725],[-122.69758,37.93686],[-122.69753,37.93774],[-122.69706,37.93664],[-122.69768,37.93649],[-122.69734,37.93516],[-122.69672,37.93559],[-122.69539,37.93531],[-122.69351,37.93584],[-122.69315,37.9353],[-122.69424,37.93469],[-122.69464,37.93363],[-122.69241,37.93367],[-122.69096,37.93267],[-122.68786,37.93362],[-122.6866,37.93452],[-122.68698,37.93294],[-122.68849,37.93135],[-122.6883,37.93083],[-122.68476,37.93059],[-122.68346,37.93213],[-122.68257,37.93243],[-122.68309,37.93023],[-122.6803,37.93111],[-122.68208,37.92824],[-122.68015,37.92659],[-122.68019,37.92595],[-122.67833,37.92519],[-122.67508,37.92639],[-122.67317,37.92622],[-122.67502,37.92445],[-122.67405,37.92273],[-122.67302,37.92256],[-122.67311,37.922],[-122.67242,37.92149],[-122.67146,37.92163],[-122.67059,37.9203],[-122.668,37.9202],[-122.67002,37.9192],[-122.66978,37.91845],[-122.66712,37.91735],[-122.66457,37.91463],[-122.66258,37.91516],[-122.6636,37.91322],[-122.66169,37.91281],[-122.6599,37.91119],[-122.65634,37.90978],[-122.65551,37.91026],[-122.65417,37.90924],[-122.65183,37.90973],[-122.65103,37.90908],[-122.65147,37.9088],[-122.65075,37.90811],[-122.65134,37.90709],[-122.64971,37.90558],[-122.6497,37.9049],[-122.64766,37.90382],[-122.64356,37.90005],[-122.64207,37.89968],[-122.6414,37.89899],[-122.63791,37.89829],[-122.63849,37.89813],[-122.63792,37.89746],[-122.63796,37.8962],[-122.63617,37.89449],[-122.63478,37.89186],[-122.63468,37.89075],[-122.63291,37.88971],[-122.63276,37.88855],[-122.63128,37.88778],[-122.62972,37.88572],[-122.62853,37.8855],[-122.62798,37.88491],[-122.62875,37.88205],[-122.62764,37.88166],[-122.62744,37.88102],[-122.62364,37.88123],[-122.62136,37.87967],[-122.62033,37.87801],[-122.61872,37.8773],[-122.6175,37.87714],[-122.61713,37.87764],[-122.61639,37.87725],[-122.61441,37.87818],[-122.61324,37.87955],[-122.61336,37.87893],[-122.61274,37.87859],[-122.61261,37.8778],[-122.61171,37.87801],[-122.60741,37.87694],[-122.60577,37.87584],[-122.60432,37.87597],[-122.60459,37.87557],[-122.60393,37.87534],[-122.60348,37.87602],[-122.60167,37.87578],[-122.59984,37.87367],[-122.5968,37.87189],[-122.59615,37.87037],[-122.59407,37.86807],[-122.59305,37.86764],[-122.5923,37.86632],[-122.59156,37.86611],[-122.5916,37.86552],[-122.59016,37.86496],[-122.58971,37.86378],[-122.5883,37.86244],[-122.58847,37.86166],[-122.58703,37.86086],[-122.5845,37.86063],[-122.58492,37.86022],[-122.5847,37.85931],[-122.58192,37.8585],[-122.58251,37.85763],[-122.58176,37.85715],[-122.5807,37.85864],[-122.58099,37.85997],[-122.57828,37.85996],[-122.57619,37.86154],[-122.57523,37.86292],[-122.57758,37.86545],[-122.57949,37.86621],[-122.58052,37.86749],[-122.582,37.86786],[-122.58297,37.86881],[-122.58317,37.87022],[-122.58237,37.87012],[-122.58235,37.87058],[-122.58294,37.87087],[-122.58284,37.87264],[-122.5837,37.87278],[-122.58287,37.87276],[-122.5827,37.87107],[-122.58199,37.87015],[-122.57767,37.86749],[-122.57661,37.86729],[-122.57525,37.86565],[-122.57394,37.8654],[-122.57403,37.86453],[-122.5732,37.86343],[-122.57251,37.86317],[-122.56916,37.86365],[-122.56887,37.86275],[-122.57271,37.86192],[-122.57306,37.86124],[-122.57268,37.86016],[-122.57388,37.86021],[-122.57488,37.85939],[-122.57348,37.85624],[-122.57027,37.85469],[-122.56998,37.85411],[-122.56642,37.85422],[-122.56176,37.8522],[-122.56232,37.85115],[-122.56114,37.8503],[-122.56134,37.84945],[-122.56029,37.84898],[-122.56025,37.84842],[-122.55862,37.84801],[-122.55852,37.84687],[-122.55941,37.84643],[-122.55953,37.84556],[-122.55538,37.84442],[-122.55526,37.84337],[-122.55604,37.84258],[-122.55528,37.84196],[-122.55434,37.84246],[-122.55314,37.84176],[-122.55235,37.84183],[-122.54987,37.84516],[-122.5498,37.84583],[-122.54736,37.84706],[-122.54639,37.84705],[-122.54691,37.84678],[-122.54718,37.84577],[-122.54818,37.84534],[-122.55064,37.84288],[-122.55129,37.84128],[-122.5514,37.84058],[-122.55057,37.83968],[-122.5512,37.83908],[-122.54991,37.83856],[-122.54975,37.83715],[-122.54912,37.83698],[-122.54914,37.83618],[-122.54859,37.836],[-122.54951,37.83481],[-122.54932,37.83435],[-122.54618,37.83446],[-122.54303,37.83235],[-122.54233,37.83217],[-122.54209,37.83281],[-122.5416,37.83278],[-122.54183,37.83211],[-122.54105,37.83168],[-122.54033,37.83205],[-122.54041,37.83308],[-122.53989,37.83339],[-122.5347,37.83199],[-122.53006,37.83195],[-122.52709,37.83316],[-122.5239,37.8335],[-122.5223,37.83428],[-122.52056,37.83407],[-122.51929,37.835],[-122.51738,37.83398],[-122.51795,37.83393],[-122.51746,37.83359],[-122.51825,37.83379],[-122.51928,37.83308],[-122.5221,37.83308],[-122.52346,37.83082],[-122.52541,37.83112],[-122.52907,37.82993],[-122.52938,37.82904],[-122.53069,37.82963],[-122.53527,37.82881],[-122.53431,37.82772],[-122.53448,37.82694],[-122.53349,37.82478],[-122.53563,37.82434],[-122.53567,37.82385],[-122.53414,37.82345],[-122.53374,37.82283],[-122.53401,37.82214],[-122.53167,37.82127],[-122.53129,37.82031],[-122.53172,37.81973],[-122.53035,37.81879],[-122.53047,37.81742],[-122.52951,37.81702],[-122.52907,37.81594],[-122.52997,37.81541],[-123.35434,37.81505],[-123.34932,37.83036],[-123.34202,37.84684],[-123.33294,37.86275],[-123.32213,37.87798],[-123.30969,37.8924],[-123.2957,37.9059],[-123.27914,37.91927],[-123.2636,37.92989],[-123.26879,37.94323],[-123.27192,37.95342],[-123.27446,37.96414],[-123.27666,37.97801],[-123.27763,37.99196],[-123.27755,38.00261],[-123.27636,38.01655],[-123.27395,38.03039],[-123.27134,38.04067],[-123.26756,38.05248],[-123.26361,38.06248],[-123.259,38.07231],[-123.25185,38.08509],[-123.24462,38.09614],[-123.23555,38.10813],[-123.22805,38.11679],[-123.21929,38.13594],[-123.2251,38.14519],[-123.24348,38.15874],[-123.25728,38.17061],[-123.26575,38.17869],[-123.27864,38.19288],[-123.2878,38.20485],[-123.30841,38.23674],[-123.31721,38.2534],[-123.32146,38.26333],[-123.32505,38.27342],[-123.3283,38.2849],[-123.33034,38.29423],[-123.00317,38.2963],[-123.00281,38.29683],[-123.00243,38.29637],[-123.00156,38.29637],[-123.00071,38.29769],[-122.99757,38.29879],[-122.99501,38.29903],[-122.99376,38.29979],[-122.99423,38.30404],[-122.99519,38.30559],[-122.99491,38.30618],[-122.99352,38.30653],[-122.99114,38.30557],[-122.98765,38.30817],[-122.98474,38.30802],[-122.98395,38.30858],[-122.98303,38.3107],[-122.98229,38.31109],[-122.97741,38.31087],[-122.9744,38.31152],[-122.97102,38.30989],[-122.97036,38.30998],[-122.96902,38.31098],[-122.9685,38.3128],[-122.96753,38.31399],[-122.96727,38.31657],[-122.96501,38.31728],[-122.9623,38.31688]]],[[[-122.68504,37.90528],[-122.68392,37.90543],[-122.68337,37.90599],[-122.68235,37.90853],[-122.68285,37.90975],[-122.68419,37.90975],[-122.68637,37.90826],[-122.68551,37.90513],[-122.68504,37.90528]]],[[[-122.95095,38.22244],[-122.94938,38.22042],[-122.94873,38.22017],[-122.94795,38.22081],[-122.94837,38.2217],[-122.95095,38.22244]]],[[[-122.9519,38.2201],[-122.95255,38.22036],[-122.954,38.21913],[-122.95362,38.2186],[-122.95382,38.21658],[-122.95192,38.21521],[-122.95033,38.21581],[-122.94889,38.21783],[-122.9519,38.2201]]]]}},{"type":"Feature","properties":{"c":"zone"},"geometry":{"type":"MultiPolygon","coordinates":[[[[-122.38718,37.36912],[-122.3878,37.36898],[-122.38814,37.36826],[-122.38793,37.36702],[-122.38897,37.36601],[-122.38877,37.36538],[-122.38946,37.36508],[-122.3904,37.36358],[-122.39063,37.36253],[-122.38978,37.36225],[-122.39099,37.36082],[-122.39133,37.35948],[-122.38907,37.35919],[-122.38836,37.35986],[-122.385,37.35878],[-122.38825,37.35961],[-122.38884,37.35896],[-122.39135,37.35881],[-122.39267,37.35747],[-122.39273,37.35817],[-122.39353,37.35776],[-122.39407,37.35722],[-122.39277,37.35645],[-122.39356,37.35622],[-122.39526,37.35758],[-122.39674,37.35673],[-122.39688,37.3578],[-122.39629,37.35833],[-122.3949,37.35839],[-122.39444,37.359],[-122.39429,37.35846],[-122.39212,37.35882],[-122.3923,37.35931],[-122.39176,37.35984],[-122.39215,37.36034],[-122.39113,37.36213],[-122.3917,37.3628],[-122.39106,37.36306],[-122.38985,37.36494],[-122.39033,37.36526],[-122.38956,37.36542],[-122.38929,37.36623],[-122.38821,37.36695],[-122.38844,37.36811],[-122.38805,37.36904],[-122.38718,37.36912]]],[[[-122.22689,37.48882],[-122.22712,37.48941],[-122.22607,37.48984],[-122.22559,37.49152],[-122.22733,37.49248],[-122.22768,37.49352],[-122.22706,37.49431],[-122.22637,37.49401],[-122.22674,37.49282],[-122.22501,37.49205],[-122.22494,37.49162],[-122.22568,37.48957],[-122.22687,37.48923],[-122.22689,37.48882]]],[[[-122.2915,37.56921],[-122.29381,37.56855],[-122.29411,37.56894],[-122.29355,37.56922],[-122.29439,37.57041],[-122.29208,37.57023],[-122.2915,37.56921]]],[[[-122.39344,37.70825],[-122.28149,37.70828],[-122.1098,37.49774],[-122.08171,37.47795],[-122.09657,37.46242],[-122.0965,37.46537],[-122.11461,37.46524],[-122.11481,37.46596],[-122.11682,37.4655],[-122.12378,37.46132],[-122.1239,37.46023],[-122.12281,37.45589],[-122.12582,37.46197],[-122.12604,37.46428],[-122.12523,37.4643],[-122.1279,37.47207],[-122.12611,37.47492],[-122.12934,37.4773],[-122.13276,37.47692],[-122.1328,37.47731],[-122.13488,37.47726],[-122.13288,37.48144],[-122.13346,37.48275],[-122.13869,37.48171],[-122.13979,37.48058],[-122.13978,37.47878],[-122.14051,37.47853],[-122.14516,37.47991],[-122.14519,37.48073],[-122.15046,37.48041],[-122.14585,37.48098],[-122.15026,37.48092],[-122.1498,37.48189],[-122.14759,37.48239],[-122.14519,37.48373],[-122.14447,37.48353],[-122.14483,37.48415],[-122.14569,37.48437],[-122.14523,37.48667],[-122.15093,37.48664],[-122.151,37.48227],[-122.15819,37.48218],[-122.16723,37.48342],[-122.18064,37.4873],[-122.18104,37.48692],[-122.1808,37.48735],[-122.18274,37.48798],[-122.19568,37.4878],[-122.20392,37.48869],[-122.20415,37.48759],[-122.20644,37.48788],[-122.20678,37.48902],[-122.20634,37.48957],[-122.21158,37.49154],[-122.21316,37.49313],[-122.21308,37.49536],[-122.21362,37.4956],[-122.21299,37.49724],[-122.21503,37.4972],[-122.21463,37.49521],[-122.21844,37.49493],[-122.22057,37.49234],[-122.22667,37.49476],[-122.22394,37.49482],[-122.22245,37.49534],[-122.22155,37.49589],[-122.2241,37.49603],[-122.22348,37.49765],[-122.22,37.49795],[-122.21987,37.49829],[-122.22281,37.4984],[-122.22285,37.49904],[-122.22033,37.49934],[-122.21976,37.4986],[-122.21973,37.49915],[-122.22085,37.50047],[-122.22334,37.49983],[-122.22346,37.50041],[-122.22148,37.50088],[-122.22243,37.50145],[-122.22441,37.50031],[-122.22378,37.49795],[-122.23224,37.498],[-122.23381,37.49684],[-122.23572,37.49736],[-122.23879,37.49901],[-122.24701,37.50624],[-122.24577,37.50673],[-122.24528,37.5078],[-122.24819,37.51216],[-122.24889,37.51704],[-122.24798,37.51918],[-122.24931,37.52058],[-122.24817,37.52228],[-122.24794,37.52542],[-122.24684,37.52577],[-122.24503,37.52922],[-122.24011,37.53252],[-122.23688,37.53276],[-122.23323,37.53498],[-122.23254,37.53616],[-122.23334,37.53891],[-122.23141,37.53966],[-122.23038,37.5411],[-122.22615,37.54447],[-122.22605,37.54588],[-122.22937,37.54824],[-122.23671,37.54834],[-122.24256,37.54913],[-122.24409,37.54874],[-122.24348,37.54573],[-122.24585,37.54497],[-122.24571,37.54444],[-122.24734,37.5438],[-122.24784,37.54256],[-122.2491,37.54195],[-122.249,37.54134],[-122.25068,37.53899],[-122.25355,37.53809],[-122.25512,37.53966],[-122.25677,37.54],[-122.25897,37.53865],[-122.25962,37.53098],[-122.25871,37.53009],[-122.25968,37.52936],[-122.26072,37.53082],[-122.2608,37.53268],[-122.26279,37.53242],[-122.26482,37.53336],[-122.26629,37.5326],[-122.26729,37.5304],[-122.26876,37.52919],[-122.2683,37.52815],[-122.27081,37.52964],[-122.27301,37.5294],[-122.27284,37.52912],[-122.27724,37.53342],[-122.27658,37.5339],[-122.27692,37.5345],[-122.27647,37.53478],[-122.27563,37.53438],[-122.27329,37.5344],[-122.27284,37.53215],[-122.27208,37.5313],[-122.27335,37.53077],[-122.27332,37.53012],[-122.27277,37.52973],[-122.27038,37.52999],[-122.26939,37.52931],[-122.26804,37.53087],[-122.26748,37.53309],[-122.26646,37.53406],[-122.26498,37.53462],[-122.26122,37.53384],[-122.26065,37.53986],[-122.25965,37.541],[-122.25724,37.54173],[-122.25281,37.54179],[-122.25287,37.5425],[-122.2537,37.54326],[-122.25446,37.54798],[-122.25334,37.54856],[-122.24856,37.55441],[-122.24762,37.55761],[-122.24755,37.55989],[-122.25204,37.5674],[-122.26274,37.5738],[-122.26513,37.57335],[-122.26658,37.5723],[-122.27332,37.57007],[-122.28033,37.57073],[-122.29482,37.57073],[-122.29711,37.57181],[-122.29701,37.57543],[-122.30275,37.57582],[-122.30672,37.57435],[-122.30586,37.57495],[-122.31666,37.58419],[-122.31784,37.58647],[-122.31875,37.58658],[-122.31842,37.58983],[-122.3192,37.5912],[-122.3212,37.59163],[-122.32375,37.59078],[-122.32475,37.58931],[-122.32413,37.58774],[-122.32568,37.58726],[-122.32855,37.5846],[-122.33062,37.58607],[-122.33345,37.58687],[-122.35277,37.58743],[-122.35715,37.5882],[-122.36371,37.5918],[-122.38187,37.60407],[-122.38207,37.60432],[-122.38074,37.6047],[-122.37983,37.60592],[-122.37873,37.60597],[-122.37797,37.60683],[-122.37745,37.60673],[-122.37915,37.6078],[-122.37862,37.60913],[-122.37789,37.60813],[-122.3768,37.60807],[-122.37609,37.60866],[-122.37575,37.60921],[-122.37639,37.60983],[-122.3763,37.61055],[-122.37749,37.6101],[-122.37749,37.61092],[-122.37558,37.61422],[-122.37454,37.61519],[-122.37373,37.6151],[-122.37378,37.61414],[-122.37282,37.61508],[-122.37218,37.61432],[-122.37138,37.61488],[-122.36206,37.61066],[-122.36154,37.61179],[-122.36069,37.61224],[-122.35983,37.61193],[-122.35926,37.61072],[-122.35725,37.6115],[-122.36056,37.61311],[-122.36047,37.61393],[-122.35908,37.61388],[-122.35788,37.61293],[-122.35601,37.61324],[-122.35502,37.61481],[-122.36445,37.61892],[-122.36486,37.61989],[-122.36596,37.62052],[-122.36764,37.62028],[-122.36822,37.62083],[-122.36832,37.62051],[-122.36932,37.62076],[-122.36492,37.62684],[-122.36539,37.62817],[-122.36711,37.62891],[-122.36864,37.62724],[-122.3708,37.62813],[-122.37071,37.62762],[-122.37215,37.62806],[-122.37258,37.62761],[-122.37739,37.62937],[-122.37793,37.63074],[-122.37905,37.63143],[-122.37953,37.63044],[-122.38529,37.62868],[-122.38767,37.62924],[-122.3894,37.62907],[-122.3912,37.63176],[-122.39158,37.6333],[-122.38866,37.63364],[-122.38573,37.63549],[-122.38518,37.63639],[-122.38439,37.6363],[-122.3844,37.63557],[-122.38294,37.63564],[-122.38385,37.63868],[-122.38503,37.63847],[-122.38553,37.63973],[-122.39658,37.63872],[-122.397,37.64162],[-122.39455,37.64216],[-122.39351,37.64386],[-122.39587,37.6427],[-122.39936,37.64185],[-122.40005,37.64207],[-122.39972,37.64259],[-122.40138,37.6432],[-122.40555,37.64118],[-122.40568,37.64186],[-122.40466,37.64168],[-122.40146,37.64379],[-122.40173,37.64447],[-122.40089,37.64501],[-122.40143,37.64608],[-122.40079,37.64625],[-122.39936,37.64337],[-122.398,37.64292],[-122.39468,37.64442],[-122.39379,37.64595],[-122.39381,37.64706],[-122.39271,37.64723],[-122.39213,37.6483],[-122.38764,37.64833],[-122.38756,37.64869],[-122.38036,37.64828],[-122.38027,37.64916],[-122.38398,37.64978],[-122.37999,37.65005],[-122.37966,37.65126],[-122.378,37.65233],[-122.37844,37.6535],[-122.37813,37.65491],[-122.37671,37.65556],[-122.37805,37.65727],[-122.38099,37.65881],[-122.38049,37.65897],[-122.38053,37.66078],[-122.38426,37.66086],[-122.38502,37.6605],[-122.38496,37.66089],[-122.37519,37.6614],[-122.37469,37.66204],[-122.37814,37.66235],[-122.37924,37.66187],[-122.38219,37.66226],[-122.38331,37.66286],[-122.38374,37.66451],[-122.38191,37.6654],[-122.38339,37.66641],[-122.38232,37.66719],[-122.38326,37.66807],[-122.38541,37.66764],[-122.38485,37.66666],[-122.38555,37.66616],[-122.38558,37.66495],[-122.38686,37.66447],[-122.38803,37.66442],[-122.38917,37.66568],[-122.39101,37.66565],[-122.39187,37.6651],[-122.39222,37.66541],[-122.39421,37.66417],[-122.39549,37.66508],[-122.39285,37.66659],[-122.39318,37.66802],[-122.39244,37.66869],[-122.38891,37.66853],[-122.38821,37.66886],[-122.38742,37.67207],[-122.38149,37.67203],[-122.38142,37.67298],[-122.38147,37.67705],[-122.38597,37.67709],[-122.38609,37.67598],[-122.38685,37.67505],[-122.38855,37.67512],[-122.38817,37.67932],[-122.39465,37.7082],[-122.39344,37.70825]]],[[[-122.50136,37.70598],[-122.49834,37.69624],[-122.49582,37.68208],[-122.49497,37.67354],[-122.49578,37.67167],[-122.49627,37.66817],[-122.49583,37.66627],[-122.49617,37.66607],[-122.49487,37.66522],[-122.4947,37.66414],[-122.49509,37.66381],[-122.49432,37.66366],[-122.49358,37.66189],[-122.49237,37.66172],[-122.49369,37.66142],[-122.49393,37.65965],[-122.49328,37.6584],[-122.49312,37.65486],[-122.49364,37.65181],[-122.49324,37.65012],[-122.49378,37.64692],[-122.4936,37.64199],[-122.49273,37.64202],[-122.49217,37.63527],[-122.49026,37.63527],[-122.4901,37.63217],[-122.48892,37.63129],[-122.48789,37.63128],[-122.48783,37.62989],[-122.48857,37.62916],[-122.48851,37.62797],[-122.48948,37.62678],[-122.48928,37.62564],[-122.48882,37.6247],[-122.48788,37.62441],[-122.48556,37.62231],[-122.48591,37.6216],[-122.48675,37.6216],[-122.48682,37.62024],[-122.48923,37.62001],[-122.48938,37.61967],[-122.49219,37.61976],[-122.49557,37.62106],[-122.49877,37.62015],[-122.49876,37.61967],[-122.4976,37.61972],[-122.49644,37.61809],[-122.49662,37.61653],[-122.49788,37.6159],[-122.49738,37.61546],[-122.49761,37.61426],[-122.49808,37.61417],[-122.49764,37.61394],[-122.49758,37.613],[-122.49597,37.61177],[-122.49426,37.61248],[-122.49488,37.61351],[-122.49352,37.61351],[-122.4934,37.61287],[-122.49206,37.61308],[-122.49175,37.61264],[-122.49225,37.61127],[-122.49754,37.60748],[-122.50025,37.60787],[-122.50156,37.60733],[-122.5016,37.6059],[-122.49962,37.60441],[-122.49859,37.60288],[-122.49853,37.60121],[-122.49945,37.59987],[-122.49709,37.59854],[-122.49618,37.59729],[-122.49734,37.59548],[-122.49737,37.59453],[-122.49605,37.59324],[-122.49937,37.58844],[-122.50169,37.59019],[-122.50221,37.58983],[-122.50279,37.59019],[-122.50518,37.59257],[-122.50783,37.59353],[-122.50779,37.59394],[-122.50948,37.59506],[-122.50858,37.59644],[-122.51209,37.59784],[-122.51502,37.59847],[-122.51351,37.59785],[-122.51417,37.59613],[-122.5162,37.59511],[-122.52101,37.59428],[-122.51816,37.59164],[-122.51707,37.59124],[-122.51659,37.58636],[-122.51722,37.5843],[-122.51659,37.58234],[-122.51783,37.5814],[-122.51774,37.57669],[-122.51832,37.57574],[-122.51914,37.57597],[-122.52018,37.57533],[-122.52002,37.57479],[-122.52058,37.57405],[-122.51987,37.57427],[-122.51991,37.57369],[-122.51877,37.5741],[-122.51741,37.57305],[-122.51851,37.57225],[-122.51757,37.57195],[-122.51832,37.57124],[-122.5173,37.57144],[-122.51666,37.5708],[-122.51721,37.56975],[-122.51602,37.56928],[-122.51804,37.56817],[-122.51805,37.56769],[-122.51662,37.56718],[-122.51465,37.56758],[-122.51396,37.56516],[-122.5133,37.56531],[-122.51375,37.56456],[-122.5133,37.56365],[-122.51512,37.56245],[-122.51455,37.56243],[-122.51373,37.56127],[-122.51374,37.56005],[-122.51578,37.55864],[-122.51513,37.55857],[-122.51319,37.55617],[-122.51323,37.55351],[-122.5124,37.55278],[-122.51276,37.55228],[-122.51349,37.55235],[-122.51362,37.55137],[-122.51318,37.55133],[-122.51373,37.5511],[-122.51371,37.55015],[-122.51205,37.55005],[-122.51202,37.5497],[-122.51307,37.54956],[-122.51218,37.5484],[-122.51176,37.54862],[-122.51137,37.54816],[-122.51241,37.5458],[-122.51353,37.54625],[-122.51413,37.54768],[-122.515,37.54492],[-122.51655,37.545],[-122.5164,37.54378],[-122.51712,37.54293],[-122.51678,37.54168],[-122.51724,37.54115],[-122.51686,37.54087],[-122.5173,37.54077],[-122.51706,37.54024],[-122.51834,37.53996],[-122.51797,37.53916],[-122.51857,37.53731],[-122.51789,37.53688],[-122.518,37.53634],[-122.51901,37.5369],[-122.51946,37.53669],[-122.51926,37.53555],[-122.51961,37.53553],[-122.51907,37.53489],[-122.51942,37.5336],[-122.51285,37.52678],[-122.51472,37.52425],[-122.51234,37.52396],[-122.51194,37.52296],[-122.5123,37.52209],[-122.51318,37.52158],[-122.51724,37.52367],[-122.51699,37.52209],[-122.5142,37.52035],[-122.51255,37.52034],[-122.51234,37.51983],[-122.51292,37.51925],[-122.51273,37.5184],[-122.5133,37.51738],[-122.51234,37.51614],[-122.51215,37.51441],[-122.50742,37.50974],[-122.50574,37.50964],[-122.50609,37.50849],[-122.50525,37.50724],[-122.50165,37.50523],[-122.49924,37.50299],[-122.49911,37.50211],[-122.49841,37.50154],[-122.49773,37.50182],[-122.49842,37.50302],[-122.49737,37.50345],[-122.49803,37.50479],[-122.50075,37.50726],[-122.50239,37.51012],[-122.50479,37.51246],[-122.50708,37.51694],[-122.51033,37.51986],[-122.50834,37.5224],[-122.502,37.51851],[-122.49939,37.52011],[-122.49737,37.52012],[-122.49606,37.51613],[-122.494,37.51435],[-122.49187,37.51395],[-122.48941,37.51276],[-122.48955,37.51344],[-122.48778,37.51338],[-122.48669,37.51234],[-122.48528,37.51251],[-122.48442,37.51136],[-122.48176,37.51062],[-122.48126,37.50996],[-122.48154,37.50927],[-122.48034,37.50805],[-122.48068,37.50648],[-122.47937,37.505],[-122.47709,37.50434],[-122.47454,37.50492],[-122.47454,37.50444],[-122.47376,37.50416],[-122.47204,37.50501],[-122.47225,37.50555],[-122.47157,37.50556],[-122.46739,37.50398],[-122.46645,37.50316],[-122.46559,37.5005],[-122.46372,37.50039],[-122.46364,37.49998],[-122.46263,37.4997],[-122.4608,37.49985],[-122.46009,37.49794],[-122.45744,37.49629],[-122.45785,37.49597],[-122.45522,37.49494],[-122.45358,37.49375],[-122.45326,37.49409],[-122.45159,37.49346],[-122.4517,37.49241],[-122.45098,37.4913],[-122.44743,37.48935],[-122.44829,37.48664],[-122.44623,37.48371],[-122.44276,37.48368],[-122.44186,37.48435],[-122.44144,37.48395],[-122.44194,37.48425],[-122.44246,37.48353],[-122.44461,37.48315],[-122.44419,37.48258],[-122.44123,37.48177],[-122.43772,37.47909],[-122.43589,37.47935],[-122.43527,37.47837],[-122.43337,37.47766],[-122.43272,37.47641],[-122.4339,37.47525],[-122.43216,37.47339],[-122.4321,37.46963],[-122.43112,37.46919],[-122.42905,37.46651],[-122.42656,37.46532],[-122.42635,37.46602],[-122.42525,37.46645],[-122.42374,37.46635],[-122.42473,37.46638],[-122.4259,37.46558],[-122.42576,37.46488],[-122.42676,37.46303],[-122.42668,37.46238],[-122.42621,37.46452],[-122.42802,37.46511],[-122.42878,37.46587],[-122.43413,37.46552],[-122.43438,37.46417],[-122.43555,37.46429],[-122.43633,37.46341],[-122.43837,37.46358],[-122.43883,37.46062],[-122.44071,37.46081],[-122.44097,37.46003],[-122.44213,37.45992],[-122.44261,37.4558],[-122.44117,37.45327],[-122.44172,37.45282],[-122.44397,37.45309],[-122.44431,37.45225],[-122.44337,37.45217],[-122.44399,37.45192],[-122.44207,37.45109],[-122.44096,37.44973],[-122.44138,37.44921],[-122.44091,37.44875],[-122.44119,37.44773],[-122.44061,37.44504],[-122.44326,37.4422],[-122.44045,37.44226],[-122.43894,37.44278],[-122.43909,37.44225],[-122.44023,37.44186],[-122.44338,37.44139],[-122.44196,37.44062],[-122.44205,37.44003],[-122.44142,37.43954],[-122.43734,37.44016],[-122.43701,37.43902],[-122.43365,37.43926],[-122.43209,37.43863],[-122.43885,37.43772],[-122.43865,37.43702],[-122.4395,37.43624],[-122.43931,37.43577],[-122.43823,37.43558],[-122.43593,37.43614],[-122.43637,37.43563],[-122.4361,37.43507],[-122.43646,37.43459],[-122.43927,37.43489],[-122.43945,37.43435],[-122.4374,37.43388],[-122.43971,37.43351],[-122.4397,37.43319],[-122.43804,37.43222],[-122.43762,37.43057],[-122.4362,37.42952],[-122.43209,37.42821],[-122.4353,37.42907],[-122.4344,37.42798],[-122.43621,37.42791],[-122.43561,37.42725],[-122.43708,37.42659],[-122.43824,37.42747],[-122.43767,37.42675],[-122.43841,37.42624],[-122.43712,37.42474],[-122.43593,37.42457],[-122.43645,37.42445],[-122.43484,37.42189],[-122.43435,37.42179],[-122.43479,37.41981],[-122.43434,37.41975],[-122.43358,37.42091],[-122.43411,37.41966],[-122.43387,37.41901],[-122.43308,37.41906],[-122.43211,37.41997],[-122.43281,37.41912],[-122.43253,37.41895],[-122.43354,37.41835],[-122.4333,37.41772],[-122.43384,37.41729],[-122.43315,37.41718],[-122.43356,37.41679],[-122.43345,37.41599],[-122.43245,37.41541],[-122.43095,37.41569],[-122.4298,37.41486],[-122.43204,37.41495],[-122.43129,37.41389],[-122.43125,37.41284],[-122.43038,37.41252],[-122.4309,37.41207],[-122.42838,37.41121],[-122.42825,37.4107],[-122.42619,37.4103],[-122.42715,37.4103],[-122.42638,37.409],[-122.42736,37.40672],[-122.4265,37.4048],[-122.42591,37.40525],[-122.42545,37.4046],[-122.42411,37.40452],[-122.42603,37.40443],[-122.42268,37.40095],[-122.42248,37.39841],[-122.42301,37.3977],[-122.42142,37.39623],[-122.42142,37.39391],[-122.42179,37.39324],[-122.4227,37.393],[-122.42271,37.3925],[-122.41988,37.3892],[-122.41878,37.38899],[-122.41883,37.38796],[-122.41781,37.38771],[-122.41856,37.3873],[-122.41706,37.38608],[-122.41559,37.38637],[-122.41388,37.38573],[-122.41452,37.3852],[-122.41443,37.38472],[-122.41571,37.38431],[-122.41524,37.38345],[-122.41543,37.3825],[-122.41406,37.38011],[-122.41371,37.37978],[-122.41286,37.38006],[-122.41263,37.37925],[-122.41136,37.38026],[-122.41049,37.38006],[-122.41001,37.38046],[-122.40862,37.37876],[-122.40935,37.37815],[-122.409,37.37736],[-122.40786,37.37779],[-122.40754,37.37897],[-122.40629,37.3794],[-122.40599,37.38026],[-122.40629,37.38067],[-122.40579,37.38073],[-122.40622,37.38066],[-122.4058,37.37867],[-122.40702,37.37843],[-122.40808,37.3767],[-122.40708,37.37563],[-122.40753,37.37341],[-122.406,37.37306],[-122.40718,37.37286],[-122.40695,37.37219],[-122.40788,37.37077],[-122.40768,37.36869],[-122.40845,37.36649],[-122.40704,37.36518],[-122.40753,37.36429],[-122.40709,37.36336],[-122.40177,37.36149],[-122.39974,37.35904],[-122.3995,37.35843],[-122.40007,37.35786],[-122.39978,37.35741],[-122.3985,37.35701],[-122.39839,37.35778],[-122.39704,37.35759],[-122.39696,37.35679],[-122.39783,37.35574],[-122.39953,37.35599],[-122.40036,37.35393],[-122.40047,37.34883],[-122.40091,37.34827],[-122.40188,37.34833],[-122.40109,37.34695],[-122.40146,37.34598],[-122.40064,37.34308],[-122.40068,37.33978],[-122.4,37.33925],[-122.40054,37.33924],[-122.40061,37.33797],[-122.40108,37.33753],[-122.40074,37.33636],[-122.40131,37.33608],[-122.40162,37.33359],[-122.40121,37.33293],[-122.40176,37.33262],[-122.40169,37.3311],[-122.40291,37.32524],[-122.40369,37.32475],[-122.40373,37.32388],[-122.39374,37.32452],[-122.39126,37.32331],[-122.39108,37.3247],[-122.38661,37.32599],[-122.38606,37.32682],[-122.38604,37.32588],[-122.38358,37.32484],[-122.38058,37.32682],[-122.37944,37.32874],[-122.37819,37.32926],[-122.37618,37.32885],[-122.37523,37.32931],[-122.37298,37.32826],[-122.37522,37.32916],[-122.37946,37.32849],[-122.38067,37.32497],[-122.38251,37.32428],[-122.38169,37.32342],[-122.38344,37.3243],[-122.38681,37.32492],[-122.38986,37.32352],[-122.39021,37.32157],[-122.38956,37.32123],[-122.39023,37.32119],[-122.39017,37.32046],[-122.39102,37.31959],[-122.39186,37.31993],[-122.39386,37.3221],[-122.39534,37.32207],[-122.39655,37.32127],[-122.39479,37.31993],[-122.39716,37.32096],[-122.40012,37.31978],[-122.39995,37.31933],[-122.40208,37.3193],[-122.4021,37.3206],[-122.40266,37.3199],[-122.40319,37.32032],[-122.40347,37.31976],[-122.40453,37.31354],[-122.4051,37.30644],[-122.40562,37.30549],[-122.40558,37.30225],[-122.40458,37.30203],[-122.40242,37.30343],[-122.39985,37.30424],[-122.40072,37.305],[-122.39695,37.30562],[-122.39623,37.30529],[-122.3954,37.30592],[-122.3953,37.30522],[-122.39283,37.30538],[-122.39263,37.30578],[-122.39237,37.30511],[-122.38953,37.30389],[-122.3891,37.30218],[-122.38668,37.3013],[-122.38595,37.30155],[-122.38665,37.30125],[-122.38915,37.30206],[-122.38974,37.3038],[-122.39278,37.30495],[-122.39643,37.30462],[-122.39898,37.30344],[-122.39973,37.30244],[-122.39976,37.30181],[-122.39825,37.30143],[-122.39949,37.30149],[-122.40205,37.30052],[-122.40356,37.29954],[-122.40437,37.29837],[-122.40346,37.29768],[-122.40502,37.29766],[-122.40583,37.29661],[-122.40682,37.29668],[-122.40716,37.29191],[-122.40607,37.29175],[-122.40566,37.29058],[-122.40717,37.29124],[-122.40765,37.28742],[-122.40701,37.28695],[-122.40525,37.28702],[-122.40653,37.28667],[-122.40593,37.2854],[-122.40775,37.28672],[-122.40824,37.28388],[-122.40791,37.28348],[-122.40845,37.28321],[-122.40828,37.28157],[-122.40888,37.28042],[-122.40884,37.27837],[-122.40959,37.2767],[-122.40882,37.27675],[-122.40836,37.2774],[-122.40781,37.27605],[-122.40814,37.2755],[-122.40758,37.27483],[-122.40835,37.27443],[-122.40845,37.27387],[-122.40624,37.27249],[-122.40621,37.27185],[-122.40547,37.27122],[-122.40525,37.26949],[-122.40801,37.26868],[-122.40839,37.26812],[-122.40379,37.26826],[-122.40106,37.26752],[-122.3994,37.26539],[-122.39903,37.26382],[-122.39936,37.2621],[-122.39661,37.26075],[-122.39687,37.25996],[-122.39625,37.2595],[-122.39648,37.2593],[-122.39574,37.2594],[-122.39481,37.25855],[-122.39267,37.25909],[-122.39222,37.2606],[-122.39183,37.26047],[-122.39195,37.26106],[-122.3907,37.26051],[-122.39169,37.25832],[-122.39268,37.25762],[-122.39212,37.25701],[-122.39085,37.25739],[-122.39115,37.25575],[-122.38885,37.25375],[-122.38645,37.25604],[-122.38588,37.25739],[-122.38629,37.25791],[-122.38583,37.2593],[-122.38488,37.25979],[-122.38402,37.25936],[-122.38329,37.25728],[-122.38147,37.25795],[-122.38249,37.25643],[-122.38355,37.25584],[-122.38329,37.25501],[-122.38014,37.25632],[-122.3815,37.25462],[-122.38177,37.25345],[-122.37943,37.25297],[-122.37633,37.25349],[-122.37926,37.25242],[-122.38209,37.2521],[-122.38207,37.25265],[-122.38299,37.25317],[-122.38262,37.25421],[-122.38324,37.2547],[-122.38353,37.25276],[-122.38254,37.25131],[-122.38182,37.25157],[-122.37857,37.25069],[-122.37831,37.24993],[-122.38059,37.24994],[-122.38243,37.24915],[-122.38549,37.24967],[-122.3862,37.2483],[-122.38821,37.24647],[-122.38968,37.24644],[-122.39133,37.24747],[-122.39237,37.24732],[-122.39265,37.24647],[-122.39329,37.24617],[-122.39138,37.24588],[-122.39138,37.24546],[-122.38943,37.24411],[-122.38681,37.24275],[-122.38422,37.24257],[-122.38271,37.24323],[-122.38399,37.24185],[-122.38716,37.24145],[-122.3867,37.24057],[-122.38693,37.23994],[-122.38606,37.23917],[-122.38332,37.23842],[-122.38412,37.23827],[-122.38713,37.23993],[-122.38829,37.24],[-122.38612,37.23732],[-122.38598,37.23651],[-122.38646,37.23629],[-122.386,37.23588],[-122.38679,37.2356],[-122.38866,37.23646],[-122.3895,37.23741],[-122.39109,37.24015],[-122.39092,37.24084],[-122.39168,37.24221],[-122.39229,37.24252],[-122.39297,37.24222],[-122.39253,37.24298],[-122.39283,37.24376],[-122.39357,37.24405],[-122.39316,37.24473],[-122.39493,37.24552],[-122.39482,37.24676],[-122.39564,37.24821],[-122.39709,37.24847],[-122.39686,37.24892],[-122.39746,37.24949],[-122.40117,37.25004],[-122.40287,37.25204],[-122.40673,37.25357],[-122.40693,37.25303],[-122.40583,37.25116],[-122.40607,37.25084],[-122.40798,37.25337],[-122.40882,37.25369],[-122.40795,37.25544],[-122.40991,37.26007],[-122.40987,37.26051],[-122.40922,37.26052],[-122.40971,37.26135],[-122.4111,37.2614],[-122.41092,37.26058],[-122.41202,37.25935],[-122.41203,37.2581],[-122.41291,37.25695],[-122.41285,37.25585],[-122.41552,37.25282],[-122.41586,37.251],[-122.41552,37.24763],[-122.41647,37.24622],[-122.41592,37.24473],[-122.41691,37.24394],[-122.41751,37.24194],[-122.41663,37.24069],[-122.41651,37.23901],[-122.41514,37.23796],[-122.41469,37.23423],[-122.41288,37.23249],[-122.4113,37.23277],[-122.41228,37.23124],[-122.41112,37.22985],[-122.40929,37.23048],[-122.41006,37.22953],[-122.41008,37.22874],[-122.40937,37.22833],[-122.4083,37.2285],[-122.40876,37.22768],[-122.40827,37.22657],[-122.40652,37.22574],[-122.40591,37.22676],[-122.40543,37.22635],[-122.40536,37.22483],[-122.40394,37.2244],[-122.40188,37.22601],[-122.3968,37.22573],[-122.3942,37.22828],[-122.39121,37.22874],[-122.39263,37.22778],[-122.39397,37.22795],[-122.39511,37.22641],[-122.39729,37.22501],[-122.39977,37.22501],[-122.39982,37.22363],[-122.40086,37.22215],[-122.40017,37.22124],[-122.40293,37.22211],[-122.40374,37.22292],[-122.40592,37.22307],[-122.40766,37.22412],[-122.40734,37.22278],[-122.40623,37.22219],[-122.40638,37.22058],[-122.40534,37.21853],[-122.40593,37.21596],[-122.40496,37.21355],[-122.40609,37.21451],[-122.40651,37.21393],[-122.40758,37.21409],[-122.40683,37.21276],[-122.40737,37.21193],[-122.40471,37.20678],[-122.40337,37.20589],[-122.40273,37.20598],[-122.40216,37.20496],[-122.4035,37.20435],[-122.40382,37.20371],[-122.40315,37.20169],[-122.40098,37.2012],[-122.40172,37.20053],[-122.40154,37.19996],[-122.40284,37.19959],[-122.40358,37.1958],[-122.40169,37.19425],[-122.39835,37.19308],[-122.39831,37.19379],[-122.3977,37.19346],[-122.39611,37.19477],[-122.39481,37.19488],[-122.39562,37.19459],[-122.39709,37.19256],[-122.39633,37.19009],[-122.39682,37.18897],[-122.39644,37.18537],[-122.3953,37.18449],[-122.39422,37.18272],[-122.39449,37.18147],[-122.39281,37.18205],[-122.39293,37.18272],[-122.39177,37.18332],[-122.38945,37.18296],[-122.38593,37.18346],[-122.3835,37.18257],[-122.38292,37.18266],[-122.38282,37.18324],[-122.38141,37.18137],[-122.37954,37.18153],[-122.3765,37.1798],[-122.37535,37.17855],[-122.37422,37.17862],[-122.37471,37.17838],[-122.37348,37.17709],[-122.37284,37.17702],[-122.37304,37.17624],[-122.37191,37.17573],[-122.37103,37.17484],[-122.3711,37.17433],[-122.36774,37.173],[-122.36652,37.17369],[-122.36747,37.17284],[-122.36547,37.17051],[-122.36464,37.17106],[-122.36509,37.17017],[-122.36487,37.16925],[-122.36357,37.1678],[-122.36271,37.16578],[-122.36116,37.16635],[-122.36125,37.16682],[-122.35916,37.16697],[-122.35804,37.1691],[-122.35582,37.1703],[-122.35448,37.17252],[-122.35522,37.17034],[-122.35746,37.16875],[-122.35845,37.16669],[-122.35962,37.1658],[-122.35941,37.16334],[-122.35985,37.16367],[-122.35931,37.16263],[-122.35991,37.16243],[-122.35994,37.16149],[-122.35802,37.16062],[-122.35872,37.15992],[-122.36045,37.16016],[-122.3601,37.15925],[-122.36048,37.15804],[-122.35904,37.15617],[-122.35948,37.15548],[-122.35869,37.15523],[-122.35853,37.1545],[-122.35902,37.15491],[-122.35926,37.15396],[-122.35857,37.15209],[-122.359,37.1526],[-122.35928,37.15229],[-122.35918,37.15115],[-122.3598,37.15025],[-122.35912,37.14968],[-122.35832,37.14982],[-122.35684,37.14918],[-122.35564,37.14936],[-122.35471,37.14823],[-122.35504,37.14788],[-122.35474,37.14745],[-122.35338,37.14689],[-122.35195,37.14717],[-122.35113,37.14647],[-122.35158,37.14589],[-122.35042,37.14533],[-122.34728,37.14594],[-122.34701,37.14651],[-122.34753,37.14778],[-122.34693,37.14779],[-122.3465,37.14851],[-122.34699,37.14708],[-122.346,37.14671],[-122.34671,37.14608],[-122.3447,37.1447],[-122.34433,37.14498],[-122.34445,37.14459],[-122.34361,37.14408],[-122.34309,37.14293],[-122.34251,37.14305],[-122.34308,37.14277],[-122.34268,37.14251],[-122.343,37.1422],[-122.34243,37.14232],[-122.34299,37.14207],[-122.34306,37.1417],[-122.34269,37.14176],[-122.34309,37.14116],[-122.34175,37.13969],[-122.33733,37.1378],[-122.3364,37.13867],[-122.33519,37.13808],[-122.33444,37.13899],[-122.33432,37.13787],[-122.33316,37.13764],[-122.33357,37.1367],[-122.33611,37.13651],[-122.33667,37.13534],[-122.33737,37.13513],[-122.33703,37.13444],[-122.33475,37.13421],[-122.3368,37.13401],[-122.33673,37.13301],[-122.33599,37.13223],[-122.33709,37.13241],[-122.33692,37.13184],[-122.33633,37.13176],[-122.33627,37.13013],[-122.33531,37.13],[-122.33576,37.12986],[-122.33554,37.12908],[-122.3363,37.12972],[-122.33688,37.12642],[-122.33664,37.12525],[-122.3373,37.1232],[-122.33653,37.1225],[-122.33752,37.12258],[-122.338,37.12106],[-122.33784,37.11903],[-122.33709,37.11767],[-122.33661,37.11758],[-122.33696,37.11824],[-122.33633,37.11766],[-122.33628,37.11878],[-122.33517,37.1181],[-122.33593,37.11886],[-122.33239,37.11749],[-122.33221,37.11824],[-122.33344,37.11967],[-122.33328,37.12008],[-122.32988,37.11706],[-122.32911,37.11578],[-122.32625,37.11404],[-122.3235,37.11521],[-122.32362,37.11565],[-122.32255,37.11619],[-122.31988,37.11611],[-122.31863,37.1173],[-122.31565,37.11723],[-122.31506,37.11674],[-122.31497,37.11764],[-122.31424,37.11761],[-122.3144,37.11832],[-122.31202,37.11829],[-122.3067,37.11646],[-122.30561,37.11736],[-122.30623,37.11831],[-122.30537,37.11728],[-122.30601,37.11628],[-122.3054,37.11558],[-122.29674,37.11103],[-122.29287,37.10729],[-122.41489,36.89457],[-122.42918,36.90935],[-122.44193,36.92549],[-122.45612,36.93107],[-122.46749,36.93623],[-122.48916,36.94792],[-122.50272,36.9567],[-122.51237,36.96377],[-122.52154,36.97123],[-122.53092,36.97967],[-122.54421,36.99351],[-122.55595,37.00823],[-122.56606,37.0237],[-122.57419,37.03926],[-122.59022,37.05268],[-122.60382,37.06633],[-122.61126,37.07495],[-122.61812,37.08388],[-122.62823,37.09936],[-122.64264,37.12633],[-122.64961,37.14289],[-122.65388,37.15644],[-122.65718,37.17147],[-122.66203,37.18284],[-122.6666,37.19633],[-122.6695,37.20762],[-122.67198,37.22146],[-122.67304,37.23191],[-122.67342,37.24239],[-122.67311,37.25287],[-122.67162,37.26865],[-122.66845,37.28594],[-122.6641,37.30372],[-122.65971,37.31783],[-122.66383,37.32663],[-122.66793,37.33695],[-122.67446,37.34801],[-122.69305,37.36394],[-122.70641,37.37777],[-122.72721,37.40213],[-122.736,37.41422],[-122.7419,37.42359],[-122.74717,37.43319],[-122.7518,37.443],[-122.76435,37.4752],[-122.76915,37.49225],[-122.77207,37.50956],[-122.77291,37.52002],[-122.77306,37.53051],[-122.77252,37.54098],[-122.77132,37.55122],[-122.77485,37.57102],[-122.77643,37.58494],[-122.77668,37.60302],[-122.78076,37.70849],[-122.50197,37.70827],[-122.50136,37.70598]]]]}},{"type":"Feature","properties":{"c":"zone"},"geometry":{"type":"Polygon","coordinates":[[[-118.92813,34.04626],[-118.92475,34.04622],[-118.92199,34.0455],[-118.91496,34.04198],[-118.90919,34.04256],[-118.90658,34.04179],[-118.90489,34.04208],[-118.90113,34.04146],[-118.89867,34.04028],[-118.89785,34.04053],[-118.8981,34.04002],[-118.89598,34.03954],[-118.89539,34.03995],[-118.89543,34.03937],[-118.89353,34.03958],[-118.88264,34.03837],[-118.87598,34.03829],[-118.87311,34.03802],[-118.8706,34.03704],[-118.87005,34.0379],[-118.87003,34.03686],[-118.86835,34.0368],[-118.86245,34.03513],[-118.86007,34.03607],[-118.85493,34.03544],[-118.84829,34.03318],[-118.84252,34.03017],[-118.84142,34.03136],[-118.84224,34.03209],[-118.84216,34.03269],[-118.84127,34.03157],[-118.84078,34.03196],[-118.84078,34.03146],[-118.84008,34.03121],[-118.84094,34.03131],[-118.84043,34.0309],[-118.84111,34.0292],[-118.83611,34.02555],[-118.83106,34.02262],[-118.82506,34.01771],[-118.82132,34.01632],[-118.81667,34.017],[-118.81855,34.01539],[-118.81941,34.01404],[-118.81921,34.01357],[-118.81616,34.01093],[-118.81542,34.0093],[-118.81402,34.00783],[-118.81259,34.00705],[-118.80967,34.00406],[-118.80827,34.0022],[-118.80856,34.00146],[-118.80678,34.00046],[-118.80529,34.00063],[-118.80517,34.00266],[-118.80443,34.00409],[-118.8027,34.00578],[-118.80005,34.00675],[-118.79556,34.00705],[-118.79444,34.00765],[-118.79403,34.00854],[-118.79529,34.00897],[-118.7941,34.00886],[-118.79428,34.01083],[-118.79528,34.01122],[-118.79405,34.011],[-118.79273,34.01212],[-118.79224,34.01365],[-118.79252,34.01396],[-118.79119,34.01474],[-118.79088,34.01623],[-118.79017,34.01681],[-118.79087,34.01824],[-118.79008,34.01713],[-118.78827,34.01866],[-118.78747,34.02129],[-118.78784,34.02188],[-118.78738,34.02196],[-118.78652,34.02078],[-118.78107,34.02326],[-118.77668,34.02377],[-118.77628,34.02464],[-118.77616,34.02392],[-118.77555,34.02386],[-118.76648,34.02555],[-118.7654,34.0269],[-118.76456,34.02657],[-118.7645,34.02574],[-118.75654,34.02626],[-118.75472,34.02853],[-118.75241,34.03014],[-118.74332,34.03295],[-118.73534,34.0336],[-118.73556,34.03399],[-118.73472,34.03422],[-118.73547,34.03518],[-118.73406,34.03616],[-118.73322,34.03553],[-118.73378,34.03489],[-118.7337,34.03329],[-118.73116,34.03342],[-118.72015,34.03178],[-118.71437,34.03173],[-118.70699,34.03001],[-118.69974,34.03164],[-118.6953,34.03333],[-118.685,34.03426],[-118.68535,34.03616],[-118.68384,34.03662],[-118.68411,34.03793],[-118.68367,34.04089],[-118.68413,34.04299],[-118.68274,34.04141],[-118.68221,34.04154],[-118.68165,34.04031],[-118.68126,34.03932],[-118.68224,34.03772],[-118.68154,34.0372],[-118.68055,34.03483],[-118.67663,34.03739],[-118.67388,34.03855],[-118.67102,34.03924],[-118.66514,34.03955],[-118.65547,34.03882],[-118.64932,34.03786],[-118.64594,34.03873],[-118.63702,34.03686],[-118.63673,34.0371],[-118.63777,34.03815],[-118.63776,34.03895],[-118.63692,34.03756],[-118.63548,34.03684],[-118.63097,34.03753],[-118.62711,34.03726],[-118.6231,34.0381],[-118.61004,34.03671],[-118.60326,34.03935],[-118.59927,34.03929],[-118.59492,34.0399],[-118.59009,34.03943],[-118.58926,34.03992],[-118.58875,34.03931],[-118.58491,34.03863],[-118.58322,34.03899],[-118.58262,34.04098],[-118.58118,34.04102],[-118.58252,34.04079],[-118.58279,34.03912],[-118.57844,34.04023],[-118.57553,34.04001],[-118.57069,34.04201],[-118.56327,34.0409],[-118.5573,34.03854],[-118.55579,34.03835],[-118.55045,34.03939],[-118.54508,34.03947],[-118.54133,34.03844],[-118.53389,34.03449],[-118.52413,34.03061],[-118.51106,34.02377],[-118.49621,34.01169],[-118.49637,34.01142],[-118.48752,34.0032],[-118.48588,34.00106],[-118.48461,34.00185],[-118.48361,34.00091],[-118.48331,34.00056],[-118.48401,34.00009],[-118.48291,33.99906],[-118.48225,33.9995],[-118.47871,33.99572],[-118.48003,33.99492],[-118.47643,33.99089],[-118.47374,33.99242],[-118.46423,33.99015],[-118.46146,33.98834],[-118.45966,33.98785],[-118.45212,33.98813],[-118.45063,33.989],[-118.4463,33.98421],[-118.44526,33.984],[-118.44538,33.98348],[-118.44232,33.98276],[-118.43852,33.97729],[-118.44562,33.97383],[-118.44573,33.97043],[-118.44458,33.96878],[-118.42964,33.97712],[-118.41923,33.9845],[-118.41862,33.98396],[-118.42412,33.97971],[-118.41732,33.98199],[-118.42525,33.97877],[-118.4318,33.97459],[-118.45099,33.96383],[-118.4486,33.95996],[-118.44876,33.95739],[-118.44792,33.95615],[-118.44745,33.95298],[-118.43976,33.93994],[-118.42833,33.91673],[-118.42765,33.91631],[-118.42525,33.9118],[-118.42415,33.91074],[-118.42337,33.9092],[-118.42404,33.90865],[-118.42307,33.90734],[-118.4237,33.90704],[-118.42278,33.90526],[-118.42219,33.90529],[-118.41666,33.8932],[-118.40807,33.87707],[-118.40098,33.86615],[-118.39738,33.85268],[-118.38928,33.83877],[-118.39018,33.83848],[-118.38971,33.83653],[-118.39042,33.83272],[-118.38991,33.81966],[-118.39092,33.81481],[-118.39117,33.81066],[-118.39203,33.80985],[-118.39391,33.80427],[-118.3947,33.80342],[-118.3961,33.80318],[-118.39672,33.80254],[-118.39991,33.80206],[-118.40521,33.79973],[-118.40777,33.79706],[-118.40725,33.79617],[-118.40748,33.79467],[-118.40663,33.79422],[-118.40681,33.79148],[-118.41847,33.78629],[-118.42318,33.78156],[-118.42388,33.78029],[-118.42426,33.77779],[-118.42717,33.77527],[-118.42812,33.77382],[-118.42653,33.77257],[-118.42463,33.77283],[-118.42301,33.77238],[-118.42172,33.77126],[-118.42119,33.76937],[-118.42026,33.76936],[-118.42428,33.76706],[-118.42394,33.76656],[-118.42272,33.76654],[-118.42159,33.76581],[-118.42209,33.76357],[-118.41977,33.76287],[-118.4183,33.763],[-118.41752,33.76238],[-118.4175,33.76171],[-118.41852,33.76054],[-118.41723,33.75998],[-118.41699,33.75789],[-118.41541,33.75617],[-118.41545,33.75485],[-118.41312,33.75332],[-118.41309,33.75268],[-118.41455,33.75162],[-118.41274,33.74945],[-118.41354,33.74691],[-118.4122,33.7445],[-118.41074,33.74325],[-118.41145,33.74117],[-118.4063,33.74168],[-118.40384,33.74138],[-118.40238,33.7405],[-118.40254,33.73896],[-118.40061,33.73856],[-118.40006,33.73726],[-118.39845,33.73637],[-118.39698,33.73678],[-118.39528,33.73825],[-118.39555,33.73851],[-118.39381,33.73914],[-118.39307,33.73855],[-118.39217,33.73976],[-118.38939,33.73974],[-118.38418,33.74245],[-118.38045,33.7424],[-118.37725,33.74165],[-118.37701,33.74098],[-118.37557,33.74117],[-118.3767,33.74073],[-118.3748,33.73933],[-118.37461,33.73877],[-118.37519,33.73761],[-118.3739,33.73699],[-118.3728,33.73873],[-118.36946,33.7381],[-118.36944,33.73639],[-118.3688,33.73656],[-118.36831,33.73823],[-118.3638,33.73827],[-118.36129,33.73716],[-118.36164,33.73844],[-118.36032,33.73828],[-118.36044,33.7379],[-118.35855,33.73658],[-118.35737,33.73491],[-118.35456,33.73294],[-118.35421,33.73088],[-118.35275,33.72965],[-118.35228,33.72974],[-118.35202,33.72808],[-118.35142,33.72745],[-118.34199,33.72629],[-118.33972,33.72425],[-118.3369,33.72368],[-118.33079,33.72076],[-118.32551,33.71913],[-118.32296,33.71913],[-118.32046,33.71811],[-118.31913,33.71608],[-118.31748,33.7152],[-118.31706,33.7142],[-118.31492,33.71499],[-118.3131,33.71492],[-118.30979,33.71325],[-118.30356,33.71173],[-118.30077,33.71029],[-118.29691,33.70961],[-118.29536,33.70836],[-118.2948,33.70568],[-118.29416,33.70475],[-118.29286,33.70525],[-118.28898,33.70549],[-118.28616,33.70691],[-118.28527,33.70853],[-118.28563,33.70993],[-118.28512,33.71031],[-118.28587,33.71124],[-118.28555,33.71589],[-118.28294,33.71987],[-118.28409,33.72224],[-118.28454,33.72441],[-118.28429,33.72572],[-118.28128,33.72815],[-118.27844,33.72911],[-118.27844,33.73021],[-118.27988,33.73186],[-118.27973,33.74551],[-118.28034,33.74814],[-118.28158,33.75004],[-118.28432,33.7495],[-118.29052,33.75257],[-118.29067,33.75364],[-118.29217,33.75365],[-118.29231,33.75563],[-118.29476,33.75562],[-118.29537,33.75606],[-118.29533,33.75877],[-118.29187,33.75921],[-118.29128,33.75563],[-118.29081,33.75522],[-118.29059,33.75671],[-118.28805,33.7603],[-118.28409,33.76322],[-118.27934,33.77172],[-118.26839,33.77229],[-118.26832,33.77096],[-118.2644,33.77123],[-118.26449,33.77257],[-118.25539,33.7731],[-118.25548,33.77452],[-118.25426,33.77464],[-118.2543,33.77594],[-118.253,33.77602],[-118.25309,33.77752],[-118.2492,33.77778],[-118.24943,33.78065],[-118.24528,33.7809],[-118.24448,33.78211],[-118.24191,33.78232],[-118.242,33.78484],[-118.23751,33.7852],[-118.23752,33.78607],[-118.23554,33.78557],[-118.23354,33.78811],[-118.23297,33.78783],[-118.23467,33.78522],[-118.2264,33.78329],[-118.22581,33.78375],[-118.22501,33.78739],[-118.2079,33.78725],[-118.20783,33.78432],[-118.20877,33.78347],[-118.20886,33.78204],[-118.20807,33.78142],[-118.2076,33.77839],[-118.20645,33.77739],[-118.20626,33.82101],[-118.20482,33.82026],[-118.20448,33.77138],[-118.2038,33.76963],[-118.20248,33.76929],[-118.20196,33.76747],[-118.18261,33.76625],[-118.1704,33.76468],[-118.15286,33.76095],[-118.14765,33.76025],[-118.13955,33.76209],[-118.13948,33.76453],[-118.13281,33.76451],[-118.13278,33.76892],[-118.13715,33.77178],[-118.13722,33.77524],[-118.13123,33.77525],[-118.1312,33.77351],[-118.12965,33.77347],[-118.12967,33.76984],[-118.11426,33.76979],[-118.11319,33.7666],[-118.11229,33.76597],[-118.10568,33.76712],[-118.10463,33.76829],[-118.10441,33.76925],[-118.10405,33.77749],[-118.11012,33.78061],[-118.10397,33.77775],[-118.10371,33.79832],[-118.10322,33.79809],[-118.1031,33.77974],[-118.09799,33.77941],[-118.09067,33.7942],[-118.09054,33.79765],[-118.08974,33.7976],[-118.08966,33.79652],[-118.08926,33.7964],[-118.08573,33.80249],[-118.08305,33.80539],[-118.08002,33.80767],[-118.08476,33.80292],[-118.09676,33.77935],[-118.09717,33.77776],[-118.09725,33.76089],[-118.09845,33.75791],[-118.09961,33.75652],[-118.10592,33.75162],[-118.10585,33.751],[-118.11322,33.74702],[-118.11407,33.74615],[-118.11473,33.74431],[-118.12025,33.73603],[-118.12208,33.73674],[-118.17157,33.67282],[-118.15352,33.49722],[-118.14727,33.48605],[-118.12778,33.46597],[-118.11013,33.44536],[-118.09947,33.43009],[-118.09033,33.41415],[-118.08144,33.39527],[-118.07281,33.37201],[-118.06822,33.3545],[-118.0664,33.34412],[-118.06523,33.33367],[-118.06472,33.32319],[-118.06485,33.31252],[-118.0658,33.2992],[-118.06782,33.28406],[-118.06969,33.27368],[-118.07221,33.26341],[-118.07553,33.25269],[-118.07931,33.24269],[-118.08371,33.23287],[-118.08884,33.22301],[-118.09443,33.21364],[-118.1006,33.20452],[-118.10733,33.19568],[-118.11459,33.18715],[-118.12237,33.17895],[-118.13072,33.17104],[-118.14062,33.16254],[-118.15299,33.1532],[-118.17777,33.13748],[-118.19892,33.12638],[-118.23022,33.11349],[-118.25349,33.10599],[-118.27757,33.10058],[-118.28982,33.09867],[-118.30632,33.09697],[-118.32291,33.09624],[-118.33878,33.09645],[-118.33789,33.09507],[-118.67814,33.2273],[-118.67708,33.22755],[-118.68546,33.23801],[-118.69551,33.25265],[-118.70111,33.26203],[-118.70651,33.27246],[-118.71985,33.28058],[-118.72949,33.28724],[-118.74749,33.30179],[-118.76104,33.31506],[-118.77413,33.33051],[-118.7855,33.34071],[-118.79601,33.35157],[-118.80785,33.36595],[-118.81645,33.37843],[-118.81445,33.57907],[-118.80778,33.58823],[-118.8007,33.59689],[-118.79309,33.60522],[-118.78215,33.61579],[-118.77034,33.6257],[-118.76097,33.63266],[-118.74096,33.6453],[-118.72679,33.65273],[-118.71577,33.65775],[-118.69287,33.66629],[-118.66902,33.67279],[-118.656,33.6754],[-118.64192,33.67754],[-118.65119,33.69504],[-118.6554,33.70492],[-118.65899,33.71497],[-118.66525,33.73887],[-118.66816,33.75696],[-118.66895,33.76743],[-118.66909,33.77792],[-118.66786,33.79537],[-118.66481,33.81266],[-118.65965,33.83059],[-118.67765,33.8297],[-118.69475,33.82136],[-118.71366,33.81385],[-118.72931,33.80885],[-118.74939,33.8039],[-118.76578,33.801],[-118.78237,33.79905],[-118.80326,33.79799],[-118.82001,33.79823],[-118.84085,33.7999],[-118.85735,33.80233],[-118.87361,33.8057],[-118.88955,33.81001],[-118.9089,33.81669],[-118.92802,33.82496],[-118.9457,33.83433],[-118.96108,33.84408],[-118.97596,33.84553],[-118.95105,33.99415],[-118.94459,34.0459],[-118.93738,34.04436],[-118.93511,34.04468],[-118.93446,34.04517],[-118.93497,34.0457],[-118.93466,34.04607],[-118.9342,34.04526],[-118.93216,34.046],[-118.92813,34.04626]],[[-118.60446,33.47679],[-118.60387,33.47688],[-118.60315,33.47552],[-118.60169,33.47433],[-118.60224,33.47243],[-118.60144,33.47054],[-118.59864,33.46888],[-118.5966,33.46901],[-118.59326,33.46708],[-118.59253,33.46532],[-118.59272,33.46446],[-118.59138,33.46292],[-118.59108,33.46123],[-118.58875,33.46147],[-118.58705,33.46039],[-118.58481,33.45685],[-118.58435,33.45504],[-118.58305,33.45438],[-118.58312,33.45336],[-118.58059,33.45252],[-118.58076,33.45075],[-118.57934,33.45053],[-118.57881,33.44922],[-118.57788,33.44886],[-118.57756,33.44764],[-118.57601,33.44839],[-118.57282,33.44765],[-118.57296,33.44654],[-118.57246,33.44637],[-118.57291,33.44515],[-118.5711,33.44438],[-118.57395,33.44271],[-118.57429,33.44069],[-118.57396,33.43987],[-118.57282,33.43943],[-118.5725,33.43881],[-118.57113,33.43943],[-118.56711,33.43796],[-118.56487,33.43765],[-118.56403,33.43709],[-118.56424,33.4364],[-118.56342,33.4343],[-118.56264,33.43458],[-118.56055,33.43408],[-118.55977,33.4333],[-118.55755,33.43355],[-118.55642,33.43315],[-118.55487,33.43384],[-118.55452,33.43328],[-118.55402,33.43436],[-118.55268,33.43445],[-118.54961,33.43609],[-118.54833,33.43439],[-118.54665,33.43543],[-118.54313,33.43378],[-118.53952,33.43483],[-118.53573,33.43448],[-118.53516,33.43349],[-118.53578,33.4304],[-118.53498,33.43054],[-118.53405,33.42919],[-118.53353,33.42965],[-118.53273,33.42899],[-118.53122,33.43103],[-118.53109,33.43036],[-118.5303,33.42988],[-118.52798,33.43086],[-118.52583,33.43061],[-118.52341,33.43109],[-118.52113,33.42962],[-118.51944,33.42776],[-118.51643,33.42691],[-118.5157,33.42579],[-118.51622,33.42474],[-118.516,33.42271],[-118.51508,33.42234],[-118.51461,33.42285],[-118.51364,33.42276],[-118.5128,33.42191],[-118.51223,33.42247],[-118.51265,33.4239],[-118.51196,33.42509],[-118.51272,33.42719],[-118.50978,33.43014],[-118.50988,33.43176],[-118.50904,33.43286],[-118.50962,33.43344],[-118.50698,33.43247],[-118.50518,33.4348],[-118.50338,33.43542],[-118.50202,33.43762],[-118.5006,33.43887],[-118.49951,33.43835],[-118.50251,33.43195],[-118.50411,33.43094],[-118.5054,33.42866],[-118.5067,33.42795],[-118.50539,33.42552],[-118.50389,33.42426],[-118.49957,33.4227],[-118.49956,33.42197],[-118.4991,33.42176],[-118.49295,33.4218],[-118.49006,33.42027],[-118.48846,33.42001],[-118.4885,33.41942],[-118.48792,33.41924],[-118.48798,33.41823],[-118.48719,33.41796],[-118.48629,33.41431],[-118.48452,33.41238],[-118.48506,33.40921],[-118.48633,33.40824],[-118.48439,33.40767],[-118.48329,33.40676],[-118.48385,33.40501],[-118.48505,33.40396],[-118.48459,33.4021],[-118.48562,33.40132],[-118.48337,33.39949],[-118.48269,33.39714],[-118.48197,33.39715],[-118.48124,33.39644],[-118.48073,33.39368],[-118.48032,33.39339],[-118.48038,33.39182],[-118.48095,33.39098],[-118.47986,33.39037],[-118.47966,33.3891],[-118.47831,33.38738],[-118.47849,33.38652],[-118.4773,33.38571],[-118.47367,33.38754],[-118.47353,33.38867],[-118.47249,33.38939],[-118.47309,33.38995],[-118.47268,33.39061],[-118.47183,33.38959],[-118.47219,33.38759],[-118.47026,33.38593],[-118.47095,33.38562],[-118.473,33.38627],[-118.47391,33.386],[-118.47402,33.38517],[-118.47495,33.38524],[-118.47484,33.38458],[-118.47383,33.38481],[-118.47252,33.38309],[-118.47084,33.38266],[-118.47322,33.38246],[-118.47531,33.38103],[-118.47933,33.3808],[-118.48036,33.38037],[-118.48042,33.37966],[-118.48097,33.3794],[-118.48011,33.3774],[-118.47689,33.37618],[-118.47903,33.3758],[-118.48004,33.37455],[-118.48232,33.37399],[-118.48256,33.37351],[-118.48433,33.3731],[-118.48453,33.3726],[-118.48055,33.36806],[-118.47948,33.36791],[-118.47882,33.36715],[-118.47823,33.36771],[-118.4769,33.36773],[-118.47831,33.36742],[-118.47837,33.36626],[-118.47986,33.36679],[-118.48261,33.36687],[-118.48387,33.36589],[-118.48558,33.36364],[-118.48454,33.36338],[-118.4841,33.36229],[-118.48665,33.36058],[-118.48667,33.35961],[-118.48751,33.35897],[-118.48794,33.35655],[-118.48711,33.35548],[-118.48738,33.35514],[-118.48661,33.35455],[-118.48694,33.35384],[-118.48591,33.35275],[-118.48564,33.35102],[-118.48393,33.34962],[-118.48357,33.34881],[-118.48383,33.3477],[-118.4826,33.34686],[-118.48111,33.34391],[-118.47735,33.34166],[-118.4769,33.3399],[-118.47736,33.33912],[-118.47534,33.33912],[-118.47309,33.33725],[-118.4721,33.33577],[-118.47259,33.33402],[-118.47148,33.33334],[-118.47209,33.33262],[-118.46878,33.33181],[-118.46698,33.33057],[-118.46668,33.32961],[-118.4673,33.32879],[-118.46505,33.32778],[-118.4646,33.32591],[-118.46389,33.32607],[-118.46303,33.32519],[-118.46031,33.32453],[-118.46009,33.32391],[-118.45947,33.3241],[-118.45696,33.32223],[-118.44787,33.32044],[-118.44455,33.32099],[-118.44298,33.32042],[-118.44096,33.31867],[-118.43336,33.31967],[-118.43112,33.31898],[-118.4275,33.3191],[-118.42626,33.31822],[-118.42444,33.31816],[-118.42241,33.317],[-118.41736,33.31878],[-118.41632,33.31979],[-118.4137,33.31992],[-118.41266,33.32048],[-118.41101,33.32048],[-118.41081,33.32106],[-118.40734,33.32138],[-118.40294,33.32123],[-118.39722,33.31999],[-118.39664,33.32045],[-118.39475,33.32035],[-118.39357,33.31966],[-118.39115,33.32109],[-118.39019,33.32106],[-118.38998,33.32153],[-118.38875,33.32039],[-118.38616,33.32078],[-118.38559,33.32049],[-118.38403,33.32115],[-118.37425,33.32011],[-118.3641,33.31588],[-118.36045,33.31561],[-118.35565,33.31452],[-118.35101,33.3109],[-118.34916,33.30873],[-118.34653,33.30815],[-118.34136,33.30398],[-118.33462,33.30182],[-118.33154,33.30141],[-118.32617,33.2991],[-118.32282,33.29983],[-118.32026,33.30115],[-118.31688,33.30143],[-118.31434,33.30282],[-118.31189,33.30584],[-118.30532,33.30833],[-118.30394,33.31648],[-118.30437,33.31707],[-118.30447,33.32049],[-118.30629,33.32211],[-118.30606,33.32278],[-118.30784,33.32806],[-118.30797,33.33014],[-118.30913,33.3319],[-118.30896,33.33274],[-118.30986,33.33247],[-118.31074,33.33313],[-118.31519,33.34113],[-118.31735,33.34325],[-118.31903,33.34246],[-118.32191,33.34389],[-118.32333,33.34295],[-118.32334,33.34233],[-118.32515,33.34164],[-118.32531,33.33999],[-118.326,33.3401],[-118.32669,33.33936],[-118.32984,33.34112],[-118.32808,33.34312],[-118.32856,33.34344],[-118.32798,33.34377],[-118.32822,33.34443],[-118.32735,33.34556],[-118.32744,33.34767],[-118.32646,33.34892],[-118.32933,33.35056],[-118.32968,33.35132],[-118.3287,33.35155],[-118.3285,33.35267],[-118.33052,33.35412],[-118.33021,33.35469],[-118.33093,33.35586],[-118.33083,33.35678],[-118.33234,33.3588],[-118.33439,33.36044],[-118.33695,33.3615],[-118.3417,33.36448],[-118.34707,33.36974],[-118.3486,33.36777],[-118.34911,33.36797],[-118.34868,33.3701],[-118.35059,33.37115],[-118.34997,33.37124],[-118.34999,33.37197],[-118.35122,33.37378],[-118.35314,33.3741],[-118.35457,33.37367],[-118.35508,33.37441],[-118.35428,33.37512],[-118.35504,33.37689],[-118.35687,33.37777],[-118.35637,33.37836],[-118.35873,33.38159],[-118.36209,33.38467],[-118.36487,33.38804],[-118.36765,33.38819],[-118.36858,33.38982],[-118.36853,33.39102],[-118.37001,33.39026],[-118.37207,33.39097],[-118.37231,33.3916],[-118.37056,33.39257],[-118.3712,33.39532],[-118.3707,33.39458],[-118.36949,33.39495],[-118.37042,33.39599],[-118.36993,33.39748],[-118.36763,33.3996],[-118.36732,33.40063],[-118.36858,33.40358],[-118.37019,33.40371],[-118.36973,33.40439],[-118.37051,33.406],[-118.3685,33.40545],[-118.36638,33.4063],[-118.36925,33.40713],[-118.36972,33.40853],[-118.37053,33.40913],[-118.37271,33.40995],[-118.37572,33.41021],[-118.37737,33.40963],[-118.38199,33.40944],[-118.38331,33.41049],[-118.38434,33.41248],[-118.38628,33.41383],[-118.38913,33.41754],[-118.39387,33.4168],[-118.39411,33.41574],[-118.39592,33.41582],[-118.39733,33.41631],[-118.39855,33.41819],[-118.40474,33.41938],[-118.40568,33.42002],[-118.40533,33.42079],[-118.40557,33.42171],[-118.40815,33.42097],[-118.41348,33.42251],[-118.41424,33.42315],[-118.41539,33.42314],[-118.41575,33.42392],[-118.41638,33.42372],[-118.41696,33.4242],[-118.41747,33.42514],[-118.42099,33.42682],[-118.42423,33.4272],[-118.42531,33.42649],[-118.42937,33.42784],[-118.43414,33.42596],[-118.43545,33.42763],[-118.43684,33.42847],[-118.43942,33.42841],[-118.44207,33.42726],[-118.44566,33.42844],[-118.44856,33.43077],[-118.44965,33.43253],[-118.4541,33.43327],[-118.45541,33.43472],[-118.45806,33.43627],[-118.46059,33.43683],[-118.46163,33.43776],[-118.46179,33.43884],[-118.46284,33.44034],[-118.4661,33.44016],[-118.46767,33.44175],[-118.47289,33.44213],[-118.4746,33.44414],[-118.47584,33.44464],[-118.47665,33.44658],[-118.47651,33.44746],[-118.47749,33.44829],[-118.47929,33.44765],[-118.48019,33.44795],[-118.48255,33.44754],[-118.48509,33.44644],[-118.48462,33.44546],[-118.48281,33.44519],[-118.48286,33.44433],[-118.4837,33.44445],[-118.48434,33.44359],[-118.48585,33.44348],[-118.48794,33.44465],[-118.48831,33.44397],[-118.48964,33.44412],[-118.49112,33.44295],[-118.49011,33.44203],[-118.49111,33.44179],[-118.49091,33.44078],[-118.49687,33.44087],[-118.49919,33.43962],[-118.49985,33.43991],[-118.49966,33.4411],[-118.50009,33.4413],[-118.4998,33.44187],[-118.50015,33.44223],[-118.49982,33.44363],[-118.49874,33.44452],[-118.49833,33.44582],[-118.50006,33.44681],[-118.50279,33.44685],[-118.50279,33.44727],[-118.49973,33.44804],[-118.50002,33.44951],[-118.5012,33.44936],[-118.50308,33.4501],[-118.50712,33.4507],[-118.5071,33.45116],[-118.50646,33.4513],[-118.5034,33.45129],[-118.50304,33.45211],[-118.50178,33.45253],[-118.50155,33.45309],[-118.50224,33.4528],[-118.50275,33.45322],[-118.50381,33.45291],[-118.50527,33.45323],[-118.50561,33.45381],[-118.50855,33.45456],[-118.50896,33.45545],[-118.51019,33.45499],[-118.51106,33.45567],[-118.51222,33.45539],[-118.51275,33.45632],[-118.51509,33.45712],[-118.51599,33.45678],[-118.51593,33.45772],[-118.51673,33.45872],[-118.51861,33.4587],[-118.51839,33.46032],[-118.51927,33.46096],[-118.52186,33.46118],[-118.52455,33.45972],[-118.52519,33.46103],[-118.52322,33.4625],[-118.52398,33.4634],[-118.52231,33.46423],[-118.52222,33.46534],[-118.52291,33.4657],[-118.52559,33.46531],[-118.52966,33.46733],[-118.53017,33.4672],[-118.53081,33.46788],[-118.53429,33.46881],[-118.53434,33.46974],[-118.53292,33.46949],[-118.53214,33.4699],[-118.53193,33.47174],[-118.53375,33.47378],[-118.5353,33.47414],[-118.53645,33.47587],[-118.53838,33.47744],[-118.53831,33.47594],[-118.53964,33.4752],[-118.54169,33.47534],[-118.54419,33.47387],[-118.5462,33.47474],[-118.54649,33.47401],[-118.54779,33.47425],[-118.54783,33.47329],[-118.54843,33.473],[-118.5517,33.47257],[-118.55218,33.47337],[-118.55304,33.47331],[-118.55344,33.47402],[-118.55567,33.47437],[-118.55757,33.47315],[-118.56161,33.474],[-118.56622,33.47347],[-118.56681,33.47399],[-118.56759,33.47376],[-118.56943,33.47541],[-118.57217,33.47432],[-118.57478,33.47447],[-118.57515,33.47485],[-118.57675,33.47407],[-118.57933,33.4753],[-118.58138,33.47435],[-118.58292,33.47443],[-118.58597,33.47368],[-118.58848,33.4751],[-118.5934,33.47517],[-118.59477,33.47647],[-118.5985,33.47786],[-118.60102,33.47702],[-118.60208,33.47784],[-118.60387,33.47781],[-118.60493,33.47874],[-118.60578,33.47885],[-118.60612,33.47865],[-118.60541,33.47836],[-118.60446,33.47679]]]}},{"type":"Feature","properties":{"c":"zone"},"geometry":{"type":"MultiPolygon","coordinates":[[[[-117.0942,32.62123],[-117.09441,32.6213],[-117.09385,32.62191],[-117.0942,32.62123]]],[[[-117.09396,32.62229],[-117.09415,32.62249],[-117.09429,32.62331],[-117.09396,32.62229]]],[[[-117.10285,32.63426],[-117.10206,32.63243],[-117.10418,32.63151],[-117.10468,32.63208],[-117.10391,32.63418],[-117.10295,32.63344],[-117.10285,32.63426]]],[[[-117.10114,32.64713],[-117.10168,32.64713],[-117.10122,32.64745],[-117.10114,32.64713]]],[[[-117.10009,32.64723],[-117.10099,32.64714],[-117.10106,32.64766],[-117.09687,32.64956],[-117.09691,32.64849],[-117.10009,32.64723]]],[[[-117.09601,32.64959],[-117.0949,32.64974],[-117.09615,32.64916],[-117.09669,32.64985],[-117.09651,32.65036],[-117.09601,32.64959]]],[[[-117.10385,32.64865],[-117.10429,32.65059],[-117.10369,32.64921],[-117.10385,32.64865]]],[[[-117.1032,32.65052],[-117.10398,32.65131],[-117.10262,32.65183],[-117.1022,32.65077],[-117.1032,32.65052]]],[[[-117.10479,32.65176],[-117.10447,32.65101],[-117.10502,32.65179],[-117.10479,32.65176]]],[[[-117.09655,32.65196],[-117.09638,32.6512],[-117.09674,32.65045],[-117.09655,32.65196]]],[[[-117.10197,32.65083],[-117.10248,32.65187],[-117.09824,32.65312],[-117.0978,32.65205],[-117.10197,32.65083]]],[[[-117.10246,32.6549],[-117.10388,32.65444],[-117.10489,32.65488],[-117.10246,32.6549]]],[[[-117.09619,32.6525],[-117.09759,32.65211],[-117.09801,32.65318],[-117.09026,32.65587],[-117.08984,32.65486],[-117.09052,32.65446],[-117.09619,32.6525]]],[[[-117.0792,32.65749],[-117.07824,32.65691],[-117.07897,32.65677],[-117.07956,32.65746],[-117.08008,32.65696],[-117.08147,32.65763],[-117.0795,32.65791],[-117.0792,32.65749]]],[[[-117.08957,32.655],[-117.08998,32.65601],[-117.08539,32.65838],[-117.08325,32.65891],[-117.08263,32.65795],[-117.08494,32.65738],[-117.08957,32.655]]],[[[-117.08274,32.65892],[-117.08007,32.65822],[-117.08197,32.65779],[-117.08274,32.65892]]],[[[-117.10714,32.65945],[-117.10725,32.65942],[-117.10738,32.65973],[-117.10714,32.65945]]],[[[-117.10586,32.65699],[-117.1072,32.65996],[-117.10685,32.65985],[-117.10586,32.65699]]],[[[-117.10639,32.6608],[-117.10708,32.66193],[-117.10656,32.66246],[-117.10639,32.6608]]],[[[-117.10643,32.66273],[-117.10576,32.66503],[-117.10629,32.66541],[-117.10496,32.66671],[-117.10643,32.66273]]],[[[-117.10505,32.66692],[-117.10507,32.66766],[-117.10484,32.66804],[-117.10505,32.66692]]],[[[-117.1116,32.67646],[-117.11454,32.6752],[-117.11439,32.67395],[-117.11618,32.67774],[-117.11564,32.67791],[-117.11452,32.67558],[-117.11379,32.67627],[-117.11432,32.67756],[-117.11398,32.67765],[-117.11334,32.67637],[-117.11122,32.67698],[-117.11144,32.67836],[-117.11081,32.67669],[-117.1116,32.67646]]],[[[-117.11147,32.67846],[-117.11167,32.6784],[-117.1129,32.68167],[-117.11147,32.67846]]],[[[-117.12001,32.69094],[-117.12122,32.69082],[-117.12011,32.69111],[-117.12001,32.69094]]],[[[-117.12533,32.68848],[-117.12382,32.69124],[-117.12341,32.69095],[-117.12533,32.68848]]],[[[-117.11981,32.69103],[-117.11976,32.69122],[-117.11949,32.69105],[-117.11981,32.69103]]],[[[-117.11869,32.69105],[-117.11895,32.69123],[-117.11872,32.69123],[-117.11869,32.69105]]],[[[-117.11688,32.6912],[-117.11752,32.69103],[-117.11846,32.69123],[-117.11688,32.6912]]],[[[-117.12126,32.69106],[-117.12226,32.6915],[-117.12215,32.69166],[-117.12126,32.69106]]],[[[-117.12225,32.69171],[-117.12234,32.69154],[-117.12254,32.69167],[-117.12225,32.69171]]],[[[-117.12321,32.6912],[-117.12369,32.69139],[-117.12327,32.69344],[-117.12306,32.69214],[-117.12263,32.69191],[-117.12321,32.6912]]],[[[-117.12311,32.69425],[-117.12332,32.69506],[-117.12233,32.69588],[-117.12305,32.69508],[-117.12311,32.69425]]],[[[-117.12222,32.6962],[-117.12255,32.69625],[-117.12167,32.69707],[-117.12222,32.6962]]],[[[-117.2287,32.75231],[-117.22708,32.75212],[-117.22693,32.75074],[-117.22826,32.74914],[-117.22947,32.74876],[-117.22927,32.75238],[-117.2287,32.75231]]],[[[-117.22969,32.75269],[-117.2299,32.7546],[-117.22926,32.756],[-117.22708,32.75658],[-117.22922,32.75427],[-117.22913,32.75274],[-117.22969,32.75269]]],[[[-117.22772,32.75978],[-117.22434,32.75766],[-117.23495,32.75636],[-117.23311,32.75913],[-117.22772,32.75978]]],[[[-117.20479,32.75995],[-117.20534,32.75989],[-117.20522,32.76087],[-117.20479,32.75995]]],[[[-117.20339,32.76019],[-117.20386,32.76013],[-117.20411,32.76105],[-117.20339,32.76019]]],[[[-117.19816,32.7607],[-117.19805,32.76108],[-117.19805,32.76075],[-117.19816,32.7607]]],[[[-117.19767,32.76079],[-117.19779,32.76109],[-117.19748,32.76081],[-117.19767,32.76079]]],[[[-117.22272,32.75784],[-117.22347,32.75776],[-117.22691,32.75989],[-117.20521,32.76242],[-117.20547,32.75988],[-117.22272,32.75784]]],[[[-117.20437,32.76005],[-117.20494,32.76039],[-117.20506,32.76243],[-117.20437,32.76005]]],[[[-117.20408,32.7601],[-117.20414,32.76009],[-117.20475,32.76245],[-117.20408,32.7601]]],[[[-117.2029,32.76022],[-117.20384,32.76075],[-117.20442,32.76248],[-117.20364,32.76257],[-117.2029,32.76022]]],[[[-117.20184,32.76034],[-117.20259,32.7603],[-117.20345,32.76259],[-117.20273,32.76269],[-117.20184,32.76034]]],[[[-117.2006,32.76274],[-117.2015,32.76171],[-117.20161,32.76053],[-117.20243,32.76272],[-117.2006,32.76274]]],[[[-117.20095,32.7604],[-117.20149,32.76047],[-117.20153,32.76121],[-117.20075,32.76251],[-117.19806,32.763],[-117.19831,32.76071],[-117.20095,32.7604]]],[[[-117.19399,32.7637],[-117.19369,32.76265],[-117.19043,32.76236],[-117.18988,32.76062],[-117.19757,32.76096],[-117.19784,32.76303],[-117.19399,32.7637]]],[[[-117.20555,32.76945],[-117.20575,32.77014],[-117.20548,32.76984],[-117.20555,32.76945]]],[[[-117.20589,32.77018],[-117.20605,32.76905],[-117.20613,32.76997],[-117.20589,32.77018]]],[[[-117.20712,32.77076],[-117.20729,32.77073],[-117.20733,32.77106],[-117.20712,32.77076]]],[[[-117.20604,32.77042],[-117.20669,32.7712],[-117.20646,32.77125],[-117.20604,32.77042]]],[[[-117.20561,32.77112],[-117.20576,32.7713],[-117.20568,32.7713],[-117.20561,32.77112]]],[[[-117.20522,32.77118],[-117.20547,32.77114],[-117.20554,32.77132],[-117.20522,32.77118]]],[[[-117.2049,32.77123],[-117.20511,32.77136],[-117.20304,32.77269],[-117.2049,32.77123]]],[[[-117.20739,32.77071],[-117.20774,32.77064],[-117.20826,32.77346],[-117.20785,32.77348],[-117.20739,32.77071]]],[[[-117.20584,32.77108],[-117.20671,32.7719],[-117.20776,32.77557],[-117.20584,32.77108]]],[[[-117.22186,32.80204],[-117.22263,32.80195],[-117.22329,32.80348],[-117.22312,32.80507],[-117.22229,32.80529],[-117.22276,32.80399],[-117.22186,32.80204]]],[[[-117.22223,32.80552],[-117.22272,32.80546],[-117.22221,32.80643],[-117.221,32.80693],[-117.22223,32.80552]]],[[[-117.24144,32.97863],[-117.23741,32.97919],[-117.23223,32.97829],[-117.23757,32.97891],[-117.23886,32.97792],[-117.23887,32.97641],[-117.23898,32.97723],[-117.23994,32.97634],[-117.24232,32.9765],[-117.24215,32.97549],[-117.24499,32.9753],[-117.24666,32.97342],[-117.24975,32.97264],[-117.24981,32.9723],[-117.2512,32.9757],[-117.25087,32.97578],[-117.25125,32.97817],[-117.24768,32.9781],[-117.24726,32.97993],[-117.2457,32.9804],[-117.24301,32.97967],[-117.24144,32.97863]]],[[[-117.26347,33.00959],[-117.26376,33.00934],[-117.26489,33.0103],[-117.26443,33.01046],[-117.26347,33.00959]]],[[[-117.25586,33.01589],[-117.25507,33.01528],[-117.25393,33.01545],[-117.25343,33.01493],[-117.25111,33.01462],[-117.24937,33.01246],[-117.24511,33.01247],[-117.24387,33.01193],[-117.24424,33.01163],[-117.24493,33.01219],[-117.24624,33.01125],[-117.24677,33.01149],[-117.2496,33.00941],[-117.25152,33.00983],[-117.25232,33.01084],[-117.25361,33.01038],[-117.25458,33.01077],[-117.25748,33.00851],[-117.26018,33.00884],[-117.26107,33.00815],[-117.26402,33.01059],[-117.26208,33.01153],[-117.2587,33.01524],[-117.25625,33.01621],[-117.25586,33.01589]]],[[[-117.26405,33.08809],[-117.26892,33.08782],[-117.26902,33.0883],[-117.26442,33.08813],[-117.26154,33.08869],[-117.26015,33.08975],[-117.26138,33.08867],[-117.26405,33.08809]]],[[[-117.27307,33.09386],[-117.27128,33.0938],[-117.26939,33.09259],[-117.26983,33.08988],[-117.2689,33.08553],[-117.27255,33.08544],[-117.27757,33.08767],[-117.2798,33.0881],[-117.2847,33.08735],[-117.29051,33.08736],[-117.29308,33.08663],[-117.29669,33.08478],[-117.29772,33.08633],[-117.29874,33.08591],[-117.30356,33.09362],[-117.30245,33.09409],[-117.29997,33.09293],[-117.2989,33.09162],[-117.29594,33.09175],[-117.29335,33.09109],[-117.29172,33.09152],[-117.29082,33.09268],[-117.28892,33.09137],[-117.28449,33.09274],[-117.28235,33.09163],[-117.28195,33.09246],[-117.2792,33.094],[-117.27671,33.09379],[-117.27614,33.09331],[-117.27473,33.09346],[-117.27428,33.09407],[-117.27307,33.09386]]],[[[-117.33088,33.14766],[-117.3292,33.1452],[-117.32547,33.1446],[-117.32381,33.14357],[-117.32335,33.14497],[-117.32472,33.14614],[-117.32453,33.14648],[-117.32284,33.14514],[-117.32335,33.14329],[-117.32199,33.14251],[-117.32117,33.14273],[-117.31991,33.1423],[-117.31903,33.14382],[-117.31359,33.14303],[-117.30927,33.14512],[-117.30664,33.14272],[-117.30846,33.14133],[-117.30868,33.14034],[-117.30824,33.13906],[-117.30867,33.13884],[-117.31053,33.13882],[-117.31363,33.13779],[-117.31621,33.13889],[-117.31771,33.13867],[-117.31801,33.13817],[-117.31992,33.1375],[-117.32119,33.13767],[-117.32594,33.1391],[-117.32743,33.14015],[-117.33175,33.14158],[-117.33327,33.1439],[-117.33369,33.14775],[-117.33176,33.14821],[-117.33088,33.14766]]],[[[-117.3514,33.17484],[-117.35037,33.1749],[-117.34915,33.1737],[-117.34964,33.17319],[-117.34946,33.16983],[-117.35086,33.16782],[-117.35214,33.16693],[-117.3524,33.16591],[-117.35326,33.16562],[-117.3545,33.16629],[-117.35685,33.16902],[-117.35367,33.17254],[-117.35222,33.17509],[-117.3514,33.17484]]],[[[-117.34189,33.17976],[-117.34088,33.17969],[-117.34069,33.1791],[-117.34314,33.17644],[-117.34432,33.17614],[-117.34627,33.17412],[-117.34747,33.17372],[-117.34863,33.17397],[-117.34957,33.17615],[-117.34804,33.17859],[-117.3455,33.17982],[-117.34189,33.17976]]],[[[-117.33894,33.17901],[-117.34037,33.17927],[-117.33439,33.18076],[-117.33664,33.17947],[-117.33894,33.17901]]],[[[-117.36622,33.18023],[-117.36634,33.18034],[-117.36501,33.18248],[-117.36622,33.18023]]],[[[-117.36102,33.21555],[-117.36407,33.21439],[-117.36682,33.21405],[-117.36779,33.21294],[-117.37485,33.21266],[-117.37963,33.20965],[-117.38301,33.20632],[-117.38409,33.20609],[-117.38498,33.20739],[-117.38339,33.20829],[-117.37923,33.21214],[-117.37456,33.21478],[-117.37117,33.21506],[-117.36978,33.2158],[-117.36419,33.21568],[-117.36175,33.21654],[-117.36108,33.21798],[-117.3598,33.21831],[-117.35924,33.21771],[-117.36102,33.21555]]],[[[-117.57678,33.38277],[-117.57808,33.38302],[-117.5779,33.3832],[-117.57678,33.38277]]],[[[-117.57665,33.38302],[-117.57776,33.38337],[-117.57771,33.38344],[-117.57665,33.38302]]],[[[-117.57564,33.38476],[-117.57656,33.3832],[-117.57758,33.38359],[-117.57582,33.38521],[-117.57544,33.38513],[-117.57564,33.38476]]],[[[-117.58837,33.38778],[-117.58414,33.38448],[-117.58481,33.38307],[-117.58047,33.38162],[-117.57878,33.38216],[-117.57818,33.38286],[-117.57688,33.38244],[-117.57695,33.38127],[-117.57476,33.38113],[-117.57072,33.37841],[-117.56886,33.37555],[-117.55527,33.36773],[-117.55027,33.36626],[-117.53938,33.35896],[-117.52674,33.34934],[-117.5205,33.34534],[-117.50963,33.33688],[-117.4956,33.32347],[-117.4947,33.32324],[-117.49438,33.32364],[-117.49492,33.323],[-117.49459,33.32252],[-117.49129,33.31927],[-117.49065,33.31979],[-117.4912,33.31913],[-117.47626,33.30335],[-117.4744,33.30288],[-117.47517,33.30269],[-117.47506,33.30199],[-117.46907,33.29529],[-117.46849,33.29578],[-117.46882,33.29535],[-117.46854,33.29483],[-117.46543,33.29471],[-117.4649,33.29416],[-117.46498,33.29352],[-117.46355,33.2931],[-117.4649,33.29191],[-117.46476,33.29088],[-117.46047,33.29062],[-117.45795,33.29176],[-117.46113,33.28973],[-117.46304,33.28966],[-117.46188,33.28829],[-117.46222,33.28736],[-117.45196,33.27563],[-117.451,33.27571],[-117.4512,33.2762],[-117.45018,33.27647],[-117.45011,33.27722],[-117.4494,33.2776],[-117.45003,33.27717],[-117.45004,33.27648],[-117.45108,33.27616],[-117.4509,33.27561],[-117.45174,33.2754],[-117.45092,33.27439],[-117.45011,33.27439],[-117.45082,33.27429],[-117.45037,33.27362],[-117.4442,33.26644],[-117.44358,33.26656],[-117.44219,33.26815],[-117.44182,33.26818],[-117.44193,33.2677],[-117.44102,33.26839],[-117.43971,33.26789],[-117.44044,33.26703],[-117.44085,33.26524],[-117.44196,33.26402],[-117.44122,33.26294],[-117.439,33.26451],[-117.43797,33.26462],[-117.43503,33.26638],[-117.4346,33.26612],[-117.43529,33.26439],[-117.43634,33.26427],[-117.4379,33.26263],[-117.43957,33.26246],[-117.4402,33.26155],[-117.43878,33.25978],[-117.43691,33.25928],[-117.43698,33.25851],[-117.43764,33.25821],[-117.43163,33.25103],[-117.43049,33.25184],[-117.43047,33.25124],[-117.42971,33.2517],[-117.43023,33.2509],[-117.43122,33.25063],[-117.43079,33.24988],[-117.41979,33.23718],[-117.41637,33.23608],[-117.41127,33.23591],[-117.40947,33.23705],[-117.40756,33.23567],[-117.40242,33.23749],[-117.39804,33.23786],[-117.3954,33.23889],[-117.39372,33.2383],[-117.3893,33.2383],[-117.38638,33.23915],[-117.38602,33.23859],[-117.38225,33.24266],[-117.38184,33.24511],[-117.38124,33.24613],[-117.3807,33.24586],[-117.38334,33.23844],[-117.3862,33.23659],[-117.38751,33.23645],[-117.38802,33.23664],[-117.38794,33.23705],[-117.39074,33.23691],[-117.38989,33.23646],[-117.39216,33.23555],[-117.39202,33.23507],[-117.39352,33.23339],[-117.39586,33.23318],[-117.39803,33.23182],[-117.39813,33.23115],[-117.39996,33.23068],[-117.40313,33.22851],[-117.40397,33.22777],[-117.40356,33.22542],[-117.40391,33.22449],[-117.40603,33.22243],[-117.40518,33.22165],[-117.4032,33.22248],[-117.39927,33.22119],[-117.39757,33.21966],[-117.3974,33.21881],[-117.39625,33.21852],[-117.39598,33.21815],[-117.3965,33.2177],[-117.39656,33.21632],[-117.39587,33.21607],[-117.39616,33.21542],[-117.39573,33.21498],[-117.39615,33.21456],[-117.39576,33.21375],[-117.39558,33.21402],[-117.3948,33.2135],[-117.39426,33.21448],[-117.39393,33.21402],[-117.39415,33.21309],[-117.39378,33.21275],[-117.39444,33.21081],[-117.39374,33.21063],[-117.39363,33.20989],[-117.39426,33.20954],[-117.39418,33.20889],[-117.39255,33.20701],[-117.3892,33.2069],[-117.38865,33.20504],[-117.3857,33.20706],[-117.38464,33.20516],[-117.38774,33.20265],[-117.38843,33.20273],[-117.38782,33.20153],[-117.38801,33.20033],[-117.37015,33.1784],[-117.36862,33.17919],[-117.36891,33.17952],[-117.36788,33.18008],[-117.36821,33.18058],[-117.36731,33.1811],[-117.36636,33.18001],[-117.3653,33.17871],[-117.36739,33.17745],[-117.36712,33.17709],[-117.36796,33.17614],[-117.3609,33.16851],[-117.36118,33.16819],[-117.36067,33.16754],[-117.35929,33.16621],[-117.35984,33.16776],[-117.35874,33.16845],[-117.35879,33.16892],[-117.35726,33.16896],[-117.35511,33.16665],[-117.35481,33.16592],[-117.35614,33.16549],[-117.35735,33.16626],[-117.35726,33.16494],[-117.35806,33.16463],[-117.35811,33.16394],[-117.35215,33.15671],[-117.34542,33.14687],[-117.34411,33.14583],[-117.34167,33.14603],[-117.34031,33.14505],[-117.33647,33.14693],[-117.33408,33.14716],[-117.33383,33.14378],[-117.33691,33.14346],[-117.33641,33.14255],[-117.33726,33.14099],[-117.33669,33.13868],[-117.33888,33.138],[-117.33678,33.13409],[-117.33734,33.13387],[-117.33646,33.13177],[-117.32913,33.12345],[-117.32516,33.11595],[-117.32446,33.11611],[-117.32392,33.11515],[-117.32452,33.115],[-117.32509,33.11576],[-117.31427,33.09039],[-117.3132,33.08868],[-117.31265,33.08884],[-117.31277,33.08935],[-117.30811,33.08974],[-117.30776,33.09041],[-117.30646,33.08926],[-117.30416,33.09263],[-117.30032,33.08703],[-117.3013,33.08735],[-117.30334,33.08665],[-117.30608,33.08388],[-117.30851,33.08393],[-117.30913,33.08313],[-117.31006,33.08397],[-117.31028,33.08372],[-117.30954,33.08307],[-117.30991,33.08262],[-117.31166,33.0829],[-117.3094,33.07459],[-117.3036,33.06161],[-117.29854,33.04845],[-117.29747,33.04797],[-117.29791,33.04713],[-117.29551,33.03694],[-117.29429,33.03548],[-117.29119,33.03366],[-117.28256,33.01704],[-117.28114,33.01749],[-117.27945,33.01466],[-117.2785,33.014],[-117.27579,33.01461],[-117.27447,33.01303],[-117.2718,33.01337],[-117.26948,33.01014],[-117.26778,33.00958],[-117.26519,33.01018],[-117.26218,33.00732],[-117.26555,33.00567],[-117.26782,33.00586],[-117.26912,33.00434],[-117.27212,33.00372],[-117.27369,33.00456],[-117.27418,33.00401],[-117.27418,33.00264],[-117.27535,33.0025],[-117.2781,33.00055],[-117.27718,32.99863],[-117.27626,32.99795],[-117.27493,32.99247],[-117.27441,32.99188],[-117.27308,32.98455],[-117.27316,32.98231],[-117.27189,32.97864],[-117.27065,32.97639],[-117.26872,32.97896],[-117.26754,32.9796],[-117.26146,32.98033],[-117.25702,32.97926],[-117.25635,32.9779],[-117.25655,32.97354],[-117.25748,32.97268],[-117.26096,32.9718],[-117.2511,32.9731],[-117.25179,32.97558],[-117.25029,32.97155],[-117.2509,32.97107],[-117.24828,32.96376],[-117.24936,32.96372],[-117.24962,32.96295],[-117.25163,32.96253],[-117.25598,32.96335],[-117.25698,32.96481],[-117.26318,32.97042],[-117.2647,32.96921],[-117.26692,32.96218],[-117.26736,32.96229],[-117.26816,32.96138],[-117.26809,32.95914],[-117.26686,32.95422],[-117.26113,32.93822],[-117.25853,32.93542],[-117.25752,32.93604],[-117.25478,32.93377],[-117.24525,32.92996],[-117.24318,32.92707],[-117.24193,32.92694],[-117.24046,32.92534],[-117.23903,32.92177],[-117.2394,32.91949],[-117.24019,32.91872],[-117.24626,32.92311],[-117.24671,32.92276],[-117.24633,32.92212],[-117.24675,32.92156],[-117.24616,32.92177],[-117.24488,32.92061],[-117.24582,32.9202],[-117.24764,32.92242],[-117.24793,32.92322],[-117.24745,32.92354],[-117.25097,32.92659],[-117.25219,32.92687],[-117.25377,32.92629],[-117.25531,32.9268],[-117.25627,32.92743],[-117.25647,32.92862],[-117.25808,32.92805],[-117.25868,32.9275],[-117.25809,32.92703],[-117.25922,32.92622],[-117.2585,32.91407],[-117.25652,32.91086],[-117.25557,32.90685],[-117.2539,32.90296],[-117.2528,32.89617],[-117.25328,32.89307],[-117.25283,32.8847],[-117.25161,32.88104],[-117.25091,32.87639],[-117.25194,32.8724],[-117.25305,32.87138],[-117.25453,32.86444],[-117.25458,32.8636],[-117.25422,32.86355],[-117.25524,32.85981],[-117.25453,32.85976],[-117.25494,32.85257],[-117.25583,32.85259],[-117.25627,32.85166],[-117.25716,32.8515],[-117.25703,32.85076],[-117.25778,32.85055],[-117.26081,32.85191],[-117.26175,32.8512],[-117.2623,32.85145],[-117.26521,32.84854],[-117.26667,32.84895],[-117.26762,32.84849],[-117.27008,32.8499],[-117.27041,32.84945],[-117.27129,32.85024],[-117.27306,32.85024],[-117.27353,32.851],[-117.27744,32.84752],[-117.27874,32.84728],[-117.27875,32.84465],[-117.28081,32.84297],[-117.28155,32.84062],[-117.28133,32.83977],[-117.28037,32.83931],[-117.28128,32.83873],[-117.2807,32.83457],[-117.28155,32.83418],[-117.28195,32.83289],[-117.28104,32.83181],[-117.27954,32.82625],[-117.28019,32.82432],[-117.28031,32.82174],[-117.27736,32.81993],[-117.27677,32.81906],[-117.27453,32.81873],[-117.27345,32.81792],[-117.27291,32.81682],[-117.27384,32.81568],[-117.27335,32.81427],[-117.27251,32.81422],[-117.27117,32.81303],[-117.2679,32.80813],[-117.26687,32.80777],[-117.26525,32.80816],[-117.26372,32.80716],[-117.26259,32.80565],[-117.26149,32.8058],[-117.26228,32.80532],[-117.25917,32.80176],[-117.25635,32.79533],[-117.25344,32.79598],[-117.25304,32.79456],[-117.25119,32.79495],[-117.25074,32.79349],[-117.24712,32.79427],[-117.24646,32.79254],[-117.24474,32.7929],[-117.24438,32.79201],[-117.24243,32.79234],[-117.24186,32.79051],[-117.24102,32.79053],[-117.23976,32.7865],[-117.23899,32.78173],[-117.23774,32.78012],[-117.23573,32.77997],[-117.23437,32.78221],[-117.23394,32.78445],[-117.23448,32.78863],[-117.23207,32.79101],[-117.23059,32.79394],[-117.23084,32.7961],[-117.23174,32.79588],[-117.23196,32.7966],[-117.22851,32.79737],[-117.22794,32.79664],[-117.22143,32.798],[-117.22247,32.80165],[-117.22177,32.80179],[-117.22107,32.79991],[-117.22,32.80002],[-117.2196,32.79837],[-117.21748,32.7987],[-117.21216,32.7984],[-117.20961,32.79593],[-117.20803,32.79257],[-117.20934,32.79073],[-117.20776,32.78796],[-117.20974,32.77793],[-117.20782,32.77046],[-117.20959,32.76845],[-117.20944,32.76743],[-117.20882,32.76708],[-117.20884,32.76566],[-117.20995,32.76343],[-117.21252,32.76212],[-117.2173,32.76174],[-117.21918,32.76268],[-117.21978,32.76379],[-117.21974,32.76527],[-117.22135,32.76599],[-117.22766,32.76759],[-117.22886,32.76662],[-117.23187,32.76658],[-117.23265,32.76573],[-117.23133,32.76486],[-117.23184,32.76322],[-117.23107,32.76245],[-117.22931,32.76187],[-117.23274,32.76019],[-117.23619,32.75517],[-117.24182,32.75164],[-117.24461,32.7525],[-117.24513,32.75343],[-117.24565,32.75331],[-117.2472,32.75152],[-117.24556,32.75032],[-117.24859,32.74679],[-117.25024,32.74774],[-117.2518,32.74612],[-117.253,32.74684],[-117.25299,32.74726],[-117.25406,32.74639],[-117.25483,32.74643],[-117.25518,32.74431],[-117.25475,32.74405],[-117.25506,32.74145],[-117.25475,32.73952],[-117.25661,32.73076],[-117.25547,32.7274],[-117.25739,32.72488],[-117.25695,32.72006],[-117.2555,32.71613],[-117.25642,32.71508],[-117.25616,32.71177],[-117.25516,32.70908],[-117.25551,32.70355],[-117.25491,32.7021],[-117.25537,32.69925],[-117.25455,32.69884],[-117.25393,32.69726],[-117.25385,32.69489],[-117.25313,32.69466],[-117.25267,32.69378],[-117.25281,32.69227],[-117.24986,32.68902],[-117.2503,32.68684],[-117.24942,32.68454],[-117.24976,32.68377],[-117.24935,32.68288],[-117.24874,32.68305],[-117.24815,32.68249],[-117.24799,32.68204],[-117.24869,32.68174],[-117.24798,32.68115],[-117.24857,32.68063],[-117.2485,32.68005],[-117.24671,32.67739],[-117.24627,32.67492],[-117.24522,32.67435],[-117.2449,32.67355],[-117.24536,32.67254],[-117.24492,32.67106],[-117.24535,32.66963],[-117.24449,32.66868],[-117.24486,32.66752],[-117.24447,32.66646],[-117.24273,32.66491],[-117.23926,32.66609],[-117.2373,32.66808],[-117.23753,32.67007],[-117.23638,32.67145],[-117.23854,32.68086],[-117.23809,32.68222],[-117.23872,32.68241],[-117.24004,32.68679],[-117.24,32.68735],[-117.23949,32.68736],[-117.23958,32.6902],[-117.24074,32.69581],[-117.23897,32.70431],[-117.23815,32.70425],[-117.23811,32.70532],[-117.23723,32.7054],[-117.23777,32.70766],[-117.23737,32.70935],[-117.23854,32.70964],[-117.23829,32.71051],[-117.23724,32.71033],[-117.23674,32.71209],[-117.23777,32.7124],[-117.23757,32.71323],[-117.2369,32.71462],[-117.23627,32.71454],[-117.23524,32.71755],[-117.23205,32.7194],[-117.22998,32.72185],[-117.2308,32.72263],[-117.22961,32.72436],[-117.23042,32.72493],[-117.22743,32.72848],[-117.22627,32.72792],[-117.22519,32.72918],[-117.22068,32.72651],[-117.21666,32.72799],[-117.21693,32.72953],[-117.21738,32.72983],[-117.21643,32.73096],[-117.21743,32.73157],[-117.21305,32.7363],[-117.21381,32.73711],[-117.21028,32.74064],[-117.21156,32.74173],[-117.20997,32.7426],[-117.21072,32.74307],[-117.21002,32.74392],[-117.2072,32.74449],[-117.20677,32.7432],[-117.20336,32.74406],[-117.20365,32.74096],[-117.2021,32.74077],[-117.20221,32.73933],[-117.19209,32.73828],[-117.19116,32.73954],[-117.18877,32.73931],[-117.18871,32.73878],[-117.19145,32.73429],[-117.20206,32.73687],[-117.20282,32.7347],[-117.20445,32.73504],[-117.20508,32.7345],[-117.20535,32.73318],[-117.20737,32.73303],[-117.20762,32.73184],[-117.20689,32.73173],[-117.20699,32.73078],[-117.20465,32.73045],[-117.20354,32.72957],[-117.20013,32.7297],[-117.19919,32.73044],[-117.19866,32.72992],[-117.196,32.72983],[-117.19563,32.73017],[-117.19601,32.73079],[-117.19393,32.72949],[-117.19091,32.72922],[-117.19061,32.73045],[-117.18921,32.7301],[-117.18887,32.7304],[-117.18804,32.73346],[-117.17492,32.73027],[-117.17401,32.73053],[-117.17142,32.72455],[-117.1709,32.72207],[-117.17092,32.71454],[-117.16986,32.71455],[-117.16845,32.71184],[-117.16498,32.70981],[-117.16481,32.7105],[-117.1637,32.71046],[-117.16372,32.70954],[-117.16293,32.70946],[-117.16308,32.70888],[-117.15675,32.70538],[-117.15749,32.70478],[-117.155,32.70318],[-117.15246,32.6993],[-117.14646,32.69546],[-117.14775,32.69411],[-117.14279,32.69137],[-117.14319,32.69076],[-117.14254,32.69034],[-117.14183,32.69004],[-117.14081,32.6908],[-117.1382,32.69085],[-117.13476,32.69004],[-117.13426,32.68907],[-117.13447,32.6881],[-117.12978,32.68799],[-117.12975,32.68893],[-117.13354,32.69109],[-117.1336,32.69168],[-117.13135,32.69074],[-117.12754,32.68817],[-117.12561,32.68874],[-117.12561,32.6883],[-117.12838,32.68718],[-117.13254,32.68723],[-117.13329,32.68686],[-117.13023,32.68395],[-117.12907,32.68461],[-117.12845,32.68423],[-117.12781,32.68464],[-117.1282,32.68516],[-117.12707,32.68546],[-117.12329,32.6807],[-117.12204,32.68014],[-117.1239,32.67854],[-117.11897,32.67263],[-117.11529,32.67492],[-117.11519,32.67456],[-117.11548,32.67298],[-117.12008,32.66999],[-117.11935,32.66955],[-117.11768,32.6582],[-117.11805,32.65723],[-117.12247,32.65683],[-117.12114,32.65144],[-117.12038,32.65127],[-117.11951,32.64784],[-117.11269,32.6494],[-117.1119,32.65044],[-117.11029,32.65082],[-117.11064,32.6518],[-117.10748,32.65264],[-117.10768,32.65304],[-117.10915,32.65296],[-117.11033,32.65793],[-117.10926,32.65806],[-117.10844,32.6592],[-117.10803,32.65888],[-117.10514,32.65173],[-117.10439,32.6508],[-117.10414,32.64831],[-117.10196,32.64287],[-117.10291,32.64261],[-117.10247,32.64148],[-117.1057,32.64107],[-117.10614,32.63988],[-117.10594,32.63785],[-117.10552,32.63778],[-117.10588,32.63606],[-117.10476,32.63587],[-117.10516,32.63461],[-117.10492,32.63324],[-117.1054,32.63236],[-117.10406,32.63082],[-117.10764,32.62981],[-117.1077,32.62873],[-117.10581,32.62551],[-117.10152,32.6265],[-117.09971,32.62194],[-117.09892,32.62117],[-117.09761,32.62089],[-117.09476,32.62167],[-117.09468,32.62099],[-117.09724,32.62018],[-117.097,32.61779],[-117.09485,32.61655],[-117.09742,32.61729],[-117.09834,32.615],[-117.09649,32.61371],[-117.09694,32.61289],[-117.09809,32.61313],[-117.0982,32.61231],[-117.09587,32.61154],[-117.09618,32.60975],[-117.0942,32.6066],[-117.09403,32.60481],[-117.09243,32.60472],[-117.09296,32.59747],[-117.09509,32.59515],[-117.09257,32.59471],[-117.09516,32.59462],[-117.09699,32.59332],[-117.09713,32.58552],[-117.09754,32.58588],[-117.09719,32.59081],[-117.09758,32.59201],[-117.09813,32.59226],[-117.0993,32.5919],[-117.1051,32.58795],[-117.10431,32.58455],[-117.10378,32.58405],[-117.10452,32.58406],[-117.10452,32.5857],[-117.10559,32.58571],[-117.1058,32.58787],[-117.10906,32.58825],[-117.11002,32.58953],[-117.11228,32.58941],[-117.11196,32.5888],[-117.11366,32.58803],[-117.11369,32.58599],[-117.11549,32.58599],[-117.11549,32.58863],[-117.11495,32.58862],[-117.11487,32.59028],[-117.11559,32.59073],[-117.11559,32.59035],[-117.11618,32.59035],[-117.11616,32.58875],[-117.11741,32.58876],[-117.1174,32.58715],[-117.11807,32.58717],[-117.11808,32.58627],[-117.12064,32.58632],[-117.1222,32.58941],[-117.1225,32.59789],[-117.12487,32.60384],[-117.12617,32.60504],[-117.12989,32.60653],[-117.13246,32.60943],[-117.13294,32.60907],[-117.13191,32.59711],[-117.13155,32.59708],[-117.13149,32.59631],[-117.12936,32.59579],[-117.12926,32.59692],[-117.12728,32.59722],[-117.12702,32.59832],[-117.12335,32.59864],[-117.12294,32.59735],[-117.12249,32.58882],[-117.12734,32.58713],[-117.12738,32.58181],[-117.12966,32.58181],[-117.12965,32.57653],[-117.12749,32.5764],[-117.12706,32.57449],[-117.1247,32.57399],[-117.12309,32.57293],[-117.12302,32.56757],[-117.12178,32.56721],[-117.12178,32.56075],[-117.1186,32.56039],[-117.11788,32.55941],[-117.11719,32.55961],[-117.11682,32.56099],[-117.11679,32.56019],[-117.11145,32.56204],[-117.10798,32.56384],[-117.10207,32.56405],[-117.1017,32.56383],[-117.10472,32.56339],[-117.10276,32.56195],[-117.09559,32.56167],[-117.09275,32.55977],[-117.09282,32.55876],[-117.09327,32.55862],[-117.09547,32.56098],[-117.09646,32.5614],[-117.09986,32.56111],[-117.10368,32.56008],[-117.10479,32.56054],[-117.10509,32.56204],[-117.10568,32.56259],[-117.10587,32.56221],[-117.10705,32.56265],[-117.10901,32.56182],[-117.10761,32.56128],[-117.10728,32.56019],[-117.10621,32.56013],[-117.10665,32.5599],[-117.10636,32.55954],[-117.10436,32.55849],[-117.1056,32.55864],[-117.10525,32.55846],[-117.10551,32.55821],[-117.10297,32.5581],[-117.1017,32.55693],[-117.10354,32.55794],[-117.10844,32.5569],[-117.11009,32.55709],[-117.11131,32.5564],[-117.11104,32.55592],[-117.11212,32.55577],[-117.11158,32.55501],[-117.11334,32.55463],[-117.11114,32.55339],[-117.11149,32.55275],[-117.10982,32.55199],[-117.10735,32.55217],[-117.10603,32.55277],[-117.10572,32.55343],[-117.10587,32.55243],[-117.10692,32.55177],[-117.11012,32.55144],[-117.10997,32.54751],[-117.11009,32.54605],[-117.11059,32.54567],[-117.11028,32.54356],[-117.11459,32.54327],[-117.11453,32.53561],[-117.12056,32.53504],[-117.12074,32.53587],[-117.12217,32.53635],[-117.12339,32.53609],[-117.12353,32.53432],[-117.12392,32.53429],[-117.23906,32.5275],[-117.2633,32.5534],[-117.36709,32.57253],[-117.46446,32.5895],[-117.46926,32.60021],[-117.4735,32.61147],[-117.47869,32.62989],[-117.48232,32.64024],[-117.48734,32.65742],[-117.49025,32.67119],[-117.49168,32.68161],[-117.49475,32.71173],[-117.49532,32.72221],[-117.49526,32.73214],[-117.49579,32.73572],[-117.50424,32.75274],[-117.51075,32.77012],[-117.51528,32.78718],[-117.51933,32.81184],[-117.52052,32.82579],[-117.52098,32.84277],[-117.52028,32.85537],[-117.51866,32.86837],[-117.51582,32.88215],[-117.51251,32.89389],[-117.5077,32.90727],[-117.50235,32.91938],[-117.5062,32.93817],[-117.50932,32.94689],[-117.51584,32.95873],[-117.52181,32.97178],[-117.5267,32.98514],[-117.53003,32.99693],[-117.53865,33.01743],[-117.54339,33.03094],[-117.55203,33.04504],[-117.55453,33.04858],[-117.56269,33.05705],[-117.57393,33.0662],[-117.58236,33.07392],[-117.59037,33.08207],[-117.5978,33.09049],[-117.61185,33.10873],[-117.61791,33.11808],[-117.62386,33.12861],[-117.64893,33.15977],[-117.65917,33.17131],[-117.59586,33.38823],[-117.5953,33.38784],[-117.59418,33.38864],[-117.59113,33.3918],[-117.58837,33.38778]]],[[[-117.17636,32.68117],[-117.17501,32.68267],[-117.17619,32.68335],[-117.17521,32.68392],[-117.17509,32.68515],[-117.17421,32.68574],[-117.17399,32.68709],[-117.17244,32.68667],[-117.17144,32.68564],[-117.17025,32.68638],[-117.1688,32.68622],[-117.16806,32.68394],[-117.16436,32.68428],[-117.16386,32.68531],[-117.16375,32.68785],[-117.1645,32.68832],[-117.16409,32.68879],[-117.16665,32.69098],[-117.16544,32.69186],[-117.16569,32.69307],[-117.16418,32.69243],[-117.16413,32.69289],[-117.16564,32.69517],[-117.16541,32.69572],[-117.16591,32.69669],[-117.16684,32.69473],[-117.17088,32.69648],[-117.17014,32.69776],[-117.17101,32.69831],[-117.17793,32.70118],[-117.17882,32.69979],[-117.17934,32.7],[-117.18183,32.6957],[-117.18242,32.69577],[-117.18315,32.69447],[-117.1822,32.69408],[-117.18312,32.69253],[-117.18199,32.69206],[-117.18284,32.69065],[-117.1806,32.68969],[-117.18147,32.68829],[-117.18037,32.6878],[-117.1812,32.68639],[-117.18009,32.68588],[-117.18212,32.6856],[-117.18235,32.68518],[-117.18078,32.6835],[-117.18031,32.6821],[-117.17836,32.68019],[-117.1775,32.67998],[-117.17636,32.68117]]],[[[-117.1983,32.69599],[-117.19224,32.70466],[-117.19146,32.71182],[-117.19259,32.71197],[-117.19251,32.71271],[-117.19406,32.71332],[-117.20151,32.71371],[-117.20151,32.71433],[-117.20227,32.71453],[-117.20965,32.71299],[-117.21545,32.71088],[-117.22215,32.7052],[-117.22338,32.70305],[-117.20062,32.69096],[-117.20018,32.69162],[-117.20031,32.69342],[-117.1983,32.69599]]],[[[-117.59011,33.39099],[-117.5903,33.39079],[-117.59099,33.39184],[-117.59011,33.39099]]],[[[-117.58997,33.39127],[-117.59002,33.3912],[-117.59063,33.39213],[-117.58997,33.39127]]],[[[-117.59011,33.3923],[-117.58984,33.3925],[-117.58991,33.39159],[-117.59052,33.39236],[-117.59015,33.39311],[-117.59011,33.3923]]]]}},{"type":"Feature","properties":{"c":"zone"},"geometry":{"type":"MultiPolygon","coordinates":[[[[-119.03619,34.08394],[-119.03628,34.0839],[-119.03634,34.08435],[-119.03619,34.08394]]],[[[-119.23815,34.23702],[-119.23447,34.23629],[-119.21688,34.23652],[-119.2169,34.23339],[-119.22718,34.23309],[-119.24249,34.23388],[-119.25375,34.23318],[-119.25505,34.23258],[-119.25626,34.23129],[-119.25632,34.23659],[-119.23815,34.23702]]],[[[-119.28429,34.2732],[-119.28435,34.27313],[-119.28473,34.27339],[-119.28429,34.2732]]],[[[-119.28379,34.27381],[-119.28421,34.2733],[-119.28455,34.27355],[-119.28379,34.27381]]],[[[-119.30677,34.27964],[-119.30677,34.27943],[-119.30737,34.27963],[-119.30677,34.27964]]],[[[-119.30677,34.27932],[-119.30983,34.28011],[-119.30979,34.28022],[-119.30677,34.27932]]],[[[-119.30692,34.27971],[-119.30973,34.28033],[-119.30925,34.28197],[-119.30664,34.28165],[-119.30692,34.27971]]],[[[-119.30664,34.28188],[-119.30924,34.28211],[-119.30878,34.28951],[-119.30729,34.2896],[-119.30683,34.28809],[-119.30637,34.28476],[-119.30664,34.28188]]],[[[-119.33895,34.29305],[-119.33953,34.29341],[-119.33953,34.29367],[-119.33895,34.29305]]],[[[-119.41614,34.34315],[-119.4159,34.3429],[-119.41714,34.34347],[-119.41614,34.34315]]],[[[-119.41681,34.34387],[-119.41634,34.34336],[-119.4173,34.34366],[-119.41855,34.34442],[-119.41779,34.34494],[-119.41681,34.34387]]],[[[-119.43166,34.35616],[-119.43017,34.35554],[-119.43278,34.35613],[-119.43166,34.35616]]],[[[-119.46819,34.37636],[-119.46098,34.37466],[-119.45658,34.37197],[-119.45311,34.36864],[-119.45092,34.36532],[-119.44212,34.35634],[-119.44058,34.35591],[-119.43396,34.3558],[-119.42896,34.35384],[-119.42685,34.352],[-119.42241,34.34642],[-119.41846,34.3431],[-119.41791,34.34212],[-119.41682,34.34213],[-119.41713,34.3426],[-119.41662,34.34293],[-119.41565,34.34264],[-119.41059,34.33803],[-119.40063,34.33156],[-119.3915,34.32019],[-119.39021,34.31926],[-119.38711,34.31899],[-119.3837,34.32026],[-119.37591,34.32189],[-119.3713,34.32086],[-119.36498,34.31716],[-119.35796,34.31182],[-119.35839,34.31134],[-119.35735,34.31078],[-119.35696,34.31109],[-119.35003,34.30559],[-119.34602,34.3018],[-119.34184,34.29683],[-119.34002,34.29347],[-119.33406,34.28914],[-119.32134,34.28412],[-119.31819,34.28218],[-119.31647,34.28224],[-119.30677,34.2791],[-119.30686,34.27699],[-119.29251,34.27685],[-119.28888,34.27579],[-119.28302,34.27193],[-119.27734,34.27152],[-119.2741,34.27021],[-119.27302,34.26755],[-119.27075,34.26573],[-119.27011,34.26435],[-119.26407,34.26148],[-119.25997,34.25482],[-119.25717,34.24549],[-119.25581,34.22234],[-119.24259,34.19774],[-119.23582,34.19768],[-119.23388,34.19043],[-119.22145,34.19025],[-119.22146,34.18123],[-119.22008,34.18119],[-119.22006,34.17869],[-119.21972,34.17856],[-119.22004,34.17734],[-119.21807,34.17733],[-119.21811,34.17612],[-119.21764,34.17565],[-119.2177,34.17226],[-119.21633,34.17224],[-119.21623,34.16871],[-119.21365,34.16868],[-119.21367,34.1624],[-119.2129,34.16143],[-119.20843,34.15902],[-119.20845,34.15783],[-119.20734,34.15483],[-119.2015,34.15477],[-119.20149,34.15147],[-119.20014,34.15148],[-119.19995,34.14789],[-119.19928,34.14789],[-119.20031,34.14685],[-119.20027,34.14541],[-119.19534,34.14508],[-119.1953,34.14382],[-119.19097,34.14241],[-119.19041,34.14299],[-119.18909,34.14315],[-119.18214,34.14319],[-119.18209,34.14497],[-119.17813,34.14515],[-119.17524,34.14684],[-119.17531,34.14011],[-119.1668,34.14011],[-119.16681,34.13275],[-119.16052,34.13273],[-119.16155,34.12919],[-119.16158,34.12556],[-119.15945,34.12541],[-119.1577,34.12449],[-119.1561,34.12308],[-119.1399,34.1133],[-119.14069,34.10765],[-119.12949,34.10229],[-119.12112,34.11236],[-119.11905,34.11101],[-119.11874,34.11179],[-119.11707,34.11185],[-119.10888,34.11044],[-119.10745,34.11],[-119.10571,34.10805],[-119.10339,34.10759],[-119.10244,34.10867],[-119.1003,34.1082],[-119.09993,34.10927],[-119.09896,34.1091],[-119.09818,34.11141],[-119.0946,34.11063],[-119.0933,34.11233],[-119.08687,34.11595],[-119.0849,34.11565],[-119.08322,34.11372],[-119.08173,34.11512],[-119.07832,34.12602],[-119.07799,34.12748],[-119.07855,34.12832],[-119.07822,34.12852],[-119.07751,34.12697],[-119.07885,34.12203],[-119.07769,34.12236],[-119.07728,34.12186],[-119.07961,34.11401],[-119.08022,34.11318],[-119.08206,34.11238],[-119.08023,34.1099],[-119.0794,34.10711],[-119.08132,34.10127],[-119.08056,34.10004],[-119.07808,34.09833],[-119.0672,34.09249],[-119.06139,34.08568],[-119.06046,34.08539],[-119.05805,34.08602],[-119.05601,34.08582],[-119.05252,34.08447],[-119.0509,34.08438],[-119.04859,34.08532],[-119.03537,34.08357],[-119.02741,34.07968],[-119.01671,34.07153],[-119.01516,34.07116],[-119.01477,34.07147],[-119.01604,34.07255],[-119.0148,34.07183],[-119.01464,34.07121],[-119.01284,34.071],[-119.01079,34.0695],[-119.00996,34.06791],[-119.00815,34.06667],[-119.00587,34.06593],[-119.00326,34.06652],[-118.99746,34.06626],[-118.99565,34.06537],[-118.99369,34.06532],[-118.9896,34.06393],[-118.98373,34.06105],[-118.98077,34.06072],[-118.97825,34.06103],[-118.97032,34.05664],[-118.96727,34.05571],[-118.96382,34.05253],[-118.96202,34.05253],[-118.95863,34.05133],[-118.95647,34.05011],[-118.95659,34.04972],[-118.95572,34.04914],[-118.95203,34.04755],[-118.94786,34.04706],[-118.94459,34.0459],[-118.95105,33.99415],[-118.97596,33.84553],[-119.2283,33.94816],[-119.31571,34.00499],[-119.39622,34.06666],[-119.42199,34.11625],[-119.49468,34.18777],[-119.50221,34.32712],[-119.4769,34.37323],[-119.47718,34.37439],[-119.47617,34.37497],[-119.47619,34.37552],[-119.47105,34.37619],[-119.46829,34.37604],[-119.46819,34.37636]]]]}},{"type":"Feature","properties":{"c":"zone"},"geometry":{"type":"MultiPolygon","coordinates":[[[[-122.44636,38.14996],[-122.4448,38.149],[-122.44605,38.14986],[-122.44701,38.14971],[-122.44636,38.14996]]],[[[-122.44687,38.15184],[-122.44817,38.15373],[-122.44882,38.1581],[-122.44889,38.15995],[-122.44789,38.16196],[-122.44675,38.16148],[-122.44724,38.159],[-122.44686,38.15482],[-122.44588,38.15241],[-122.44687,38.15184]]],[[[-122.58056,38.18562],[-122.58073,38.1856],[-122.58187,38.18625],[-122.58056,38.18562]]],[[[-122.54113,38.1887],[-122.54144,38.18854],[-122.54196,38.1898],[-122.54113,38.1887]]],[[[-122.54566,38.19749],[-122.54479,38.19716],[-122.54458,38.19549],[-122.54566,38.19749]]],[[[-122.35645,38.20668],[-122.35493,38.2059],[-122.35668,38.20671],[-122.35712,38.2081],[-122.35645,38.20668]]],[[[-122.35825,38.21255],[-122.35846,38.21184],[-122.35801,38.21204],[-122.35921,38.21028],[-122.35859,38.20914],[-122.35978,38.2098],[-122.35838,38.21209],[-122.3584,38.21347],[-122.35825,38.21255]]],[[[-122.60292,38.21966],[-122.60152,38.21859],[-122.60294,38.21951],[-122.60388,38.21914],[-122.6032,38.21969],[-122.60363,38.2201],[-122.60292,38.21966]]],[[[-122.61616,38.22947],[-122.61703,38.22971],[-122.61798,38.23211],[-122.61616,38.22947]]],[[[-122.61555,38.23157],[-122.61513,38.2311],[-122.61411,38.23195],[-122.61216,38.23026],[-122.61228,38.22968],[-122.61163,38.23183],[-122.61398,38.23247],[-122.61068,38.23233],[-122.61089,38.23193],[-122.60796,38.23129],[-122.60966,38.2314],[-122.60866,38.23062],[-122.60918,38.22972],[-122.60783,38.22889],[-122.60708,38.22919],[-122.60657,38.23012],[-122.60697,38.23098],[-122.60552,38.22968],[-122.60179,38.22906],[-122.60257,38.22817],[-122.60237,38.22775],[-122.60247,38.2282],[-122.60129,38.22907],[-122.60174,38.23097],[-122.60078,38.2322],[-122.60159,38.23093],[-122.60096,38.22863],[-122.59959,38.22814],[-122.59792,38.22995],[-122.59806,38.22964],[-122.5936,38.22808],[-122.594,38.22782],[-122.59807,38.22911],[-122.59943,38.22783],[-122.60135,38.22836],[-122.60332,38.22643],[-122.60439,38.2243],[-122.6053,38.22395],[-122.60478,38.22268],[-122.60301,38.22136],[-122.5988,38.22085],[-122.59636,38.22156],[-122.59108,38.2271],[-122.58436,38.2244],[-122.58415,38.22282],[-122.58316,38.22165],[-122.58292,38.22057],[-122.58031,38.22318],[-122.58393,38.21855],[-122.58167,38.21745],[-122.58073,38.21814],[-122.58181,38.2168],[-122.5808,38.21786],[-122.57842,38.21698],[-122.57472,38.21472],[-122.57378,38.2158],[-122.57371,38.21668],[-122.57132,38.21828],[-122.57218,38.2171],[-122.57026,38.21911],[-122.57261,38.21606],[-122.57211,38.21382],[-122.56847,38.21276],[-122.56698,38.21452],[-122.56814,38.2129],[-122.56523,38.21188],[-122.56439,38.21099],[-122.5641,38.21014],[-122.56674,38.2053],[-122.56516,38.20164],[-122.56311,38.20005],[-122.55869,38.19899],[-122.55242,38.2007],[-122.55052,38.20043],[-122.54927,38.20202],[-122.55136,38.2034],[-122.55249,38.20339],[-122.55138,38.20351],[-122.54916,38.20206],[-122.5486,38.20138],[-122.54889,38.20104],[-122.54842,38.19906],[-122.54806,38.19874],[-122.54692,38.19904],[-122.54682,38.1987],[-122.5474,38.19865],[-122.54713,38.19758],[-122.54618,38.19749],[-122.54467,38.19506],[-122.54519,38.19491],[-122.54614,38.19567],[-122.54599,38.19433],[-122.5455,38.1939],[-122.54465,38.19496],[-122.54161,38.18832],[-122.54232,38.18652],[-122.54142,38.18512],[-122.54061,38.18492],[-122.54046,38.18414],[-122.5412,38.18443],[-122.54247,38.18316],[-122.53979,38.17994],[-122.53509,38.17582],[-122.53401,38.17548],[-122.53461,38.17541],[-122.5321,38.17353],[-122.53046,38.17146],[-122.5296,38.17193],[-122.52726,38.17025],[-122.52673,38.16898],[-122.526,38.16841],[-122.52546,38.16885],[-122.52589,38.16836],[-122.52394,38.16665],[-122.53022,38.17105],[-122.53163,38.16788],[-122.53362,38.16621],[-122.54228,38.16363],[-122.54327,38.16162],[-122.54244,38.15882],[-122.54001,38.1557],[-122.53652,38.15284],[-122.53474,38.15261],[-122.53442,38.15138],[-122.53319,38.14983],[-122.5229,38.14444],[-122.51986,38.14192],[-122.51912,38.14187],[-122.51502,38.13785],[-122.51192,38.13283],[-122.5099,38.12797],[-122.5093,38.12485],[-122.50772,38.12663],[-122.50681,38.1259],[-122.50667,38.12268],[-122.50466,38.12216],[-122.50537,38.12009],[-122.50307,38.11704],[-122.50357,38.11639],[-122.50281,38.11682],[-122.50314,38.11731],[-122.49803,38.12078],[-122.50231,38.11726],[-122.50119,38.117],[-122.50134,38.11645],[-122.5008,38.11687],[-122.50133,38.11764],[-122.49972,38.11884],[-122.49882,38.1184],[-122.49699,38.11963],[-122.49731,38.12054],[-122.49685,38.12085],[-122.49538,38.12168],[-122.49404,38.12086],[-122.49385,38.12039],[-122.49436,38.11998],[-122.49406,38.11911],[-122.49467,38.11866],[-122.49583,38.11916],[-122.49744,38.11744],[-122.4982,38.11752],[-122.49985,38.11646],[-122.49845,38.11636],[-122.49864,38.11684],[-122.49794,38.11656],[-122.49661,38.11748],[-122.4961,38.11713],[-122.49419,38.11839],[-122.49937,38.11412],[-122.49666,38.11616],[-122.49419,38.11685],[-122.49387,38.11524],[-122.49293,38.11532],[-122.49289,38.11754],[-122.48995,38.12027],[-122.48916,38.11856],[-122.49054,38.11625],[-122.49074,38.11554],[-122.49034,38.11557],[-122.49045,38.11622],[-122.48906,38.11832],[-122.48968,38.1204],[-122.48816,38.1212],[-122.48738,38.12063],[-122.48784,38.12138],[-122.47179,38.12767],[-122.47154,38.12736],[-122.47347,38.12428],[-122.47542,38.11833],[-122.47456,38.11859],[-122.47091,38.1167],[-122.46704,38.1183],[-122.45875,38.11907],[-122.45446,38.12313],[-122.45407,38.12507],[-122.453,38.1263],[-122.45062,38.12816],[-122.44731,38.12853],[-122.44142,38.13459],[-122.44276,38.13624],[-122.44351,38.13849],[-122.43859,38.14208],[-122.43322,38.14325],[-122.43358,38.14438],[-122.43495,38.14547],[-122.44225,38.14905],[-122.44536,38.14958],[-122.44698,38.15092],[-122.44697,38.15161],[-122.44375,38.15264],[-122.43622,38.15334],[-122.4357,38.15138],[-122.43827,38.15039],[-122.43877,38.15001],[-122.43843,38.14945],[-122.4363,38.1472],[-122.42999,38.14313],[-122.43163,38.14149],[-122.43839,38.13962],[-122.44087,38.13803],[-122.44076,38.13629],[-122.43841,38.13352],[-122.43718,38.13093],[-122.43558,38.12899],[-122.43644,38.12595],[-122.43458,38.12667],[-122.42918,38.12698],[-122.42859,38.12759],[-122.42624,38.12652],[-122.42286,38.12842],[-122.42168,38.13003],[-122.41921,38.13093],[-122.41333,38.13496],[-122.41347,38.13548],[-122.41155,38.13759],[-122.41,38.14072],[-122.4083,38.14173],[-122.40562,38.14792],[-122.40834,38.15203],[-122.40971,38.15511],[-122.40919,38.15571],[-122.40694,38.1556],[-122.40513,38.15253],[-122.39741,38.14356],[-122.35273,38.06946],[-122.4914,38.11065],[-122.50066,38.11209],[-122.50767,38.11745],[-122.5097,38.12045],[-122.51201,38.1273],[-122.51375,38.13463],[-122.51853,38.13992],[-122.52325,38.14321],[-122.53098,38.14693],[-122.53482,38.14936],[-122.54025,38.1539],[-122.54451,38.15873],[-122.54869,38.15727],[-122.55607,38.159],[-122.55807,38.16032],[-122.55852,38.16159],[-122.55784,38.1639],[-122.55565,38.16568],[-122.55243,38.16729],[-122.5519,38.16829],[-122.55232,38.16926],[-122.5547,38.16991],[-122.55831,38.16885],[-122.56085,38.16869],[-122.56253,38.16889],[-122.56387,38.16973],[-122.56432,38.17452],[-122.56513,38.17538],[-122.5675,38.1761],[-122.56836,38.17687],[-122.5656,38.18069],[-122.56522,38.18249],[-122.5689,38.18435],[-122.57073,38.18721],[-122.57253,38.18712],[-122.57326,38.18627],[-122.57291,38.18556],[-122.57067,38.18432],[-122.5709,38.18348],[-122.57451,38.18353],[-122.57496,38.18465],[-122.57449,38.18602],[-122.57869,38.18727],[-122.57968,38.18721],[-122.57963,38.18611],[-122.58025,38.18555],[-122.57987,38.18588],[-122.58138,38.18825],[-122.57942,38.18753],[-122.57567,38.18713],[-122.57069,38.18784],[-122.57043,38.18839],[-122.57124,38.18999],[-122.57224,38.18982],[-122.57329,38.19132],[-122.57431,38.1916],[-122.57479,38.19271],[-122.57603,38.19357],[-122.57903,38.19383],[-122.57979,38.19322],[-122.58091,38.19363],[-122.58295,38.19205],[-122.58302,38.19089],[-122.58459,38.19759],[-122.58486,38.2051],[-122.58637,38.20774],[-122.58577,38.20812],[-122.5866,38.20867],[-122.58705,38.2082],[-122.59268,38.21231],[-122.59398,38.21165],[-122.59598,38.21256],[-122.59502,38.21283],[-122.59274,38.21236],[-122.59765,38.21593],[-122.59663,38.21538],[-122.59297,38.21782],[-122.59161,38.2166],[-122.59539,38.22041],[-122.59965,38.22018],[-122.60137,38.22062],[-122.60301,38.21984],[-122.60273,38.22044],[-122.60573,38.22233],[-122.60708,38.22444],[-122.60855,38.22382],[-122.60888,38.22432],[-122.60723,38.22452],[-122.60946,38.22561],[-122.61201,38.22566],[-122.61345,38.22783],[-122.61513,38.22832],[-122.61539,38.22882],[-122.61462,38.22876],[-122.6156,38.22921],[-122.61552,38.22981],[-122.61719,38.23245],[-122.61577,38.2311],[-122.61444,38.22875],[-122.61407,38.22884],[-122.61636,38.23247],[-122.61604,38.23263],[-122.61555,38.23157]]],[[[-122.61242,38.22728],[-122.61181,38.2262],[-122.61111,38.22621],[-122.61242,38.22728]]],[[[-122.61682,38.23452],[-122.61617,38.23322],[-122.61663,38.23356],[-122.61682,38.23452]]],[[[-122.63361,38.23564],[-122.63227,38.23549],[-122.63122,38.23449],[-122.62892,38.23382],[-122.62852,38.2346],[-122.62804,38.2346],[-122.62857,38.23444],[-122.6283,38.23365],[-122.62604,38.23281],[-122.6261,38.23217],[-122.62578,38.23165],[-122.62519,38.23179],[-122.6256,38.23128],[-122.62479,38.23007],[-122.62429,38.23016],[-122.62447,38.22985],[-122.61975,38.22891],[-122.61736,38.2293],[-122.61591,38.22894],[-122.61567,38.22843],[-122.6201,38.22832],[-122.62542,38.22944],[-122.62614,38.22876],[-122.6258,38.22942],[-122.62779,38.22955],[-122.62993,38.23195],[-122.63316,38.23345],[-122.63375,38.23298],[-122.63348,38.23355],[-122.63561,38.23424],[-122.63536,38.23464],[-122.63276,38.23394],[-122.62896,38.23192],[-122.62736,38.23023],[-122.62556,38.23],[-122.62703,38.2326],[-122.63335,38.23498],[-122.63408,38.23485],[-122.63361,38.23564]]],[[[-122.64015,38.23585],[-122.63935,38.2346],[-122.63834,38.23482],[-122.63847,38.2355],[-122.63773,38.23588],[-122.63577,38.23463],[-122.63724,38.23481],[-122.63948,38.23428],[-122.64015,38.23585]]],[[[-122.63997,38.24008],[-122.64051,38.23612],[-122.64062,38.23887],[-122.64025,38.24021],[-122.63997,38.24008]]],[[[-122.63992,38.24029],[-122.64021,38.24036],[-122.64017,38.24048],[-122.63992,38.24029]]],[[[-122.43492,38.24604],[-122.43352,38.24495],[-122.43301,38.24564],[-122.43342,38.24487],[-122.43234,38.24402],[-122.43137,38.24469],[-122.43227,38.24401],[-122.43114,38.24256],[-122.43114,38.23675],[-122.42932,38.23207],[-122.42847,38.23239],[-122.42818,38.23151],[-122.4253,38.23158],[-122.42311,38.23056],[-122.41993,38.23012],[-122.41905,38.2282],[-122.41848,38.22794],[-122.41904,38.22804],[-122.42017,38.22534],[-122.41865,38.22344],[-122.41795,38.22361],[-122.41932,38.22458],[-122.41832,38.22369],[-122.41678,38.22324],[-122.41689,38.22369],[-122.41552,38.22494],[-122.41426,38.22509],[-122.41118,38.22433],[-122.40972,38.22276],[-122.40771,38.2227],[-122.40869,38.22155],[-122.41006,38.22121],[-122.41014,38.22028],[-122.41047,38.22019],[-122.41017,38.22093],[-122.41081,38.22002],[-122.4118,38.21961],[-122.41159,38.21877],[-122.41304,38.21849],[-122.41347,38.21783],[-122.41588,38.22083],[-122.41576,38.22037],[-122.41696,38.22123],[-122.41609,38.22096],[-122.4166,38.22159],[-122.4187,38.22215],[-122.42303,38.22137],[-122.42507,38.21958],[-122.42722,38.21664],[-122.42775,38.2146],[-122.42694,38.21346],[-122.42092,38.21279],[-122.41735,38.21358],[-122.41554,38.21324],[-122.41342,38.2118],[-122.41233,38.20905],[-122.41124,38.2078],[-122.40984,38.20729],[-122.40599,38.20785],[-122.40387,38.20736],[-122.40186,38.20569],[-122.39892,38.20167],[-122.39284,38.19846],[-122.39114,38.19998],[-122.38926,38.20086],[-122.38324,38.20055],[-122.3817,38.20119],[-122.38055,38.2025],[-122.38146,38.20315],[-122.38054,38.20255],[-122.38021,38.20331],[-122.38058,38.2059],[-122.38498,38.20701],[-122.38527,38.20668],[-122.38511,38.20703],[-122.38803,38.20801],[-122.38864,38.20941],[-122.38779,38.21162],[-122.38829,38.2128],[-122.38977,38.21448],[-122.39436,38.21579],[-122.39563,38.21744],[-122.39636,38.21956],[-122.39502,38.22085],[-122.39613,38.21966],[-122.39574,38.21983],[-122.39539,38.21864],[-122.39584,38.21972],[-122.39619,38.21915],[-122.39499,38.2165],[-122.39329,38.21537],[-122.39272,38.21538],[-122.39461,38.21646],[-122.39505,38.21748],[-122.39463,38.21654],[-122.39344,38.21567],[-122.39113,38.21532],[-122.39031,38.21474],[-122.39066,38.21518],[-122.39038,38.2177],[-122.3889,38.21832],[-122.39033,38.2177],[-122.39059,38.21517],[-122.38782,38.21227],[-122.38793,38.2111],[-122.38761,38.21112],[-122.38811,38.20945],[-122.3871,38.20795],[-122.38065,38.20607],[-122.38,38.20766],[-122.3775,38.20801],[-122.37618,38.20715],[-122.37524,38.20575],[-122.37535,38.20614],[-122.37399,38.20525],[-122.37167,38.20505],[-122.37238,38.20498],[-122.37184,38.20477],[-122.3676,38.20519],[-122.36834,38.20492],[-122.3656,38.20392],[-122.36611,38.20475],[-122.36371,38.20251],[-122.35917,38.20127],[-122.35275,38.20296],[-122.3547,38.20573],[-122.35226,38.20268],[-122.35079,38.20203],[-122.35042,38.20079],[-122.35101,38.19736],[-122.34971,38.19412],[-122.35058,38.19269],[-122.35108,38.19277],[-122.35356,38.19584],[-122.35573,38.19711],[-122.35895,38.19765],[-122.36082,38.19662],[-122.36058,38.19528],[-122.35784,38.19224],[-122.35707,38.19043],[-122.35718,38.18508],[-122.35803,38.18248],[-122.35973,38.18177],[-122.36277,38.18341],[-122.36582,38.1839],[-122.36751,38.18371],[-122.36914,38.18204],[-122.36976,38.17527],[-122.36665,38.16959],[-122.36566,38.16599],[-122.36615,38.16122],[-122.36777,38.15886],[-122.37091,38.15775],[-122.374,38.15795],[-122.38051,38.16038],[-122.38046,38.16133],[-122.37226,38.15891],[-122.36923,38.15963],[-122.36745,38.16179],[-122.36701,38.16667],[-122.36993,38.17415],[-122.36999,38.18014],[-122.36933,38.18237],[-122.36744,38.18385],[-122.36456,38.18397],[-122.35968,38.18249],[-122.35873,38.18294],[-122.35796,38.1862],[-122.35795,38.18997],[-122.35843,38.19164],[-122.36099,38.19475],[-122.36154,38.19651],[-122.36094,38.19725],[-122.35877,38.19819],[-122.35873,38.19987],[-122.36658,38.20168],[-122.36725,38.20231],[-122.36723,38.20381],[-122.37297,38.20378],[-122.3747,38.20428],[-122.3737,38.20452],[-122.37522,38.20525],[-122.37681,38.20733],[-122.37803,38.20781],[-122.38023,38.20711],[-122.37986,38.20356],[-122.38051,38.20204],[-122.38165,38.20093],[-122.38495,38.19995],[-122.3871,38.20073],[-122.38888,38.20071],[-122.3919,38.19906],[-122.39232,38.19827],[-122.39071,38.19556],[-122.3904,38.19416],[-122.39123,38.19242],[-122.39305,38.19112],[-122.40181,38.18834],[-122.40199,38.18786],[-122.41856,38.1872],[-122.41996,38.18606],[-122.41767,38.18217],[-122.41459,38.17397],[-122.41411,38.17148],[-122.4145,38.16807],[-122.41531,38.16633],[-122.41756,38.1638],[-122.41761,38.16286],[-122.41332,38.16336],[-122.41136,38.16304],[-122.40673,38.16033],[-122.3997,38.16199],[-122.3923,38.16236],[-122.3828,38.16193],[-122.38101,38.16152],[-122.38066,38.16042],[-122.3866,38.16135],[-122.39186,38.16153],[-122.402,38.16093],[-122.40475,38.16021],[-122.40699,38.15885],[-122.40754,38.15774],[-122.40701,38.15577],[-122.40919,38.15589],[-122.41216,38.16082],[-122.41808,38.1596],[-122.42151,38.16046],[-122.42225,38.16183],[-122.42185,38.16368],[-122.42532,38.16631],[-122.42364,38.16899],[-122.42616,38.17036],[-122.43512,38.17108],[-122.43786,38.16888],[-122.43912,38.16705],[-122.4413,38.16623],[-122.44302,38.16652],[-122.44128,38.16629],[-122.44059,38.16655],[-122.44135,38.16714],[-122.44051,38.1665],[-122.43932,38.16707],[-122.43784,38.169],[-122.43514,38.17114],[-122.42642,38.17047],[-122.42632,38.17115],[-122.43325,38.17181],[-122.42631,38.17123],[-122.42634,38.17047],[-122.42412,38.16985],[-122.42317,38.16898],[-122.42485,38.16621],[-122.42162,38.16407],[-122.4184,38.16726],[-122.41708,38.17011],[-122.41735,38.17242],[-122.42025,38.1804],[-122.42098,38.18322],[-122.42057,38.18375],[-122.42164,38.18715],[-122.42585,38.18823],[-122.42712,38.18906],[-122.42784,38.19074],[-122.42677,38.19351],[-122.4277,38.19442],[-122.43053,38.19533],[-122.43496,38.19506],[-122.43622,38.19597],[-122.43592,38.19733],[-122.43481,38.19853],[-122.43001,38.20137],[-122.42917,38.20582],[-122.42725,38.20777],[-122.42681,38.2089],[-122.4277,38.20959],[-122.42941,38.20973],[-122.43536,38.20698],[-122.43888,38.20682],[-122.44071,38.20758],[-122.44427,38.21081],[-122.44541,38.21253],[-122.44541,38.21364],[-122.44419,38.21094],[-122.44079,38.20792],[-122.4383,38.20682],[-122.43481,38.20721],[-122.43084,38.20951],[-122.42852,38.2099],[-122.42666,38.20901],[-122.42705,38.20768],[-122.42488,38.20768],[-122.42278,38.20662],[-122.42138,38.20649],[-122.41996,38.20754],[-122.41887,38.21001],[-122.4188,38.21213],[-122.41834,38.21291],[-122.4201,38.2124],[-122.41902,38.21139],[-122.42004,38.20843],[-122.41907,38.21131],[-122.41956,38.21215],[-122.42627,38.21286],[-122.42779,38.21359],[-122.42813,38.21456],[-122.42742,38.21715],[-122.42446,38.22079],[-122.42252,38.22194],[-122.41894,38.22258],[-122.41908,38.22349],[-122.42025,38.22416],[-122.41942,38.22387],[-122.42078,38.22518],[-122.42016,38.22455],[-122.42046,38.22601],[-122.42079,38.22583],[-122.41996,38.2283],[-122.42055,38.22609],[-122.41945,38.22781],[-122.41977,38.2288],[-122.42126,38.22922],[-122.42009,38.22842],[-122.42222,38.22882],[-122.42134,38.22924],[-122.42245,38.229],[-122.42342,38.22828],[-122.42314,38.22629],[-122.4241,38.22566],[-122.42609,38.22674],[-122.42694,38.22831],[-122.42618,38.2283],[-122.42692,38.22834],[-122.42753,38.22816],[-122.42841,38.22654],[-122.43545,38.22659],[-122.4372,38.22622],[-122.43843,38.22529],[-122.43736,38.22413],[-122.4385,38.22535],[-122.4388,38.22518],[-122.43836,38.22554],[-122.43926,38.22529],[-122.43885,38.22563],[-122.43915,38.22576],[-122.44072,38.22517],[-122.44069,38.22461],[-122.44096,38.22486],[-122.43968,38.2259],[-122.43834,38.22561],[-122.43704,38.22662],[-122.43345,38.22685],[-122.43235,38.22757],[-122.43049,38.22753],[-122.42997,38.2274],[-122.4298,38.22674],[-122.42864,38.2268],[-122.42745,38.22853],[-122.42442,38.22856],[-122.42527,38.23082],[-122.42893,38.23093],[-122.42989,38.23177],[-122.43217,38.23719],[-122.43133,38.23805],[-122.4318,38.23775],[-122.43137,38.23839],[-122.4315,38.24155],[-122.43149,38.24041],[-122.4324,38.24016],[-122.43351,38.24043],[-122.43378,38.24142],[-122.4333,38.24244],[-122.43249,38.24264],[-122.4314,38.24217],[-122.43157,38.24163],[-122.43132,38.2425],[-122.43492,38.24604]]],[[[-122.42972,38.23188],[-122.42827,38.23098],[-122.42649,38.23138],[-122.42824,38.23142],[-122.42865,38.23205],[-122.42972,38.23188]]],[[[-122.42657,38.23151],[-122.42489,38.23113],[-122.42537,38.2315],[-122.42657,38.23151]]],[[[-122.4253,38.23111],[-122.42727,38.23085],[-122.42549,38.23109],[-122.42453,38.22966],[-122.4253,38.23111]]],[[[-122.42454,38.2307],[-122.42404,38.22855],[-122.42166,38.2295],[-122.41957,38.22897],[-122.42004,38.23009],[-122.42454,38.2307]]],[[[-122.4253,38.22837],[-122.42642,38.22806],[-122.42599,38.22681],[-122.42533,38.22635],[-122.42557,38.22679],[-122.42459,38.2268],[-122.42539,38.22631],[-122.42443,38.22579],[-122.42348,38.226],[-122.42315,38.22669],[-122.42357,38.22689],[-122.42314,38.2269],[-122.42351,38.22828],[-122.42449,38.22776],[-122.42472,38.22812],[-122.42385,38.22822],[-122.4253,38.22837]]],[[[-122.43223,38.2267],[-122.42989,38.22689],[-122.43014,38.2273],[-122.43137,38.22703],[-122.43083,38.22742],[-122.43228,38.22744],[-122.43304,38.22681],[-122.43223,38.2267]]],[[[-122.4181,38.22342],[-122.41856,38.2233],[-122.41865,38.22232],[-122.41711,38.22208],[-122.4156,38.22115],[-122.41588,38.22191],[-122.41507,38.22204],[-122.41474,38.22169],[-122.41584,38.22188],[-122.41553,38.22111],[-122.41334,38.21993],[-122.4127,38.22014],[-122.41308,38.22068],[-122.41264,38.2202],[-122.41258,38.22086],[-122.41307,38.21988],[-122.41105,38.22003],[-122.4103,38.22095],[-122.41121,38.22161],[-122.41039,38.22102],[-122.41006,38.22148],[-122.41075,38.22274],[-122.41147,38.22309],[-122.4102,38.22285],[-122.41079,38.22394],[-122.41183,38.22453],[-122.41291,38.22344],[-122.41234,38.22326],[-122.41197,38.22385],[-122.41227,38.22322],[-122.41113,38.22359],[-122.4125,38.22326],[-122.41273,38.22279],[-122.41221,38.2219],[-122.41178,38.2223],[-122.41085,38.22199],[-122.4121,38.22202],[-122.41238,38.22152],[-122.41278,38.22277],[-122.41347,38.22232],[-122.41274,38.22332],[-122.41378,38.22337],[-122.41351,38.2228],[-122.41386,38.22335],[-122.41475,38.22321],[-122.41462,38.22293],[-122.4181,38.22342]]],[[[-122.41667,38.22321],[-122.41548,38.22321],[-122.41607,38.22362],[-122.41514,38.22433],[-122.41563,38.22373],[-122.41541,38.2232],[-122.41429,38.22341],[-122.41423,38.22424],[-122.41424,38.22342],[-122.4136,38.22347],[-122.41378,38.22451],[-122.41352,38.22348],[-122.41304,38.22343],[-122.41196,38.22457],[-122.41541,38.22482],[-122.41668,38.22372],[-122.41667,38.22321]]],[[[-122.4101,38.22282],[-122.41063,38.2227],[-122.40997,38.22155],[-122.40929,38.22157],[-122.40916,38.22229],[-122.40872,38.22228],[-122.40999,38.22133],[-122.40887,38.22156],[-122.40789,38.22263],[-122.4101,38.22282]]],[[[-122.41299,38.21973],[-122.41612,38.22125],[-122.41523,38.21994],[-122.41456,38.21987],[-122.41515,38.21986],[-122.41354,38.21789],[-122.4132,38.21797],[-122.4137,38.21834],[-122.41317,38.21858],[-122.41322,38.21915],[-122.4139,38.21937],[-122.41297,38.21876],[-122.41264,38.21964],[-122.41299,38.21973]]],[[[-122.4118,38.21968],[-122.41257,38.21963],[-122.41329,38.21835],[-122.41165,38.2188],[-122.4118,38.21968]]],[[[-122.41954,38.20799],[-122.42034,38.20685],[-122.42156,38.20632],[-122.42286,38.20648],[-122.42483,38.20757],[-122.42719,38.20761],[-122.42865,38.20634],[-122.42898,38.20581],[-122.42861,38.20555],[-122.42917,38.20551],[-122.42932,38.20283],[-122.42992,38.20126],[-122.43443,38.19864],[-122.43603,38.19655],[-122.43549,38.19531],[-122.43042,38.19547],[-122.42716,38.19425],[-122.42659,38.19359],[-122.42669,38.18974],[-122.42533,38.18831],[-122.42151,38.18731],[-122.41946,38.18845],[-122.41584,38.18885],[-122.40211,38.18879],[-122.39412,38.19116],[-122.39219,38.19221],[-122.3911,38.19344],[-122.39111,38.19526],[-122.39284,38.19797],[-122.39903,38.2012],[-122.39403,38.19814],[-122.39292,38.19673],[-122.39418,38.1982],[-122.39904,38.20113],[-122.4039,38.20642],[-122.40123,38.20365],[-122.40251,38.20579],[-122.40427,38.20714],[-122.40566,38.2075],[-122.40917,38.20695],[-122.41101,38.20724],[-122.41249,38.20845],[-122.41389,38.21139],[-122.41515,38.21229],[-122.41351,38.21076],[-122.41402,38.21191],[-122.41724,38.21325],[-122.41853,38.21247],[-122.41871,38.21014],[-122.41954,38.20799]]],[[[-122.43455,38.24757],[-122.43534,38.24621],[-122.43541,38.24674],[-122.43455,38.24757]]],[[[-122.63988,38.24046],[-122.63859,38.24528],[-122.63854,38.24379],[-122.63988,38.24046]]],[[[-122.63698,38.24551],[-122.6377,38.24551],[-122.63601,38.24579],[-122.63698,38.24551]]],[[[-122.6374,38.24771],[-122.63805,38.24575],[-122.63776,38.24548],[-122.63851,38.24542],[-122.63764,38.24778],[-122.64017,38.25027],[-122.6374,38.24771]]],[[[-123.04939,38.45069],[-123.04738,38.44998],[-123.04743,38.44891],[-123.04892,38.44864],[-123.0503,38.44922],[-123.04939,38.45069]]],[[[-123.05576,38.45341],[-123.05524,38.45348],[-123.05488,38.45275],[-123.05557,38.45231],[-123.05492,38.45226],[-123.0565,38.45074],[-123.05657,38.45312],[-123.05563,38.45444],[-123.05479,38.45439],[-123.05535,38.45428],[-123.05576,38.45341]]],[[[-123.00995,38.46255],[-123.01015,38.46319],[-123.00997,38.46319],[-123.00995,38.46255]]],[[[-123.00907,38.46496],[-123.00858,38.46325],[-123.00995,38.4633],[-123.00871,38.46328],[-123.00949,38.46508],[-123.00907,38.46496]]],[[[-123.05304,38.46625],[-123.05315,38.46608],[-123.05316,38.46624],[-123.05304,38.46625]]],[[[-123.0466,38.4694],[-123.04881,38.46736],[-123.04989,38.46737],[-123.04719,38.46951],[-123.04653,38.47109],[-123.0459,38.47094],[-123.0466,38.4694]]],[[[-123.02443,38.47748],[-123.02208,38.47638],[-123.01661,38.47083],[-123.01193,38.46696],[-123.01053,38.46665],[-123.00945,38.46519],[-123.01147,38.46574],[-123.0154,38.4685],[-123.02126,38.47387],[-123.02258,38.47567],[-123.02437,38.47655],[-123.0262,38.47436],[-123.02665,38.47211],[-123.02751,38.47074],[-123.03285,38.4685],[-123.0404,38.46221],[-123.0429,38.4612],[-123.04494,38.46271],[-123.04882,38.46412],[-123.05077,38.46378],[-123.05211,38.463],[-123.05211,38.46202],[-123.05114,38.46211],[-123.0503,38.46031],[-123.04856,38.46075],[-123.04708,38.45948],[-123.04625,38.45976],[-123.04725,38.45649],[-123.04845,38.45469],[-123.0514,38.45362],[-123.052,38.45579],[-123.0517,38.45704],[-123.05425,38.46112],[-123.05341,38.46447],[-123.05192,38.46515],[-123.05272,38.46586],[-123.05173,38.46526],[-123.05065,38.46595],[-123.04992,38.46722],[-123.04716,38.467],[-123.04733,38.46656],[-123.04566,38.46576],[-123.04693,38.46628],[-123.04722,38.46596],[-123.04439,38.46423],[-123.043,38.46264],[-123.04152,38.46281],[-123.03419,38.46831],[-123.03355,38.46926],[-123.0287,38.47106],[-123.02766,38.47247],[-123.02689,38.47568],[-123.02525,38.47675],[-123.02508,38.47739],[-123.02443,38.47748]]],[[[-123.01036,38.48354],[-123.0086,38.48281],[-122.99491,38.48154],[-122.99031,38.48067],[-122.98924,38.47926],[-122.98915,38.47559],[-122.99002,38.47466],[-122.99136,38.47437],[-122.99101,38.47395],[-122.99224,38.47449],[-122.99606,38.47399],[-122.99954,38.47429],[-123.00442,38.47344],[-123.00497,38.47308],[-123.00501,38.47198],[-123.00694,38.46808],[-123.00807,38.46668],[-123.00959,38.46581],[-123.01035,38.46663],[-123.00875,38.4671],[-123.00758,38.46856],[-123.00512,38.47374],[-123.00159,38.47483],[-122.99819,38.47493],[-122.99575,38.47599],[-122.99136,38.47532],[-122.99023,38.47659],[-122.99024,38.47891],[-122.99239,38.48054],[-123.01011,38.48252],[-123.01102,38.48323],[-123.01036,38.48354]]],[[[-123.06169,38.48882],[-123.06115,38.48665],[-123.05774,38.4848],[-123.05659,38.48275],[-123.05499,38.4818],[-123.05291,38.48167],[-123.05197,38.4809],[-123.04899,38.47549],[-123.04608,38.47293],[-123.04589,38.47104],[-123.04651,38.47115],[-123.04655,38.47222],[-123.04988,38.47525],[-123.05016,38.47678],[-123.0528,38.48118],[-123.05512,38.48153],[-123.057,38.48267],[-123.05775,38.48441],[-123.06146,38.48664],[-123.06169,38.48882]]],[[[-122.99578,38.50106],[-122.99526,38.50063],[-122.99826,38.49898],[-123.00229,38.49948],[-123.00413,38.49898],[-123.00509,38.49786],[-123.00521,38.49671],[-123.00476,38.496],[-123.00614,38.49348],[-123.008,38.49278],[-123.01189,38.49233],[-123.01537,38.49101],[-123.01572,38.49006],[-123.0153,38.48877],[-123.01385,38.48669],[-123.01056,38.48366],[-123.01084,38.48345],[-123.01303,38.48483],[-123.01531,38.48729],[-123.01618,38.48911],[-123.01592,38.49103],[-123.01518,38.49177],[-123.01252,38.49273],[-123.00709,38.49368],[-123.00667,38.49437],[-123.00699,38.49462],[-123.00655,38.49457],[-123.00593,38.49612],[-123.00573,38.49866],[-123.00526,38.49928],[-123.00268,38.50002],[-122.99923,38.49961],[-122.99657,38.5004],[-122.99578,38.50106]]],[[[-123.00519,38.4964],[-123.00595,38.49384],[-123.00488,38.49596],[-123.00519,38.4964]]],[[[-122.99501,38.50171],[-122.99514,38.50074],[-122.99572,38.50111],[-122.99501,38.50171]]],[[[-122.98462,38.50829],[-122.98494,38.50777],[-122.98731,38.50738],[-122.99156,38.50326],[-122.99472,38.50138],[-122.99482,38.50188],[-122.99237,38.50331],[-122.98748,38.50767],[-122.98462,38.50829]]],[[[-123.49439,38.77883],[-123.49355,38.77694],[-123.49289,38.77651],[-123.49195,38.77673],[-123.48833,38.77388],[-123.4869,38.77112],[-123.485,38.76933],[-123.48521,38.76865],[-123.48121,38.76631],[-123.4804,38.76649],[-123.48034,38.7657],[-123.4781,38.76402],[-123.47737,38.76544],[-123.47734,38.76447],[-123.47695,38.76472],[-123.47671,38.76422],[-123.47631,38.7647],[-123.47643,38.76377],[-123.47534,38.76333],[-123.47608,38.76335],[-123.47572,38.76298],[-123.47665,38.76276],[-123.47335,38.75796],[-123.47174,38.75458],[-123.47253,38.7553],[-123.473,38.75466],[-123.47305,38.75522],[-123.47421,38.75589],[-123.47447,38.75719],[-123.47627,38.75928],[-123.4762,38.76026],[-123.47755,38.76149],[-123.47763,38.7621],[-123.47829,38.76236],[-123.47786,38.75971],[-123.47161,38.75148],[-123.47092,38.75103],[-123.46998,38.75173],[-123.46857,38.75164],[-123.46754,38.75319],[-123.46813,38.75489],[-123.46785,38.75531],[-123.46578,38.75666],[-123.46443,38.75662],[-123.46579,38.75624],[-123.46758,38.75495],[-123.46692,38.75368],[-123.46777,38.75163],[-123.47038,38.75071],[-123.46251,38.74497],[-123.45812,38.74075],[-123.45675,38.74062],[-123.45531,38.74129],[-123.44972,38.74136],[-123.452,38.74082],[-123.4549,38.74085],[-123.45713,38.7401],[-123.45405,38.73773],[-123.45082,38.73274],[-123.44667,38.73034],[-123.44458,38.72722],[-123.43995,38.7238],[-123.43967,38.72302],[-123.44413,38.72591],[-123.44722,38.72998],[-123.45164,38.73266],[-123.45515,38.73796],[-123.45975,38.74098],[-123.4637,38.74497],[-123.4722,38.751],[-123.47787,38.7573],[-123.47946,38.76294],[-123.48006,38.76288],[-123.47962,38.76319],[-123.48007,38.76389],[-123.48338,38.76575],[-123.482,38.76444],[-123.48304,38.76409],[-123.48267,38.76447],[-123.48356,38.76506],[-123.48364,38.76585],[-123.4842,38.76612],[-123.48447,38.76585],[-123.48409,38.76559],[-123.48438,38.76571],[-123.48753,38.76926],[-123.4918,38.77209],[-123.49547,38.77584],[-123.49587,38.77588],[-123.49488,38.77484],[-123.4973,38.77519],[-123.49821,38.77416],[-123.49992,38.77336],[-123.50275,38.77384],[-123.50328,38.77317],[-123.50477,38.77285],[-123.50513,38.77238],[-123.50495,38.76957],[-123.50682,38.76752],[-123.50945,38.76681],[-123.51325,38.76751],[-123.51411,38.7671],[-123.51503,38.76611],[-123.5154,38.76436],[-123.51343,38.76338],[-123.51484,38.7627],[-123.51481,38.76107],[-123.5168,38.76004],[-123.51645,38.75905],[-123.51782,38.75932],[-123.51727,38.75869],[-123.518,38.75793],[-123.52123,38.7582],[-123.52543,38.76079],[-123.52897,38.76207],[-123.53032,38.76128],[-123.53073,38.75974],[-123.53156,38.75943],[-123.52632,38.7575],[-123.52563,38.75501],[-123.52441,38.7537],[-123.52628,38.75253],[-123.52491,38.75128],[-123.5244,38.74993],[-123.52176,38.74991],[-123.52014,38.74842],[-123.51956,38.74857],[-123.51938,38.7492],[-123.51817,38.74942],[-123.51894,38.74902],[-123.51917,38.7482],[-123.51715,38.74662],[-123.51709,38.74529],[-123.51587,38.74533],[-123.51574,38.74437],[-123.51479,38.74341],[-123.51322,38.74293],[-123.51326,38.74192],[-123.5109,38.74114],[-123.50689,38.74151],[-123.50472,38.74053],[-123.50427,38.74089],[-123.50124,38.73924],[-123.4998,38.73981],[-123.50016,38.7391],[-123.49887,38.73815],[-123.49565,38.73805],[-123.49238,38.7367],[-123.4911,38.73522],[-123.48995,38.73501],[-123.48949,38.73536],[-123.48699,38.73319],[-123.48805,38.73268],[-123.48698,38.73146],[-123.48511,38.73103],[-123.48467,38.73043],[-123.48414,38.73063],[-123.485,38.72971],[-123.48415,38.72909],[-123.48422,38.72807],[-123.48206,38.72725],[-123.47933,38.72727],[-123.47969,38.72654],[-123.47871,38.72589],[-123.47846,38.72474],[-123.47512,38.72278],[-123.47397,38.72236],[-123.47216,38.72291],[-123.47129,38.72257],[-123.47124,38.72161],[-123.47078,38.72138],[-123.46911,38.72177],[-123.46878,38.72141],[-123.46847,38.72177],[-123.46796,38.72035],[-123.46429,38.71945],[-123.46097,38.71751],[-123.46008,38.71635],[-123.45916,38.71639],[-123.4592,38.71519],[-123.45769,38.71409],[-123.45413,38.71307],[-123.45364,38.71224],[-123.45468,38.71139],[-123.45431,38.71072],[-123.45459,38.71023],[-123.45363,38.70907],[-123.45236,38.70862],[-123.45254,38.70772],[-123.45122,38.70668],[-123.45103,38.70543],[-123.45045,38.70573],[-123.44933,38.70529],[-123.448,38.70348],[-123.44532,38.70377],[-123.44537,38.70319],[-123.44456,38.70297],[-123.44418,38.70224],[-123.44557,38.7015],[-123.44559,38.70095],[-123.44265,38.70066],[-123.4412,38.69935],[-123.44049,38.69958],[-123.4389,38.69625],[-123.4391,38.69448],[-123.43594,38.69204],[-123.43673,38.69074],[-123.43406,38.69041],[-123.43226,38.68892],[-123.43111,38.68561],[-123.43161,38.6847],[-123.43131,38.68242],[-123.43188,38.68159],[-123.43095,38.68013],[-123.42972,38.68049],[-123.42908,38.68002],[-123.42907,38.67871],[-123.42644,38.67834],[-123.42567,38.67735],[-123.42605,38.67697],[-123.42435,38.6767],[-123.42418,38.67555],[-123.42236,38.67592],[-123.42289,38.67511],[-123.41934,38.67475],[-123.41901,38.67414],[-123.41943,38.67326],[-123.41785,38.67216],[-123.41741,38.6723],[-123.41784,38.67191],[-123.41747,38.67144],[-123.41599,38.67055],[-123.41631,38.67028],[-123.41569,38.66939],[-123.41456,38.66892],[-123.41505,38.66819],[-123.41449,38.66795],[-123.41581,38.66777],[-123.41551,38.66708],[-123.41484,38.66722],[-123.41028,38.66271],[-123.40913,38.66243],[-123.40892,38.66061],[-123.40847,38.66046],[-123.40857,38.65979],[-123.40928,38.65961],[-123.40818,38.65935],[-123.40749,38.65828],[-123.40518,38.65653],[-123.40544,38.65595],[-123.40703,38.65561],[-123.40696,38.6547],[-123.40789,38.65495],[-123.40779,38.65423],[-123.40699,38.65427],[-123.4069,38.65361],[-123.40606,38.65327],[-123.40548,38.6535],[-123.40513,38.65247],[-123.40387,38.6518],[-123.4044,38.65132],[-123.4024,38.65088],[-123.40307,38.64975],[-123.40275,38.64937],[-123.40151,38.64942],[-123.40138,38.64989],[-123.39983,38.64975],[-123.39858,38.65095],[-123.40017,38.64876],[-123.39948,38.64875],[-123.39963,38.64814],[-123.39837,38.64824],[-123.3975,38.64712],[-123.40097,38.64668],[-123.39938,38.64558],[-123.40037,38.64456],[-123.39939,38.64472],[-123.39879,38.64425],[-123.39882,38.64337],[-123.39656,38.64271],[-123.39693,38.6424],[-123.39542,38.64185],[-123.39586,38.64167],[-123.3955,38.64117],[-123.39451,38.64098],[-123.39337,38.63999],[-123.39328,38.63927],[-123.39241,38.63886],[-123.39382,38.63787],[-123.39484,38.63804],[-123.39442,38.63726],[-123.39195,38.63622],[-123.39065,38.63623],[-123.38884,38.63436],[-123.38699,38.63137],[-123.38744,38.63047],[-123.38874,38.63094],[-123.38885,38.63017],[-123.38949,38.62978],[-123.38797,38.62943],[-123.38719,38.62859],[-123.38703,38.6291],[-123.38615,38.62916],[-123.38627,38.62807],[-123.3856,38.62786],[-123.3859,38.62765],[-123.38488,38.62776],[-123.38419,38.62645],[-123.38196,38.6257],[-123.38132,38.62443],[-123.38163,38.62388],[-123.38065,38.62355],[-123.38015,38.62247],[-123.37855,38.62141],[-123.37883,38.62058],[-123.37742,38.62035],[-123.37761,38.61979],[-123.37624,38.61894],[-123.37651,38.61841],[-123.37483,38.61721],[-123.37443,38.61602],[-123.37353,38.61613],[-123.37211,38.61524],[-123.37071,38.61521],[-123.36672,38.61359],[-123.36579,38.61207],[-123.36735,38.6105],[-123.36694,38.61025],[-123.36713,38.60965],[-123.36646,38.60932],[-123.36646,38.60837],[-123.36837,38.60774],[-123.36911,38.60833],[-123.36903,38.60795],[-123.36975,38.60815],[-123.37168,38.60726],[-123.37155,38.60659],[-123.37087,38.60685],[-123.37038,38.6059],[-123.37,38.60603],[-123.36978,38.60508],[-123.36645,38.60345],[-123.36572,38.60262],[-123.36342,38.6021],[-123.36241,38.60122],[-123.36155,38.60136],[-123.36141,38.60074],[-123.36069,38.60097],[-123.36059,38.60046],[-123.36105,38.60049],[-123.36041,38.60026],[-123.36056,38.5994],[-123.35932,38.59895],[-123.35931,38.59833],[-123.358,38.59732],[-123.35701,38.59742],[-123.35543,38.59868],[-123.35465,38.59827],[-123.35325,38.59853],[-123.353,38.59793],[-123.35233,38.59817],[-123.3516,38.59709],[-123.35054,38.59748],[-123.34947,38.59699],[-123.349,38.59629],[-123.34924,38.59534],[-123.34538,38.59271],[-123.34547,38.59132],[-123.34297,38.59019],[-123.34344,38.58951],[-123.3429,38.58946],[-123.34339,38.58926],[-123.3424,38.58848],[-123.34244,38.58785],[-123.34175,38.5877],[-123.3429,38.58703],[-123.34272,38.58677],[-123.34187,38.58698],[-123.34029,38.58516],[-123.33948,38.58539],[-123.34006,38.58476],[-123.33933,38.58349],[-123.33514,38.58251],[-123.33508,38.58132],[-123.33419,38.58117],[-123.33523,38.58055],[-123.33361,38.57873],[-123.33497,38.57948],[-123.33598,38.58114],[-123.33822,38.58155],[-123.33878,38.58113],[-123.33926,38.57885],[-123.33891,38.57859],[-123.33957,38.57835],[-123.33978,38.57689],[-123.33802,38.57398],[-123.33812,38.57273],[-123.33743,38.5714],[-123.33541,38.57095],[-123.33259,38.56689],[-123.33159,38.5665],[-123.33044,38.56762],[-123.32884,38.56658],[-123.32906,38.5658],[-123.3272,38.56545],[-123.32637,38.56445],[-123.3256,38.56461],[-123.3254,38.56404],[-123.32387,38.56438],[-123.32339,38.56287],[-123.32372,38.56189],[-123.32174,38.56064],[-123.3192,38.56051],[-123.31927,38.56005],[-123.31874,38.55991],[-123.31754,38.56048],[-123.3175,38.55957],[-123.31679,38.55893],[-123.31578,38.55939],[-123.31448,38.55804],[-123.31407,38.55833],[-123.31255,38.5574],[-123.31242,38.5578],[-123.31178,38.55715],[-123.31149,38.5576],[-123.31053,38.55724],[-123.31065,38.55655],[-123.30985,38.55676],[-123.30923,38.55613],[-123.3071,38.55638],[-123.30659,38.55588],[-123.30495,38.55629],[-123.3035,38.55566],[-123.30313,38.5549],[-123.30354,38.55444],[-123.3048,38.55444],[-123.30451,38.55402],[-123.30495,38.55312],[-123.30618,38.55274],[-123.30515,38.55161],[-123.30566,38.55098],[-123.30487,38.55065],[-123.30524,38.5501],[-123.30465,38.55007],[-123.30397,38.5479],[-123.30323,38.54814],[-123.30352,38.54751],[-123.30245,38.54835],[-123.30004,38.54692],[-123.29744,38.54734],[-123.29595,38.5487],[-123.29393,38.54881],[-123.2939,38.55063],[-123.29316,38.55157],[-123.2937,38.54943],[-123.29311,38.54873],[-123.29617,38.5481],[-123.2963,38.54736],[-123.29718,38.54703],[-123.29724,38.54625],[-123.29811,38.54529],[-123.29777,38.54511],[-123.29812,38.54429],[-123.29582,38.54324],[-123.2945,38.54349],[-123.29266,38.54254],[-123.29218,38.5416],[-123.29112,38.54183],[-123.29015,38.54053],[-123.28854,38.54154],[-123.28766,38.541],[-123.2877,38.54044],[-123.28647,38.5406],[-123.28705,38.53972],[-123.28599,38.54033],[-123.28478,38.53944],[-123.28392,38.53833],[-123.28414,38.53792],[-123.28285,38.53717],[-123.28223,38.53583],[-123.28106,38.53649],[-123.27918,38.53635],[-123.2784,38.53422],[-123.27906,38.53264],[-123.27817,38.53214],[-123.27853,38.53145],[-123.27565,38.53301],[-123.27446,38.53274],[-123.27345,38.53327],[-123.27325,38.53249],[-123.27199,38.53257],[-123.27152,38.53214],[-123.27184,38.53174],[-123.27104,38.53173],[-123.27071,38.53022],[-123.26778,38.52994],[-123.26698,38.5271],[-123.26765,38.52585],[-123.26857,38.52542],[-123.2684,38.52498],[-123.26513,38.52402],[-123.26307,38.52561],[-123.26377,38.5248],[-123.26364,38.52311],[-123.26456,38.52237],[-123.26243,38.52049],[-123.26143,38.52073],[-123.26125,38.51992],[-123.26024,38.51989],[-123.25916,38.51912],[-123.25873,38.51935],[-123.25791,38.51853],[-123.25789,38.51678],[-123.25575,38.51685],[-123.25431,38.51617],[-123.25352,38.51441],[-123.25448,38.51241],[-123.25202,38.51178],[-123.25139,38.51082],[-123.25028,38.51038],[-123.24959,38.51039],[-123.24999,38.51113],[-123.24939,38.51198],[-123.24725,38.51351],[-123.24572,38.51354],[-123.2451,38.51207],[-123.24439,38.51171],[-123.24195,38.51436],[-123.24227,38.51542],[-123.24149,38.51599],[-123.24207,38.5155],[-123.24153,38.51457],[-123.24204,38.51307],[-123.24129,38.51277],[-123.24244,38.51253],[-123.24177,38.51156],[-123.24236,38.51029],[-123.24083,38.51016],[-123.24019,38.5095],[-123.2386,38.51029],[-123.23652,38.51002],[-123.23715,38.5095],[-123.23509,38.50951],[-123.23461,38.50883],[-123.23442,38.50626],[-123.23165,38.50581],[-123.23075,38.50507],[-123.23084,38.50385],[-123.23163,38.50292],[-123.22706,38.50216],[-123.22312,38.49982],[-123.22227,38.5007],[-123.22276,38.49974],[-123.22227,38.49934],[-123.21934,38.49873],[-123.21476,38.49929],[-123.20994,38.4963],[-123.20628,38.49596],[-123.20274,38.49471],[-123.20096,38.49372],[-123.19959,38.49205],[-123.19526,38.491],[-123.19201,38.48948],[-123.18763,38.48668],[-123.18324,38.48487],[-123.182,38.48301],[-123.17886,38.48199],[-123.1776,38.48053],[-123.17563,38.48011],[-123.17336,38.47755],[-123.16978,38.47688],[-123.16902,38.47583],[-123.16983,38.47562],[-123.16968,38.47516],[-123.16675,38.47527],[-123.16497,38.47418],[-123.16364,38.47293],[-123.16341,38.47024],[-123.1621,38.46944],[-123.1632,38.4687],[-123.163,38.46808],[-123.16241,38.46836],[-123.1619,38.46786],[-123.16148,38.46833],[-123.15921,38.46848],[-123.1582,38.46808],[-123.15741,38.46682],[-123.15704,38.46697],[-123.15691,38.46807],[-123.15431,38.47128],[-123.15484,38.47317],[-123.15253,38.47546],[-123.15235,38.47783],[-123.1519,38.47839],[-123.15217,38.47915],[-123.15593,38.4808],[-123.15482,38.48073],[-123.15232,38.47954],[-123.1521,38.48059],[-123.15118,38.4816],[-123.15135,38.48266],[-123.15099,38.48163],[-123.15166,38.48032],[-123.1515,38.47883],[-123.15064,38.47861],[-123.14854,38.47918],[-123.14752,38.47886],[-123.15108,38.47829],[-123.15095,38.47721],[-123.15174,38.477],[-123.15179,38.47536],[-123.15301,38.47289],[-123.15266,38.47265],[-123.15348,38.47075],[-123.15295,38.4705],[-123.15409,38.46859],[-123.15403,38.46732],[-123.1563,38.465],[-123.15147,38.46423],[-123.15108,38.46361],[-123.15127,38.46265],[-123.15291,38.46226],[-123.15238,38.46091],[-123.15195,38.46089],[-123.15196,38.46226],[-123.1512,38.46237],[-123.14827,38.46107],[-123.1479,38.45997],[-123.14551,38.46013],[-123.14512,38.45929],[-123.14549,38.45861],[-123.14438,38.45886],[-123.14297,38.45757],[-123.14339,38.45672],[-123.14462,38.45678],[-123.14393,38.45642],[-123.14435,38.45606],[-123.1403,38.45656],[-123.13761,38.45511],[-123.13726,38.45529],[-123.13822,38.45697],[-123.13801,38.45746],[-123.13663,38.45533],[-123.13404,38.45445],[-123.13365,38.45471],[-123.13115,38.45286],[-123.12887,38.45268],[-123.12604,38.45111],[-123.12528,38.4514],[-123.12481,38.4504],[-123.12052,38.45078],[-123.11595,38.45005],[-123.11403,38.45065],[-123.1128,38.45181],[-123.11329,38.44998],[-123.11442,38.44857],[-123.11043,38.44434],[-123.10921,38.44208],[-123.10809,38.44102],[-123.10788,38.43996],[-123.10694,38.43945],[-123.10646,38.43806],[-123.10507,38.43722],[-123.10412,38.43753],[-123.10478,38.43898],[-123.10077,38.44054],[-123.10058,38.44282],[-123.09889,38.44426],[-123.09835,38.44727],[-123.09661,38.44875],[-123.09728,38.44861],[-123.09916,38.45041],[-123.09827,38.4509],[-123.09755,38.45071],[-123.09552,38.4519],[-123.09322,38.45418],[-123.09223,38.45428],[-123.09209,38.45394],[-123.09256,38.45395],[-123.09253,38.45287],[-123.09402,38.45078],[-123.09422,38.44955],[-123.08997,38.44942],[-123.08753,38.44874],[-123.08623,38.44757],[-123.08147,38.44539],[-123.07923,38.4437],[-123.07317,38.44243],[-123.0692,38.44386],[-123.06779,38.44482],[-123.06634,38.44526],[-123.06606,38.44479],[-123.06515,38.44567],[-123.06146,38.44673],[-123.05694,38.45002],[-123.05452,38.4524],[-123.04891,38.45422],[-123.04996,38.45176],[-123.04983,38.45041],[-123.05075,38.44931],[-123.05413,38.44823],[-123.05745,38.44575],[-123.0638,38.4434],[-123.06446,38.44256],[-123.06583,38.4423],[-123.06894,38.44006],[-123.07376,38.4397],[-123.07514,38.44044],[-123.07735,38.44039],[-123.08254,38.44172],[-123.08586,38.44419],[-123.09054,38.4449],[-123.09339,38.44623],[-123.09408,38.44608],[-123.09529,38.443],[-123.09499,38.4426],[-123.09634,38.44183],[-123.09615,38.44128],[-123.09454,38.44155],[-123.09239,38.44101],[-123.09063,38.44139],[-123.08667,38.44027],[-123.08581,38.43958],[-123.08539,38.43817],[-123.0861,38.43633],[-123.08438,38.43608],[-123.08364,38.4348],[-123.08266,38.43511],[-123.08124,38.43471],[-123.08039,38.43393],[-123.08071,38.43339],[-123.08033,38.433],[-123.07882,38.43382],[-123.07611,38.43393],[-123.07529,38.43301],[-123.07226,38.43175],[-123.07226,38.43025],[-123.07576,38.43116],[-123.07646,38.43097],[-123.07718,38.43164],[-123.07939,38.43071],[-123.08128,38.43206],[-123.0851,38.43231],[-123.08591,38.43414],[-123.08884,38.43475],[-123.08803,38.43552],[-123.08864,38.43637],[-123.08764,38.43865],[-123.08883,38.43949],[-123.09134,38.43953],[-123.09367,38.43824],[-123.09445,38.43922],[-123.09549,38.4394],[-123.09625,38.43769],[-123.098,38.43666],[-123.1,38.43418],[-123.10108,38.43386],[-123.10086,38.43227],[-123.10237,38.4324],[-123.10293,38.43362],[-123.10618,38.43367],[-123.10684,38.43428],[-123.10895,38.43423],[-123.11007,38.43489],[-123.11197,38.4374],[-123.11226,38.44018],[-123.11501,38.44247],[-123.11738,38.44339],[-123.11906,38.4452],[-123.12101,38.44486],[-123.12491,38.44511],[-123.12449,38.44539],[-123.12504,38.44579],[-123.12456,38.44584],[-123.125,38.44627],[-123.12448,38.4462],[-123.12489,38.44644],[-123.1258,38.44625],[-123.12519,38.44592],[-123.12592,38.44556],[-123.12543,38.44527],[-123.12629,38.44513],[-123.12603,38.44332],[-123.12561,38.44307],[-123.12567,38.44144],[-123.12289,38.43983],[-123.12225,38.43767],[-123.12111,38.43614],[-123.12122,38.43273],[-123.12025,38.43142],[-123.12068,38.43055],[-123.12183,38.43018],[-123.1204,38.4296],[-123.11925,38.42972],[-123.11889,38.42882],[-123.1176,38.42921],[-123.11655,38.42841],[-123.11584,38.42485],[-123.11416,38.42231],[-123.11417,38.42164],[-123.10893,38.42048],[-123.10782,38.41796],[-123.10618,38.41811],[-123.10588,38.41788],[-123.10617,38.4177],[-123.10523,38.41747],[-123.10496,38.41621],[-123.10335,38.41529],[-123.10178,38.41345],[-123.1002,38.41431],[-123.10145,38.41305],[-123.10138,38.41223],[-123.09956,38.41086],[-123.09951,38.40948],[-123.09873,38.40985],[-123.09785,38.40956],[-123.09841,38.40867],[-123.0963,38.40756],[-123.09781,38.40517],[-123.09767,38.40384],[-123.09491,38.4009],[-123.09415,38.40118],[-123.09272,38.4007],[-123.09348,38.39955],[-123.09447,38.39903],[-123.09396,38.39709],[-123.0942,38.39591],[-123.09304,38.39582],[-123.09452,38.39506],[-123.09597,38.39516],[-123.09603,38.39468],[-123.09476,38.39373],[-123.09421,38.394],[-123.09443,38.39484],[-123.09308,38.39569],[-123.09075,38.39423],[-123.08856,38.39482],[-123.08911,38.39432],[-123.08859,38.39364],[-123.08937,38.39318],[-123.08512,38.39104],[-123.08438,38.39004],[-123.08377,38.38515],[-123.08369,38.38624],[-123.08259,38.38733],[-123.0784,38.38834],[-123.07671,38.38974],[-123.07431,38.39058],[-123.0776,38.38872],[-123.07728,38.38795],[-123.08076,38.38667],[-123.08037,38.38596],[-123.0793,38.38601],[-123.081,38.38534],[-123.08035,38.38481],[-123.08145,38.3848],[-123.08253,38.38392],[-123.08027,38.38104],[-123.07982,38.37781],[-123.07816,38.37702],[-123.07739,38.37404],[-123.07477,38.37127],[-123.07441,38.3703],[-123.07297,38.3702],[-123.07263,38.36819],[-123.06895,38.36226],[-123.06885,38.36123],[-123.06712,38.35796],[-123.06703,38.35648],[-123.06588,38.35514],[-123.06338,38.35371],[-123.06206,38.35381],[-123.06158,38.35509],[-123.06213,38.35658],[-123.06087,38.35597],[-123.05911,38.35645],[-123.05867,38.35697],[-123.05848,38.35936],[-123.05774,38.35979],[-123.05279,38.3588],[-123.05192,38.35913],[-123.0522,38.35997],[-123.05175,38.36018],[-123.05113,38.35961],[-123.04723,38.35887],[-123.0466,38.35915],[-123.04646,38.36011],[-123.04519,38.36004],[-123.04237,38.35939],[-123.03995,38.35809],[-123.03955,38.3586],[-123.03926,38.35818],[-123.03784,38.35851],[-123.03649,38.36026],[-123.03516,38.3611],[-123.03077,38.36152],[-123.02885,38.36118],[-123.02792,38.3605],[-123.02821,38.35984],[-123.02857,38.3609],[-123.02996,38.36116],[-123.03437,38.36035],[-123.03557,38.35951],[-123.03616,38.35807],[-123.03843,38.35674],[-123.03829,38.35567],[-123.04317,38.35867],[-123.04489,38.35913],[-123.04715,38.3578],[-123.05042,38.35867],[-123.05383,38.35777],[-123.05736,38.35879],[-123.05731,38.35576],[-123.05773,38.35537],[-123.05726,38.35486],[-123.05811,38.3548],[-123.05948,38.35309],[-123.05866,38.35215],[-123.05623,38.35087],[-123.05422,38.35083],[-123.05502,38.3499],[-123.05473,38.34887],[-123.05408,38.34859],[-123.05421,38.34793],[-123.05503,38.3479],[-123.05597,38.34888],[-123.0592,38.34952],[-123.0609,38.3515],[-123.06293,38.35003],[-123.06375,38.35004],[-123.06422,38.34909],[-123.06499,38.34922],[-123.06482,38.34585],[-123.06393,38.34553],[-123.06506,38.3457],[-123.06517,38.34407],[-123.06637,38.34381],[-123.06687,38.33901],[-123.06601,38.33734],[-123.06696,38.33778],[-123.0666,38.33721],[-123.06737,38.33735],[-123.06651,38.33675],[-123.06745,38.33512],[-123.06751,38.33363],[-123.06869,38.33249],[-123.06829,38.3327],[-123.06826,38.33217],[-123.06902,38.33224],[-123.06812,38.33179],[-123.06852,38.33022],[-123.06967,38.33005],[-123.06961,38.32882],[-123.07032,38.32736],[-123.07005,38.32581],[-123.07047,38.32586],[-123.07026,38.3255],[-123.07154,38.32448],[-123.07107,38.32398],[-123.07161,38.32389],[-123.07142,38.32203],[-123.07013,38.32034],[-123.07115,38.3201],[-123.07397,38.32179],[-123.07802,38.32301],[-123.07725,38.32192],[-123.07759,38.32135],[-123.07482,38.32018],[-123.07232,38.31693],[-123.07186,38.3171],[-123.07251,38.31807],[-123.07169,38.31846],[-123.07222,38.31896],[-123.07202,38.31962],[-123.06833,38.31715],[-123.06877,38.31663],[-123.06849,38.31571],[-123.06986,38.3152],[-123.07055,38.31428],[-123.06989,38.31405],[-123.06958,38.31261],[-123.06875,38.31196],[-123.06902,38.31164],[-123.06731,38.31008],[-123.06755,38.30955],[-123.06693,38.30925],[-123.06768,38.30929],[-123.0673,38.30834],[-123.06542,38.30708],[-123.0649,38.3061],[-123.06514,38.3051],[-123.06392,38.30459],[-123.06493,38.30337],[-123.06389,38.30255],[-123.0625,38.30268],[-123.06145,38.30029],[-123.05959,38.29986],[-123.05792,38.29884],[-123.05668,38.29999],[-123.05439,38.29971],[-123.05307,38.30088],[-123.05343,38.30181],[-123.05249,38.30256],[-123.05498,38.30443],[-123.05661,38.30387],[-123.05928,38.30414],[-123.06023,38.30547],[-123.05866,38.30648],[-123.05879,38.30777],[-123.05812,38.30629],[-123.05825,38.3076],[-123.06019,38.30993],[-123.06162,38.31029],[-123.06196,38.31129],[-123.06155,38.3132],[-123.0606,38.31426],[-123.06124,38.31499],[-123.06046,38.31443],[-123.05932,38.31449],[-123.05913,38.31532],[-123.05973,38.31582],[-123.05888,38.31523],[-123.05872,38.31567],[-123.05926,38.31607],[-123.05816,38.31595],[-123.05917,38.31678],[-123.05849,38.31711],[-123.05773,38.3166],[-123.05756,38.31695],[-123.06071,38.32087],[-123.05685,38.31887],[-123.05767,38.31973],[-123.05629,38.31928],[-123.05959,38.32156],[-123.06207,38.32418],[-123.06183,38.32444],[-123.06315,38.32616],[-123.06237,38.32766],[-123.0614,38.32806],[-123.05895,38.32508],[-123.05673,38.32513],[-123.05607,38.3261],[-123.05609,38.32662],[-123.05757,38.32685],[-123.05902,38.32839],[-123.05924,38.32987],[-123.06098,38.33359],[-123.06059,38.3346],[-123.06083,38.33529],[-123.0601,38.33565],[-123.0596,38.337],[-123.05768,38.33706],[-123.05769,38.33759],[-123.05905,38.3382],[-123.05808,38.33869],[-123.05635,38.3387],[-123.05635,38.33819],[-123.05722,38.33807],[-123.05652,38.33749],[-123.0558,38.33763],[-123.05535,38.33834],[-123.05182,38.33573],[-123.05083,38.33602],[-123.05239,38.33756],[-123.05095,38.33813],[-123.05141,38.33711],[-123.05022,38.33632],[-123.04733,38.3364],[-123.04689,38.3355],[-123.04786,38.33595],[-123.04957,38.33549],[-123.04645,38.33047],[-123.0438,38.32924],[-123.0419,38.32707],[-123.03992,38.32608],[-123.03996,38.32534],[-123.03808,38.32287],[-123.0369,38.32294],[-123.03524,38.32168],[-123.03468,38.32315],[-123.03415,38.32317],[-123.03434,38.32047],[-123.03319,38.32034],[-123.0289,38.31802],[-123.02884,38.31753],[-123.03026,38.31763],[-123.03408,38.31976],[-123.03416,38.31841],[-123.03232,38.3166],[-123.03165,38.31516],[-123.02944,38.31431],[-123.02906,38.31348],[-123.02695,38.31194],[-123.02409,38.31059],[-123.02337,38.31067],[-123.02385,38.3103],[-123.0225,38.30936],[-123.02159,38.3089],[-123.02039,38.30904],[-123.01955,38.30769],[-123.01816,38.30719],[-123.01752,38.30794],[-123.01779,38.30682],[-123.0171,38.30616],[-123.01519,38.30579],[-123.01458,38.30628],[-123.01503,38.3057],[-123.0138,38.30429],[-123.01365,38.30483],[-123.01347,38.30408],[-123.01077,38.30383],[-123.01082,38.30337],[-123.01242,38.30324],[-123.01152,38.30311],[-123.0106,38.30204],[-123.00883,38.30121],[-123.00726,38.29975],[-123.00732,38.29921],[-123.00569,38.29809],[-123.00349,38.2972],[-123.00245,38.29768],[-123.0027,38.29804],[-122.99987,38.29872],[-123.00019,38.29968],[-122.99929,38.29927],[-122.99582,38.29973],[-122.99453,38.30046],[-122.99504,38.30214],[-122.99491,38.30387],[-122.99601,38.30543],[-122.99494,38.30727],[-122.99536,38.30862],[-122.99486,38.30865],[-122.99398,38.30745],[-122.99317,38.30777],[-122.99106,38.3065],[-122.98859,38.30881],[-122.98603,38.30932],[-122.98606,38.31095],[-122.98513,38.31015],[-122.98338,38.31166],[-122.98116,38.31268],[-122.98054,38.31262],[-122.98119,38.31189],[-122.97964,38.31187],[-122.97685,38.31201],[-122.97555,38.31273],[-122.97533,38.31532],[-122.97754,38.31896],[-122.97723,38.32027],[-122.97655,38.32012],[-122.97404,38.31761],[-122.97335,38.31569],[-122.97271,38.31531],[-122.97313,38.31449],[-122.9721,38.31344],[-122.97233,38.31262],[-122.97163,38.3124],[-122.97113,38.31142],[-122.97052,38.31144],[-122.96993,38.31267],[-122.96825,38.31419],[-122.96801,38.31651],[-122.9671,38.31817],[-122.96552,38.31809],[-122.96551,38.31874],[-122.96511,38.31881],[-122.96472,38.31843],[-122.96239,38.31837],[-122.96115,38.32082],[-122.96102,38.31812],[-122.96021,38.31729],[-122.95883,38.31713],[-122.9554,38.31814],[-122.95741,38.31662],[-122.95672,38.31518],[-122.95406,38.31382],[-122.94987,38.31335],[-122.9461,38.31178],[-122.94532,38.31199],[-122.94388,38.31382],[-122.94158,38.31322],[-122.94154,38.31267],[-122.94094,38.31247],[-122.93848,38.31432],[-122.9365,38.3147],[-122.93628,38.31535],[-122.93673,38.31604],[-122.93614,38.31744],[-122.93627,38.31873],[-122.93578,38.31884],[-122.9359,38.31972],[-122.93514,38.3209],[-122.93513,38.32052],[-122.93351,38.32112],[-122.9327,38.32069],[-122.93361,38.32096],[-122.93499,38.32039],[-122.93566,38.31958],[-122.9354,38.31923],[-122.93366,38.3201],[-122.93406,38.31956],[-122.93301,38.31957],[-122.93462,38.31926],[-122.93533,38.31665],[-122.93586,38.31632],[-122.93539,38.31583],[-122.93323,38.3159],[-122.93202,38.31293],[-122.93566,38.31002],[-122.93137,38.31323],[-122.93111,38.31249],[-122.93068,38.31329],[-122.92968,38.31282],[-122.92527,38.31339],[-122.9242,38.31276],[-122.9235,38.31148],[-122.92073,38.30959],[-122.91825,38.31192],[-122.91783,38.31314],[-122.91672,38.31313],[-122.91673,38.31243],[-122.91775,38.3117],[-122.91798,38.31025],[-122.92208,38.30839],[-122.92289,38.30884],[-122.92343,38.31083],[-122.9244,38.312],[-122.92586,38.31274],[-122.9282,38.31279],[-122.93275,38.31163],[-122.93498,38.3097],[-122.93565,38.30962],[-122.93673,38.31028],[-122.93682,38.31138],[-122.93616,38.31225],[-122.93447,38.31258],[-122.93388,38.31317],[-122.93406,38.31379],[-122.93477,38.31405],[-122.93753,38.31305],[-122.93768,38.31194],[-122.93984,38.31078],[-122.94413,38.31264],[-122.94574,38.31122],[-122.94723,38.31121],[-122.95178,38.31319],[-122.95657,38.31384],[-122.96168,38.31671],[-122.96593,38.31714],[-122.96744,38.31636],[-122.96753,38.31399],[-122.9685,38.3128],[-122.96902,38.31098],[-122.97036,38.30998],[-122.97102,38.30989],[-122.9744,38.31152],[-122.97741,38.31087],[-122.98229,38.31109],[-122.98303,38.3107],[-122.98395,38.30858],[-122.98474,38.30802],[-122.98765,38.30817],[-122.99114,38.30557],[-122.99352,38.30653],[-122.99491,38.30618],[-122.99508,38.30514],[-122.99423,38.30404],[-122.99359,38.30069],[-122.99385,38.29968],[-122.99501,38.29903],[-122.99885,38.2984],[-123.001,38.29754],[-123.00156,38.29637],[-123.00243,38.29637],[-123.00281,38.29683],[-123.00317,38.2963],[-123.33034,38.29423],[-123.33231,38.30786],[-123.34513,38.32018],[-123.36218,38.32725],[-123.39413,38.3427],[-123.41595,38.35469],[-123.42957,38.36366],[-123.43924,38.37086],[-123.45138,38.38106],[-123.4611,38.39038],[-123.47941,38.39985],[-123.49013,38.40607],[-123.50376,38.41504],[-123.51656,38.42472],[-123.52847,38.43509],[-123.53679,38.44328],[-123.54702,38.45471],[-123.55711,38.46795],[-123.56817,38.47795],[-123.57631,38.48625],[-123.58795,38.49969],[-123.59637,38.51103],[-123.6096,38.5255],[-123.61901,38.53777],[-123.62683,38.54658],[-123.64086,38.56009],[-123.65035,38.57062],[-123.66243,38.57685],[-123.67667,38.58524],[-123.70492,38.6046],[-123.71446,38.61194],[-123.72351,38.61965],[-123.73918,38.63523],[-123.75312,38.64345],[-123.77012,38.65494],[-123.78297,38.66462],[-123.79478,38.6747],[-123.80524,38.68167],[-123.81495,38.68887],[-123.82856,38.70018],[-123.83981,38.71102],[-123.85007,38.72245],[-123.85897,38.73396],[-123.53388,38.76883],[-123.53189,38.7673],[-123.52987,38.7644],[-123.52527,38.7633],[-123.52357,38.76176],[-123.5231,38.75979],[-123.52072,38.75807],[-123.51937,38.75801],[-123.51973,38.75815],[-123.51816,38.76134],[-123.51742,38.76509],[-123.51624,38.7678],[-123.51457,38.76838],[-123.51047,38.76718],[-123.50938,38.76743],[-123.50716,38.77347],[-123.50459,38.77443],[-123.49967,38.77387],[-123.49932,38.77465],[-123.4998,38.77732],[-123.49956,38.77898],[-123.49439,38.77883]]],[[[-123.03707,38.31811],[-123.03511,38.32016],[-123.03644,38.32175],[-123.03868,38.31966],[-123.03707,38.31811]]]]}},{"type":"Feature","properties":{"c":"zone"},"geometry":{"type":"MultiPolygon","coordinates":[[[[-121.99081,36.97406],[-121.99089,36.97309],[-121.99346,36.97218],[-121.99316,36.97282],[-121.99113,36.97337],[-121.99081,36.97406]]],[[[-121.90318,36.97632],[-121.90152,36.97686],[-121.90116,36.97653],[-121.90153,36.97558],[-121.89858,36.97563],[-121.89806,36.97504],[-121.90258,36.97529],[-121.90413,36.97626],[-121.90537,36.97784],[-121.90416,36.97957],[-121.90455,36.97779],[-121.90318,36.97632]]],[[[-122.01415,36.98673],[-122.01452,36.98616],[-122.01446,36.98659],[-122.01496,36.98672],[-122.01391,36.98704],[-122.01415,36.98673]]],[[[-121.95908,36.98318],[-121.9599,36.98312],[-121.96008,36.98384],[-121.95721,36.98512],[-121.95731,36.98808],[-121.95475,36.98873],[-121.95473,36.9858],[-121.95512,36.98512],[-121.95691,36.98426],[-121.95703,36.98376],[-121.95908,36.98318]]],[[[-121.9555,36.98889],[-121.95582,36.98878],[-121.95597,36.98933],[-121.9556,36.99174],[-121.9555,36.98889]]],[[[-122.289,37.10483],[-122.28567,37.1029],[-122.28275,37.09948],[-122.28009,37.09753],[-122.27957,37.09772],[-122.28027,37.09891],[-122.27937,37.10064],[-122.27594,37.10037],[-122.27602,37.10098],[-122.27784,37.10236],[-122.27548,37.10541],[-122.27395,37.10525],[-122.27341,37.10592],[-122.27368,37.10523],[-122.27573,37.10459],[-122.27679,37.10345],[-122.27631,37.10304],[-122.27659,37.10229],[-122.27477,37.10176],[-122.27323,37.09907],[-122.27603,37.09672],[-122.27546,37.09539],[-122.27644,37.09491],[-122.27574,37.09384],[-122.27503,37.08857],[-122.26938,37.08473],[-122.2686,37.08349],[-122.2686,37.08246],[-122.26763,37.08143],[-122.26729,37.0792],[-122.26436,37.07856],[-122.2623,37.0749],[-122.26253,37.07374],[-122.26042,37.07292],[-122.25902,37.07112],[-122.25944,37.07059],[-122.25916,37.06988],[-122.25631,37.06745],[-122.25594,37.06559],[-122.25305,37.06196],[-122.25336,37.06042],[-122.25159,37.05944],[-122.25092,37.05833],[-122.24671,37.05679],[-122.24654,37.05582],[-122.2433,37.05272],[-122.24265,37.05142],[-122.23793,37.04795],[-122.23683,37.04607],[-122.23397,37.04405],[-122.23314,37.04292],[-122.23113,37.04175],[-122.23053,37.04201],[-122.2313,37.04334],[-122.23031,37.04288],[-122.2291,37.04395],[-122.22739,37.04413],[-122.22679,37.04479],[-122.22703,37.04552],[-122.22634,37.04728],[-122.22793,37.04904],[-122.22789,37.04989],[-122.22748,37.05041],[-122.22739,37.04963],[-122.2271,37.05076],[-122.22758,37.05265],[-122.22692,37.05038],[-122.22645,37.05011],[-122.22531,37.05068],[-122.2252,37.04988],[-122.22292,37.04856],[-122.22236,37.04508],[-122.22275,37.04367],[-122.22226,37.0425],[-122.22468,37.04096],[-122.22668,37.04086],[-122.22734,37.03868],[-122.22659,37.03663],[-122.22814,37.03654],[-122.2272,37.03416],[-122.2273,37.03302],[-122.22639,37.03212],[-122.22589,37.03024],[-122.22445,37.02887],[-122.22449,37.02794],[-122.2232,37.0262],[-122.22296,37.02512],[-122.21637,37.025],[-122.21573,37.02547],[-122.21584,37.02653],[-122.21508,37.02675],[-122.21519,37.02578],[-122.21427,37.02539],[-122.21511,37.02452],[-122.21313,37.0235],[-122.21505,37.02321],[-122.21482,37.02206],[-122.21118,37.02066],[-122.20813,37.01822],[-122.20636,37.0151],[-122.20468,37.0135],[-122.20237,37.01358],[-122.20188,37.01449],[-122.20204,37.01354],[-122.19923,37.01282],[-122.19783,37.01109],[-122.19708,37.0107],[-122.19681,37.01106],[-122.19642,37.00975],[-122.19528,37.01011],[-122.19061,37.00818],[-122.19202,37.00775],[-122.19207,37.00697],[-122.18962,37.00605],[-122.18938,37.00485],[-122.18852,37.00445],[-122.18792,37.00471],[-122.18658,37.00393],[-122.18504,37.00482],[-122.18488,37.00319],[-122.18574,37.00244],[-122.18552,37.00185],[-122.18446,37.00162],[-122.18377,37.00234],[-122.18335,37.00141],[-122.18224,37.00157],[-122.18022,36.99989],[-122.18013,36.99944],[-122.18092,36.9989],[-122.18302,36.99947],[-122.18235,36.99824],[-122.1793,36.99719],[-122.17669,36.99715],[-122.17635,36.99596],[-122.17362,36.99431],[-122.17243,36.99505],[-122.17117,36.99386],[-122.16862,36.99283],[-122.16936,36.99213],[-122.16827,36.99145],[-122.1682,36.98915],[-122.16581,36.9881],[-122.16383,36.98882],[-122.16238,36.98839],[-122.16039,36.98585],[-122.15877,36.98527],[-122.15817,36.98449],[-122.15726,36.98527],[-122.15728,36.98423],[-122.15512,36.98423],[-122.15553,36.98553],[-122.15516,36.98629],[-122.15225,36.98495],[-122.15173,36.98416],[-122.15218,36.98326],[-122.15495,36.98172],[-122.15444,36.98058],[-122.15492,36.97961],[-122.15401,36.97889],[-122.15279,36.97652],[-122.14858,36.97689],[-122.14775,36.978],[-122.14907,36.97979],[-122.14799,36.97885],[-122.14717,36.97898],[-122.14658,36.97791],[-122.14441,36.97678],[-122.14421,36.97727],[-122.14324,36.97689],[-122.14209,36.9777],[-122.14196,36.97866],[-122.14299,36.97982],[-122.14206,36.97913],[-122.14154,36.97925],[-122.14132,36.97739],[-122.13955,36.97848],[-122.13939,36.97981],[-122.13898,36.97982],[-122.13818,36.97906],[-122.1382,36.9772],[-122.13929,36.97671],[-122.14011,36.97696],[-122.14098,36.97585],[-122.13861,36.97385],[-122.13814,36.97381],[-122.13797,36.97454],[-122.1379,36.97347],[-122.13748,36.97298],[-122.13722,36.9732],[-122.13678,36.97208],[-122.13438,36.9716],[-122.13335,36.97187],[-122.13434,36.97136],[-122.13624,36.97134],[-122.13486,36.96993],[-122.13561,36.96932],[-122.13564,36.96858],[-122.13444,36.96907],[-122.13427,36.96815],[-122.13255,36.96806],[-122.13165,36.96731],[-122.12924,36.96694],[-122.12815,36.96538],[-122.12645,36.96478],[-122.12577,36.96595],[-122.12432,36.96635],[-122.12527,36.96687],[-122.12539,36.9679],[-122.12527,36.96948],[-122.12431,36.96996],[-122.11847,36.96718],[-122.11867,36.96671],[-122.11683,36.96623],[-122.11882,36.9661],[-122.11989,36.96669],[-122.12211,36.96675],[-122.11901,36.96381],[-122.11917,36.96292],[-122.118,36.96243],[-122.11566,36.96311],[-122.1132,36.96216],[-122.11248,36.96421],[-122.11182,36.96402],[-122.11166,36.96297],[-122.11085,36.96324],[-122.10999,36.96252],[-122.11135,36.96247],[-122.11145,36.96198],[-122.1121,36.96188],[-122.11216,36.96146],[-122.11109,36.96163],[-122.11036,36.96114],[-122.11131,36.96136],[-122.11218,36.96048],[-122.10942,36.95915],[-122.10867,36.95804],[-122.10567,36.95646],[-122.10287,36.95614],[-122.10287,36.95748],[-122.10214,36.95649],[-122.1014,36.95687],[-122.10147,36.9559],[-122.09988,36.95506],[-122.09906,36.95558],[-122.09628,36.95562],[-122.09285,36.95501],[-122.09207,36.9545],[-122.09126,36.9564],[-122.0916,36.95749],[-122.09036,36.95785],[-122.09067,36.95907],[-122.08951,36.95666],[-122.09072,36.95469],[-122.08934,36.95434],[-122.08921,36.95484],[-122.08783,36.95409],[-122.08719,36.95492],[-122.087,36.95349],[-122.08637,36.95267],[-122.08376,36.95313],[-122.08322,36.95285],[-122.08329,36.9524],[-122.0823,36.95223],[-122.08039,36.95334],[-122.08004,36.95435],[-122.08235,36.95493],[-122.08216,36.95662],[-122.08413,36.95717],[-122.08411,36.95915],[-122.08159,36.95896],[-122.08048,36.95807],[-122.08009,36.95886],[-122.08028,36.95745],[-122.07962,36.95697],[-122.07924,36.95714],[-122.07925,36.95807],[-122.07849,36.95713],[-122.07774,36.95698],[-122.07684,36.95778],[-122.07612,36.95476],[-122.07461,36.95565],[-122.07423,36.95642],[-122.07359,36.95631],[-122.07195,36.95754],[-122.07626,36.95281],[-122.07588,36.95069],[-122.07421,36.95054],[-122.07358,36.94987],[-122.07201,36.95145],[-122.07206,36.9499],[-122.06774,36.94886],[-122.06804,36.95057],[-122.06762,36.95083],[-122.06806,36.95122],[-122.06728,36.95116],[-122.06989,36.95347],[-122.06906,36.95411],[-122.06761,36.95267],[-122.06725,36.95369],[-122.06639,36.95404],[-122.06694,36.95266],[-122.06596,36.95224],[-122.06584,36.95075],[-122.06693,36.94974],[-122.06579,36.94823],[-122.06386,36.94919],[-122.06256,36.94928],[-122.0624,36.95461],[-122.0599,36.9544],[-122.05986,36.95367],[-122.05906,36.95345],[-122.05749,36.95148],[-122.05653,36.95245],[-122.05663,36.95421],[-122.05593,36.95207],[-122.05521,36.95263],[-122.05504,36.95237],[-122.0565,36.94982],[-122.05417,36.9492],[-122.05308,36.95016],[-122.04934,36.9493],[-122.04542,36.95028],[-122.04283,36.95152],[-122.04152,36.95308],[-122.0399,36.95328],[-122.0401,36.95419],[-122.0394,36.9543],[-122.03978,36.95497],[-122.03888,36.95437],[-122.03752,36.95454],[-122.03704,36.95304],[-122.0346,36.95227],[-122.02673,36.95223],[-122.02617,36.95301],[-122.02639,36.9547],[-122.02513,36.95484],[-122.02525,36.95554],[-122.02476,36.95603],[-122.02598,36.95797],[-122.02497,36.96229],[-122.02526,36.96282],[-122.02728,36.96259],[-122.02852,36.9611],[-122.03042,36.96068],[-122.03487,36.96333],[-122.03399,36.96364],[-122.03459,36.96559],[-122.03393,36.96617],[-122.03423,36.9669],[-122.03391,36.96799],[-122.03431,36.96831],[-122.03227,36.96945],[-122.03274,36.97071],[-122.03211,36.97227],[-122.03258,36.97326],[-122.03163,36.9734],[-122.03133,36.97482],[-122.02996,36.97661],[-122.02783,36.97683],[-122.02741,36.97737],[-122.02764,36.97862],[-122.02959,36.9791],[-122.03019,36.98142],[-122.02957,36.98238],[-122.02956,36.98429],[-122.02807,36.98485],[-122.02872,36.98512],[-122.0282,36.98533],[-122.02985,36.98961],[-122.03294,36.99197],[-122.03406,36.99554],[-122.03694,36.99657],[-122.03673,36.9979],[-122.03671,36.99662],[-122.03538,36.9966],[-122.03346,36.99537],[-122.03246,36.99206],[-122.02921,36.98971],[-122.02712,36.98508],[-122.02656,36.98504],[-122.02687,36.98453],[-122.02402,36.9785],[-122.01883,36.9803],[-122.01838,36.9816],[-122.01894,36.98216],[-122.01883,36.98275],[-122.01642,36.98348],[-122.01496,36.98478],[-122.01435,36.9861],[-122.01439,36.98534],[-122.01558,36.98389],[-122.01884,36.98252],[-122.01826,36.9816],[-122.01867,36.9804],[-122.01624,36.9808],[-122.01828,36.97645],[-122.01776,36.97556],[-122.01914,36.97464],[-122.01835,36.97322],[-122.01748,36.97364],[-122.01357,36.96862],[-122.01153,36.97102],[-122.01326,36.96794],[-122.01226,36.96618],[-122.01198,36.96396],[-122.00923,36.96432],[-122.01037,36.96666],[-122.00958,36.96684],[-122.00948,36.96536],[-122.00786,36.96542],[-122.00772,36.96407],[-122.00476,36.96378],[-122.00422,36.96325],[-122.00299,36.9635],[-122.00472,36.96581],[-122.00463,36.96789],[-122.00419,36.96793],[-122.00457,36.96951],[-122.00416,36.9714],[-122.00478,36.97208],[-122.00395,36.97142],[-122.00407,36.96923],[-122.00328,36.96839],[-122.00074,36.97201],[-122.00086,36.97262],[-122.00183,36.9732],[-122.00214,36.9743],[-122.00174,36.97443],[-122.0017,36.97691],[-122.00122,36.97665],[-122.00039,36.97723],[-122.00137,36.97503],[-122.00094,36.9735],[-121.99986,36.97323],[-121.9994,36.97451],[-121.99783,36.97579],[-121.99822,36.97756],[-121.99673,36.97968],[-121.99712,36.98154],[-121.99608,36.98157],[-121.99529,36.98228],[-121.99564,36.9827],[-121.995,36.98226],[-121.99595,36.98115],[-121.99506,36.98018],[-121.9944,36.98025],[-121.99447,36.97956],[-121.99353,36.97888],[-121.99452,36.97918],[-121.99528,36.97872],[-121.99551,36.97756],[-121.99513,36.97743],[-121.99596,36.97685],[-121.99587,36.97569],[-121.99707,36.97475],[-121.99803,36.97324],[-121.99789,36.97265],[-121.99901,36.97176],[-122.00049,36.96907],[-122.00142,36.96833],[-122.00132,36.96785],[-121.99618,36.9675],[-121.99617,36.96818],[-121.99442,36.96945],[-121.99367,36.97102],[-121.99377,36.97195],[-121.99311,36.97196],[-121.99299,36.9709],[-121.99365,36.96924],[-121.99508,36.96761],[-121.99472,36.96681],[-121.99201,36.96932],[-121.99218,36.96783],[-121.98751,36.96841],[-121.99268,36.96636],[-121.99427,36.9642],[-121.99311,36.96444],[-121.98877,36.96294],[-121.98403,36.96243],[-121.98332,36.96374],[-121.98238,36.96364],[-121.98185,36.96505],[-121.98032,36.96508],[-121.98042,36.96444],[-121.97966,36.96444],[-121.97925,36.96547],[-121.97837,36.9653],[-121.97797,36.96594],[-121.97698,36.96574],[-121.97565,36.96852],[-121.9762,36.96964],[-121.97605,36.97127],[-121.97649,36.97172],[-121.9759,36.97167],[-121.97568,36.9734],[-121.97486,36.97396],[-121.97531,36.96969],[-121.97485,36.96937],[-121.97391,36.96982],[-121.97463,36.96904],[-121.97461,36.96768],[-121.97584,36.9634],[-121.97047,36.96336],[-121.97044,36.96084],[-121.96751,36.96084],[-121.96746,36.95892],[-121.96349,36.961],[-121.96298,36.96281],[-121.96121,36.96382],[-121.96056,36.9654],[-121.95805,36.96662],[-121.95808,36.9675],[-121.9569,36.96823],[-121.95399,36.97298],[-121.95577,36.97438],[-121.958,36.97966],[-121.95962,36.98092],[-121.95984,36.98281],[-121.95712,36.98268],[-121.9522,36.97787],[-121.95085,36.97858],[-121.95037,36.97965],[-121.94833,36.9805],[-121.94969,36.97908],[-121.94958,36.97781],[-121.95037,36.97643],[-121.95041,36.97405],[-121.94982,36.9732],[-121.9498,36.97211],[-121.94421,36.97508],[-121.94348,36.97638],[-121.94326,36.97603],[-121.93985,36.97821],[-121.93786,36.98007],[-121.93809,36.97885],[-121.93309,36.97875],[-121.92823,36.97779],[-121.92723,36.97804],[-121.9273,36.97755],[-121.92112,36.97561],[-121.91494,36.97293],[-121.9135,36.97289],[-121.90699,36.96973],[-121.90656,36.97189],[-121.90505,36.97401],[-121.90263,36.97509],[-121.90141,36.97493],[-121.90323,36.97269],[-121.90273,36.97252],[-121.9021,36.97109],[-121.90062,36.97069],[-121.90071,36.96994],[-121.90207,36.96868],[-121.90424,36.96868],[-121.89581,36.96358],[-121.88905,36.95853],[-121.88845,36.95837],[-121.88785,36.95958],[-121.88772,36.95758],[-121.88218,36.95285],[-121.87995,36.95286],[-121.88102,36.95221],[-121.8809,36.95182],[-121.8789,36.9509],[-121.8782,36.95103],[-121.87855,36.9504],[-121.87919,36.95052],[-121.87909,36.95016],[-121.87497,36.94622],[-121.87409,36.94589],[-121.87426,36.94553],[-121.87328,36.94499],[-121.87327,36.9445],[-121.87102,36.94227],[-121.87019,36.94244],[-121.87042,36.94172],[-121.86723,36.93804],[-121.86545,36.9374],[-121.86561,36.93693],[-121.86314,36.93321],[-121.86206,36.93215],[-121.8608,36.93209],[-121.86177,36.93146],[-121.85961,36.92901],[-121.85686,36.92444],[-121.85642,36.92438],[-121.85657,36.92398],[-121.85375,36.92013],[-121.85357,36.91886],[-121.8508,36.9145],[-121.84747,36.90956],[-121.84649,36.90911],[-121.84662,36.90838],[-121.84272,36.90249],[-121.84212,36.90258],[-121.84253,36.90216],[-121.8302,36.88423],[-121.82162,36.87477],[-121.82029,36.874],[-121.81919,36.87222],[-121.81813,36.87249],[-121.81789,36.87419],[-121.81651,36.87622],[-121.81516,36.87992],[-121.81229,36.88182],[-121.81139,36.88162],[-121.81029,36.88255],[-121.81045,36.88367],[-121.80953,36.88476],[-121.80488,36.88776],[-121.80221,36.88687],[-121.7985,36.88326],[-121.79709,36.88328],[-121.7956,36.88432],[-121.79369,36.8807],[-121.788,36.88462],[-121.78768,36.88431],[-121.78969,36.88204],[-121.7938,36.87954],[-121.79738,36.87362],[-121.8034,36.86856],[-121.80327,36.86609],[-121.8003,36.86048],[-121.80128,36.85696],[-121.80764,36.85218],[-121.80776,36.85082],[-121.80631,36.84875],[-121.80596,36.84628],[-121.8072,36.84559],[-122.24151,36.78492],[-122.26068,36.79293],[-122.27544,36.80032],[-122.30026,36.8138],[-122.31398,36.82239],[-122.33856,36.83937],[-122.35896,36.85437],[-122.38175,36.86865],[-122.39169,36.87545],[-122.40423,36.88514],[-122.41489,36.89457],[-122.29287,37.10727],[-122.289,37.10483]]],[[[-122.02151,36.9671],[-122.02184,36.9678],[-122.02329,36.96736],[-122.0252,36.96521],[-122.02483,36.9644],[-122.02178,36.96517],[-122.02255,36.96673],[-122.02151,36.9671]]]]}},{"type":"Feature","properties":{"c":"zone"},"geometry":{"type":"MultiPolygon","coordinates":[[[[-122.22571,38.06552],[-122.22531,38.06098],[-122.22628,38.06101],[-122.22657,38.06558],[-122.22571,38.06552]]],[[[-122.18741,38.07217],[-122.18675,38.07148],[-122.18796,38.07137],[-122.18777,38.0705],[-122.18603,38.06872],[-122.18464,38.06902],[-122.18315,38.06805],[-122.18258,38.06609],[-122.18308,38.06577],[-122.18213,38.06445],[-122.18095,38.06404],[-122.17918,38.06217],[-122.1777,38.06235],[-122.17499,38.06098],[-122.17417,38.05916],[-122.17436,38.05872],[-122.17529,38.05866],[-122.17439,38.05781],[-122.17379,38.0575],[-122.17313,38.05783],[-122.17286,38.057],[-122.17146,38.05613],[-122.17017,38.05713],[-122.16776,38.05603],[-122.16977,38.05489],[-122.16793,38.05389],[-122.167,38.05364],[-122.16505,38.05467],[-122.16328,38.0534],[-122.16317,38.05283],[-122.16415,38.05206],[-122.16129,38.0506],[-122.16098,38.04816],[-122.1619,38.04707],[-122.1616,38.04672],[-122.1626,38.04452],[-122.1647,38.04436],[-122.16176,38.04443],[-122.16215,38.04471],[-122.16156,38.04558],[-122.15789,38.04439],[-122.15793,38.04593],[-122.1574,38.04636],[-122.15647,38.04598],[-122.1562,38.04646],[-122.15337,38.0452],[-122.15348,38.04464],[-122.15189,38.04428],[-122.15149,38.04478],[-122.15205,38.04512],[-122.15121,38.04475],[-122.15064,38.04505],[-122.15086,38.04475],[-122.15007,38.04438],[-122.15025,38.0449],[-122.14975,38.04513],[-122.14839,38.04506],[-122.14611,38.04409],[-122.14511,38.04452],[-122.1443,38.04366],[-122.14282,38.04333],[-122.13467,38.04404],[-122.13431,38.04303],[-122.13306,38.04392],[-122.1298,38.04478],[-122.12822,38.047],[-122.12129,38.03842],[-122.12378,38.03623],[-122.12546,38.03564],[-122.13243,38.03454],[-122.14161,38.03206],[-122.15,38.03207],[-122.15937,38.03356],[-122.16371,38.03463],[-122.16661,38.03588],[-122.16817,38.03722],[-122.17569,38.04739],[-122.18127,38.05235],[-122.18382,38.0539],[-122.19224,38.05659],[-122.19835,38.05715],[-122.21156,38.06071],[-122.22512,38.06097],[-122.22551,38.0655],[-122.22462,38.06631],[-122.21852,38.06661],[-122.21532,38.06623],[-122.21474,38.06677],[-122.21434,38.06651],[-122.21418,38.06758],[-122.2127,38.0684],[-122.21202,38.06619],[-122.21004,38.06568],[-122.20945,38.06597],[-122.20908,38.06696],[-122.20793,38.067],[-122.20713,38.06791],[-122.20589,38.06777],[-122.20397,38.06563],[-122.2033,38.06544],[-122.20322,38.06406],[-122.20159,38.06463],[-122.20108,38.0644],[-122.20119,38.06263],[-122.20053,38.06154],[-122.19418,38.06004],[-122.19273,38.06181],[-122.19287,38.06345],[-122.1946,38.06785],[-122.19496,38.06995],[-122.19677,38.07304],[-122.19793,38.07627],[-122.19817,38.07867],[-122.19768,38.07943],[-122.1909,38.07741],[-122.18741,38.07217]]],[[[-122.27571,38.11962],[-122.27514,38.11965],[-122.27457,38.11899],[-122.27503,38.11873],[-122.27473,38.11837],[-122.27345,38.11848],[-122.27417,38.11767],[-122.27241,38.11554],[-122.27118,38.11235],[-122.27769,38.10974],[-122.27942,38.1109],[-122.2839,38.11634],[-122.28364,38.11649],[-122.28445,38.11775],[-122.28727,38.1167],[-122.28742,38.11703],[-122.28616,38.11804],[-122.27599,38.12184],[-122.27571,38.11962]]],[[[-122.25627,38.13151],[-122.256,38.12863],[-122.2582,38.12851],[-122.25847,38.12774],[-122.25691,38.1275],[-122.2586,38.12755],[-122.258,38.12574],[-122.25644,38.12568],[-122.25872,38.1254],[-122.25844,38.12439],[-122.26015,38.12412],[-122.26026,38.1237],[-122.26097,38.1242],[-122.26234,38.12352],[-122.26331,38.12462],[-122.26318,38.12504],[-122.2605,38.12662],[-122.26371,38.12522],[-122.26494,38.12615],[-122.26757,38.12706],[-122.26305,38.13109],[-122.26125,38.13065],[-122.25627,38.13151]]],[[[-122.28429,38.15536],[-122.27293,38.15517],[-122.27548,38.1541],[-122.2794,38.15447],[-122.28035,38.15506],[-122.28402,38.15499],[-122.28548,38.15534],[-122.28429,38.15536]]],[[[-122.36808,38.15588],[-122.28569,38.15536],[-122.28567,38.15465],[-122.28434,38.1529],[-122.28338,38.15242],[-122.28128,38.15269],[-122.27935,38.15425],[-122.27758,38.154],[-122.27804,38.15293],[-122.27761,38.15237],[-122.27328,38.15051],[-122.2698,38.14827],[-122.26784,38.14802],[-122.26785,38.14685],[-122.26702,38.14653],[-122.26533,38.1445],[-122.26297,38.14442],[-122.26265,38.14303],[-122.26308,38.14302],[-122.26367,38.14194],[-122.26327,38.14096],[-122.25797,38.14095],[-122.25702,38.13954],[-122.26133,38.13323],[-122.26899,38.12634],[-122.27173,38.12581],[-122.27584,38.12224],[-122.28419,38.11905],[-122.28838,38.11825],[-122.289,38.11764],[-122.30098,38.11759],[-122.30659,38.11903],[-122.32119,38.12568],[-122.33787,38.13251],[-122.35018,38.13668],[-122.35454,38.13877],[-122.36888,38.14405],[-122.37376,38.14547],[-122.38027,38.14868],[-122.38038,38.15595],[-122.36808,38.15588]]],[[[-122.27926,38.08142],[-122.27383,38.08385],[-122.26649,38.07623],[-122.2665,38.07576],[-122.26514,38.0752],[-122.26245,38.07555],[-122.25787,38.07329],[-122.25316,38.07309],[-122.2534,38.07367],[-122.25073,38.07435],[-122.24793,38.07685],[-122.25008,38.07961],[-122.25292,38.08179],[-122.25339,38.08299],[-122.25376,38.08333],[-122.25452,38.08308],[-122.25507,38.08368],[-122.25536,38.08406],[-122.2548,38.08453],[-122.25525,38.08503],[-122.25623,38.08474],[-122.25685,38.08541],[-122.25706,38.0867],[-122.25576,38.08732],[-122.25822,38.08644],[-122.25879,38.08698],[-122.25662,38.08801],[-122.25898,38.08715],[-122.25955,38.08771],[-122.25737,38.08873],[-122.25974,38.08788],[-122.26032,38.08843],[-122.25815,38.08946],[-122.26049,38.0886],[-122.26108,38.08914],[-122.25937,38.08977],[-122.25963,38.09007],[-122.25868,38.09009],[-122.26324,38.09442],[-122.26428,38.09343],[-122.26374,38.09464],[-122.26694,38.09637],[-122.2647,38.09567],[-122.26497,38.09629],[-122.2686,38.09773],[-122.26608,38.09715],[-122.26603,38.09748],[-122.26741,38.09892],[-122.26907,38.09824],[-122.2675,38.09926],[-122.269,38.09939],[-122.2687,38.10043],[-122.27662,38.1097],[-122.27761,38.10965],[-122.27196,38.11191],[-122.27099,38.1117],[-122.2671,38.10757],[-122.26648,38.10598],[-122.26735,38.10534],[-122.26673,38.10546],[-122.26618,38.10492],[-122.26513,38.10361],[-122.26579,38.1032],[-122.26331,38.10025],[-122.26246,38.09996],[-122.26276,38.09959],[-122.26144,38.09807],[-122.25993,38.09665],[-122.25931,38.09704],[-122.25804,38.09615],[-122.25448,38.09278],[-122.25266,38.09377],[-122.25513,38.09217],[-122.25311,38.09058],[-122.25241,38.09069],[-122.25215,38.09042],[-122.25263,38.09014],[-122.25168,38.08909],[-122.25077,38.08927],[-122.25143,38.08889],[-122.25129,38.08846],[-122.24983,38.08746],[-122.24889,38.08766],[-122.24835,38.08634],[-122.24743,38.08593],[-122.24765,38.08343],[-122.24602,38.0828],[-122.24643,38.08225],[-122.24572,38.08112],[-122.24631,38.08035],[-122.24113,38.07774],[-122.23909,38.07515],[-122.23974,38.07425],[-122.23963,38.07361],[-122.23744,38.07144],[-122.23492,38.06958],[-122.23143,38.0683],[-122.22962,38.06599],[-122.22757,38.06622],[-122.22688,38.06562],[-122.22652,38.061],[-122.24418,38.06395],[-122.2646,38.05939],[-122.35273,38.06946],[-122.39741,38.14356],[-122.40513,38.15253],[-122.40694,38.1556],[-122.40242,38.15523],[-122.38462,38.15066],[-122.37463,38.14561],[-122.33899,38.13274],[-122.32059,38.12522],[-122.30628,38.11872],[-122.29421,38.11219],[-122.3001,38.10527],[-122.29614,38.10184],[-122.28708,38.09095],[-122.28634,38.08931],[-122.2819,38.08546],[-122.27926,38.08142]]],[[[-122.38074,38.14899],[-122.38627,38.15142],[-122.39932,38.15431],[-122.40357,38.1559],[-122.38071,38.15595],[-122.38074,38.14899]]],[[[-122.40705,38.15588],[-122.40357,38.15577],[-122.40391,38.15563],[-122.40705,38.15588]]]]}},{"type":"Feature","properties":{"c":"zone"},"geometry":{"type":"MultiPolygon","coordinates":[[[[-122.39417,38.16153],[-122.3866,38.16135],[-122.38066,38.16042],[-122.38067,38.15595],[-122.40706,38.15588],[-122.4074,38.15834],[-122.40556,38.15985],[-122.402,38.16093],[-122.39417,38.16153]]],[[[-122.28753,38.23279],[-122.28927,38.23178],[-122.29204,38.23167],[-122.2961,38.23059],[-122.29981,38.2283],[-122.30209,38.22581],[-122.30149,38.22377],[-122.3017,38.22134],[-122.3012,38.22099],[-122.29735,38.22148],[-122.29744,38.22026],[-122.29434,38.22018],[-122.29253,38.22108],[-122.29069,38.223],[-122.28666,38.22286],[-122.28603,38.22137],[-122.28469,38.2211],[-122.28616,38.21902],[-122.28588,38.21835],[-122.2865,38.21431],[-122.28559,38.21342],[-122.28521,38.21399],[-122.28549,38.21336],[-122.28388,38.21296],[-122.28441,38.21182],[-122.28699,38.21177],[-122.28732,38.21032],[-122.29034,38.20962],[-122.28991,38.20744],[-122.29492,38.20568],[-122.3057,38.20924],[-122.30579,38.20792],[-122.29914,38.20604],[-122.29835,38.20363],[-122.2974,38.20306],[-122.30236,38.20137],[-122.30164,38.20265],[-122.30198,38.20385],[-122.30325,38.20422],[-122.30449,38.20347],[-122.30625,38.20083],[-122.30927,38.20086],[-122.30813,38.19948],[-122.30524,38.19955],[-122.30285,38.2004],[-122.30241,38.20115],[-122.29708,38.20284],[-122.29524,38.20227],[-122.29367,38.20247],[-122.29055,38.19683],[-122.28655,38.19558],[-122.28602,38.19442],[-122.28602,38.19111],[-122.28669,38.18916],[-122.28218,38.18579],[-122.28416,38.18064],[-122.28841,38.17926],[-122.28494,38.17522],[-122.28535,38.17355],[-122.2844,38.17128],[-122.28282,38.17159],[-122.28334,38.17248],[-122.28259,38.17271],[-122.28152,38.17184],[-122.279,38.17211],[-122.27899,38.17841],[-122.27829,38.18088],[-122.27534,38.18082],[-122.27526,38.17934],[-122.27409,38.17923],[-122.27276,38.17778],[-122.27343,38.17673],[-122.27119,38.17591],[-122.27108,38.17396],[-122.26899,38.17119],[-122.26991,38.1707],[-122.26903,38.17036],[-122.27021,38.16851],[-122.26997,38.1669],[-122.27053,38.16686],[-122.27045,38.16619],[-122.27147,38.16621],[-122.27155,38.16527],[-122.26883,38.16517],[-122.26855,38.16473],[-122.26836,38.16409],[-122.27028,38.16414],[-122.2697,38.16103],[-122.2684,38.1605],[-122.26698,38.1609],[-122.26649,38.16052],[-122.26656,38.15963],[-122.26747,38.15911],[-122.27077,38.15854],[-122.26975,38.15765],[-122.26964,38.15687],[-122.27117,38.15641],[-122.27144,38.15587],[-122.27023,38.15549],[-122.38054,38.15595],[-122.38051,38.16038],[-122.37593,38.15851],[-122.37155,38.15767],[-122.36837,38.15847],[-122.36705,38.1595],[-122.36629,38.16083],[-122.3657,38.16634],[-122.36665,38.16959],[-122.36976,38.17527],[-122.36936,38.18102],[-122.36886,38.18251],[-122.36726,38.18378],[-122.36277,38.18341],[-122.35973,38.18177],[-122.35784,38.18274],[-122.35718,38.18508],[-122.35707,38.19043],[-122.35784,38.19224],[-122.36058,38.19528],[-122.36075,38.19678],[-122.35895,38.19765],[-122.35683,38.19746],[-122.35356,38.19584],[-122.35108,38.19277],[-122.35058,38.19269],[-122.34976,38.1937],[-122.35101,38.19736],[-122.35042,38.20079],[-122.35079,38.20203],[-122.35226,38.20268],[-122.35403,38.20525],[-122.35645,38.20668],[-122.35737,38.20855],[-122.35912,38.20958],[-122.35916,38.21043],[-122.35782,38.2124],[-122.35824,38.21371],[-122.358,38.21464],[-122.3533,38.21393],[-122.35464,38.21385],[-122.35756,38.21236],[-122.35913,38.21],[-122.3571,38.20964],[-122.35617,38.20681],[-122.35487,38.20659],[-122.3525,38.20774],[-122.35224,38.20671],[-122.35325,38.20623],[-122.35346,38.20536],[-122.35138,38.20468],[-122.34393,38.20471],[-122.34393,38.20822],[-122.33235,38.20827],[-122.33167,38.20428],[-122.32981,38.20574],[-122.32891,38.20877],[-122.32661,38.2112],[-122.32504,38.21129],[-122.32276,38.21053],[-122.32119,38.21076],[-122.31945,38.20972],[-122.31935,38.20889],[-122.32054,38.20793],[-122.31981,38.2072],[-122.32001,38.20538],[-122.32312,38.20439],[-122.32371,38.2021],[-122.32183,38.19915],[-122.31978,38.19811],[-122.31823,38.19424],[-122.31571,38.19284],[-122.31464,38.19277],[-122.31573,38.19702],[-122.31547,38.19835],[-122.31272,38.20248],[-122.30811,38.20621],[-122.30767,38.20777],[-122.30795,38.20869],[-122.30899,38.20848],[-122.30944,38.20913],[-122.30902,38.2098],[-122.30818,38.20968],[-122.31004,38.21289],[-122.31164,38.21719],[-122.3115,38.2198],[-122.31259,38.21927],[-122.31497,38.22172],[-122.31359,38.22249],[-122.3113,38.22037],[-122.31122,38.22142],[-122.31385,38.2238],[-122.31099,38.22148],[-122.30804,38.22593],[-122.30509,38.22747],[-122.30675,38.23004],[-122.30457,38.22754],[-122.30647,38.2305],[-122.30263,38.23295],[-122.30477,38.23029],[-122.30504,38.22876],[-122.30423,38.22773],[-122.30234,38.22828],[-122.29975,38.23037],[-122.29624,38.23191],[-122.28946,38.23284],[-122.28835,38.23436],[-122.28778,38.23908],[-122.28602,38.23908],[-122.28646,38.23472],[-122.28753,38.23279]]]]}},{"type":"Feature","properties":{"c":"zone"},"geometry":{"type":"Polygon","coordinates":[[[-122.37386,37.88365],[-122.33683,37.78757],[-122.28149,37.70828],[-122.39437,37.70825],[-122.3934,37.70843],[-122.39171,37.70994],[-122.38819,37.70902],[-122.38649,37.71009],[-122.38625,37.71077],[-122.38532,37.7101],[-122.38252,37.71226],[-122.38292,37.71465],[-122.38241,37.71519],[-122.38145,37.71451],[-122.38108,37.70991],[-122.37945,37.71256],[-122.37944,37.71429],[-122.37766,37.71436],[-122.37638,37.71615],[-122.38001,37.71757],[-122.3834,37.71997],[-122.38413,37.71965],[-122.38958,37.72278],[-122.38905,37.72341],[-122.39004,37.72409],[-122.38795,37.72655],[-122.3834,37.72409],[-122.38176,37.72395],[-122.38136,37.7232],[-122.38168,37.72259],[-122.37831,37.72601],[-122.37641,37.72349],[-122.3734,37.72228],[-122.37423,37.7218],[-122.37074,37.71994],[-122.36989,37.72111],[-122.3697,37.72075],[-122.36495,37.72182],[-122.36469,37.72253],[-122.36613,37.72586],[-122.36538,37.72647],[-122.36315,37.72545],[-122.36005,37.72615],[-122.3608,37.72723],[-122.36341,37.72867],[-122.3628,37.72932],[-122.36828,37.7321],[-122.36925,37.73188],[-122.37194,37.73315],[-122.37385,37.73095],[-122.37686,37.73263],[-122.37676,37.7355],[-122.37755,37.73674],[-122.37914,37.73772],[-122.37784,37.73919],[-122.37887,37.73986],[-122.37758,37.74142],[-122.37632,37.74091],[-122.3738,37.74281],[-122.37606,37.74525],[-122.3835,37.745],[-122.38294,37.74438],[-122.38375,37.74334],[-122.38707,37.74471],[-122.38825,37.742],[-122.3891,37.74242],[-122.38862,37.74303],[-122.39038,37.74402],[-122.39126,37.74313],[-122.39298,37.74412],[-122.39389,37.74353],[-122.3937,37.74558],[-122.39646,37.74656],[-122.39489,37.7484],[-122.39337,37.74849],[-122.39309,37.74995],[-122.38658,37.75036],[-122.38664,37.75163],[-122.38392,37.75099],[-122.38408,37.75296],[-122.38479,37.75296],[-122.38504,37.75551],[-122.38228,37.75607],[-122.38235,37.75779],[-122.38376,37.75771],[-122.38405,37.75982],[-122.38644,37.75997],[-122.38652,37.76068],[-122.38748,37.7606],[-122.38775,37.76319],[-122.38865,37.76316],[-122.3891,37.76887],[-122.39092,37.76877],[-122.39103,37.76963],[-122.39401,37.76944],[-122.39611,37.77077],[-122.39823,37.76954],[-122.39983,37.77135],[-122.39858,37.77289],[-122.40013,37.77423],[-122.39802,37.77592],[-122.39719,37.77526],[-122.39656,37.77572],[-122.39536,37.77496],[-122.38854,37.78042],[-122.38966,37.78122],[-122.38903,37.78173],[-122.39051,37.78291],[-122.38965,37.78359],[-122.39047,37.78418],[-122.38938,37.78498],[-122.39029,37.78569],[-122.3902,37.78639],[-122.38885,37.78769],[-122.38887,37.78831],[-122.38952,37.78884],[-122.39029,37.78825],[-122.39244,37.78993],[-122.39342,37.78932],[-122.39419,37.78985],[-122.39513,37.78921],[-122.3982,37.79159],[-122.39966,37.79136],[-122.40016,37.79325],[-122.40115,37.79314],[-122.40204,37.79752],[-122.40083,37.79764],[-122.40157,37.80131],[-122.40285,37.8012],[-122.40344,37.80403],[-122.40587,37.80375],[-122.4061,37.8047],[-122.40721,37.80468],[-122.4084,37.80625],[-122.41044,37.80604],[-122.41022,37.80515],[-122.41176,37.80491],[-122.41157,37.80403],[-122.41469,37.80362],[-122.41936,37.80679],[-122.42552,37.80596],[-122.42681,37.80783],[-122.4283,37.80822],[-122.432,37.80513],[-122.43185,37.80424],[-122.43523,37.80381],[-122.43507,37.80297],[-122.43767,37.80238],[-122.43757,37.80161],[-122.43957,37.80109],[-122.43943,37.8005],[-122.44287,37.80006],[-122.44305,37.80087],[-122.44756,37.8003],[-122.44996,37.80142],[-122.45025,37.80098],[-122.45524,37.80276],[-122.46117,37.80144],[-122.46205,37.80228],[-122.46726,37.80282],[-122.46957,37.80444],[-122.46998,37.8063],[-122.47103,37.80731],[-122.4713,37.80841],[-122.47514,37.80904],[-122.47626,37.80938],[-122.47663,37.81009],[-122.47732,37.81008],[-122.47819,37.80775],[-122.47836,37.8052],[-122.47948,37.8032],[-122.47972,37.80106],[-122.4814,37.79879],[-122.48133,37.7975],[-122.48228,37.79534],[-122.48182,37.79497],[-122.48317,37.79069],[-122.48454,37.78972],[-122.48567,37.79023],[-122.48706,37.78931],[-122.48973,37.78922],[-122.49083,37.78799],[-122.49238,37.78752],[-122.49387,37.78737],[-122.49471,37.78787],[-122.49653,37.78719],[-122.49969,37.78847],[-122.50503,37.78773],[-122.5059,37.78809],[-122.50587,37.78687],[-122.50665,37.78701],[-122.50927,37.78481],[-122.51221,37.78357],[-122.51369,37.78124],[-122.5144,37.78109],[-122.51328,37.78009],[-122.51405,37.77927],[-122.51418,37.77827],[-122.50913,37.77518],[-122.5089,37.77143],[-122.50783,37.77145],[-122.5083,37.76915],[-122.50686,37.76708],[-122.50429,37.76553],[-122.50652,37.76521],[-122.50737,37.76461],[-122.50657,37.75473],[-122.50567,37.75476],[-122.50506,37.74744],[-122.50615,37.74737],[-122.50553,37.73996],[-122.50509,37.73997],[-122.50496,37.73797],[-122.50429,37.73797],[-122.50416,37.73537],[-122.49959,37.73383],[-122.49859,37.73285],[-122.50003,37.73196],[-122.50395,37.73142],[-122.5044,37.73097],[-122.50397,37.73027],[-122.50418,37.72968],[-122.50628,37.72916],[-122.50614,37.72816],[-122.50523,37.72708],[-122.50576,37.72676],[-122.5067,37.72722],[-122.5041,37.7146],[-122.50197,37.70827],[-122.78076,37.70849],[-122.77685,37.60277],[-122.7838,37.59302],[-122.7909,37.58419],[-122.79858,37.57567],[-122.8068,37.56748],[-122.82452,37.55213],[-122.84411,37.53814],[-122.86559,37.52575],[-122.88839,37.5153],[-122.91244,37.50679],[-122.93454,37.50087],[-122.96033,37.49613],[-122.98644,37.49358],[-123.01284,37.49322],[-123.02597,37.49386],[-123.04338,37.49556],[-123.06912,37.4999],[-123.09433,37.50642],[-123.11838,37.51492],[-123.12995,37.51991],[-123.14882,37.52894],[-123.17013,37.54124],[-123.18659,37.55279],[-123.202,37.56565],[-123.2157,37.5793],[-123.22576,37.59113],[-123.24698,37.6021],[-123.26748,37.61527],[-123.29204,37.63415],[-123.3036,37.64468],[-123.31165,37.65299],[-123.32151,37.66455],[-123.33034,37.67664],[-123.33808,37.68919],[-123.34316,37.69886],[-123.34893,37.71207],[-123.35353,37.72556],[-123.35693,37.73927],[-123.35869,37.74966],[-123.36005,37.7656],[-123.35985,37.78228],[-123.35779,37.79967],[-123.35434,37.81505],[-122.5295,37.81555],[-122.52936,37.81522],[-122.52903,37.81583],[-122.52797,37.8153],[-122.528,37.81594],[-122.52912,37.81699],[-122.52861,37.81732],[-122.5295,37.81863],[-122.52945,37.81921],[-122.52891,37.81945],[-122.5291,37.82029],[-122.5278,37.82113],[-122.52634,37.82084],[-122.52642,37.82133],[-122.52562,37.82117],[-122.52605,37.82152],[-122.52543,37.8213],[-122.5258,37.82208],[-122.52523,37.82215],[-122.52538,37.82261],[-122.52428,37.82256],[-122.52455,37.82361],[-122.52372,37.82395],[-122.52397,37.8246],[-122.52341,37.82512],[-122.52091,37.82548],[-122.51932,37.82509],[-122.51839,37.82552],[-122.51711,37.82519],[-122.51696,37.82474],[-122.51621,37.82547],[-122.51498,37.8255],[-122.5127,37.82488],[-122.5123,37.82435],[-122.51199,37.82483],[-122.51091,37.82474],[-122.50589,37.82325],[-122.50533,37.82274],[-122.50577,37.82251],[-122.50534,37.822],[-122.50447,37.82176],[-122.50488,37.82123],[-122.50449,37.82089],[-122.50276,37.82099],[-122.50172,37.82164],[-122.50139,37.82141],[-122.50183,37.82099],[-122.50096,37.82104],[-122.50099,37.82034],[-122.49931,37.81995],[-122.50017,37.82103],[-122.49946,37.82209],[-122.49771,37.82251],[-122.49605,37.82204],[-122.49357,37.82384],[-122.4934,37.82464],[-122.4921,37.82496],[-122.4914,37.82577],[-122.49175,37.82631],[-122.49069,37.82688],[-122.48907,37.82701],[-122.48613,37.8263],[-122.48436,37.82708],[-122.4829,37.82647],[-122.48326,37.82626],[-122.48288,37.82575],[-122.48155,37.82636],[-122.48032,37.8257],[-122.47946,37.82582],[-122.47947,37.82538],[-122.47867,37.82589],[-122.47829,37.82543],[-122.47908,37.83004],[-122.47778,37.83192],[-122.47695,37.83116],[-122.47671,37.83143],[-122.47779,37.83204],[-122.47694,37.83258],[-122.47817,37.83266],[-122.47752,37.83361],[-122.47419,37.83367],[-122.47348,37.83214],[-122.47524,37.83182],[-122.47572,37.83219],[-122.47543,37.8317],[-122.4728,37.83204],[-122.41613,37.8511],[-122.43186,37.9282],[-122.4037,37.90719],[-122.37386,37.88365]],[[-122.42516,37.82834],[-122.42552,37.8279],[-122.42373,37.82613],[-122.42179,37.82512],[-122.42055,37.82554],[-122.42066,37.8261],[-122.42324,37.82791],[-122.42516,37.82834]],[[-122.37169,37.81236],[-122.37214,37.81106],[-122.37271,37.81081],[-122.37128,37.80941],[-122.36697,37.80749],[-122.36531,37.80786],[-122.36206,37.80717],[-122.36159,37.80802],[-122.36204,37.80862],[-122.36162,37.8099],[-122.36221,37.81043],[-122.36236,37.81158],[-122.35915,37.81407],[-122.35959,37.8147],[-122.36423,37.81377],[-122.36719,37.81203],[-122.36946,37.81277],[-122.37051,37.81389],[-122.37074,37.81507],[-122.37115,37.81502],[-122.37169,37.81236]],[[-123.00266,37.69669],[-123.00112,37.69616],[-123.00093,37.69663],[-123.00021,37.69652],[-123.0007,37.69749],[-123.00021,37.69918],[-123.00099,37.6993],[-123.00169,37.70069],[-123.00308,37.69991],[-123.00411,37.70081],[-123.00498,37.69891],[-123.00569,37.69867],[-123.00358,37.69782],[-123.00266,37.69669]]]}}]}